source,source_code,concept_id,seed_sha256
ciqual,1000,nfx_1D523TP2DKR21GD8ZZJKC8THY5,855b66a84d3ee73b6c232f7fbd2e51070fe39bb4920ae9bda0721b4ce61f8926
ciqual,10000,nfx_66NJY675DNGN3MJGN074J3KSZH,6c43fc88bd595984e819ef1ca2cdb27dc849b512e4d055fbcbd9976bbce23ea3
ciqual,10001,nfx_4G55P3TRHES5H5CRB0P7GTP2Q6,b1b23e9ec970807d69d444caff2f42d8fbae9dc2e9b8d88daf22123b973fc15a
ciqual,10002,nfx_697FC9CN2P4HZ45TJQPB47RB3N,b1fac68e79a0e755eec5362a6a719282ba1e4315085597405286af32fd36200d
ciqual,10003,nfx_3GYZY71YCHN6WDP6KGEEJW6PNB,66208ca40bbd5652e9305b0d5e1537b9c0ebdf4050015d7fddb4f0d11a10085f
ciqual,10004,nfx_3S4WYV2PME6SDK2YT6TCBJ5YEN,20b94980c7d443a05c5f800dda47e56883b86bfcc426e175a0350771ebcbfaeb
ciqual,10005,nfx_7W72Q9N92A4F9FE4S7HPBPXBPY,878f68e38bf68ce3c24cf282078ef5342afb3d6984a450e2dcd5b91b2b42a0a4
ciqual,10006,nfx_02YA7E271CNC7WQFCEEKW5WXQQ,155cfc6cd16efcdf8e4fbfc07da678ac9285f16d4c824922258cf15a0d0a9f7e
ciqual,10007,nfx_1Q7VDFJ57CZJW86JJJVCDNGDS0,bf286d4d3c5b978f74bcc82dbc948bf32abf22ab1f4f1675c937368d2595adb5
ciqual,10008,nfx_7W8FRHP0RZYZP36RZ84WEQ5J2F,4b15ad18769cd8356b458b60e7482a64a455d446d2ab6d22588dbea363407f5a
ciqual,10009,nfx_0MHVQ5RJN6GTM299C1RQ71KT5K,8a1c460887eb8b1cac997cbcf5c3854bea6dbf6391efe982312eeecb5639a95c
ciqual,1001,nfx_15FCKDF89D437PE1ZFEF8J5WBR,a166c836328f26aba7b23e2000d3ffc025c697835096d8fd89d2d9a96e1c805b
ciqual,10010,nfx_32K5A4B95ZTSWQ9FXGERCH8C9T,325fd2926cdaa000fece9efacd22fe2452de93c8d5cd9c335df4ecd75f779d55
ciqual,10011,nfx_018257PRTN53TWX4BJGSB4HDRY,12b7f434cb0a065130aa71a93cffcb4d7a2d13317865ab593a1da128ac2d8747
ciqual,10012,nfx_573DY4V6PEFEZ60TB2VJ2B4Q18,943fdf2475ff5d8a300f3b86e4aa2b3a3f9a77348fe021654d70c6190ce0c3b2
ciqual,10013,nfx_4QBXNBPMXKTPCGF8YCGTPYDR0F,15086c1d4521e91ac83ea5da4dec9a454e41d4b6bc953e85d06fcf627e94bb7a
ciqual,10014,nfx_6NC197WSP4VWN1W74JQHW0WGDD,5128ef9c7c26db806cf1cdc3aef85bf5043c0496b3e10e9924ad6be124412bcb
ciqual,10015,nfx_36NG5F5PS8DVDQPVRA23SR469Y,5dc13b87ad9141616a3dbf8c6d022dc1b4f1022a69d194346cad8093530e5491
ciqual,10016,nfx_654X2Q22YN19ZP9QY0YK347XX4,257d82cb82b81c71bbcf6921d40ef63f113a96ff2e421aff5c407aa1da453228
ciqual,10017,nfx_12MY0ZYW0SFER5SXXJVBJBTJNX,eaff3d7b7cdffe69cdb835372d6dec2c27bc0c880b4ee914e9a02431824d207d
ciqual,10018,nfx_3RPW36VSQ5FG1D2C7RKSBNTBJX,ca27fc6bf3e29a82f31170028501803ad870e24b7e4f36fc6c09b27414df4470
ciqual,10019,nfx_58WB5FVWRTT7029DESFZZWV7VE,18c3b439c8ef5cd37e1ddc6c3f65c66ceb1d9da7d2525f58dcb5e67067b2cf9c
ciqual,1002,nfx_7W3T9GGT43WVAE3AQ1FCP6RWHM,f860d16677b12fad04100e2ea4b9f8c3455043613d5c00f5299a5413a6277797
ciqual,10020,nfx_7DPRVBQW3HEPQFYRWK5GT8AAE2,3da3df1f62ca0af7e3d048e3cfec6ac65332d9449a3fa185e9330541f753eebd
ciqual,10021,nfx_6WHN6SR24WW6YJRDB8DTDFJ3MX,b2d71c22e3f0f3315579fde78d2ff99269f772c9a9617dbc58a002e1c43e8f9c
ciqual,10022,nfx_6GKM99K5CXER811EG6A1WMGATQ,3023d32bd1084a9212d747f7da12af286290bc24581f1ab5c2ad5f27a3046686
ciqual,10023,nfx_0A37D8XDMWZG7T5ABW0KE3VDHB,c1bd8b5ae82d5d3129dfcd6ed50a3b63a88bfb5a642e16007f3f3b04459bdb4e
ciqual,10024,nfx_6E7KPJNAC5DFNV61WVB9A1HX4Y,b035beee5e7ae0084372ce533783652a0eb67029522affd06a5cc1a01c3d561e
ciqual,10025,nfx_39G5GXFCSQ04Y8H72DVSDTXX8R,3b32377ea45f1e41accf0296bf05c7fd4c152898db0a399aad97f98642485d6b
ciqual,10026,nfx_716FJHWF51H6388Q9B2WGET3RN,2478d038030a3872792cc0a5b56d6cd259a082e076f7bfc67673ea5189560963
ciqual,10027,nfx_1VBJYAPC67Y2M1Y9CGY3A4X4DV,1530a431da37d5fb1a4846d4d44ca1d926448e9d6bc1fccffdc7dddfaf0760f3
ciqual,10028,nfx_773MHH64XFN2ERX1FNYRYEGBEM,e6585bbb6f3849a0b86c44ec5e43b72c49f8cbb1afe89e587d2555c534a80947
ciqual,1003,nfx_3RH4PYP5DKMK5EA9FZ4P58H974,fb5e80735c56f6ea5790772141601e4e7135e7cc4f10b79347e6a8c434818bde
ciqual,10030,nfx_3VXM88J6HSWX85AKNA5XZMP57S,fe6e83916fd40cdadc389e2dab762206011df22824ea4dea6e5a3a897c495def
ciqual,10031,nfx_7NDMW2RK10630NMJRF6CZ3GKY5,f19e3d7398b68e6d848eb29e0e0a2fb1426a45873e0a94e59dad0ecdceee4aaf
ciqual,10033,nfx_3HX1CP45CRXMFHFA1A5CX62X27,ac99c008aff2c8fa1c104983d1196bec70b3dd9accc254aafa84851906da2ed1
ciqual,10034,nfx_7PP2N3TKSQWE3WFG3MNB9MV9GN,46c4973abe581cb781d6bf2870a378cb1e5dd31ef578639c8fa0b6042ec5a44b
ciqual,10035,nfx_6JDF0P9JW04VDRHE8A6WTSR78Y,7a04ad6a27fc812c49d534694fd1ed5f6a5cfe20d14d018770a845e7156b93da
ciqual,10036,nfx_6V3RJJZB2W03R7Z4E5P0B0JTF1,9765682f640ae06536fdae681decea037fb72a0a93e30a54120c2d07a18718ec
ciqual,10037,nfx_13HVSA1D3JMNFGZPF4VXRTF8ZF,3c332476c80ca6cdf854d0890ad8a2f689645179ab0b34ed2745da458493e92f
ciqual,10038,nfx_72Q17SRS29EWKP5KJ33QENX4FZ,67f91c81946e4a20aa702b2c037319a4dddebcaa9b80941c4972841e6762a954
ciqual,10039,nfx_0END27VFEVA8MF41F06DQKXNPC,70eae4138002dd96347801eee9528a59243614efbcf368e45309f89cbc42f540
ciqual,1004,nfx_0NSED5PEH0KWBY17SR9GBM3P9M,9fb6badf813a9b1d59b33e6d2215729bdbc959909eefee6f2c839f445841ec56
ciqual,10041,nfx_52RF4YVZBWYK4YCDJ7KPFNWKXW,5878607b12e8dbf9d5adafcc196ee4965791245b4b8ad980eb60cdc4630e14ae
ciqual,10042,nfx_5Q98N7B892MFE2EWN3PTBVPNF5,1972e310322474de4b0d7e418f8a83f1202b782e0e8ba441c1b312c22d3f5e0d
ciqual,10043,nfx_7TBKBBP1XBS70R9XDQV6VSCY7N,c6c58107b60010ed6b37e4dd3b8555da18ce2a55162e5195e791b128919958a6
ciqual,10044,nfx_1ARFSJRZMF7M5XM8JVVE375QBP,f2b4bc22d4a6ff7ed37f26d341936acea756e03c9345397804651d836233b504
ciqual,10045,nfx_12DP7BQC804WBPRH9978J5PR8B,57ee10f15175831e2fd2d740e87b257ae4476adf541ef0a431301238e44c4e5b
ciqual,10048,nfx_7SQW40BP8J6B1EFGKMZJFRVAN1,642ec46c0611b63b6691f2499f3c1abc882372deb306dc007f0536c6d8188f6b
ciqual,10049,nfx_40YW04GDNA3SS1NA66CV1TR5SN,540ae9ff4e7bfec8beb2d6d7032a24a072e8add5ade9629ffcb3e68da215dd64
ciqual,1005,nfx_7E1Y3YVQH4HT0QMZ4JERJRQJ4V,2f5cecbc8392d2bc198d840e687f22f3366cda760c0e626eb435da995fcafedb
ciqual,10057,nfx_5605745JEQP50HJSB62ZBBC8JS,4c793b2437b2552f29607e62bc7eebacd19983c422ea977e4a90f35aec2f8ebb
ciqual,1006,nfx_6NK6HFBR8Q2C3BEWB45S44ZNDB,8e359de105d82d93849c93560c1899f547ada261664dad8e90e333dac6a58675
ciqual,10061,nfx_73J3BHE35JD5RMMADDFJ0SSTVM,16e86851c63d83af545d358a2ef6dbe3560eef5b72077a50da1296adc4dae7e0
ciqual,10062,nfx_03W323EDMKD5T0AYX6KVEARG91,962d5e8ea057270e12c0ab3ba69b0ce55da40548aa54b00eb1b2c0b784851ad2
ciqual,10064,nfx_5ZQ2CY1CXAE42G733ZBJM4A6MB,a2e1050a8bbee9d9dbb3c93de3a9f250ce9c6af85e04461d373f2779cdd060fb
ciqual,1007,nfx_24ZG20VC7SKKK9DB9HT62P8VX9,b3aa28f61e8f876d6ec1639dfd4a4216a03d5d132fc57a5e52b8541c06f74a3e
ciqual,10074,nfx_0HSS94JHV07QEMEZRY04TB0B4P,7b099ae23f87c2babdef6c84aefcd173a6482562fd2905fdfcba069540c9f9be
ciqual,10079,nfx_7P8JVZBPQ69SVQ99K6A70VQDAV,e39c8e5e4f1bf9278e4a403f22da83e8c9b02a1101c6eeebffd23cb30b48ba9f
ciqual,1008,nfx_151H95JBG1F409N5SY328TFKPF,105ad11bae8aec1e030aece50cda5755525ac94549306aa297c1365b5911eabc
ciqual,10080,nfx_6SMZ4KBRVPWWC2TAWX35WZZ2KQ,b6bf80876d2f1bbc606cab430ddc08b3f27040603115a3b033a5810dcc127ba0
ciqual,10081,nfx_3M7F05WX5SBD2Q2XS9KNSD01P9,e1651ff2940e558c628a308d7265e0a6897605c61fb625a232e682e0c999f346
ciqual,10082,nfx_5EKQPK7PAS3W2MXBWPX8CXXVDV,fd7a3218c51a5b23159c91d878670d79c7d97bea44f4c21cd324a929a9aaa0fa
ciqual,10083,nfx_1KV4WXAGD4VQ552QFZ0P91QWXW,f635e5eb29137e96855cdc629ee0983ec0f6af78172630de01ba70c010c50157
ciqual,10084,nfx_04E45WDHCQN1MGS7VDCKNKH6T0,b5496a1b140f510516d0efa0236d04d12f21d48960a79828f5f92c8e0638fb79
ciqual,10086,nfx_5SWN91P03Y1QXB0H939V54J8R3,da526a1f10ee603d91da530a34302040173e3462b4e25d2e8bbee7053355e96d
ciqual,10088,nfx_6W6DYVG7713VNBGGMK2H7KRQVF,8e131545f1dceced950dad65a1cdc8cbecc52e389329ffb4c88f03f089b2a2a2
ciqual,10089,nfx_3E7JJ08YD7ATE24X3AMPTYN7VE,f30cefc3f2c2263e514d2bf28ee675fd25dea8bfc88515079dd8a885ccae1b3c
ciqual,10099,nfx_3BJJT04WGA5D0AW801KSSV6F40,0af6e5337d5f7590fdb095cb372a74471dff67e5e1f3518ab9b71239f32ffe9e
ciqual,1010,nfx_6WRQWWDHCF3Z9XNYP9VHS5D7TS,c2a5e3b41d555137615114b01ef4524c2309bf96384ef23e7df830ac6fbe5020
ciqual,10100,nfx_6ZKZXA25N5JQ1AP06CEXWAE0YK,e40109db71d12ea8ed718a4df137d4dce9054e54596c8498157d29e512d89865
ciqual,10101,nfx_3J7RBHAV2V0MEDYHT8914HFT7S,11f1bdc5ef84b4ce73c3c23f049469ed8441e1246083a04b606ea048e52a9b02
ciqual,1011,nfx_6XS6VZ9GQB6M794VZQRP1KZ844,2e8430c6a5c0224ab185940fef1d9269a1a6f7e6730fc9c89c811b88d957cc48
ciqual,1012,nfx_5SR0FG0VDD44PD94R3WFG7EV9P,8aa354e49f402c5453e0402c6791041e8f401f26d0b18847fff0a70b6ad671a5
ciqual,1013,nfx_2HYFT8R78CCTXDJ25GN3K9TT5Z,de31638840d900fab3d83b55aa2bcc4357828eed1a9a12a89ea0994b033aa2a7
ciqual,1014,nfx_2VM0KN2WMW9SHRXXZ43XTTZ42G,37bb8e6552a208583dd209eee84e2256a34d1ea6d5c8fa0a735d131763e06b7c
ciqual,1015,nfx_6JBA8MMQTYR6SK5WRBQ8RE9GDZ,a8ace8661242d551621eb603771a661aafe8f2a0aeacadb04b0550d0527c1b43
ciqual,1016,nfx_69TMBQ00V3G20JXW283Z5CFZCM,429df743918587bbc901d885f4673103bf6c66371e3f4c188295f5f432526e38
ciqual,1017,nfx_1V6WVWEM8R06Z55CCBTEXM87RZ,fb0d2c3c8d79a551e7461e6d2af18882ca61264157dca7cb1e78ad7ea8cc6d17
ciqual,1018,nfx_4XQJ06AHGJMFRMBR74950YN4DQ,a48dad85215e95e7d11773864f6933eb1a4d2203bec620ff88e3f3ec175fc85d
ciqual,1019,nfx_0CAWJX53EF906DW0RN9AJVS80J,54c1066dedd6b5401c43c222b71cb68df0d24cb1aa5fd2c5f173300e7a0c49df
ciqual,1021,nfx_0HXT2BH5Y2VHWGNYCNRD0M53BP,418d313f0e06aae4281f262efb2efb9c1432caa4838841f8c35635be4eba0108
ciqual,1022,nfx_4PHD8EFAE68CDQNN3A3771XNCQ,209b855c18240ff7fe2a1012e40cbd551235e05e8d8f1b8c87181633804ca0c6
ciqual,1023,nfx_0X5GS40K0S4P7PR97TAFA0VX09,22f7b24bd1f8ea82c226e83e330e7a845acd395e2d645c5a4d24d9b6c50fdd13
ciqual,1024,nfx_3G91KKZG41TX8SXRRN4WYDVHT0,4af2a3432394bcda79a116db6a907f20b5b38b1e565df1545b389d9697c24688
ciqual,1026,nfx_2Y30PTMX0HBV109Q1S78V8E1B9,a35da72eb38f4800b952d5b5b70106c13d2dfb4a521fd1f9ff72d1035134eeca
ciqual,1027,nfx_3RMM83SGNR20AKNMKF1V4AM6SN,b49d01afdbf0f123b64a60dea943ff41159091bdd3ffd5c711bdeeccaaab62c9
ciqual,1028,nfx_7HDRMW3S61RWAVT1QVRR6N0ANW,f860bf346d0bbe6876cfe185c809b988341d30b3de19ff8d80b0183396b8178b
ciqual,1029,nfx_7CBTMV9YY3H94ZB7ZM83EQ0K14,1adb25cd8bd2ba86698b56a3f1039b131bcd5f10fcccde37a7fa1836caf84e94
ciqual,1030,nfx_3WDB4WX71JD3Z1JRP7H1TBDPTK,e24abf5a5bc2b608cc501040cdbb4c5ae91ccd65d08820b8a6153ee9db654aa0
ciqual,1031,nfx_11X6XTSH3EARRW3RKXYGRW9MY8,6ee2fe6b11362e9cf67fd3d7450b484bf13924da3f81184f0ff66ed251e5547f
ciqual,1032,nfx_77R3D0Q589MCPN0WG634XRSD8P,685cddaa0d846237134ded24add3ea0facc70b99dc833fae03778efac35c5488
ciqual,1033,nfx_4H7SJE95G9WRYN9X0F3K0EDCGC,31a6d3d068712362bcc476ac0494f183e60bcb7339d4aa7c1f7ede72d9a26b52
ciqual,1034,nfx_1JNKQ6KJZZ1VTGZ8BCFB2Z4C63,634770875ff4a470c91fdba71e6833e22f5d285ac0535b84cc78b132e4b64a60
ciqual,10999,nfx_21AH7814G704B07FD3JR871HBD,2b657acbc092f5014801e13a6a49de0b2c3fd670ae56e05d1487bea74a99ef82
ciqual,11000,nfx_3DVZYVS44SDXQ4XQPFRTEEQ33A,87b30351df260c30408cba8477da9d3de537ec47fd57f8be30ec4dc7a012e94e
ciqual,11001,nfx_6Q8HRCZ76897QZXXPXEPG1Z61R,635468002234a2c644eb62c22abda4d13426d8638f2314bb20a0839957f2e4fe
ciqual,11002,nfx_4G9NGJ702Y8478NBRJ08KRV122,1ac24f47424857cab6c27fae32471af1c3490e59db4da124333f7e7cffc9b44d
ciqual,11003,nfx_7HQBVX3QS4P8VSHS1WNX7431VM,98c6a02224a7ecc7e1fdbb4740c0a11d01dc3d995146ab47cfdcb8b70c095ea6
ciqual,11004,nfx_3KPQH5ER390A207YVQ7YDDTE7Y,4e78f231de02693a76a16bb03bcb5370fff136115aa85ea3d00cb7a866453e61
ciqual,11005,nfx_0KASYEDRPKYQ5V0RXQC2CBTQXC,7ef061b64953ba07e4509fbf8cb95bb8f5d4e4ac0c4f0ed9f1a8db77b4655d6c
ciqual,11006,nfx_6G7Z0YAHH3AH3QC5WQ86E74JZM,bbd464fe9f9f4f4cca3b4ef374e43ab7098e0bda48ff55c5c11d547f7d1048da
ciqual,11007,nfx_6Y04EQF8S1DNCR60GRFQ6J5KSA,00bc2eeaee3cf1e248170210a7276ef4629b89d189ca8476b6ad55527b28cdd2
ciqual,11008,nfx_0ZFM8WNMC7CR4GJ99QXJE8SC12,a245a036105b46441124893eaa7f1176e1e047bcd644b3836a4656aae48d5d0e
ciqual,11009,nfx_0JWJSXNJ7NM6CKSW0V0AR17Q0N,d553ffff67bff64a92708358770d4f1d196afd26ed9969dae74d4e402a2531a7
ciqual,11010,nfx_574PT602YASWX32MBPC8AQMBW0,1375708617f64e49adb2760ef538665f3035950869308be5bbf82bdbc144df7b
ciqual,11013,nfx_5J8T00N3DDN4R30SDQNKAEFK7H,f3f8775e8cb86be8f13dceeca68e4b1b583f9de33dd668f2bf7a42d9d2be55ce
ciqual,11014,nfx_5BXK3A9B2GPK4MXGXYHNYAC64Y,d0c1afbe6ad1621ad087b2efe251205d4362a1954dacc1826e240fc9f7648679
ciqual,11015,nfx_5YHA0W9BCSFR91JQ91MSZYWT69,14b760598dd53e3de36f52af5378264f29e03528991d04bcdee9b8722c94a076
ciqual,11016,nfx_69EG58Q6676QSYFEYMVQGD6M1C,a24c493351ccfe6e4ef42573fa76d254a57cfc4327e24f7bf07fc9421ba026c4
ciqual,11017,nfx_71YRCZCT4JW7AZSNX9HWDWH82B,22de5f7813026641be043e4de416d8cf4a1ff17bf0699a2af3d103e2c30f2974
ciqual,11018,nfx_2XXJNNR694AXF32JCQ6T3EG0DX,8b4ad2e607d8ce3d9effdfc32eb1881fa53ad92b1cd4bbf2f98e90923b48831b
ciqual,11019,nfx_2HZ7B57W1VF8F9YAS16MD3Y2HA,a9f5f140a037b95cbc7093b2de90dc72655a75e00773da09727e427a9e941238
ciqual,11021,nfx_3A9THJ5PAZRPVH2AYGVSEABVKN,04e46e71dfdbc28a19071fbe8b01ddc381356ed5319f0cae7dc8ef5b2ba7fd4c
ciqual,11023,nfx_5JX5ZBJGHGD11NRXH11X6J13VP,12aec537cca96e2449b6cbdf83bc5cb0619a120ddeed30eb787678d5c1062e4a
ciqual,11024,nfx_6DZ9NYZXPAV5GQX2N0TG90QCJQ,3c5f2b2a73e0a19b73897937064aaa76eec5cdba57879ed9652b160e1dca1e5d
ciqual,11025,nfx_5BEY9RR8EP45ZEKB42Z8F3B2XK,3c1a4b10e969eddf0b7ff7b688844822f6bfd5c1f5d07db1ec2be66ac1b86da1
ciqual,11026,nfx_2XZVMWG6Z45NXSSW0TN1DVN5QY,9a184c8ed143755ada514ae2204b60678a7d4826c1667690d4bb018de45d038e
ciqual,11027,nfx_34M62KWA0VCF01BCT1RQM9R1FX,dd5955e3db2a10a266cc4a6a85294e8ea7749d6889fbdca73e832942638212f4
ciqual,11029,nfx_67H4GG7H4RWJ3WGD6VNZ28R2NP,4069ef4d02c28d28e4855e89523c6bb3de279ee74b59124bc4dcdba7f2ccc1e5
ciqual,11032,nfx_5PTZJAKC3VT5RYJ02MKCKWWNDQ,4d0a44865335a61e96021f983d6880a382dbc5858236aaff5f64483a4e9c5e48
ciqual,11033,nfx_2XBTSQB83ASRMHXBYK5BBJQ6P0,2d95f2ca1974a926eb0b2fe5dd909e861236623262e96aec9b2f05b7f2384bfe
ciqual,11034,nfx_7JC0YJJ4E8CGNNP9KR5TW5WJ71,3d2b9775db13e24073643668938f40cbc44f62ca1730b7e3cdf52a8203909a8e
ciqual,11035,nfx_48WDCEBAVRERDY0KRFA6BE2PVY,1d01341d0f10ea2e8850097fca3083c353fffa463a0b5344045b26cacdda59b6
ciqual,11036,nfx_553Q6VHC5SDX756Q0Q5C327YBB,ee0ef4f2b6e013f3339abea3414ddefb3bc5a076d1a91adf10f6d4602385b4c1
ciqual,11037,nfx_6WD8F9A627CMC5YNF4F8QKGEYB,37c9bb51d643eb4b4a012a5f4fc865272d6e74dd0c6974e9079019a619d50c55
ciqual,11038,nfx_0RHK4J7JATBAG9X8H8JJBSQSQ3,2f63f7b2bc44192fef002dc3cc39522ab06d969f2f2afc05fa4be61b2c7b7de3
ciqual,11039,nfx_2JHWXK7CGTXDBDW6ERD1B8N1SB,7a0c7373cce43ab9f331aa805761da03d97f51d9f7a4eddf2be78758fc5892f3
ciqual,11040,nfx_2PSTGF8Z76G0W5450GDVM4ETK7,6c24dec22f2e5c251bca2cdea112eb3f4a420209a90ad8caee77b2a41311dd71
ciqual,11041,nfx_53K69M6R1NK6ECNAFJ20Z8EHDF,d54ad93f13f4e46c976825fdae5a938311585bda4263efb24d31a841f326a3e3
ciqual,11042,nfx_5JP9PGQGMTBF0C2212S9VYPZFZ,954d42d464bf460119bbab6f7538ef4e79943b9a80b46af1ad11bd0b903e7d04
ciqual,11043,nfx_2FXFWRRME6WNZAJ3BCEK7KXVRX,b0532278ca39a9bf89ecf7bb3c65ef087683f3818dffc093e1b6f1bfd5e5382d
ciqual,11044,nfx_6V70TZVS69STCCW3YWSJWCEF3H,264d2af2b7620f4490bcf937fdb78e882d134c414ad805a8e890626b60850558
ciqual,11045,nfx_3QBCS81EBK2XHG426HCV0DZR20,e0911fb3fe3660c1f5cec948ac27eb6b5a22066c8041755678b13189503ef6fa
ciqual,11046,nfx_558NZVDQAEZ504AY0KFSN7824V,ed7c13b711824c105d0617e130aee7b5736393dce092da78e50340b672717766
ciqual,11048,nfx_7NXY44BG0TWY2PXEPA9RD9E9Q7,d3d0c74cdeb86a677d074721aac50ffe845880d675d788b2af5119cd258b1c02
ciqual,11049,nfx_1C77FG028JCR5Y4DFK77JJCG0D,233e5b0e499b40e9cc1c0c8543ff0477a4a1345c4708d610a39029f8da45abce
ciqual,11050,nfx_17264PF6P0HAEGBV5PPBH0QMK5,55667dc003d8f5293251c23c11bad30e093410eeb68a1ce030e66141add3d2bf
ciqual,11051,nfx_6FZ2RE2YGFS3752ZYJVF4ZFVVB,01f528d71c50f5a62e82ea5c21574cbb8a78737dc8b46b391c70a643165b53ef
ciqual,11052,nfx_3WW81DP4VP0KRSC4JQYHYWP95A,6b05df78279953332feca1746df6246757eb2d8e4aae993c23cbac8e05aa4882
ciqual,11053,nfx_2YZMSNMXF66DC2KZQSREF7VXMW,caffae21614296c7ac666e4bad0ccffff461ff497fb63dbd12c1b70504e4d221
ciqual,11054,nfx_1V8ZT43CWA4XGQHAXVFGE29NFR,9a0f78edc9f86a1fc60370e3e1ee59c9132f9f1f6317deb0838236bb541bf806
ciqual,11055,nfx_5TV1XWXJ8WHFR5XXPCX4APG4TQ,a77b283749bf5ef94a937b1ff915b315cc0eec9c66d21a1a636e8de79b65173b
ciqual,11056,nfx_4JF3GTG8K96CAR20GX38W0DPHA,64d555048e84bdc1258fe272603654488bfc2e4b4c6c19e8de0a479563bb30a4
ciqual,11057,nfx_421ZRGFGQRFNSGJRGXQH0QME9Z,04b25e5430d24eb469ed27d3224c4f7d5bffd793357a350e352822ff64a19dae
ciqual,11058,nfx_7TK5N5Y8WHHJYRXVXNM7EN2766,b3aa53f431d1b1486d2bd8f64db5c65dc9419c5012693ced8c2433e3dd80b4ec
ciqual,11060,nfx_7AMDX7XYX7G6KBYZGYRF3XBVZR,e655ef6afe9d8b76d5a152588a6e13d8d102a3e44f15e712933f7423c43d197c
ciqual,11061,nfx_47WQZZNVGTCCQ6BW5T21Y6J1JN,acf936c6086b3b6dd3b0a5d60c83e212f1d2156892208e053136ff845231adaa
ciqual,11062,nfx_0T0FJKJQHE11C3GHR5S762NECY,8b1493e049f8f5cd561975a1e595e505f2f59c51d629f124f7252728b156b4a8
ciqual,11063,nfx_1CGPV5BC72Q2R9ZFE88833CVKT,3210eb2242e20fe61f7726784a21fe11a62dca696c1d384b38bc40382cb9cf51
ciqual,11064,nfx_03DDW2495S627DH6P1ZJ1K6VSN,065ab74d0ae90dcca668fed46cfca0c3396458ef92d459d3e9fd73d301baad35
ciqual,11065,nfx_782HA411N0E12C7939K4PZZC12,67cf1da9699830193454d8a11083bceb5b0a8d60521facd41f6607afbdd754d3
ciqual,11066,nfx_42HJCQA6T0YPFFV287HS9AYQC2,4e0216e039aa7d27eaa213ec4f551693fe55d26b7b0edb79626821911c64c516
ciqual,11068,nfx_06V7AE03ZEHW8WN4Z1HSAPT8S3,ab91653d40ee195e236a28a9c6580475b84d3e62fbae656e0463bb32a78950d1
ciqual,11069,nfx_3R0WJEG26NPQY34GSQ42W2VQ7Y,a9f6ab4e6b1f83070ec498cc6ee1e5cc9683e4e8d359f1d1378c79620f1a2d96
ciqual,11070,nfx_4JQHW8KZSS30DMN2TRDT69Q70Y,d938b3b418c46f72e96544f70e2548c697f44c4a332b8e4ca16fbf543bfd43d6
ciqual,11073,nfx_2P9GRBMBF635FAKB18QQRV12DY,b25a33c9619a6704c6dddeebc8a84e6b420c125bea56ceb3b145f3a982404d27
ciqual,11074,nfx_630XKKT8F21GJ1V03EHW9APX4G,c10a74a2fadc68097d4c387d2a08aa9a9f3979dbaf449059226cfb4728fd0134
ciqual,11075,nfx_3VGP9A2P1DMXM7HTHXTZ6Q96X6,c0d9453d47f7854fb50e59e38c4efe6c6314d8871de8edc1a83cf9d26b65ee03
ciqual,11077,nfx_70Q9XPA2WH5F7QV88K3F17BM9Q,6b5eb09ac152c2e58c629fb1816776382b6594d7017ac13f72598d579c3a495a
ciqual,11079,nfx_6BFDSWJ4X8BT738ESG79XRHC6W,dc320d6a6a99576051c166f88c214587e88e0d1f4e92f272bb2947615642a7bc
ciqual,11080,nfx_1V3C78R0CQNS6FJ23QRSEPBDAJ,a321a4c08b6cb1858e4cdbb627aef2c21b2a0f7964bec428263ee8ceafa45172
ciqual,11081,nfx_7M7JB2CWMQPVGJR4XN30C350FB,35d004832099aff1f80bc1003df877cd0c26506939a30c490dbfc9d4c9d84716
ciqual,11082,nfx_5Q9443G6RX9AK8G6JKD3C3S689,520e6265bfe9cf2ae9477ca046ab2b363d8ce98999af71d8d231f5c5182337e9
ciqual,11083,nfx_7MQMNKRA2YJVHAVMC9BRF16N33,dea6599bc1b7487cc639292f04192a093b214f83840db7f4e4b058720680808b
ciqual,11084,nfx_6JJ20WRR3SJSRGE78YA74C1PSQ,7bb5a9028578a244b3dc68a82b04cb6fd08632cc2af8674e4ff3660c42b00b67
ciqual,11085,nfx_76XW0ZARR8VWESHXF6KRX13PGT,a997537585c1d155299671e1666a56ba6427c5130c2b554dfa23c3c9c93551a0
ciqual,11086,nfx_34WXN6AK9EX06KD3TGVW3G2437,999eaa8e621ef2b0438f5a2358e388e58c4643376e755be25a6f70a8a416217b
ciqual,11088,nfx_57DJNFFSVNGWG7X66FW5931MF0,3d4a4c63698ea56d53fa1d3b09fc474de0c95e6789c525dafc7c85c1784a18a5
ciqual,11089,nfx_17SAA1CCD79A69MVFVZNGXRP5A,10912c028450d4db1e049f0b00ab7430b6b860537b570270fb0214eb1b39a4ce
ciqual,11090,nfx_4347BM4Q7T5CARDKQ1HEDTZYGT,34f1f3e6f6409ba917aaf918472132bd7778c0b3fd23c2f75834dc496456bbd1
ciqual,11091,nfx_1W2KA99TGQ23DAC52XF2D5YPR3,30e3ed0f87877b944c27223171534b787b8464706950c829d5b97fe2a357022f
ciqual,11092,nfx_7QZ78RX9JQ247BFVA93EJ3194J,9f49cb7a7ee296c4267e6dd1183274d703a134410bfe2e2b89fb310242a2f9e4
ciqual,11093,nfx_0D1NKY22T1MDX86M68FGFVVX7F,b03e58533b36b3a6d4a2e2f92fcdcd8e39b5a6b55617afb3f8ea23764a5ecb3a
ciqual,11094,nfx_139BSQJJSBFBSTNZ0WQSXMF536,61ccfc099ffd06b946d07c5b572267da0a548b51a8b8ea2a52993946c469e65f
ciqual,11095,nfx_46WY01VK1HD795H0TFM49ZZNTW,b903781a3ca72c6b4d730ae1ef435af0a9e404aded2d8d8f0212d3c7ee19ed38
ciqual,11096,nfx_6NJQFAV164Q9HNV8FQFGW8MNHY,b91bfff53e4486161c637ae26dc7593b7c017bd01e855066c86faa3ed05470c6
ciqual,11097,nfx_54T1WY5XE2WV84HRGR6626J089,b717bee0e444cd2bbfcb69af7ebf50c38951efe95e4f60f358a491ed8c4327a4
ciqual,11098,nfx_120GB1N1VYJ2WHQR9MA6H0VMMJ,227bd03b8d56b27f0b07924b3c0aa947a5b2590ad62b17282f5c1b0ce606616f
ciqual,11100,nfx_1EEJJQYAR4M174D0RS8PEV54BS,5c3b77fc539e4b595d05a2d6c0c511255f7ca7ca2cd4a3c672fc8863fbfc030d
ciqual,11101,nfx_326QB63VX0RH19P0JAVG50H9DW,755a9cf56cf81cd7524b828550dbd216236bf6eb01eb710f099c4e8a732c75b9
ciqual,11102,nfx_52C5T2HT4WHXWJK3BW23XDYQ4X,3bea8314d9b1411e30a1bf71f82a571a4b3661d1d0faf3c36653dc70b3b2059a
ciqual,11104,nfx_3PSJMR3RTPTRZPSQ4VMH4BQJ51,05efca30eb683a33060c13f19e13e21350890823f3fd4053f689fdafe920cc82
ciqual,11105,nfx_7AWQ23AF6VJ3STTZ4F7ZH12061,89380beef187af747eab379830cd634aad1a47ea88a7e6ab810a0978997f9f59
ciqual,11107,nfx_1BM8MSZ14974X3RHX3EP344GVX,def97ede40352c01cbf6159a73de95f1a687c228c0cd13d776940ce003fdb6bb
ciqual,11108,nfx_6P78Z64Z3X2ZCBJVRMEV9MV93D,ecfb95dec8e4a529a111afc2f8605cbe569b537c28bf6816a79594f3045fd8e5
ciqual,11109,nfx_43EVM0W7W62VE3FC49ZPVSF2XE,cc4f999639b5ef6591d387c0bd6ce0cc38d9814e315c4c1a2c95ce30f0c29c6d
ciqual,11110,nfx_1WKKGTRFHY8JWCDVH4B2SK79B0,d99d7de6275e617381528449088aaa4b02765d8acc5b70ae49ad2d83e321b959
ciqual,11111,nfx_0GVTP4RCNWBGAVGZB8YGFN4WBV,67faf583e27dd5853aa7c0528401fa171c96ba63331c98511ffac1474a35827d
ciqual,11112,nfx_6MZN9CB269NQAXKMS69X62QM76,180c6182d8cd0e4a58de2fcdc203e52fca7801bbff4b367106440939e597bf82
ciqual,11114,nfx_73C50E5BQD94XCYZYYKAMFKSQR,0336a9a7201a5430fe2a80dde95b917cbd18daf3009dc01d43f426fc80ba5003
ciqual,11115,nfx_1YHQ9P8R9MNEJJHV4WGJ94KMF7,c7320a41546b09dc67eb1a588cd939573ad4b8e58a57022dc0990540f9b3f812
ciqual,11120,nfx_7YDNFD10MCFPAFJZ2TQY8SS7JB,5bad1acc6b96bfc1905c62021a02356948d4307feb4767ef99d6b6025546cafd
ciqual,11121,nfx_362RQP3PSWTJMX1S0TD0SMM23C,7a95aa676ba8f7e8a30f8f6e0625be87ef3a85e6f3ba1d4541ff62cfa29c94af
ciqual,11122,nfx_5N3PHPNZAZF90EM7CMMAQ1W2EH,6a12aa32eee4c054a4250a0f9665a384a861cbb78eae1ffc322e59926acf9828
ciqual,11128,nfx_2ASR28B45DA52BK4JR7Q39GMHA,924c371dec3895e113af2c46ebd4ef9cbf9d0d7ab7d1ae25ef2cb15f4700af2b
ciqual,11129,nfx_7939JW5RF8NWMHWPKYAKMCY326,7142b8d6418bdedc38cf209ec0199240af2b8cf946c99b2c65a7c5b894e4f175
ciqual,11132,nfx_7BXP3NJTHJG2SD6P3BV75QJFH5,babcfce41b3bc480cc900d561ec0fbf0daf90902629f87a8b21b775948e664de
ciqual,11140,nfx_483ZV67MPQVAX2KC2KJYYFCTX5,d3e54129050d513250b3955ef06f816bce79e9e0a9d66659bd5097cd1c3f9743
ciqual,11143,nfx_0QSSPJPPBKJAFN5ZG8M2JG7RZF,32a31b918cb1d89e2df831757d970d2154707b37f2936736cefaf140f9e068f6
ciqual,11157,nfx_4MVDE63SGRW1Y9NVVB6E9EENMY,8184403ac5526519a841f9769d1c0578437af124a20146a01beb05a9dd67aa32
ciqual,11158,nfx_0AVK5W7ZNK0PKBSJ12T8GDX4TE,9b05362897c9c8455a1bb2ec1c66dbe4a7bb1abf86627c8f6a9d3b21afd40bc1
ciqual,11159,nfx_22X4X7R01NEDRA4XZ9W7MPCXAY,de30e4347317685a7648e4bcf4872d353d6a1476643002b10a8874041b368856
ciqual,11160,nfx_7TX1H7D3K3F3800G27B0RASYN2,396d51c056cdde1b626c683057504ee0487dc0fb36fca66991607704f05e930d
ciqual,11161,nfx_0VHWA93WV1K4QXKY9Y6EK21WXH,a0a6096b3e3c3799a54fe574c022f373cbc4c3398eec3f8dea08d6a10b287595
ciqual,11162,nfx_2XXYPQAH8EKVJ3K7Y9QCEVN2GC,29eee9e926561ba224f8c703c0661f95dc95bb761df3f588db511aeed0d8fa89
ciqual,11163,nfx_5C6PGK0GC8KK8JQCNH5HJCH16G,0f03622296f3688bf5ecaa6648eab5db5e0e317713f68dc102f69f83f6e20db1
ciqual,11164,nfx_7HTV7Y0XS31A4SNYQQ0N3TXQ0G,fb2ca4de81532abd9c132b6e978a038602a611ce4f3cacce072f195d7fae2aeb
ciqual,11166,nfx_46G4PCBK8H9D1T96FR6PATYAQ7,37f6aeeb2cc76d2a678ccbdda85e1a88bc84eacb4ee261888e49f0a15d9cb5be
ciqual,11167,nfx_0W7EZ9V0V9VPPPBZ1334T7FXSD,dbf884c54ab63b36bf4ba3cb1f30965c403ed2ec0b4b793e6a6ca9ee66234546
ciqual,11168,nfx_4R2EMZAKPJX16ZTA5FYNHAMXS1,da6ad7941c5a5ee76dd3a5857b601a1c4cf91e126effdd8c84861b5ecc4e8f5f
ciqual,11169,nfx_0KB7RTREW3SQ26AJ6M8BMFDN26,18e5d29a775fe42b9d40da087530edaf4e79299fd7de89990be5557c08cf071a
ciqual,11170,nfx_5XS8674G6TXW422X0545B5KFZ7,4f5c3b33a6110bc098e41462418491ed8459d68b528bd9d064e458870c8a5dcb
ciqual,11171,nfx_5T9QFBZK15MXEBKDNQ4XKGWCNQ,a50471da9cabdb7bd52cda0d46fefb38a42ad3f74f322e415c4f65c81c0c15b5
ciqual,11172,nfx_4S98G86B2Z1JWV38FAHJB5F9DV,2d4695416572c8f352b7661d26f574d5665ec0700ec20856e4d37987bd8f0430
ciqual,11174,nfx_7NTVARC0YTX7P5QJ66KWF631TY,527695b616bcc180eee026e9866667ba101bd36fab708d80777d15c6485fbcbe
ciqual,11175,nfx_5YDZKNF807FNADN16Z8PH8MGSP,29f39a2b2a10cb8c240fc767cd36f3ae60d1605b86c2a69c23101de6c7621490
ciqual,11176,nfx_37XQ47R56YE9F3XG149JYD2C2K,6b9d8dc5ac387267c0de2aadf71a3cea6e24449c227c83c056e1e6536e715489
ciqual,11177,nfx_78FHFPNM6R6BXYZAGTKRPAJQ0P,ea1afd10a2bfd10271e76ce93b81c2cde14eb13177493f092bf7577fd448d3cb
ciqual,11178,nfx_1P9Z75QWS58JDPR362E905A6YT,71116a02749f0b453d68978fd1caa6091a44c0d1f7cf099e4a3d7191c4b15cd7
ciqual,11179,nfx_08K0BD61TJ9ZGMSJKC7G40XAD4,e1548b4513b00bf40393f93aa1adbc8e15a5867af62b2f5277ad50422f78899c
ciqual,11182,nfx_53K59RCST1G7FJ6VEPP185HWM5,25bd127dd5478028efa5bde5c8231a9f83bf221c5aa0a9b65febf2b93286598f
ciqual,11184,nfx_69SB3AVSDRPB7D4KC7A8RXVEG4,1526cdf84b5779f03306004393f938ff9540c2036c41b82bc2a0dfc3b63a0cf7
ciqual,11187,nfx_7ZA751QA4WJ87HE5FP6NRB5071,9ee53ab5e1fbaf048a4a749e5e3c559ce8dc8690c04549db71cc2aae141acc1a
ciqual,11189,nfx_61N3B1JVNAFSAY1W4FKEKA8X7Y,9e36ca2e6fb6726149dc48d33011ca6db3cd272cc6ed8dcb333625d8b2549a56
ciqual,11191,nfx_2K8S6HBH5AE7P9CEM548ATWRNC,dfc60a50161bf3bfa46af9a79e3f86243031ec4e9a5a52488b0dbc718e7562e8
ciqual,11192,nfx_6G24S1DA455BY5ZADSFN0D62G3,4b29ef97934ef1c685ec4820d489b1bcf133762a7986ddb060375703f5d54ce7
ciqual,11194,nfx_16GNR6CREPMF9MDQ12FYN83QVV,defc9e055698369f7c63eb8fc48b84645a6afee90934c5a24a7f829a129724d2
ciqual,11196,nfx_2706N9KP9Q5HHW1NMEBQVX5JG8,090c3af36936b4560f3fba2e56ad80233da5e36a944c3238b9260d46142db60b
ciqual,11198,nfx_7ZTP1QVKFEECZE870EQSW09DSD,38b129fa5f5d25d7ff06764aa92cc4d909f4ebe2af89e3496478224095d7bfc2
ciqual,11199,nfx_15S3NT2P914MCR1KFYTS0E74NY,665d9f5a982fa0c9d6525eb349e89573c3492f80fd479bd4794176cb8ccba444
ciqual,11202,nfx_3YRSVMJ9V5NF2TG7THW4MHH5HJ,264dc1b23448df7399404af67cc3231fd45d989b3d129277bcff879d4c2d0ab3
ciqual,11203,nfx_7Z9TAD772PPME21CT6TX08PN92,7a77a840c7ccf961e56e319eedea3abcb41e975d042a3e2587561ed647c8ef00
ciqual,11205,nfx_7B74R7AGGJTBCJ436TKRN6NCS4,4253b40e2038349c37bb7b7478288f917fb5e29dc1a769e10f3cf7c8f7ad55f0
ciqual,11207,nfx_012PM1QASXWN31G6G9C4633VV4,33339bbc07d73422fb3403ba0528b548b7d68ecb46f7af48031ca35fcda27284
ciqual,11208,nfx_408C585W0Q55AWFE3NN6C7NFY5,8e59918e18aa6d2551f47b1dafeaf7288051a2fc357e9d5056fe841c390cb0d2
ciqual,11210,nfx_4619C034GAAPDQDG0TGCZCKD5A,9539e8b29746d6afb1063f0280d374811cef5c02212427de909d0a64aeee9d88
ciqual,11212,nfx_13BS8X8NTRZEYWGGVVHYXB2GKX,ab2ae8f03b7dd9bd37d757db704810b0d72081ebd842fe169d1b629f41e4f9dd
ciqual,11213,nfx_0RJ3XPXFK6QCGP13WYGB2NVXM6,4a3c0403bd050a0b47bf117c69804cf2654fc7da26a40805e6db45129908b43b
ciqual,11214,nfx_6BCB5TQEZAYVCGSF399TJJ3WWE,44ec52b9b5f539909907046f9f829bbb320757e4b21afea6e1417429059c36ce
ciqual,11215,nfx_6GJN9NX6CAAF52KHJ31JG8EJVD,379b9f89e257a8aee8d6ac481c952da4a0bfc42d2a2af552603a4858d3142301
ciqual,11216,nfx_0KJ1V78FNB1WPS73S3ECJV46R7,096532a52b296fb8f7017a254b4dc1b0cac97eb4e6f2535f9de88703cdee2ad3
ciqual,11217,nfx_1H6X7WYE4PCM7D63JC6FZ8YNGW,05a984ab8b81c312f976dafd4db785a24cd8ee3284f1a2dca1f0e89ddea6708e
ciqual,11218,nfx_647HDPZE39N73AW26TY60AWZEZ,0dfc41b133f42704e5a294051a9247d204da2494c710ebba820cd9372ee5c639
ciqual,11219,nfx_31W7TE8QR5Z7Z17CYB51MTGM6A,d89b2471fc6624c891d4a31f72580ccd09b340e3a2ba7d7cbcf270618b21014c
ciqual,11220,nfx_5VKT7ERVRF07VSF3876063NTH0,d8bfc808eef5a4bec1c56de1d6160a9c6acf4ff91d3105cbbaf0578b6bde3120
ciqual,11221,nfx_7GBF4YVQ56ZZQBQGYGSPTX3S8K,49993e334ebd6736c7a950bc5f8b6f4628a8f59d5fdc3f6ce1718ebaf6f2ce87
ciqual,11222,nfx_7ADXVJ1R9DWDQNRAB1E9F8T96S,5481a270dae33a6e67ed9a129cdbc093ad03b96812501658339d3c4b83152df7
ciqual,11223,nfx_4T9K2BJDA3SJE5EMC7JJHZY6PP,c5b5ee089f5c5377f21e33da284247e6d8f46b32ef3ad34c7acedd1fe79ee35b
ciqual,11240,nfx_285W8YDTFX82XK6KBFV8SREVSH,ff281cec1a6f466c275dfd713af96a09f29ddfc3f2f0d7da5ac3877bee04046b
ciqual,11243,nfx_6FGZ51FB3DABFG24W0W1RKW77X,9c19941ac4c3c05690d307aedd73211c631b8e6c5bc247fcc984bf75e6687fd6
ciqual,11244,nfx_3JK4W9NP9S06MJS18C6CKR161R,f8044afe57657bf5c30c092ae2024ee4511f71d1812cf78008d8b228941881b8
ciqual,11245,nfx_10M6V0MCTBWBN7KFJ0QG563RVD,ec9115c3d2850e6bd7d662b2a6bc32142718042f2424a99df6082d24ca5a102b
ciqual,11246,nfx_0Z3B0ND9GVSYFGKXHEWTDES5VK,f54ac03f1c95247044ebbc043576b6dfdbc9ec0362735d683321108b1cea86a2
ciqual,11247,nfx_28PV9P29XJ3YS4JJEJGJQZ2MGT,bf85b9387463a20bd3dec4c119bbd6a5cd791bf1c61ca091b8281494ae4f5c3b
ciqual,11248,nfx_07E3TFBQ7CGF8NPER0FJ82CNCF,f9d7e48548a70e5f45b396df07a6dc862fa144476b284cafae3af3d4a527ec14
ciqual,11299,nfx_4C6ZC2J56ND9DYA7VF7J524259,b278e5d71f58b3c8a84bdc0d91431de4f8682dbdc001d4d3bb547bd117a61c04
ciqual,11300,nfx_0E6FRNZZ4SM6YA66706PJN948M,744b6e80c5ee761f56e93156c687745e33add02dfa555232aa31a4f2bf0addf5
ciqual,11301,nfx_1RH9H3TA2ZRFKC9ZR7C065CZHT,307dd61c6b6d20d46545542972ff8c8ad1d7689fd95fb798abc98b6d6a2c47c1
ciqual,11302,nfx_534G6KFPY3PJXX69RH4Q00KKNT,1eb396690a859b6c5480242dc823d3954f9c1c78b0075f7e4fd2862d0020a927
ciqual,11303,nfx_3C5K9846Z2GWE7TH3P2AQZ6YBA,8bb43108ac1995bb10d129ffbd03ed692b4db22c168dd0ea1fd259a166bafd15
ciqual,11304,nfx_3MJH09WBEAB9Q6162EYC6E158Z,c5f6876d82e4a4ebeace8e2f6f45ae0fb47a08927cb1a93fd7c0f0bd1bc25900
ciqual,11306,nfx_5Q4W8F6PMS2WYWW0RY5C5RX0N4,d48881685a19fb9315526868a406f45d8316ae7cf0a24ecbe3a6945e1dffe7c2
ciqual,11307,nfx_5W6C41T9307DSX7H3MP3AQ3WZ9,1454c82077e8c02861ff30623eb3b98506b557e6a7d7d213a670405ffa8befd9
ciqual,11506,nfx_2X5BT17TY262EM28ASARQSSJ68,70e27d90cf1d428fe36b7afcc679998d4ed40e831102f01639a3e98f20074469
ciqual,11507,nfx_5RAEHTQ6NTQQY87VE2ND9WDYT8,89b3084c3301216dbbbaeb902a6a76d31b23492c1c04ec2323b597f6d5350743
ciqual,11509,nfx_3B0GA8GKMQMXGMBYW77Y34J5FR,1be66ca66801ee148192f77d6b8d12d2b448c328cb63dfed3bc153bda9cdde7d
ciqual,11510,nfx_5RMW86474551WAH9KE0DTP0RF0,76bbf42f6a1889c7c940dc3a5e2a275943e82d5a89b0dd49f798dce73b2185fa
ciqual,12001,nfx_76G3GXD4Y7K8Q9P9FZ1PD68G4H,e877e058b95966b0b6e6443b7e77bea50a3c19a9bbb2d6f7cf26adbf6c9cf14c
ciqual,12003,nfx_6R0EJFVQT9W3G002661N535ZEH,72e424d40aa859cbc6f8663ba01d9e030a7b7d808bc53bc8736ecb8118611f82
ciqual,12004,nfx_4BPYB8JXYD13W3HC305D4Q340A,44586af9872b8c4c7d2df5b65c51c7bad8987a8a1a2b72c43336892bfd9585ea
ciqual,12006,nfx_48T5GQA04CPY7BWVV5NR8ESYHC,be6bdc3022759f8addbfaf27acdabd2beb22a039650ce9190245a3e79a0d2de0
ciqual,12007,nfx_103SKY9B6CNEJWDRC4GR2SHHCY,0ec5f76e52f5c38302f9878c12710be48fee4218b1247d5c7f2326808122954f
ciqual,12008,nfx_1K7RWC8JHXTEFTJG3G1RRNZNXC,2baa72c65143699106ce741d8497123d33dc2506cc8f28a6dd260686b7e1c39b
ciqual,12010,nfx_3E9N83ZQ5TRFPBNBXFQTHEW2KT,a5315926d70de386e11a1b5aa88a3071f25d2bb2a60ed585f553a998e12bf708
ciqual,12015,nfx_49H6AS8NQR1MN41T1P84JB5M83,55d445e8bfcfea1cc591dc685748bdf483f113f55c23ab46e1081c11f4bed381
ciqual,12020,nfx_6K5ME4RQ3NJ6FM8PSJP5764CM9,c5b9944bb82bf4bd238c515b68769e169c1c613f5f8191f799ae414a7f06115f
ciqual,12021,nfx_0E3KFFKJQSTHANFD8FVPCKQQ56,40fb61c1e7da58d5499e1320f3532e7536d7c7ba48f0a2c1d733d10981d034bb
ciqual,12022,nfx_7APD1FBSP9H650MWAQ5DJBPYEZ,e646f3573a6990349fb266075de07d3af117cb1ef3424c8f0a767dae5672b029
ciqual,12025,nfx_0YS8HANQZPRWRPB594GP6SMNHM,a5c3d04fc5d07d243cb15a50d4e5fc5867634662cbf84327603e82fd52dc51cb
ciqual,12028,nfx_0RNG5N3W6WR2WMH1R8BGRCX6BB,f4cedf99d95550866c5d289568767ef41a060538fd586faba6d6f8977e9d5d8b
ciqual,12029,nfx_6VQ6HZWRXEY77R8F7J9PSZAZ4A,f830b0c3076b2c98273a45b545c5583620262ff37a23fec6a5b7a875a17be4ec
ciqual,12030,nfx_7GVFKHYQ95RS4VTSWN99A241QD,c33f1e290054d5941475c7ca89fc97644fda451cc1716c9e2d77089d997d7ed5
ciqual,12031,nfx_2YZR9MVPR9J3B49KN0J3MY8J4F,51906aca57db1846c05cd1336a66ac9c49399e9191987b435d7c23f3aeeb9c24
ciqual,12033,nfx_0X8B0VZB8VDW4SS0RZKR8F6DMW,9231bf6411051fb992b1be77b7a245fff4c3839382db66377f8089dc808dc59f
ciqual,12034,nfx_40DZBVCYV1TX4HF8741XTZ6ZZF,cbda050fd9c6cd3e81f7ecd2907df8ebbbb8898b4a60248c57b4d54009918123
ciqual,12035,nfx_5J1ZPVJT0T9E1JB16TG0NPYMPQ,2a524ac53aeb801f962e729a74108adea41b70851b9e3b71312f4e28a45d5cb9
ciqual,12036,nfx_6X0AZPFWR2GF5J31DVQ6C7BGFF,bdf69b77ba51f2c31e783f7529a4b551252e45bfd5ea1331b0c1bc7f355bd732
ciqual,12037,nfx_4RVZSK2NTBZ5WVQHA5NZMJVKQH,e612f4e06d8b3154b92a286cbdb0716801c859d0ec8b21a17bd495afa4adad5f
ciqual,12038,nfx_6YNKSP6BR9VQSDKZ3WZ32GJCDH,c3646a337e750890b981ff75a982cff2b2794d8e989c153c7960b002f4e740ec
ciqual,12039,nfx_46EF68WJPD0MJYDGESNSVHVVB8,627f63105fb72366c1694565b1a50613d1a3876a562151aeeee084788c7f8c61
ciqual,12040,nfx_1B2AEH56A5EZDS4TYQWQFV93G2,777615ae360ab3be25564972b0a1ee98a1c335961ec6cd7a285a0276232274e0
ciqual,12041,nfx_28V93G1ZWQ8AHC8GXQ2XD8SHSW,714f5f7963167d093b94ade307f126117924ac72fa9f24d157a72b7a10083801
ciqual,12042,nfx_64DDE21Q3NTP927D7XYWT1CJNP,6e6d40b1af68acf8ceb8e76e438d6b3b9ab9ae7954ed3ceaa5a4aad462f125e8
ciqual,12045,nfx_6FMR1QZQB2GMD67103J6AWX0NM,d57905b672d6e2425005b26aeb6601edf4c157230e9b1f719aa5314bb8ad6804
ciqual,12049,nfx_09JSRBY8PFWQVH3R55SYS8JDXG,4403ed7f8903e5b1cece14394038e4f0642d3735d08311c5bfba597cd1cff4d3
ciqual,12050,nfx_32R61V6WQ4FKBPBJJ3PCNMQH18,21ea28bd91fa00496b8eb21db5eabf55e5dda60fadbcf658240c3e19dc4f7654
ciqual,12051,nfx_2BYC4MD7N4GK0584KB0JE6X5P0,ef7797f97fe6171f7f5136107fc46426472f33323d224824e5f8f7de95a87182
ciqual,12052,nfx_48SXG2D6MYA01FA1C5NHHXBK89,45a63b3772a0d3ed1c39e6b1153e69cf6b8cef5b77eabb32a7445afd25d155ff
ciqual,12053,nfx_2CE71E8YFDW46Q0EHRM022ZQ3S,ae8feb14936c776685c7da72934a71becb0b476cef4ec81ba447257857f66231
ciqual,12054,nfx_2DCZQPMV9XYDJZD0RKKG4JVFV5,bc454b28aa8e538662a117df0cd6a3af0e908489ae3a7b56f8319b29d39a416f
ciqual,12059,nfx_4MQRRSXFZVFEHX180T8VR40YT8,bf9a78bc1e43396e23cca195b5fc75282f3a5d166aba9b457675446970d33195
ciqual,12060,nfx_3SXBSXXXWC7V2F1XQ1VT1VVHNM,7affc2dd744d6d7e8fa9f0479947665fc565289912c49f01cba02b433670cd4a
ciqual,12061,nfx_1ZN3JH76JNKYDP54F5PKT2ZVPY,959ced4d3b16ad3920a15e06b8a269f889e5e32adeaf4dd33cc2d0ec155cbd40
ciqual,12063,nfx_3PS6MJK665B5CN4Z884M3TJCJW,1cc297a8fe94407bc68e807346817672ec12dafdf522a24361f565f3d1915a58
ciqual,12064,nfx_21YWKC9ZJ4R4PW063CAK6S9K0S,caa7ef54117c1aa2264fe680fba7d3464352915721b69604859ad0c9557233f3
ciqual,12065,nfx_17QQ3KJWTZKJSYJY67MQXZZ7DC,845b096b6005fb1da3f6886c145c4d13ad65fc91b65d38c4d1f0469dcc83e46f
ciqual,12066,nfx_29YYTR480BC8TGSYHTPT29X5P5,635ca92b584d297b9ab8c378fd286a2bc56bdf1521403bf5ff66d3da34351a04
ciqual,12067,nfx_6S8RRC5EX13EAR1NZ867S2TVS9,68e27f56cb30e43b6aa75cf7b3d46c3f46c506e7cb6226a1dd323d67bc1dd8c4
ciqual,12068,nfx_4EY1BA1GCK90DY4PAY7JJ98ZCW,32a9f9778249baa1b134bba7cdc530dc3577cdbe21e46b3212d353fa33b8caaa
ciqual,12069,nfx_1AR5QBNCYFC4DZAVVT3SBCXP74,26415274cad4139a44565d511d2923f023fb605880f903a242a301cb47958fe2
ciqual,12070,nfx_0AVADC56Z9Z6F5WP47F2WZ1R0D,aa561134b562585fcdfee5098b7824b7f0f2cb6d98d476af94e75f57e6cdef7c
ciqual,12071,nfx_6WT1ZARK46RVP0JQSNQE9TJEKG,0a628d1590649afd318fda40c232213eb69f819b86102069b954e725644ab0b0
ciqual,12072,nfx_05X1MNYG8DCPP8K5NSRYPBWH8N,886773e3336c0af5f515791a63523366b8f0bfc986d262535bde6ccafbf4df32
ciqual,12073,nfx_0Y5FV6E4HGG1MVF5VQ4RCGB9WJ,502051f0f7d094475d75f69fbae695914fe67f30aceb0f695913c53f5fb470bf
ciqual,12099,nfx_5ZBK3JYY6BJQ8V675TMHV84WTK,0d6025675381d62614ce9f893b15292fe64192641f1095766341045ca3d75c02
ciqual,12100,nfx_281T0G3G7KERJFY55B8JTSZREQ,57818d61b5d7e3df079e428b4d63639d5b00158ae92bfe013ea8e20b8ab73510
ciqual,12105,nfx_2T2K4FZEYG28RE7NFCGAJ8F7Z3,3dc07779e9e7dd054a03e3c1c1a8f6f7117acafc1164c47cc88ff8ddf10f4cab
ciqual,12109,nfx_3SS7A6NM6JE559DWKK24EGMN90,6cd1d7d14a259369e7c63982c35991b7ac2e98465fe6fe7db424f48ce2a1cc56
ciqual,12110,nfx_671N7K16NXTPDV06ASX5CDQYHR,120e6d5bee8e45f725cd40b0408c2ec8174f0abb87d6fca3e6f5b0468ee59130
ciqual,12111,nfx_73ATV41WZKZF3Q86RSEGV7K96F,8a9e893dba3a1aba002afb8c97a4e33bb19d38cf9c8270ab37cd7d7e645650f7
ciqual,12112,nfx_3NZ8V3A9N7XBHD16PW3NQ706KX,205fd895adac6d0ded1c380cf51cdfe0d8a72aef49d7173f082c90a828de5e72
ciqual,12113,nfx_2RVW87ZD8Y0CQP80T3NY875VPF,d0f5dc51f32cc858bbea146be1b33c6324e1e51f9bb19333c38a0fdc7ea3481d
ciqual,12114,nfx_62Z28SBG2DSWYN2CABRC13H2P2,7f19e7aee70c18a186bf9a4dc23bbfc88394517ab366da68acc554a29e50e392
ciqual,12115,nfx_2QJSFQ6W29RK01VEATTX8HQZ7W,b2eecb7b93d8608f9faa0d665c14dad597e1931f0459786828477f16a628ad61
ciqual,12116,nfx_73V52HH5PFGH7D0FV5Q1WZJE1K,94308b31b25222972caa8a4c77ae8b3ae4411ec3a639f46168e2292869ad808c
ciqual,12118,nfx_3SYHCGEWBYFWTSW0NGMQ4WAE40,81831cc5a423eddeb425e9de482c3ecd54efb2f7d021e5e575a2fea8f204b73f
ciqual,12119,nfx_2T8AK5JHNY7PTAW8X42HPQVSMX,91257356e0179da0f9dc4351db2f579eb42913c07a9b5e29b4d31b9f1bc9149f
ciqual,12120,nfx_60MJ73EED94SRGXN7KZPR5ECA3,7d6d955c32005a082778c882796ab438e326299e5753736c3cffc070cc006c8c
ciqual,12121,nfx_7BPANTT16K4Q1E4XXVHF3JT8QE,afa91ae3105c08ff550da43483161caf65f2d6d3759fd04515712ced1d0ae4ff
ciqual,12122,nfx_3V438HVDN1V3928VXD4WX4K0ZJ,0a3e59ecde2fa7db59b05f4aff401e0e80587b9f1f7c0ab36b17e2e901c935b9
ciqual,12123,nfx_3KWP4XAKD6CJ3YTVSS88W3NCTK,903310971fc349296b108eb628d7638d0712f0f8a7ff711f04596449849eb849
ciqual,12300,nfx_7W8TC86DEV5NEX9Q0JM0WKXT7D,5d5a6dd37dbdce03895c026c0db79097e877ca2afd9ce10646dbdd5cd022ef49
ciqual,12302,nfx_4CYR5YZ48A4FFVT7XS49AHEP8J,dfa1a0fc10f7ad6e59cd17dd06b5f249b8716f75f0469f5ed8262511ce70daec
ciqual,12303,nfx_0MBJ8WT688FGMH1MDEKNWW0XME,121b198bc76ba10c204a3fc8116453be72a7293583ded6939384610f9aaadf2b
ciqual,12304,nfx_3S10J97V3FEEMG9PATX2NS4C13,3f800546f25aa9670b5362e75e6750141d57c021d80ff42748c87674f6ff9595
ciqual,12305,nfx_6FA1S49YY3MTXZVXD13P4X28X0,f7d18d28350e1cf0754ca58934768babb7ea98241fae1c017321691d0395c467
ciqual,12306,nfx_3Y7VTSX45RTKW8ST4WNB7GJ1ZJ,d5b451abff9c562e89ede351ef1c2275d6de5d190239a38a87231b64a6d0a8e3
ciqual,12307,nfx_20EH548WNHYQ6B4VNDD6HT2VS0,be6b492b7758375107639ececb73e455a9bcb4f7303219eea6ce4e7dcc02452a
ciqual,12311,nfx_7QVPCF3XNFT8H40FAGZSFV5CRR,dac1e349ac0e5dfc1c3ef6de8dc53b5cc1c114cb542af710710fd1a8adb4f1bb
ciqual,12325,nfx_2RJDSDF9BY3BVRN72APHMBKEN3,702b5921a2ac01bd9949879187f018343fd2a4b99a2dd37c622c850926e79675
ciqual,12342,nfx_2NVFERJHDMSMZ3HAEBDXSNWTBB,8ecbf23b53ccbdeb97e7488d39bf8f13297ff19f919908165cfbd94e4cf4f5b1
ciqual,12355,nfx_4BVM5N2PKZKQT0N0DAVFPRCZA8,2f0d18730ed2d4c594d8af4d359ee5f9ebb794dd620558917e2f76796d1158cf
ciqual,12356,nfx_3DGW0P9ZCA371S1TEWF5BC171N,aaaab75793abd88b3a9fe2dacb1fe248a99367e51c5691d1b69b56f3966d89cb
ciqual,12500,nfx_77A6FG399PQZ8EW0KYYBB90NPE,ad739489bb7363aabf0ea551e2f4b63d7478c9fd0dc3bc6249c80257b0a0e0e0
ciqual,12519,nfx_496BAZVAG1ANSHZ5VKWPH60V1A,ae5c653feae4c5de69baa30f3a2027740974555b666db9a21e3bfaaa759eb471
ciqual,12520,nfx_2Z0BXGYTRQY0NEW8T0DZRJWT6W,5d797dcc1bdd38acae688ccb7ac7551816e4a2118d8e599a70ed7dbcac84b873
ciqual,12521,nfx_3TK5EHH5Q0K4ZZMC3V9Z86YRMP,446b66b1c9101242e19ca8050084ac6b3d008cae88b52eb624932bbe88a758e9
ciqual,12522,nfx_1RXJN2H7D11XTV03WQ95H9DBXJ,4ab1d68d207a2a2d1db4d92ba5d4f62076e615c25b8baa5fb88840c60da95aa3
ciqual,12523,nfx_5D6DEN4W9VND7G6JWTAJ2DZ1ES,f18402a79725a0617c635a62ec170959fe8cf849c3e9a6f3f5a697d4382c8a11
ciqual,12524,nfx_5MZWBH49WTNCS95SHSP8ZFAY1H,f4ee3cc4f81b91bc8ae4ce49bc8dee9f6dbafcd1d8f4fa5285f2162ac73d9649
ciqual,12526,nfx_4RYAZ8QGHPN225XREES8TD6JAZ,b09d44a75dc8c309fd891c60156930c3f079f6e2087b4dd2a6c9e39952f535db
ciqual,12528,nfx_48732B1DSZR72DF189N0ZB134K,d06b2942088b6906158b135014cec19661f11f2e0c43052342b622f78381a11d
ciqual,12705,nfx_6QCX0KZQNTGCCVYM9AY9EZKHJR,674bec193b00fabe37863beac264ca08d348174f78108a681e64ae84e865a0be
ciqual,12716,nfx_4AFB6NSFBT92223W6VBFRNMQM4,ae7246de2b17f8a97d1e11dbeee6eae45679bbb9b39be93229fb4cf6cded8292
ciqual,12720,nfx_2BAXKJHKSBKFDMFH3F2DDNN02H,5e48ba18ed55925f2997d9b21e5cf6e03e557e5a99e8965752c70aec1a914939
ciqual,12721,nfx_5QKKG1XH0KH2RAN3XH02GWPBPY,d981d52ab5b82c39cdafcf909ec5c65c200423470b93ece760e906370189aa41
ciqual,12722,nfx_47ZJ7SHSWTV24FCHSXT960J528,7aa16cce0a6eeda7e42a27451c978bd719c3f8ab598bad95097b7f6da83538b6
ciqual,12724,nfx_1H3R10K0WQVYN3XC3CZXX5TC24,31eb64f9cb6f5bd83d4a30768b2c7082db30823067e3a5b1483f890eec06352b
ciqual,12725,nfx_4TDEB43DCTVGS280SXR3ES982F,078da8b7a1b3122037aa388805a348c0de14db3c29462df49f4d4f02f6e756f5
ciqual,12726,nfx_0AWW0SS40SXP3VCVDMB76N5G07,829ab71caa388a01373f72dd46e70a669fe21d3e698d1985ba50b2bb68677163
ciqual,12729,nfx_2Z6E5N6NKVR6030ZPT5DE3JRAS,66aea00083c6baea3aff1f65661e5841fca67a42119bb045f410b072f2252f3c
ciqual,12735,nfx_6V3MQNHSZSE0NCMM99Q3RXBMNA,99bf9c86cf35763cd0e4f303dfb8509ed1e750a5fa98e569eaa3154d8bc3e2fa
ciqual,12736,nfx_63F4NMQ7YNA1S8H8EZXVQE8GHA,66b8ae9f9a3d348a1f945b7484af68d0ed4c18e44d7b2ac388499ddc518d00da
ciqual,12737,nfx_1S77T70PMMQ3K906S1HDVDM0AV,f0565d8878050ff612e149ff4ba464ab1211258e8bab5ddd27b9cbcc0455aa35
ciqual,12738,nfx_5XX1A1PTXPHQW64Z2KMF2SCZ0T,7e946280c4c805c21afc3581ffccef4b41e24039018b3e5402e209a571c6e38e
ciqual,12740,nfx_299TA8KC9YXH3F61462VQ1XRTH,91e750ebb1c31de744d4d567ae83378847129243d893798767af63d46d08fa22
ciqual,12741,nfx_1R99EF7R7RS3J5BG01R7YGYZET,643dc4ff82c9fa3d595bbd0aa5acfd517ea477264a5955a70e85dee5dd966f16
ciqual,12742,nfx_1Y6VJCA7V1Q7KRP09FNDZ6E8YJ,49680161421462b6a7304bf28c31a7613d6a8f8723841cf1e090f856aab735d1
ciqual,12743,nfx_1BTZGNB8WGFS620P9JZ3G2ME6X,3e108ed0a1c376524c21fb46e22186b3b2d34422eec41487b0a048f5b78280b2
ciqual,12747,nfx_7JXJKQS9YPJTPBV55J0YH902KA,f521790506df4a57ae2b062fcbb5f0c182041d09ce2b1d433ece5b2ca5ea6b16
ciqual,12748,nfx_1SJ6WETPAVX21RQV430033F420,bd611f38b21a5deaf57d005c43f18d233cb913626b4453887110a64ddf37fbb6
ciqual,12749,nfx_6WMEA67WMD4AVFB44VJ35X8TN4,4ca128e3cebba47b71ce15219fe7a006db6865193ac7ec8f4b7dc0cbbae74c51
ciqual,12751,nfx_79W7QJ7MD8JZ95HAGDS924ABM7,9fdf33cb71bba6977fd7ef1d212c1ea72a66c59b878583b3681cee440f677294
ciqual,12752,nfx_79N4S0276EXS1XWCY0K57D3T43,f9537cf73fa9d8f9c0fc675b02a1f587c986644593e90af83fc0676393443a3a
ciqual,12755,nfx_5SB5BAS4VYMT6WKYRGYJWJHF3X,8601c156bf67bc873fd7e48a06a714d6b38233e1083e40dba8487e99a2921d71
ciqual,12758,nfx_48V4MW2Q6M8KCQ1WYWX5WJPEBY,33e1fa567fd78f8c699002ad5f215490434bb3bc8b8bc17f5480ebc2dc3bfc08
ciqual,12760,nfx_2EJQ5WC0QAQVSM1CP131C5BSPM,655b1d5d72faa6254b60908984999f61392c81fe2ff93d6084dd6659cb00e166
ciqual,12761,nfx_39FCDM4QDNDJT73Z2F564R821Z,4819df76833763064e68e3a045314edb3fc688b3348716d700ea9e08a1caca3f
ciqual,12762,nfx_241SDYJHQT5N13CR041810Y836,7af6608e3e6ab45cc93cadbd89706c0eea6dc1520b3e8785964b6e26d473a290
ciqual,12763,nfx_0VMZHGNZC32WTPD6988E4FYRRQ,181f6628f7d0c5ba20b6680b8c9301bab2625211bb1ad35859d1200c62d51508
ciqual,12764,nfx_3ZZ4MV6FXXCH55XZ1K0EYCR684,669e1a67eb89db84d0b79c481f25b932369a619735d2fb9551c04c18576583ea
ciqual,12765,nfx_6KFF70PTJK216RNNSWFB8YQRMB,f8e8aec4e4b9e17329819dc5bff900749958acdd2af3c3418f3cefad3ffc8823
ciqual,12766,nfx_7843KXRHH2Q4VZ66T0A0KJRHZB,f7c2717b0604d2d2960c9f45814407768b34af7235b9beb267c59c27f8c4fc06
ciqual,12767,nfx_4Y5ZY27TDHMWVFS2SEFZKJJAW6,137022d9ba1b714ca04d5bb1159b1ef2a7b8950c96e12d169e11b103d1f2e993
ciqual,12768,nfx_41SX5VV9XBE5X7C10V8XYYTV47,ddd017556f9d25400f25dd9961afc8edf962cb7a7c76527009a9875536d679bc
ciqual,12771,nfx_27YXD5SYMYKJKRG73JTB0N32K5,c4b42d44c14b52b1a5d042fe6b773b21d356bf8c2d3776711855217dfa033bfd
ciqual,12773,nfx_1V15YRV7B9BJYET32646GZ7Q16,15e38a4ddc659d822199cabc43a509734c9728f464b101d2c615f1babab6ec9a
ciqual,12775,nfx_5HYZDT66KV6MNTPQWPDJRPT2P5,970dd9a0598c5564c9fc679477d31c58b9b54755a8d44eff0552ed1ce1d13934
ciqual,12776,nfx_39YTPN5P2TT07Y5KB1E4X26JKD,d86c27f58224d62a46590545155618fd96eeb688c8ebfc6956ef706a334f72c2
ciqual,12803,nfx_3X0EB84007FCB9ZMN0ZH1H9NWH,fd70fa3ed855ec619ad8f1f4c222614e53b97c728a806b6d32fde70cae3aa173
ciqual,12805,nfx_2FY8V9QNY5M3C6THKGYWA5RFQ7,202dd24119a4b089c2cb87e0cb7b8f4290cd4c167842c2aa49e47c1ef0932998
ciqual,12807,nfx_5VJ5HX9SF1DTXND23V7W481WSG,5efc2d0d44ac2cb61db0542f45cb5b985b98d59f0a1f80e7c7006baf89d749a4
ciqual,12810,nfx_5R6AR9CF46HER9S19JN4JEFAXA,c8ad9f0b63c71a4789686a4f1ff47208ff3ac42291eaeb345bd8d699ee65d9ca
ciqual,12812,nfx_0E199ZA45GKVSZEW3PTP6W1S1C,075721bdaaf4e29639702a8b5eb5930db024ea1b94b3464378396ad4bff88a23
ciqual,12813,nfx_1RSS7CW93020SBPS0PJWRR1PD4,cce566788d54e8b9152fb69db1057cd90002c5c3e57d909ee48497da1facd180
ciqual,12814,nfx_24RDT8H0CBQV536GDT1M3X7A1K,99fda3eaec59b68a6640363c8c977d8e3297dc67007e57b219d5d21b66258291
ciqual,12815,nfx_7F6HVF191AWN1JVSJZBNB2RX70,754339b5eee466a25a93a3c732fc05af4a2e2374f3cebfda05c53c423fba5a44
ciqual,12816,nfx_6ET6GY7YWKDMX2ECG80K21VQSV,fa2c816d77de3aefca855a6b67aa147ee1f2adf362b4c65bc0898ea4645b8779
ciqual,12819,nfx_5WPDZTR2YC5ZQC7VCPEP1FWPJ7,a02975755286721c1d0d1c6b91140d37ff29b823b9fa7d826d56f8773d7a9dd2
ciqual,12820,nfx_0MW575HCYG912Q4MJ283G33FG5,7934a0fc31e3902199d604701aa13f1250a31924667b4d494d42741d2cfffde8
ciqual,12824,nfx_6W3K2R96TZH275BVK6Z6NMFV3H,aa6635c9b02966457d04c20694bdd41874da614358a9b29ef35bb5147e1cd9ca
ciqual,12828,nfx_31NKRY73P8MKWBF0C4GV40KHH3,afc3cb129648256cd7b5659cd00c2e893ae2826ae2e3f9f8f5a715fcccc8090a
ciqual,12830,nfx_0M8GH29XFRKVCJATA7CAGEA9BJ,d693a0ce476f6c80dc610fde2edffc4ac0b37b3c97c3038b447532e807a7e624
ciqual,12831,nfx_67KFE4QX02S6YGZZCSQ4BFQ673,f3ff9ec2809e9a9d2ffec8b12e2f50acf2fc8241d0ade14ba930045d5c8d6d69
ciqual,12832,nfx_3FFMCPRKKM2Q96AGR2SZ0D2MRR,c52457f5887d5ecee0abfe3dcf980230b235c2b4149a92e472d65c4a80013f48
ciqual,12833,nfx_4H1N0XC20VQK1VQZGP9CSYGVFP,60a8e974b9777d14ccc2ca15b86fe44b478feb1db06c8cf5eb52f66adaeac8fd
ciqual,12834,nfx_1C2VC0Y8S20TQ0XPWN51G8E3JK,67f0da184425379e5882813b99bccab50e41ce4edff88d9d00d9e3b8fc4aace3
ciqual,12836,nfx_4VCPT8VMNACY5FGA0CFA26XMEA,5e59c10fee1ab18d05abfaee16023914c6ce096ac8336aed55faf912e27de9ae
ciqual,12839,nfx_1Q6GBRHCHSSPSH0WWG5P54EM7J,85087ac1d19f70f47dda6e9adf54af1700cbc3e73f143662eeffe1c9aa2d2b3b
ciqual,12842,nfx_1JHTD24Q6PSKJJ69XDC5K8TRV0,2a734dc8a7c44496eeb4f2aadfb189dd78db14f7ea6496fb9f79d9f7f949226b
ciqual,12845,nfx_0VQV78SH370VJP3MQNPH8B8QSZ,7d40c971157f786c2440d0ce2c02aa97dcb610536461a390ef72b6ed4476ae86
ciqual,12846,nfx_4Z71DKCSKH4E3S3960QWYVC115,8ccca2743060a664459dc0136387849eadddcecb4224cfaa9a7c9dba28cced9c
ciqual,12847,nfx_66681JSDESWRRNWAD737MG7P87,bdcf83fbdff6b21028ba8c4525766dc6216b5657badbe6d99dd13f35bb18a097
ciqual,12848,nfx_4B80NGKWR9KZWFMZVCZ8WRMVAW,2dcaec4fbe43f6b97a02402e3ecae9d1dc23968daa1f847c792ca17b21dc167e
ciqual,12850,nfx_3AZ4ARRXSQDHPF8EJ01F8QRNB7,823edaa201fa872b1a55c7a4003d825f4489a18619848c4bba8c941cc331058c
ciqual,12999,nfx_5YWVTF384M5FE17XTE5W18YVN8,a10cc81670dbf46000c5fbd402ca5faaedf3b60b644ad55978cddf7a01104e9f
ciqual,13000,nfx_4MK5SCSDWAVMMPJZSNHQMGSW5S,41eafcbd2fcd658b8fd2baa0125e616f219afad6ae40c95b086d8acb79554ae1
ciqual,13001,nfx_6JS3JYJ1WWFK4Z4JWKGJYK43ZV,b7672d1b55dfc0dca4c434e7a28ee9fe4f17d942cabcf837e52dc00d7c72f2f4
ciqual,13002,nfx_5WAXNCVY3238REJ2NWP012390F,a994b056bcd1a3441648d7851022f8fc69d57ab5a1e6ea6b90ef2738a1f045ec
ciqual,13004,nfx_7WPYX5GM8J5A1ST5HNP12B9VJW,5c33df6bfbfb409b0988ef124b0cba8b6cf5f9d269f97597cd02d1bfad963294
ciqual,13005,nfx_3PY6NJWG6B27E20256WPS8G1X8,c4d91ff9f6ed9564796f749ae4fc1aa3897aeae4f48284d3e3e6f7d53a0f3ecc
ciqual,13007,nfx_606YAJQM51YZJF6FZ87NEWEMJ8,77dbf8d02cc8a940f677716d86a6215969d28ac32831fca9fecba38cb91cc912
ciqual,13008,nfx_2QFX37AP22GS43RZXM1X7K007G,303b3f5b6b529cca6f0587a84d953a48b088c914ebd875e29830275b086a19fd
ciqual,13009,nfx_4SJFG8GE56R205SK06CEC160ES,f722c85bf5c5c116f06c359989b42744901c287ea946f70a5d5e13abf0d8b038
ciqual,13010,nfx_1CQ8C4J04913C1MP2E3CNY9ZJS,119789852b0f8cfe689f4430d2820ce384eaa5d963392ca323d40bb32caa2c20
ciqual,13011,nfx_6XMNZQ689QY9CHQSZ5NXXM6H72,de1ddb7839b592c2fbf99a214cf2b4bd52181f1fbf7ef1f1c38b019f7ca3ebc6
ciqual,13012,nfx_14PVVQV0G1A2VVHQVWD1TTBT1T,cd7cb70772949708bf01cff1d302a1300a4c51d3104625408425c8fb32144ab1
ciqual,13013,nfx_3X0V0HX8NCY2BN1HW920ADJQTN,d1c4f187511699603eae531085349950afa135f440e2920728530c81f8246e80
ciqual,13014,nfx_5WXC30A7DTYWAA039SJ9MQMTKT,36e3da3454cd37fe7bbd43c6f787067084da01f9c22d78994d8cddddadb890fa
ciqual,13015,nfx_2J4H9J2F73WEB3P5337ZYKF8BE,a04b2ebda9f48cd13cc8681fc43e7d7709e21701752386d04308374c5fd3aaaf
ciqual,13016,nfx_1Q2N57GQA70P5QASDG81HG7A09,81dde15c1531090579eade635a285f290c29e3b58426c5c042df27468eb9ee45
ciqual,13018,nfx_0EEZN2SV9D5AN5HH1QWM6J3DEF,97179ce001e67eecc7f844602b71cda707b1f54cddfb468d7d89af837cf5384f
ciqual,13019,nfx_5W5GY14J6QB8ZWTEWCKWCFWE4M,9ed97efaeefbd5edfbe8151d2e7e6f7d90374be3294032ad5931677e89c381c9
ciqual,13020,nfx_7J2K6QG4K27YEBZVTCJ1VC88ZP,042a11ae11253c883e6bbf7b074a8c8408b47ca1ac9de44c488498cbc4433aae
ciqual,13021,nfx_1MVVNS9VP0613TX25C3RQ0FDE1,fc999fda7f077fa58c9579b2f66f8b4cde52fffe3d49a465ff8bd44f0440e330
ciqual,13023,nfx_74ZK1WQJ7VGD7NCTNHPEVRJX8R,aa75aa324a9e56c2ab5f8cb670f1e9ede155b32a7cfd26375ee8041badde455a
ciqual,13024,nfx_7KCMXW2MXCAK59WVN3V84BNFQ3,e60b537026e5b751f71fb0b213089e02d6b86b4accc168b4ba52cd9c39bb070d
ciqual,13025,nfx_321EYC6GTZ41B9162N2TKRAWGW,9c9b7668ffb92101ad5deb4d39441bddbc2f0d1b506da6ed1b02650d834b4ef9
ciqual,13026,nfx_6BTQ6E29BSTCYAPQVX5059T4WH,1d6f46bd4eb3694392b3f830b54230d73bfa6bb500e61186725cda375a48c9f6
ciqual,13027,nfx_6C0GGHBCHT40FAZF7M6FN2NSQP,88db952a018b0d42e7d81bfa452e66c907d1002675f2c4d932fee6438cda307e
ciqual,13028,nfx_1YNEVYYRJNP2APS0WPAKA9ZYJT,1b7d5137c75aab4a44f0d3558ffbdcccb5e7efe10077fedf01ca38683613b506
ciqual,13029,nfx_47004WRM38DWWPSX7JA3FCKAPG,bf06b6934d5b62b2bcbef52b7bef697651396c94f7de4598e228cb3e1b6525f4
ciqual,13032,nfx_32K0X6B0T0WWRTQ0PHB7ME5J1T,0521aeac33527c67450fc2abfdfb485ccfdc5d38a55a206d147527e475d0c326
ciqual,13033,nfx_2CABGNE9H5CG3Z566QW8RXRVB8,1df2973d11654fd0ede913d2a57d091c17fdc5d90962aa64f484651a5272a9ab
ciqual,13034,nfx_57F6668BE5P9C73WWMDXM597H2,9daa89d7e1a21cb4c726f19c1a481425e4424cac3138a05e125c233bee0fc301
ciqual,13035,nfx_3V7416V94EJ0QRTXAMXD6AFZFZ,cb5762491e1c9519b0c6e1e92a79ba2758786577b8b6b6cdc755c6dd97391c32
ciqual,13036,nfx_0429QKY9VXGEZGQPWEXV79SWG0,53766609836feeb993230cd7ceeb6f69c4bd9715a19ffc4b0a06e615e862a566
ciqual,13037,nfx_6FA5K6SRTK0ANEDRB0M4HZW55Q,b02a10926a794046d14180e25874c04297bff451f27277344f5dfd7ef3200902
ciqual,13038,nfx_0GY73P9SSMWGA156M9QW6K00E1,fa0398f80e9088a7702ae1e5e1398c924db9030a6a15d7a51981bf69e70f5772
ciqual,13039,nfx_3MZ09M6QQMK4YY599873VNGR8B,08e6e5c8af5684d95cb545570526f7d13cb9cee6e9869f3dd56a920d48bbd500
ciqual,13040,nfx_72H9MHXWHD3JPKDG4SXV2QY3V6,53bcfb60674a47f974406245f2943f91c40087206263de601930b53be42bfb48
ciqual,13041,nfx_29P6MQKNQP6JTWRV2GX8HQEYMZ,5cf875aa3e186b75820e0d7e7d606f2221317ed7acefbb98a324f281280383e0
ciqual,13042,nfx_7TD6NYFTD9QE5QS4N49FZ27CV6,d8237cb1b1569714a25f36ee3f03f8738e8cba77f6fdb56fcc0598ec977d60be
ciqual,13043,nfx_5Y72WG4HCFYQQH67NMFF0RF736,92495b68afe645ee9bd09dcce3e87262224d4a24e3a035f609d630ea179f3472
ciqual,13044,nfx_4QG53SV17SFXDM3N11XDBW4ZTS,abe6ac6a2155c5ae1dfb5627b011bea96c82490ac86c298d4893b35a3d0ede70
ciqual,13045,nfx_1EA6F7R8QH1CGP5YZXEPYDK5MN,9664237866abeb1ef848e524b16b5e40d9c964f4928e78f7f23623270e24126b
ciqual,13046,nfx_6FJZPAPCBFRXZG1AEN9ZN3MN6M,62013835e94dd85ab4b5a2a19627ecf98ec1c20db2aacbfe68e821005d5e0806
ciqual,13047,nfx_5PBEM54KNRMSDFKZT4EP9N32BS,3c6a13d549aa4467528756aea02e1fe8e4bc551e314bbb0b18f006ccd7c9e319
ciqual,13051,nfx_76V7V2BAQKFPB2P9BCK86HB8B0,7c520c9dc69c826af34ff185447701e7cff5e2f7cda5488bb07092caa2aa1023
ciqual,13054,nfx_53ZTHW2W5JGXJFRSQKXSHH52DV,8533cd3feb0a99a7a5452094ffc270fa2601d246d47d31de7481f25d92435f8a
ciqual,13055,nfx_6Z2K5YVFKT4460EFSWSH0NCVDT,eebfa0bbe2f4f8d1b9b4c91352c02772f244dc8073484d5eb1ed82811e3a072a
ciqual,13056,nfx_7ZNHH3DTE548QMABAVY3CV5APW,6053a77e9e4a423810c30f4897226261e4d1c6f4dde0a6499ee3e36727f73050
ciqual,13061,nfx_6X4W6C5C3E8CY1CZSMGMM60KTK,df153c86f1f40c510134848342d9d9acb651adcc3b930aab6324b010614d7c48
ciqual,13063,nfx_51KAZ23X5BBVQDDPR2KMBGYZ40,6b31f399133cb10d6086e7896dfe2a61e807546ff8029a7c5aa7410cbb337038
ciqual,13066,nfx_5Y739TW2073PQGY7CW069B8RY1,35781455c89836b3579969284faaeeb9912389d4117ced17ea6063e2e2ca7b56
ciqual,13067,nfx_3EEXS23DF9CVH1F08HBNJ0NMY5,0d28b85a7054eb83cdacce4bf26d53e8343edcf0a3f79f00d51bdbb793c3f35c
ciqual,13071,nfx_441DD6D6PPN86QTD2VJGNKR09V,be9467d6d83e11d634f27646ecd5c409b05734874b09c97650d42b7da5d0fb29
ciqual,13077,nfx_33YY50VRGJE89QP2TSYQZKV7ES,f16bc95ca6be1d3282aeb5ba28c59c0dd36c4677eb321bd435d264c62ab6cea4
ciqual,13080,nfx_5AQFGGG93XK2964R4EBXC4T5AH,f32628e17689b943f95d98b9f2d5b1830ae2bbf7a88ce0274345c670a235ec5e
ciqual,13083,nfx_7XJF2HAFW8CJZZ2AF9ER7KW8F8,7d3f6479c11efbab4678d27b4a7bc00cb8fd0c63f24d7186eb9f9f4e28bd3a5a
ciqual,13085,nfx_62JSV8W2T24DRMC9ZFRNJRT7XJ,02970baa5a42dbfa3b411948ce878403fc45321de0606cd2434ffae2c7794896
ciqual,13086,nfx_61EN1FGH06VF2CFWBM560VQ7SB,e5b80778239b587a4e2d945d804a21b208ac3a95b44a51cb678b3be0ba168df2
ciqual,13089,nfx_1PNKG5HNDFRERD0SQXPVB3QB85,d6410732081b6f35b61f606b9fc46f6d0010c2432a89db04c5f1dbded248e5ad
ciqual,13100,nfx_7Q909HD8BXVSSXDVB1WWJN7T72,ae00f731b7742c71057855399e64febfa8aca16dcce64cac6c805e20e0d69d8e
ciqual,13101,nfx_5FFF3G4BSFPG992JSXMN40DQ24,5ab39059dabced656d793d1bbee9de9b1ace29fbe6373f08d3e0cefd24cfb193
ciqual,13110,nfx_2NC8HA45Y07GF2EDA08RAAPF6A,96cee9da96eae5836af753ab0e704f03bdaec06626d6bd7a7060051a258c78c3
ciqual,13111,nfx_7B57SJQAH48KW7414QQ896SWNB,45b69c61aa60eda6cf199e313bc1813711d158cf203f8bc5f7605f6071e2e96c
ciqual,13113,nfx_5JZ81JSPD2B2EJ9A1HAMKPN6N3,9e8c8c000f4795e299a20f0521f7e0f97e33e88a3123fa8b267c435cd6f28690
ciqual,13118,nfx_19R2TXNTA7KGZSMRHZGG58HTVP,5878e9b5cb1f32bb21cc5bc5a49c546f79a5138fc0fc7f23db798c2d2c3c0b86
ciqual,13119,nfx_7144N4220F01BV7QZY0MEA46MQ,624410600dfabf2f017655f3665962c8e778c75398dc4cfb1e4b235677f781ef
ciqual,13121,nfx_25YR9TB6FSSFYW6FXGY90BM25C,391a68db914d8eb0759f99f662d787551b86a8469f624f518055bc0f64814cc2
ciqual,13122,nfx_7Y8V5P6MKT2T15D2N12X12X01R,b2938095721ab83e70b2af733eb8cede42d9019850e8d85129c194b0d1125705
ciqual,13125,nfx_6RPD8VMFKCQD160YZ31R0GXEA2,2bfbe1bb09823feec70eecd42d6c8f8155bee7ec627fc51a708140bd6d35355c
ciqual,13126,nfx_240866K5PJX4E2AV1FQDCFJ913,e2e465f89f4643ad9892734826f75d5eaa3e89fa2746d41b72b42a91675858c8
ciqual,13128,nfx_31YJGRQ60J4PTW4HS0R18BVG0A,d4a58f216b44f2c7219efc2d095b9676f07d311fe4eb7b677ba88e2a0d7e64b1
ciqual,13129,nfx_4062EDCHVBP5HK6RAY9K2G86EE,6fe6873910fd019f9edb07a397a8a40470ebd067c458ab1357fc7f2f097f7d83
ciqual,13131,nfx_6H0CVNCPJ80JB28R1M6WF6Z120,8968ee31b336ad886a855e5beef4a5ea7889839a19756deed3834253375ab730
ciqual,13132,nfx_7G4A07GM3CM27NT08FNCZB02GP,ccb04358a070b5c3e822c28ab2c676cf3d02d9bede273a3bb030de3c299086c8
ciqual,13134,nfx_2W9ZN535GADB6AQ6M1P4ZAEZF0,92770ddd0438bdcd62004e9c1d6b0c9e62f53b011941a2f0844863f519fed073
ciqual,13136,nfx_0WSCC1GS540FWJRYBYDA5R0N13,a050c47b41ba9f5779aae4be15b73696809853654860b27ada64ecdd963a288a
ciqual,13147,nfx_6PK5PNJA7GZ5S8ABGKW68YPMT7,e92329ab211bed2e9f00ba8bf4a99de6adc349dcce17cbbd1ba293a592150e02
ciqual,13148,nfx_2TFMSQY9RTAAYMBJHGGQ3A9Y4B,82d9b61553fe046734562d2c4dd9fe027c67bd3cec29f8bf9f84af4afa51a1eb
ciqual,13149,nfx_7WSFA1JMJ3X606X3SXZK6A5HGC,9e53af34b49d4d07d34338a32c5d511726a33686ef9a7485710dec1db2263c7b
ciqual,13150,nfx_3ES34KEEPEFQW7PPNK009AEGR4,e3f6d8aee28b2a12fa26bb4473b11c4536a6d4acc197f56153b873861df84258
ciqual,13151,nfx_1YYHJBB7BMHY9A8BBTX7J9GTW9,3edc71f9d6239da029dcd76a1e34ff8bf675c0f05e0517792712c3eb380527d1
ciqual,13152,nfx_04FFX5R543JZJXP8T964G1TZAG,84d3b6ed5624b35e89365b85caf99b000e48dfd32559b8c711db048d8ee2e8e6
ciqual,13153,nfx_6W4YZ557QXQZKXTBE754RHEB7F,624c4042fd7f99ae2e91d420792c938f83f27af3960cf9929e446c58c7296b8a
ciqual,13154,nfx_5R12ABDWJD5CRR0K7ZPQY7744F,7e5c51b1725bbec8d8db5a21ede15f98a5812ea2b2320e0fbebec080d6064f98
ciqual,13157,nfx_2KDWKZDWN9NDXTK7TYNC3SFF3Y,5e7d5fd949ce811a846d486d9f90e75b1d7e99a24426cc6374957d1ab68fd13b
ciqual,13158,nfx_23D1460PFTH03BCFMTCTFD9H3D,d8a8573d973a541e9d1f00207d930b9a51caccb50887cd5d55f25b4c6d98d316
ciqual,13159,nfx_2HS9N9DNRX7DE7Z13XRCVN6EP3,c2c3f8f60cb15ac8a6f6c6dfff165a71a876d71f03e03b6d7e4b7aedfc5bff22
ciqual,13160,nfx_7CZMW0S5JQTD68QNZQBQYA7BH0,515e1135ea31d0bb95b7fc54652780e0295a7cd7f07614d65e59ef008b9cafcf
ciqual,13161,nfx_7EVT4Y36CYAQHHY0AV6BJ3GX2W,f065e810604b48ab43f0cd9b054c377596b025cfeed5423484d98d512d0e11e6
ciqual,13162,nfx_2E562PMHKS5VXY9T9VC7ZNGP0S,c18d96b0a254672c6bd52ed7ef079c500ce34f4aef60ae552c04afdf12afef96
ciqual,13163,nfx_6S1D5WWEC5R993NEAN2ACZAD10,13b590b3a30773736aa82879f49c49c5601e8eb1b885e502f1566fd3825a5c63
ciqual,13164,nfx_2N4E0JZGHT0X0KW5BBD5H01VC6,aeedb5b22f01168476cdc73fb415c793448f7d9e6bcc284dd4203bae57904958
ciqual,13165,nfx_5AVYJVRTWZK31323Y3EN3P3MB6,eee3e3dc8ee4b685cfbf2feebea8f5cf405fc3becf0ba022c235722bc79f60ae
ciqual,13166,nfx_0NK2MFDGEJW0H4SE6AB8YS7KC0,d4a76c93b8c02175bc8c5e97e3168306b751dd7e939de264477e123b7171206a
ciqual,13167,nfx_59264987MH0XF6ACE3J6QCK0A3,1062863c8a539db953df173f66af4bea33e0732c5c74523e6fa1835cf2aa072b
ciqual,13168,nfx_44Q98GN40FDABNRYMS089XVNV9,2ca7daf884f8ee620cc93575f913f27c4d7ecfcce56edeec5fcd974ffafcbf60
ciqual,13169,nfx_1Y83AXGBY73V09W6JENMS8Z7XR,b4bd3d334ea085a53c022dcc6aa25ec0032d5d1d54fa7c542cf4f3bbbfa4c344
ciqual,13170,nfx_5ES44RSJ9BP0E7GJCJ0A42NVBZ,f2fb168d4ff459547082c1cf93e7b90dc582dc982df545fb69aee7aff799739e
ciqual,13171,nfx_4CJG7CMDFASV3GHTT9CQM656JC,82e040cc06bd36afc8b3882a67ec186aaabec5694ed0a2f066434ad7d4fa0460
ciqual,13172,nfx_4CZD7HAMGWQEBVMXWRVAQGPEFW,35872f431259dd56d90fd1f474f334c0b2de5a99245b2873a781f6b8144cea99
ciqual,13173,nfx_0BEBF8S03A71X9TPW5412YA83P,40c72d67413a69352654422760553593a1f05b697efce4ca8d074fc47c03ee2e
ciqual,13174,nfx_3FRT1EERESYXCN7QYWSEY9S3S4,88519e568bd1b814e1d5133e0adcde28bd29f746329aeb713355b00fe169a758
ciqual,13175,nfx_2NJECENXGNWF6DVWY8A5TJ6FSV,6f0081b76684a9988a515ade49df8d6cba5b14c0c9898b459b797590af9c4187
ciqual,13176,nfx_1JWBNQP4H06J4PHGQ9Q9B3YQJR,3cc39618499262edba10c2ab40225b3fab10d287556e45c186787c50cbfee683
ciqual,13177,nfx_5R3J015SHBM76T7K7GX9MWBHKT,b0e8d00cbfd7eae29ac78ced4751aaba017d59667d56097a151e9b6f9866b13a
ciqual,13178,nfx_0TFMA3C5ZN46RC5DXYV9KG0K3Y,9ff6ffdbada7a7f693a553f2caa89f3c1989ed2e349649036059a323abe58ab8
ciqual,13179,nfx_2NK1651YJ2HMR7XGWGW6YFP161,b275e7743f469436bd516d21a917e3eb47d0c3e62796444a91980c0e8fcabd6c
ciqual,13180,nfx_1RDBWJ94BGRKR13PR139CSEBHX,346e707ebb7821fa48e45381b48bd38708aa34f3e1e47c9d7b37a1d5ced56c82
ciqual,13182,nfx_38GJ4WHJVVQAHD2R4VMMEPAXEB,e0b1ad9fb6a58c0ecc4720dfe66ac288736bd9938ef0c95e3aed584a353cc546
ciqual,13183,nfx_60RYDXCDNC8JWD47QY1DFXY9NY,b4d91dcb24f37aa5efd1f9e142d48b44520969b8e78dc730891c3528fc8a228c
ciqual,13184,nfx_7TN2JCS0V6H9HRX46QP57GVMMR,40f196849ec65bae75477cf8d2379e5c5f47a44afd98c46c68d7ee7de49ca267
ciqual,13185,nfx_04H8BYYSPYHMVVWAT3HP9G2RA7,fd994d394afbbbeae5ee71b0d8753007eed6df43a5c0827350661fd3ba27c063
ciqual,13186,nfx_58RD9XNAFKQJKY4GD8RKYTZKAG,614ee51c18f31d09b75103547ed77264a5e7d33184652ec37c61c9f9d933d996
ciqual,13187,nfx_4AXBSPTK0M84S4PNNBWH435Z4G,64be2d3d6644a89505cc879c3e32c3e109484946aa86e90462f7a68bec8aab20
ciqual,13188,nfx_022HXHY7RH9DWB17EXA1QF2KTP,5c1a1586a8ca60620f5e3dc19a841d49d7fa4b6e30a5f6fafd9127b79871d7fa
ciqual,13189,nfx_5NM8VKM1KHPG4CSB0QDB3WHWHS,db958dda786a1c5ad0754c42e31064833a144cc1e7d726b7ec3176aa4c333a96
ciqual,13190,nfx_0S9R4Z1PKM5QSVWDJC0HAE1SC2,2d3fb3cf06327febf084d3a5572f433c0124e0ea3340df50ddea082def137d1a
ciqual,13191,nfx_633XEHR0S7DBB9NSAVHWNMGMWP,499e993b63f2a03bbd377890b15f0d961ea443868a0010c82bf741ebee4d310a
ciqual,13192,nfx_36CQB9SACN2JAEMC22C93TE9WF,f8c3280c44f1cd727ed03c43cd0757c4124be197ad77f4016a3d6e90c59e918b
ciqual,13193,nfx_12RMF4HZDDEEKVGWPSWHE3MZW2,d4135becf67060be8a4ae4a015bb68180387bee009095c36ef57d266a77877a4
ciqual,13194,nfx_5656ZQ9SF80W8BCTW4F89M23N2,0d25100c0d6acc910f87389d311bc3af14861fa00b6ca58a9fdc536537186308
ciqual,13195,nfx_7F1XP4T0GXB5QXB35MFCENVEJM,501505d30d2833af6df13d5231e3805922d1c2c45b6e067df2a0d0476310770e
ciqual,13199,nfx_1MNA83DFWRM13FV4TZFEANQ7ZS,ad0898311008fa9949416b618bb64dd8953236ae5184a17cfec48b8332433402
ciqual,13200,nfx_2DFKV6A0HSJKJA9P56Z3G598QA,fd32fa3f39f957cefa6c31bf54a055b228a57488bd5fd24ca667d7cdb6b2bfb8
ciqual,13201,nfx_5GVPXFQ424SB1D8WVB0N7TC25M,1eca743504f0ed330a0b45cd18380f3b86795afb440ed1104f2dba4b9dfc45c7
ciqual,13202,nfx_28S484C8SKQXJFCV439NVQA2ZE,11f174a35fea0452d504e87d745ffc7222f2a2231e5622e60dbd61c8e6562216
ciqual,13203,nfx_6RFRJVRXS63ADYXT5PEFJADNKQ,83829f21d9fd48129264a6b153d73f2456c58d9133ab869ec7991f1ab6525ca5
ciqual,13204,nfx_69M9TBGX46VJCPE5VZD3PJ4FXC,6630ec6117e962192376938f0c3abe32ff1c9942d6adf68f4fae685667a28d8d
ciqual,13205,nfx_4XXA77Q2SM3S7JA07DRK7CEQHE,6a55e256a9790e0f8d434bf4d934c5e44de263f36976ba7b2d5f012647b99a66
ciqual,13206,nfx_1GG5KZVKXWDDCKAF55RJXRW09E,07a170d6d2c44e60a903d38e82f776d5c807872ec7b6e5eb493b4d9386ee3a9e
ciqual,13207,nfx_1XRJD1KSGBCMA7DWK861ZJ73KR,4c7f2cff32f77eb5b562648f8e836f98ab8cd1e90577c7960f3341e321de0e25
ciqual,13208,nfx_3MQJQWBBYNTP3S68A4YYP33ZRF,7bca56215c0f5903ce178549314aaddec0caf4ad4a51f2fc1e53a1c430cd8274
ciqual,13209,nfx_72MJ7SERS68GNM8NJNCTWYE7C5,df1066a18c282d420417b1ac3730829ba4215c01d87bdec2cf579bd90008925e
ciqual,13210,nfx_4C0BM3VNAJC28RB2AZ2GJJHWMT,424c47c2eb67ec6d112e9157572fb099ca0cba54be9da28686d187950d10803b
ciqual,13211,nfx_6167MTCFS5SCFPAXE6BZ9CWQ2B,0feb69f926947e08271cb3275d19b2fc22d81299eeda0e2fac7ea3f32ab06beb
ciqual,13212,nfx_2B0WWA68A2Y3X1JXSKM8YGWW1H,5872845d4f2d98d283b370180f08d4999ce242172b2d74ecc172597887d874ed
ciqual,13213,nfx_6JT9WYKFWXM4N668P644X9G876,1f65dbe99495fc764c1abdb3ba3bd12de5ffab53ac170eb9d35415d3c9f84aea
ciqual,13214,nfx_39MGD1WJ9BNMDNNJN44ZCQ2XP5,0cab95086cf69b96c4fe96a51457c4f6f6c3c9085e489ff0fa66462fc984f99c
ciqual,13215,nfx_6GQHGW1ZTGJZ74FMH286Z43HAP,d5cd9deaea0985b1a81f2bd19819ba581573ee5b888642a5fe00ba8b32077942
ciqual,13395,nfx_41H14CHPFGXD3QRKFXMKV759NT,90c09c7c6602b5acc6f7d76d93d19fbe0d24ca317a50d0a76586bc1d3cd37b99
ciqual,13396,nfx_73PJS0WM9CGBTR1GQ2K7YPVBSK,61bdaa63cbff04cf8614b7f13ee9675dd341b21b411d6f39babb79d5db7ea7bc
ciqual,13397,nfx_4R3J9BCJTEX0RYT0RNNMCPGZRP,2b2a11e2c567a469f5ff05e898cb44fe0654306ec7e255e2648347ec4a2e5db5
ciqual,13398,nfx_03DXQKY76HH2EYDXMFR4NZNA10,4b607b2b030f129be8b7b4670205a784ae0427c7a404cbf9e1bb1dcf8a3ec2db
ciqual,13399,nfx_08Y1Z7BWZ1XHYTDTSW6S7Y1QW6,107c452edddd251329ca654d5b0cc4aef9151053eb7231cd577503dcbf21b4cb
ciqual,13400,nfx_2CQ9GK1YSCKAFXQKA8QBE20DWN,7c5b7277e319a0922ff70721537d92f67cbfbdfb90dbcb8ded01fc0b9ac07711
ciqual,13401,nfx_7SSMB8XXKKC8T13MTTYZEYKJDQ,1b975639030f54eb858e11346d8139141f769ac00db23d181aa55f61fd5b15d4
ciqual,13402,nfx_7YJ5P7WX2D7NSRBF345M1EHD5Z,0f8083497955e96838a73f0b87587097c7fe56357e8cf1bb2003452a4f199352
ciqual,13403,nfx_0WEC24MF3KS0VVWCHDE64RF0VS,9d845d795e2f884cff4356b368a9b6ac68cfb15eb7f8292ce7ecec2bc056cd2f
ciqual,13404,nfx_6ZF64JPCC730K2172BSBCW8RGP,718f0a9dfe12cfc69bdd7e6ea121ddb2b21ea18dbe1643fb771528ea6601605e
ciqual,13405,nfx_5KVB2Z1HXJSPGC37YBCWR96HSR,0f3d33f2b94328f5f95cea20451967846bb9ab7f999a54169fb9bcae80929605
ciqual,13406,nfx_6639F5D9A619R5HR436STJF3S3,a28a8e94255ecbe16466417950817d34004940ee6f20d82bbd93f407648af866
ciqual,13407,nfx_3945803FHC3WKT6JSBKH60XJRE,9483a4f7b997f7b274fce26f454fe264df8e16c0b243e840e6a6b4c94724002c
ciqual,13408,nfx_1HVAJ3RNZBW5GKBA1RGK85NW4K,0f1d659d053b6356c4f3161e1b50f9584eec13d61afea7f5f87360c3aa1abe6a
ciqual,13409,nfx_3HKSN42HHZNSJRPTNE0M2D6SB2,cd92f175866dc977b819a31d85637af89de4807d4ac2c605029d7df4441bb8f0
ciqual,13410,nfx_1Y30RJENPEXBSE5FWV82BA4Z6T,da8e94dcced3db85f10dab21a8eead1d5bbdf0e0a114c4e1e86f9c0d74bb43d2
ciqual,13411,nfx_53K2FBCW3KTCXMQS3BZM4KK5PN,29a8fe7ff6cec9e7ab9f8a0a92bd7d75fda82d0f527121b2f2ad7d2b7e381817
ciqual,13412,nfx_7YVTHKJTNFSFH85RB11BQ88QYR,1f934799df60d228031fe560f69f2725c9e05ad20298da16f95927cdab63ef70
ciqual,13413,nfx_3Z9VDT72QXDCTDC3AEZ1SCEK5H,2b7b9836882c82b967ba835540ca294c59f04e89e088895001b6fc3ad8af82eb
ciqual,13414,nfx_402TSR7GDTGXZ65941CMTREKSD,208b9dd23a7552ab77251551a6a7b43c3d51ab807daa1d19e914bb002e353f0c
ciqual,13415,nfx_1WEY8AP4ESX2Q62XBNZXX6JWFB,8092bf4e1c4f1d2bff9c859ccd63e7d46026353acbab5839ae3173de42735bc1
ciqual,13416,nfx_6HWHGEMFY5XAVMCRY2AM4BYRY2,bb37dc41a76c2eae8c8de1d8eb3a007466dacba62a706a1e935021a93b5f83c1
ciqual,13417,nfx_5FNX190RFMZTW07BD3YZT1PRTA,2d541658e40405c913bba991cc822a09118413d15d56f71345e80f1f0d636de6
ciqual,13418,nfx_7WTXE1MM2SRHVAW2D0F7PGK2TH,bdb1d396f1205e2b7fed86dbc0d58e14f1df33e16ad810327759867679189211
ciqual,13419,nfx_79BAWDXE7R0M92QE7M6MKGR7YJ,5f5c03c31dfca28c9b287f23ab47013300a20bf795e149465f86d93246a8e4c6
ciqual,13420,nfx_0VY1BK1ACCJ5APJ7HS7BVY7F2R,557104984b31a447e346771e864f6075afe2c6330860dc5a0c15070f0711742c
ciqual,13421,nfx_7JWP3GC39B5PP4AEPD1RYR7H7Q,63c343bf3d40cddb3f9742a29b558d8a0b36996aa61f4c7f59d29f3192766aca
ciqual,13422,nfx_4JSADWBDVDJWZJE6MNT7HSK6D0,dffa05848b6bfe1522e7cc01079608beb2fa09bba74416ad2e0228097f619a5a
ciqual,13423,nfx_2A0X6QCD9QCS2GWX112KCPTDWH,aee46534b1c0f4451b28a1454b29ee476e5115473f243d1f4aa6355a855dcd5b
ciqual,13424,nfx_5FX9DVB2862FGGYH727GVYXJPR,75226220c3e3a3d9a1c3e53d54e06744ce89da587395d506e948c6ef4380d1cf
ciqual,13425,nfx_3ZY5C5YZC4YCCVRY6FT6C80JY0,9a1db1dc45d25b8d58ba7e1232af8281c783e0213906a2c2ce53d072dca7bd9c
ciqual,13426,nfx_1FBRE9PK8751D810FX7Q0KNDNB,59718b07512bfa16af68cfb1072708f6f85e4199091977cd89e6a301f1658b20
ciqual,13427,nfx_358PBJ32G93SAMKPF696B6GWG3,af9165d35edab257ce54b0019a07ffac81652a4567cc2f3479556ce96c21f0b3
ciqual,13428,nfx_66EJGHYJAVTHWTQWC5N3EAYC38,0a5fcfc11537269602c87afaedbca0112f15693c58b20316485435e62b07bb4a
ciqual,13429,nfx_3DT9D4JQYPFNA2EPEV4K8699TJ,54c0d67b358f8c145079ee76dd7864cd6673e89527b2751e4f8f668e42d5c752
ciqual,13430,nfx_2A182BPP8KVQMPJ629GN38ED8Y,9fd05e7b8af6e4e17f7fe3f286a705704db8b03d120034409fb70e70c9a138db
ciqual,13431,nfx_506QPMMTQ928RXJP9TFFDFJ0ZR,3a2a57fbfd3ff150418b4d8046dc02c28ff2cd544ca24d2109810a5dc59fe91c
ciqual,13432,nfx_7P583FG0BWNVQVW87P9HAENZGX,993478ac5cb72e5146a96b429a7ea265c159e3c42e4232de3a734bb8564ebf28
ciqual,13433,nfx_1DKRQSS00DHDWA84HCMN1YEFZ2,e5b97e34e156e36ae0a0f790f93cdaed5a83f8894bc8ece03681537eb45844b0
ciqual,13434,nfx_3RABCVPKVWJZT2PSNHFZ639S7G,ff7e8059f83d5acadc71427bb35d077f9b71e3a46914a77b972f0b84cd41bc89
ciqual,13435,nfx_6SBP5G9DZ0XVMQVFMHJHDBT4W6,0716ecdca57f6e96837033cd956aca2f217d3c37c0cf73f5b187c8184cacf4b7
ciqual,13436,nfx_6WZKM7CG4X7KCQ8EY2REGZWF1M,4d34cc17af5474dd127ba5ec033b84bc35a08e8f1564fbbed419ebad16ca4587
ciqual,13437,nfx_4V0WSFRTKX1S2MXBTZ57KQTGM3,7a0f620c40b4efb3290817173d46b56560945b8be0e763a491b034cfd0c74d1e
ciqual,13438,nfx_2QS99XKXND6X0VSJD5KZ72T58S,2ab35381d89100328d26060396d6aaeb68a01bd861e5fc84a6956d7d0d3fa0e3
ciqual,13439,nfx_5BEM8SZCW1CH6ES51RZ90EE8PS,24f81dde63b8fb82b98f9fbe38a65c1c54c1033fd0f8f02b50d79c6da02e1218
ciqual,13440,nfx_6DB920QEHKJ49FJZNJCQQ85D4R,98cf020eb1218009ea6e4297aae57cc3a3d223ac53ea834557ef3aa532643966
ciqual,13499,nfx_5BYGZGH1G4R0XSEGWDS515QFKZ,87486b15e844c74555ef8c2c5e04d154ac1c3c49d089785d9c186733a419f3ad
ciqual,13523,nfx_5DRBXFSJJDW5K10P71H2QPS9EA,8f92cf2d418e7cb80907ee0fe7aafebd313ad6c77eeed5d0984c8f3ea1579f21
ciqual,13529,nfx_57GGZD13573CDDHC78N8EYYFT7,cdf2356c2b3392ce2a0316d905168f8596ef30013eb1bd666a0f1b30cbe7b9b7
ciqual,13547,nfx_782C0DMWD8S4T9K832WND9353P,8f8f4ddd28426b324ce20af6b01b89fe2b099182d0e9edf423d9e58cc53ae178
ciqual,13549,nfx_51S0ZA7ZCH1K4QJXH4C18NH2FY,9b42aca63417171cb1be9a62bd959cace406477bcabd640d2aa7ba823da09baf
ciqual,13552,nfx_28A22GD4VKDVYX0R4H0AQS1TGK,28adb690850afed12e3bddef4b6b9812d577443ea11f771871f69c6f6e6cab56
ciqual,13564,nfx_1RX3R7JTZZ7J5PACGRWJ8410YC,c534e0c26248cabb9284ee23a3810ac091faa15ed13c3eb680105794088083a7
ciqual,13583,nfx_53N8881A3WR5JZ97C7W8PXZ0W1,042ec502422d746b5cbc899f8825736568169fe66c14dbcf8a5b56ddbe4f8d81
ciqual,13614,nfx_4V4RWRGV901BWHKDH7WFTXGVAP,84dc1f0a03a82e60d6b65cc15626933f4fae04c7223616eb62c67d12fda4b616
ciqual,13620,nfx_3FJFV3272907QGYJ1MP2HZS2DY,e95cc45ac4b12745c088284044ac17d98b080306ef4b30d4f2118aeb79072bf7
ciqual,13621,nfx_1QXXGXR5DF194YJ7RXFANCHX1Z,82549abe95416b892e0a918365e29efc96b62a05fc5c634d1694cd05ec23d0c3
ciqual,13623,nfx_4GAX84X9056W4ZBT0NQ1SVC1DG,584fe73b1836abb7f100dbed87f6cead1625591da075ce665ea1df1534f5d152
ciqual,13704,nfx_6PG2WNXAYX91H6PNGNJSFB8QT3,eaac85ae132eae632c186fd9b49be968202a307955a497ee9107de6c8b26e588
ciqual,13705,nfx_1XSVHEF6VVM5TKH444DQM96N6E,646dd93eac02c06d8e525f0c30ffcecd0b9b114d3a4f71bd53fe3847ba1ceed6
ciqual,13706,nfx_1RD8AW4MV641TG0PS0JZJH5W1V,0c5185809047372e12e12dcd855e1a68feddf19e4fbb53faf2c7084fa32472ed
ciqual,13707,nfx_3M44JE3C04GHMPQTAF5FC1M6MA,250becd8dc35e00f0c53a11006b860fc1dffbdef67e06134cae398aaaeb59579
ciqual,13708,nfx_43NWDBMYSV4GDYEF1T3N47H415,fa15ce9d45353605403a3135a0a6c2eeae3f6ffbddd1a6bdde71b7057f547c58
ciqual,13709,nfx_6TFR2K716X5KVG47GWWRVATZ3A,fcc655347834465871b1ececd242887798df3904b9f645c5ca2803574688e062
ciqual,13712,nfx_2D753JREHNXBXASX357E330H8X,61a25197f736354bb6f41684fdb8d1677324b2fb61831905fa3f7c73077baa98
ciqual,13713,nfx_4XJ7ZR72RY5Y10JZM5SPFYFW1F,fa66ab1079101ae2f2f0c4d437a79fd721176c38204c395d5f45c0f71a77c3cb
ciqual,13714,nfx_28NTJN1W7C78RTC422FZMD5R1D,642978009aee4abab0d2e10111b9f749a674e5f6ab5414d7b5cdb660aab849db
ciqual,13715,nfx_6RPDA4TDMBZB1Y7JXD7KBZEJNX,d330c5abaf161fe1538c11d5a0fb63e67d714e77cb4ff2729178e1c9113d6b52
ciqual,13716,nfx_5NE3AKRY6B4F0P9Y9CHZF42HHV,5b600cf94afbdc7319bd772c1c60bb8b44248c480ea6a592bc2d168f2bf19d7e
ciqual,13717,nfx_3HHBHCWH5XW8YXBN6M19GBEXJN,69aa94705eb8659245a8bdeee80eb97f03cb4089a6b6f001f1c5d4e931e29a9e
ciqual,13718,nfx_7W83H1P2FNST9YWZ640GQ2K2YV,8e0db247ff2ed56616c29edf0fea778be562f7aaa9dd63fe1536393536914294
ciqual,13719,nfx_4SF48K49HKEPE28NNB4V7AAB7D,e879c22df9480323b1744fc3903746c90825789a9166ed12b9f9fbff4e9db052
ciqual,13724,nfx_067VX2T7MNCHC3YAJD60JK9G5Z,6a4b290eb454c0197ab4732c4bf82cd32a34e177513b5128cdc3e24457e0bdcb
ciqual,13730,nfx_7SGP4VDTB8V4RVMQKT5E0BC98W,14cddd7269b8d3708642098826bb43424dae9e22b4cd1066e9cde2474e767d26
ciqual,13731,nfx_7KGZSCTXFZTYP0FVRMR0R0PW1C,a05e9d6ac7633dd5fbe529f9eafe0939c566e6b564451eda724311033f7b1693
ciqual,13734,nfx_6FP5HMK6G03QESTRTVMBN351EN,2400604d8d0fef0207193c4bf22392f05c5779153a6efb03045809ea775d0acd
ciqual,13735,nfx_3T4M9XCX2FD8VGCCNEYGEXEWMQ,ea7c668077c1f5a14051eaf149e83e901e858c7559e50d935cc9193c6be6ea4b
ciqual,13742,nfx_2SABM5WYXNH0ZDW46ECFQT0C1W,f6e0df378c59091a8c81c4d28b122d8ffc06ff696d62fd360869b9d551e6e11a
ciqual,13996,nfx_27523RT3Z4WZY63QMH8BQCBBHF,390960a5d79007e39247416278a9fdbdb879a167b4f0e6f0ea3aac461cb40c37
ciqual,13997,nfx_5E26GDPMZNB04YZC4QT164KRTA,cfa2b6822fa001749117a02c2873a074da84687e9dc164a14eba94a585d0cf51
ciqual,13998,nfx_313KFQAJWWA538GXJGP6K1KTN3,203485d093898acefbdf900570dff324c061bf033a8aaa3ab9d35dd93a5663bc
ciqual,13999,nfx_2G1FBSSDP9Z7D1QJRJPWV660W1,abf2b0bf5e75a9f1152d6f4652708bcf1eaf4fc418cd11ce5c97940f42b51fdb
ciqual,14000,nfx_63VGXN0XJBKEV1Q4N8N2M5XK1R,316c86b56288118f8e0a5777c9c45cbfedb1236c08fab494c4c6fade94515d32
ciqual,14002,nfx_3J5EM1TB2Y9RT95DDA4XR5KWYF,0230358d7adc59477b323fe8b0226d13f536d2144981e9153dfae092b2c2b625
ciqual,14003,nfx_336N62SYCS1305SM4YJTN8AG3R,9992758b6c2e291c204f5545d360668157e4c6c6a3d85f4d73606a3ad1b1545e
ciqual,14004,nfx_3TDQFA475D5JDPDTYPXGXQ69M5,ce6ed29fd9d2c2efe508bf56abe7b8af13eb0a3039f2d86b6a20b56bbb61760a
ciqual,14005,nfx_5GT7EEZQVJC6XY3HTCHHVX097G,11b16c51cf851caf906d01d5ca8f6d7e48080174a1170deb57388c65c194adde
ciqual,14006,nfx_2RN1NCFWJM93NZDVEGKRDQTJ9D,6d97111c99191e8700bfd369c4ba78bf9f656b5198add2c23e5b0b1027bd89aa
ciqual,14007,nfx_1CHXX1M6TY51HNF4XB5ZPPHSF0,062368612544dc8cfbad8b48c776cd461a7130a703e8156c5d131a8310614ae8
ciqual,14008,nfx_32WQ5954FTAXQ14PZDNT4KJBZE,d64c1b4cf63a78753c34b1f58f584848fedda459bddbe4b213a1eb4304888ae6
ciqual,15000,nfx_20QTFQZ4K33CX1DAJGZ3Z5Q04W,b81283e4ed962cb60815ab6a1477fbbad1a9e928c874eb0f70590bfe9808d302
ciqual,15001,nfx_4GMBV3H1JMCZABHGWZA0BNGM6W,8dfabce6f38327aae20345d6865a02b4e0f773b584452fd59f93a03b962a76fa
ciqual,15002,nfx_66YBF8GGPJRCJ4EHC7MDD2K73M,496c7c275e6a03a100a0d1193ba3be972091c35fd467b3dcacb5e903c0729928
ciqual,15004,nfx_4P7KREXRJ8ZC7PGESZ4D0DR17F,fa2a31fa2d444cac4dcbc31d3b2365958f69e7899c6bb9b6f4baa5bd34cc98cb
ciqual,15005,nfx_78HS2MM8M52C8WBHK6N0AMCVH2,7c5352a353bf22603ee037bc9b93003962765405a4e68bca90addb7136b5ad2a
ciqual,15006,nfx_5FRPMSHCKD6WKYD458YM87PEZJ,27c5350664b982e7abd1e81fb68fe1b9a8403b599bcb034d0b5dae5b5cfe785a
ciqual,15007,nfx_6H7V011FFHSPV1380D6CD2P1AP,e9ab4abf78ce671881044d71441686489f1a789ef3ac30fa62c75003fc17bfe1
ciqual,15008,nfx_7KKN7X28CP9SFCTPM0AC4FXE12,78b73d363e36841d41480b9d562a2de30a1bc5b1f0bcf552ffa1ac46471e4fe0
ciqual,15009,nfx_1ZC3395906Y4GP55R12DH72YMZ,49e453ff7a805271eda811d82dfa8da8e5f8ea4eebd826e56442e556e22dc0ee
ciqual,15010,nfx_54MNG33T4NKJY4F5T62NHVVMJZ,77056e839b62032482b9a9e6cc4da5d3b5b7c8c63ca858ac9cf122b27edaad52
ciqual,15011,nfx_2G6CDPNXHAZYQCE0F423CB0KFQ,c97bb3f9763ac68a44fb75a864bbe88e198b06f387de13fe3fbca8441d87f6d3
ciqual,15013,nfx_3HTTBCPGBWJ7S33B27AFTAVSCH,298c996ab7528ca887747d7053a8a208211df0a60b2ffc10f9479c21461fbae4
ciqual,15014,nfx_6QCHHFGGN5C4VT0BKDFKEG2NX4,63e1f9852365e346817bf01074a13398f404c1b3d94d7231458ab772e1f80185
ciqual,15015,nfx_1Z9Y9BVGNG7M4SD2YX94N9GVH4,445113433d05a2865d746862f9aebafe1014b49bea3dc602cecaf0593d54960d
ciqual,15017,nfx_5CYA9STSF3M2HRZG6BGM1FFEWM,1bef0859ea16db8805481d4f5a8e0d9e72c9f36819ee8f0ba06b7c0991499686
ciqual,15018,nfx_2JDMTC7S11PGGHAYZQWN2SQDFG,aa204eb416b0df144d2925757ce37ec16101d1d57639036f9959d18a18263753
ciqual,15019,nfx_5R47RSSA0G709J27EPP93D2JGB,7fba8d7ec7171b1f13eaa3e1905baed0c58c518336962aaed207544da99e5b9f
ciqual,15020,nfx_5NCQ5KEZRBQ6MNFB4MY3HQ78F0,8ad3aed42d6441bb63e2571ea61f03a2bf96a4e717414e3c5afdd3d1f02feab4
ciqual,15021,nfx_5XC2H39JDJAN61BT5J61RGBDQF,21b44970b3d41da952da531782be2be492dd1edcd071396f9b2e19bd1723d16c
ciqual,15024,nfx_0ZBZRC0NJ1QV5EDJ5CWFB5HYKZ,97ecf14b878306a041d117e835a0c4687db6f92fd7661f75e050426f0c7cdb47
ciqual,15025,nfx_74NVV7P7G15DFN8AB7A7CQZT62,df3ab937714447d222b1e3b7dc326d2317ed2ff5c1c9d5df44a9ec66d1f5784b
ciqual,15026,nfx_2TE1CM32VWANVP9V5MKPY08FNT,10ffcec6d6205b1d6d925890b7ce677a04779c90cf4417a48b3eb36397b8dfa3
ciqual,15027,nfx_64WXT4Z5RG8WKBA9SG3BS366D5,6b4cbcd8f569101104a7b4d6decee3a8bcc71981fdb9c5e3efd3dce37c1472b3
ciqual,15029,nfx_2XVK8CY7NXTRQANMH8070KWPK1,fb49c18b38f00d81710c6d2ac46b5b3b2f14b5ec8cfe6085be3dbb8abde8e58e
ciqual,15030,nfx_1K88R0BMB8XXP4BX68M14NPS93,8e7a382cc31254adfc7d7ac042181792962ca4c300a14e181e3f9eb772059ddd
ciqual,15032,nfx_37Z84KJ244ZP9XKA9B87P3M4YF,e5fbe9cb45827ec6512ebc2b185027adeebaa7b21c3f532083075fa3f4d07fc1
ciqual,15033,nfx_0PG3K4KYS2M2BB9GJMS1STS2C1,6544b7dc6b5fe2cd455d0c727bff2a6799150ab5e74c5aa3dedbafcfd7790300
ciqual,15034,nfx_5MWRZ1VVM2B8NQD2Y2QDR9QWKF,395e3be027e58e9a1baeddc6937686489bd657c61434c150754904204f9b009a
ciqual,15035,nfx_1J469VEAM42ZA3XP5YJ7RKKCPJ,c2702d6d0303f6014d1f26a2a6c2b010c3383aa48bacacb008e18478f7d3426d
ciqual,15037,nfx_2BNE6D8KARG8QHR7QKGF17B2V4,40f00b0cf97eedb387b1dab82c84edc94dc3da409eb6add202e3752cb7c3473d
ciqual,15038,nfx_0GJBWFVXKXGKPPPQK1SHEN5TT8,308c2e6e88784136c0f35cb4f50ae4b78a7a2d5acdf3c6f7dae6e423596dddae
ciqual,15039,nfx_3XFKEZHMNA17HQFMTZ3EJAJD4A,c5288f74ff7aea9702c44edcfb6e3ef11f80d8157f7594946c105a3059bad616
ciqual,15041,nfx_0ZHJKWZP1WHHFF9G6963A8DM90,97676076d8247fbbd032aebb2b818cf7dd5b53f01fe7a290ce1f30613515b85d
ciqual,15042,nfx_3QRB8F6B6N9QC4F8YKX1DZ33GA,69bf52b9bda18a5c790cdbb5ebcdf94f8c3dcc7303a5655960b0f784c6483ca6
ciqual,15043,nfx_7FBH9VJNT9BS2JHJNPHMMBG3Z1,f277a545e64331f77ee347032d036a8e091412021d29213f23c86cb207979480
ciqual,15044,nfx_1M0EX1DCD813SD9FDZAN29K1SV,443914a1950488b77e7518c47cd18dbf588a8694abf383d64b0000c844d5ef93
ciqual,15045,nfx_3CDSTEVMAB05SH67DX76B0G3JR,2c40810dec4e5e1cb72490fe5b7c596743e26261fbf4819b01135b63e25738dc
ciqual,15046,nfx_4A13DH52FQE7JM5QTJT6VPGHWW,a94962163c94d66f97ddf3205a30f806077176bf6c6d48e7a793ba33dba739fe
ciqual,15047,nfx_7920XXJQRV2VT9CQA356BKPYWE,0d4928bd6c11a580ba9e2a03007518dbe84eee030587b18d20186a88b2f2eeb7
ciqual,15048,nfx_0CANFPX3V68HVF7EMC1PDNHDJ4,2a1c04b8ac82a5c959e5d3cf1c17432df3ffd27128e70f748cac67bb0684a1f2
ciqual,15049,nfx_29ZZREW8M5RR7F063EY93AKNJG,aba797cecd8e1a739d64c73d4a2f63f953bdac94e8f100838161e0e804859b34
ciqual,15050,nfx_06DRPQH2V5RC70KY948A98ZCAH,04f705e4dc56ab29504ac80805d5ad626af4cd0face4f32995e4ebe914717914
ciqual,15052,nfx_29KZ1VBZCDW1P5SS06FNCD647R,90d258af22cb7baf4e48a4d0d3586ef6151755d20b7a88d6e04076b53276c68b
ciqual,15053,nfx_1YPWNEN6ZF5DFS35375D1P7Q05,6a0760cb4aadf75d7f4e4255de485280c027f8402a10fc61f0a70111b25aa44f
ciqual,15054,nfx_0AMXE57J9625JFY1M9SG5BVCBR,43fd737fa0c1aa8de1bc91ab1fc5b4d5f4599a2ed370d0e4d9d30220d501397a
ciqual,15055,nfx_6EZWTFF2WCTFRH892XGC0HAEBV,3bb938a2d10e7aae5fd663b9bfb4997379ee8b6513b65a9bd5c1b0d65160a405
ciqual,15057,nfx_56CKBBEBPJZD1NZET7N07C08XW,03fed51bf2f1d1ee65d35bee488f71404553c016008150e53d5708563e7b0405
ciqual,15058,nfx_0NVJRP2SC5H6F5CQ01PXS3MR4E,559d11a5df30e8a6cb97680b187abaf5f14570be1c02014e481142d69345a4c2
ciqual,15059,nfx_7YQQPZKBAYEQTPCW5XMYYZ99KN,9e98187de6ea69c37cd53222126e271c85015ff2e262e8d0a3602f280c50e6f2
ciqual,15062,nfx_7MES4868YZM42FPRYJPCFPPZMV,89b45228dfc64d1407d53ed9797a4f546d8a6ed36bc8b5198c68798aff13fde5
ciqual,15063,nfx_0ZZ55DJK0K0S5EFR6GTQCDF1HN,f3d70389119e6132c48aa136a5ae2512479114beaac3276aaaa1ebbbc39cad91
ciqual,15064,nfx_3GGDK1PJT2WAGZYNRQPRN7WYQX,7b38b41a25b41e87179038bb88720843247944c76035b28524a605bd7b4911e5
ciqual,15065,nfx_6NACXNCPW3F05B3G3AD9YW1H91,a0e953b0cbccfc29138f604314bfbd7687fe7d8523b079397c0270f47c30ebaa
ciqual,15066,nfx_25WTZ1281DTCSG4GDD5QBYTFMD,93156b44b43b10212870550ce3157e8e173f332c739d29da3d5d8760e28ab2b3
ciqual,15201,nfx_4KVFB6QRHKTV08AH6GH9E64PZ4,e511fcb36bded42948b7673ddb7ad30993ceacb92851fa610a02381d16628795
ciqual,15202,nfx_3VNHBX2A0S2XZ2KTGACTV07YW2,59e28404937a4cac2e613d5416eedda5eed3b3fd1492755ecc1599d845305acb
ciqual,15203,nfx_57KQADDAJ7FHWYX5RQCP7B55NW,98d21bce26a2154ba1d92d1f153f5c9ccb5c9471305cf0447afa7f3dc3cb43a0
ciqual,16030,nfx_49SV5RCD91SM27V5PY5FXGBT8K,ec84171364449c0d688c6f7867d600e4aa1b76a4502679abb506cecba725fd62
ciqual,16040,nfx_31ZA867977AC5AA5H2KSW33G7P,e2d0269e0e968e713bf536417473053605aeba989c4a511965e132af4742bcb5
ciqual,16050,nfx_0W0GGTS3BMQMTEE5EK3AH7DN54,9ea914faebc34ba854359065172491a2813cbb2b09494a239b49891d6096e8b9
ciqual,16060,nfx_0V3MMD14Y8VQV1NHKYV04HRF5B,4866d2d2004b0dd6a2baf9b30f2396fbf038665e01eaa69338cbb210b45340b5
ciqual,16080,nfx_0X7PRAHFFAWEYXBFEGXZ5Q1Y8W,9648bf78207a6ea49838d5e39fdcb44ca5c18023facf0822685c65ea9f14a87c
ciqual,16110,nfx_5ZWPGKQ95APWPXTCSVA3TNGAEC,b6f3b1ff91d2e01b1a40e035d184fd0f2fc6996b3ffad6008680e9f4614347d4
ciqual,16128,nfx_6DGZ2NN72SZG909144GTK2N3VG,efb52bf29cac28a710d3142f30d13c266025912e181b445da8d9d2811f3118dd
ciqual,16150,nfx_4YHK909GNVJRTW25HKK6HMCQF4,661b9629c3fae36bc9c8168a7f3d1085c15ec2dda09ba66e5d98a2a61f854585
ciqual,16200,nfx_7C862XB1JQ2X9FY2ATNZM15HW6,9dfee5bd6ac3b772ecb96cad34d7991c69fdd76862e23f0e4fca8bc9f474d519
ciqual,16400,nfx_7MHV572W3C4ZXJ6VV7YM54XZ0T,9de3966b35968a1175ce2b327bad4f299648c4251bd6bd4822f305fccde161f5
ciqual,16401,nfx_5NDA0JHCTGE8QSSCR3599TNHST,edd41e4f55be6cde94c1167d4b4afe6823d73371d3a555918945e1f04b42c505
ciqual,16402,nfx_5AR1NEXJHSDFKK41JEF610FGFG,b3b73e6869e0da0bc2aa0ed53721b1d2967810e6851db2c6640bb6bbfe8c1cd5
ciqual,16403,nfx_6P6418AJYVE5SE10327VGJSH1X,004145d5d1158644b795fdf3f137179dbec54e05cbacbc1ad689e2a004d66cbc
ciqual,16404,nfx_558BVYJZ51BBSSYEB92X73X48B,f6f7095713904a0aba0520feb26da6f63f330819e2413ee28e97278415929f13
ciqual,16410,nfx_0D6RV6ZB9GTGM3KEM78VA0AF6S,0501f0eb91f2a764422c2604dbeb107f88faf761466c0f62f77ec54455cca388
ciqual,16411,nfx_6ZRA2K5S4KYAVMT7YQE8XRPQ7Z,b39eab96730c4731b96f70bcb894704413112962ca164fe15ec2e2d7e295e102
ciqual,16412,nfx_07K00AEJ799QGRHMS85QJA898K,1eea93c3ccf5139d24bf156076c7c7cd45090f108a7443d7094c16b4f395c071
ciqual,16413,nfx_1HCSQ4ZNWK8K8AB9NR15880H20,e2fb270ea4a0d2f9ff735f4a780ccbc51fdbfe8d52ceb53e9bf643b7942e09c6
ciqual,16414,nfx_48XBXQCRH7E63ZG8EKGJBTZ8Z0,7f24af4c38d2eee55c82fc2d6f3ebc5567aaffe6a61d51a956209f58d2c265ae
ciqual,16415,nfx_2E0794T91KD5VGAVTHR68Z9XE7,bbdf401b31afb7626b084b7b4c6971df7b4de7a8b77a89f000a290719f265baf
ciqual,16416,nfx_747V586FNX1N683P112NFJVKSW,aea27c93e57078d372aa036e5c2bb719fac2987933c32de2787421529f48236b
ciqual,16520,nfx_3Z1HAQYQ964J1BVDX35BQN6WG9,329fb2de1db9ca5382b1b988621abb87c7574452f0f9a2efed4682a5b63eb083
ciqual,16530,nfx_68BD25Y3K99Y46Y9KNFWQVSBV6,2ecae4ae8f555bd88b07f0bb6ab48f76c827e7be1ecf44c449dc0aade3b0993e
ciqual,16540,nfx_59HPJDXGCJDKCDZKMJDQ7KGWGE,a1bf6dfce14e6df785046b81e63d379d483fcced05b351b26777ce100ad938f2
ciqual,16550,nfx_6PMJ141871SH50G1D51TZZVZ7Z,16c6ffa2c5e0df73b1f9c73408206eb122c2329bc00681a4efce5f12323b57f6
ciqual,16560,nfx_6MCPGMCFY7Z3ARXBS80M9XZ79D,b6c35d7dd40a672bedea7cb13773e97125fdd7648f3c190ef70518836952eb97
ciqual,16570,nfx_23HDYR3Y51K9YJKJJ9BCX4MGWT,0df71cdb6a1c1b5fbadbd9980356c42e54cdb5005276035404e3e0d2b28a01e7
ciqual,16588,nfx_74FHK8N4HX69CT8XSGZ4TE0V23,52e239ce21862ce0685280d7baf118f260292e21d436dcd8b3781d1b3d6c1792
ciqual,16589,nfx_6BVWTX5MDB282N4PKZ24PKRY4N,782589b17425afc91d581308b5dbfed3bb44a5503ecd95b4d2aa4d36e6ee01b1
ciqual,16590,nfx_2M5G25CTGM433P35TRBT8W50XM,57c6f947034c5c5c3778f9b60ff1d9f49a4effebd84e58e9de5baf3ff1c66ae0
ciqual,16591,nfx_6QH27F07QVXV6KJDWMF31FNRBC,8dac2a33c608b1f803fe50a8b5a5d7c74497717e3e846eb7eaa4cb4ce7582ccd
ciqual,16592,nfx_4959FA5T9Q4H677M25N6J2N1ZZ,527397445f7070ed9f7f37a5308b9dfb14b9a8ba895701e775d3f91c68790003
ciqual,16593,nfx_2KB2KDSRH8T16QKKQAPCCH1JBT,2b116bec6cf032920cdffb8ced252f0c2d72afbe732775c15acbf2b6d83f601b
ciqual,16594,nfx_1402AZS1GMMSZFMAKQ0HC406HT,6685465308125e972ed5f89b637355ec58c3ae5383fd8416f4254f195b6b42b0
ciqual,16595,nfx_07AK3CEX2TETKGRPYYPRYVSY8X,c6d0a2979b921a4c3a0781847c4fb04bc714c246609205db853590e81f869181
ciqual,16596,nfx_74ANEQGCCWTV4K1G3PZ8741ZX1,2c23d61adae216a973875625ddbe1a32a87e7b7270942f78404e6ec6c7ab1e9c
ciqual,16597,nfx_6WPKHA510RGRPK7NMR4XPT2AJZ,3d90dfa7229c1e362e9c6798f27222f1aca54245a11d30da2f18995b071e12f3
ciqual,16598,nfx_0DDFMYATSAZ4EXFGRCX4JQ19J9,86683a91d5534251851ef88595c86978a3945af60cb96b4e40f508248b5ecbe4
ciqual,16599,nfx_6HSE20QW5QYDA19JA9WSRQV98Y,b31270e23227c88c7ceaefff76525096b2cfd41e352a987908ed87f432ebc315
ciqual,16600,nfx_6NHGKGS609AEXP19N4W2SX65C8,585353c767e78a3aa55ba293054446a9731d4ae030e3026355e99be9d0fd52b3
ciqual,16601,nfx_5DVFRRYV3Y94JD2465FZE9WWKV,cebe33083a4d4733b0c140ada3cb1c4e5a25e0361fc79fd02cd396343201b2fb
ciqual,16602,nfx_22DP0QT0S8HX5MFEHTHCQ94GYT,d7121347064457a49c44bbcc8bf86efb79602b20e6079a8953ca9a653d071227
ciqual,16603,nfx_1CB1XSSBKA3N7J8DE6Q0D73YC9,a1c0bf041f2689312309b55285b1e1fe6d555a443510278f46048fcca54591d7
ciqual,16713,nfx_1EQ1600X9Q4E6BGH3G89SFF7DM,ab36fad1c78b5bb3cf8bd66979599ac65063bd3ea5534a477efe5db796417a7a
ciqual,17001,nfx_3FH82ZHFSV4FPCFV57XBHCYTM9,a9974ff5452ce6bbf64929cac0c6d656d2fba7d2e0a372f9b8a388295fc9f629
ciqual,17020,nfx_7YJVC3GWPC9DD5CTA6HXF728AH,c35738d1bd25a0b74533cddd870c07b17e71a73370ffad47cc99ea836b69d74c
ciqual,17030,nfx_3E7KQ4XYV2GWCS6Q5S0G1SD271,aca8d6ef1b620614422f1d675e10996d35b74e8a1912b03521a977d70402e58c
ciqual,17040,nfx_6DP20NV740S8MSJ76J6GHQ30D0,827504e9c1e4ffa0e81ec9587850584bc1cf531e95895e055810e1d60532132b
ciqual,17100,nfx_48C8Y2KVD6X3AEHW5DZWG9YVN4,375a8d0182ec5233b203eb64c872217b16a5d3353be6e24db0bd8554e2868faa
ciqual,17110,nfx_30GTHPR0QFM9KSK3RGESPE4MA1,e73276635cea0154ea0022fd073791d834a06198bdcb79802219d60d7f9dd226
ciqual,17130,nfx_0JA3ZZCS5YE2CTB55JFJRE9Q4S,51e1c57186845ba8754e96402022b81e96a806b9767f9c03e8103d58c8f2f880
ciqual,17170,nfx_5GR0H63VGN8ADB4EJTK4J2B31E,bfdf38e7424e021e4220a9637a952256598218b0314d2705ace5e00985538635
ciqual,17180,nfx_53NQKKCQ8E32ZXBJA3KCBQPYAM,40fc4a274b7aa76be67adc00122828baf2a94a98c594fc42056276b8b76f4397
ciqual,17190,nfx_4GP8RN6NA3BW5D6PDF81XPB5MZ,1f8b28f0242c515016e8faa9e9743772e1688cedca04975e703d89845fe99023
ciqual,17210,nfx_2WYDQ32T9SFN71FHR8MG2P2FW7,fdd459a4d840dbd2e89d93e13b671d67407701ced7856b81fa7ebe6ca12dcdae
ciqual,17220,nfx_61G969NMV5R24EVHHMZQ7Z7R89,eea659314821417de34ddfdd026bdf5ea0364d0446629bd09eb07ca83651368f
ciqual,17270,nfx_4Q6YAD3Q5GNMECC82P5SP4A0BN,e9e48ac33cabc6ba7cadc7c358075e9e3b5545a6bdc23a5d12fc327d318e20c9
ciqual,17325,nfx_0MXKJDDTKGEQ2ADY88Y5N4DGAC,20b9b55dde8ea5b1fecc82a39bf7d2ef884684272d398ecab4e706f360971ff5
ciqual,17350,nfx_3G5EK95Z45G3D833ZNH6066K0Y,1d250aafd1b8590d60f0680845292d54330c7e763ad03c53f2cc7cee7d76a504
ciqual,17390,nfx_7H42KRVCVM671FCD61FY5934EG,422eb119c41c56e4bb7d52c7e54556f56cf2ca3c655d207845d58c92aeec2a5f
ciqual,17400,nfx_6ZXECBS1AK243BBWH1F7BX6X7A,3e776b72772c08934a329384d20e017d05c79dff52df2974faac72e508945269
ciqual,17420,nfx_1N7X5D2BCCQSG3H3D8VWZ6VKZC,23fd8bf07ef0a60344fe3ae80e524ad3ad693b9d24437c18fa503435a10c4e9b
ciqual,17440,nfx_3DPA30ZCFZTKVVDAX7BTAJ4V3E,b57b36068fd998c1995ad3b2944bea7f8311960f5cdd5d656b702138ea14e23c
ciqual,17630,nfx_38TPWGJ8HP6QS8HS38NRAJXPJ2,0f891da72d22a8c19ac57f817cc935eb43e1fcf7cfd261914d4f2e80c35db8d5
ciqual,17640,nfx_49PGCJRMG47EYFMM52KQ1JDRE7,abfff312762c5a264acc8a4fa53e48bc15736179bdd84646c2e2b6e1aa3445f1
ciqual,17645,nfx_797EXPMYVMYGKZ75FC6T2B9BSB,00440511479a641fd68348779fc62204232b61724181ff342ee7f03cc54584b9
ciqual,17650,nfx_785Z0NB2X018WS6E5F6ZF7Q113,86d826a398eae2f700900c0087f4226dd1ef63952f112f324518fd9600cab467
ciqual,17700,nfx_4SYNASQ6N1KXFDW0YGPNXJ6026,321d098bcea73b987b1da0590ccafc2952a2e0940691ebb5cc04b710821c303d
ciqual,17701,nfx_7KXPC5XE4Y0QVR0F8FYWNPBTQJ,0d35a171d6646b950be311200ef2f3bc1fcdd842cda714b2e93df6c1a5b3afbb
ciqual,17800,nfx_5JRFVMNCY0E49TGKP173CTERMY,17cb6cace2d8c57e304bcd4f864a535f6a0e8888125c16a63b2e21e5bd4b440c
ciqual,17850,nfx_06J2G3SM11F3F6Y2XA1B6KQH5F,e57a15a53acbc3d530fda4c89774f1ba253be7203fb55cabfd2c4c17444cd95b
ciqual,17900,nfx_33NHGVHX8HB96C9DB6G000DTAR,1b0e83b381a184124e26bd3906829fe82f4cc6760bfa8b4ea1e0aeed51b95a8a
ciqual,18001,nfx_4EVWHBF3XJ4XH58D4FHPTDKQVF,688b7e16d35fa2995ec8ce47285b32673a2bde740f5b954e7c0698111822c949
ciqual,18003,nfx_6E2EG6BJPFMVG0FAQHVGTAFYHN,2b131575df437aa119801d6966f42bc49e9faa8dc5dd19e6c42d577023aad4ac
ciqual,18004,nfx_7YPDXPZ7EB12XTHCWFCCNNAZ6E,87f59588efb4421a32ca9ae54de1d8567cd35b5c8da1b498218ab1353337ac99
ciqual,18005,nfx_1M7WFERKJN989HW7G76JSG464E,dd444ae96cb3ddf2dce26293d0b373eb7198ccfb687e822225e3182b220a12d7
ciqual,18007,nfx_6XZHEA0WBS540MQ58QSQDK8DS6,1d4814da03176cb470622bf22000eb8f95868f060ff48d5580a60f2c05957fb1
ciqual,18009,nfx_2GT7C34H2TE2FAK4YQVXHN9AA5,3e2cf79597385b29e08e7f972b996049dde7925d2c13b0e93f41dc17cc8bb81b
ciqual,18010,nfx_75JV3MQRY18MHD82XMPKE1R0RJ,b5d84680cd7092a37c381351d59cf5e67e0ab4275b47a725856a045c1e6a17a5
ciqual,18011,nfx_6RNBFFW8Z2TXKZTPJ16SSQY51P,cfe24c71af18ac205e94317593e332a3fd69592241ef0b4706a9f8e39da1e72f
ciqual,18012,nfx_1SQA8CHP4FWN7FPK31H1EY23HC,f3c964bec3673419312c4b506d02c99b591f123b19d54343af9f24e979cadf94
ciqual,18013,nfx_0C3RK8JYFGJCWST0G0KX6WY2BB,da4f93a428d0a607a625a4c265648b03652a74d0e4760297108d5db8134694da
ciqual,18014,nfx_273TJQDKBFFX2JV3JH0W30RTY2,58c09ae2053cbdb6b3c063b02d0f06b25e35066973d966c092a310993dd085b4
ciqual,18015,nfx_57NFWMGZZHVQ8X8R21TWQ40MBK,ec09ea719609fc2e88966a5e72878c5c7dabe8528b45fc18cd5821f9dde3050a
ciqual,18016,nfx_0DMGTKPKVHEFBB39SBY7XZ77XJ,d230454a32f970a9353d57928e16224e858699b346f19df804880ea8202aa116
ciqual,18017,nfx_3TG1Q10YF1DC5EW5BHA1V9BSX1,dcf7c5e5e47fac6a4f70f2c27c01141061fd690fd857b53889cae9613b98b485
ciqual,18018,nfx_7515X19EDPXPZ2J9SV4N5MXQ02,19ac299db25fabcaadd0b3371a2729ce15cd76420a64165f79e9e65d24743b21
ciqual,18019,nfx_2A15XBSANJRR36B4Q4FHWKH0YV,173e6de8e7adb3a3b777078f73a696981c03e83a83f3db2b1519e3c039c17fb4
ciqual,18020,nfx_5JSB33FY9R41CJZ3F60GDGTR8E,2eea2b6bd011824012cdfc759703288dc17589c94b8189bda461ce5743032212
ciqual,18021,nfx_5GH7FFP30C5N6XYZKKVXZ2H2JX,52de6af9f7725d694ae9a11ee96ed6cdb47a298d4bb679918ae4f2b95e4c2bb5
ciqual,18022,nfx_4YW5JV6P6TTCEQCCZEDGWXW4AF,9f8198be7a9e4d79ddb89c5a19f9cd16d607e8c23bab521e3aaeef75e4114d8a
ciqual,18023,nfx_4CSENJ40PP9J96ST2FDBJRMAAT,9be40b3eac8b76369fc72f79d3f9b63438629a71b8fa77d315ac3abb1ce9607d
ciqual,18024,nfx_6BG3VXVY7H3RTAQGQQFMWNCP6H,806de4d1072927084f9e1e9c19c2caa210a47387e554902a78dd50fd9dd04153
ciqual,18025,nfx_6NH3N1T7HQFSF7W3RTBQYWHZ4A,ad5f04eae98c164ef628102929c2c3ed2c35089f1c4ec38cf8ff25c99401a2d7
ciqual,18026,nfx_494FADQ59T5JT6TBM4RJ9VNE47,38c200689f5f2f95e527f463c138a2f2bc42fb5c91793f4e1a34457102e971c9
ciqual,18028,nfx_323APPTJEAZD4JJHR1BCRQCTVK,f18b738389de6dc65b7fb2bf38bfd76b1f478951b146b87c15a613cb511138d3
ciqual,18029,nfx_5RJGRQNDDDC2K8SHVF18BZNJMG,4918485b147ca2cb23d60fff3e4c297a851461f098417cc7c4ac2fef02729ed8
ciqual,18030,nfx_470PGN8BYCRFJWAJY4FS9J3SY5,2142e47d48c2068c8951ca65982b33dba1c2765005672660a87888a8fee9300a
ciqual,18033,nfx_4ZV66TM7B573DZVKQ1CC1HZC2K,bd43b8fb25ca02fc6c83bcc77026c8f3027b53e395b8745c73ec7934664cedbf
ciqual,18034,nfx_5CQRYKDGAQAFWT53R9BZBAWZ9C,e6a71654eeab0bec5fe3567af7886094b49725bae9ad44649d73e681f13bd707
ciqual,18035,nfx_2N8NMTXY8FJAA1D8T6CQ7GTYP1,fcb7e7983de088508e42b36cde057facb2a7c1757de5299063472a46ad938678
ciqual,18037,nfx_7TG7ZSZ749C2TBYJ8Z06M8T80D,ac5c408ce17edf1b2610097f95827843902a47f29263cf1d32c528d9686ddbe7
ciqual,18039,nfx_7GEJSTQ989B8WPEGM0D75P09A9,c78c915efeb98223847c52e0c73cc4eea06f4f0b986c035091baa30793f3bbcd
ciqual,18041,nfx_7CXMQE573VH7XKA32VD4NRBFPV,daf474b21c5e644e20c08126ea943ca57d83d2d63bcfc91c3fe7cb7e613e004f
ciqual,18044,nfx_1VQ8S0KM4G025C8G2Y5FGHCHJV,05326e7a06322a0a8af9589daeaf79836dfac46da88846746124136ec9eeec94
ciqual,18045,nfx_23C3CTTWP920JFGQYJNB6KA6JX,2f0857b3953e60d25cf656bed7965d6412ec22e4c918fd2b037ee0faf57b1810
ciqual,18046,nfx_2GGVJEZP8FAZFYAJEXJ9SFJST7,ec2065509475844e23031a318d59bdb589844f163eb98a8da4b68ac37c54424d
ciqual,18048,nfx_0DJN2FQY2FQSFYF2JTC12ZTTC9,c4b66bfba622d1496e899567d556661c0911eadd6462a869d5e4703b524d4a80
ciqual,18049,nfx_4N9K73DT63B0V5DXMCHGPY6SJ9,31ca7d3b667a82e0b8dedb12d78da89fd918063726c1625b5b20b7f6d904b4a3
ciqual,18050,nfx_0Y3JYDS98SZ0HCG17BAD1VPNXC,96adb8d57fbc5d997be87e7de56e614dd786cb550d0bc7fe225a47100306134a
ciqual,18051,nfx_719MXE8W440S0QT6VS68M8ZP23,8627d7db5eaccf5de518769502e359cec71c8ec1b66af126beebaa1a57441e03
ciqual,18057,nfx_301S82XSVTBQCC9TS4QK210DV7,0012264f37dc6cada54baeed2ac14d8fc7315073482acb667ec1aa6acef6d20e
ciqual,18058,nfx_6QJGWYNFB74656KZZWXJMQYPQA,e4343a6cb0960d163b76037051d50e01604bcc48230a1f21e0ba0eb43f1d699e
ciqual,18059,nfx_5VNZKMH58YG9TBNTSV9TMPDF6C,5e3c5198b17edc680dd0bf24244bfd987f9e4c153ae985d38099ba6df9502ed8
ciqual,18060,nfx_7EKHR6XDR7TZNB00PSC07Y2VB2,3c49cd5635963add42381fdcee7857e8a98c8b321b627663bf713e20e7f53850
ciqual,18062,nfx_13TVSTYBAMD2X1DGCBA7FZ62PX,d9444c961cf3530e24431d283c29310fb9225db554e153bda921c3beae49b631
ciqual,18063,nfx_75EGW0MNHW8MGQVGESY9FDYH34,2b8176a97a10f56045088b9457d2460a2c52e2487a7bc018fe405f89ffb298df
ciqual,18064,nfx_7FW2D63YH524DTXQRMGZEW9YDC,18b3ead366f24e55146f2ce84506a904e1c2c95b31f976190c4996ae91d5cddf
ciqual,18065,nfx_6HH8CCTHWHCPT43TV404WA6GMJ,9dffc8491ad3debdb1e820900ac67a55c287a0ba31ab83a19177539eb2314d7f
ciqual,18066,nfx_06RYK8314EFV9WKAWXSBGBJ0Z2,e8853d466d6948a74fbb9b2e6a37ca105b96b254176ee2966c349bfcef858986
ciqual,18067,nfx_475MH50TCZR2BRB3ZX50E0EBMQ,62cb877a54ea578141f2ace09af2bdbfd45a35ff8035469f9bb72ff97ee17c5b
ciqual,18068,nfx_4BPPDGVSY8X688JDXZB3XC9DAQ,a25ce4d5a4b914666f6132b830ce241249c72bf54f69adbbeb25cfc3181cdb6d
ciqual,18069,nfx_19QZAY9E4ZWB2D2XFTXYQF2MX1,e7c86307361aca5ca2efed3c99710fa105f409ee4cade2a59455008cb491770e
ciqual,18070,nfx_2C74GV9ZX9081FJG53HDK54KNV,8084e0866eb8266470edf1fd8f08da6b6b50e9284f293803052786d507ed4894
ciqual,18071,nfx_0D7P7VG165M8P7KT90C4MXW6N9,862062a5e89d790359041aba3c117e23f89f0cbd36478048cc5cbec8c9ed5a5c
ciqual,18072,nfx_16NX21AMDT7RXNNSR8DE0RS81B,f7981de782af59354db5c34ca22b9f273d9ee7b2d794d0dfe9a6eb081264e22e
ciqual,18073,nfx_2YC0V8ZKNB1DMGV25E2RXNNKZ7,014844cbecbb4decbd9c3082e28cf3de200fa32a60d7c2c0ab5ac0dd113f8a1a
ciqual,18075,nfx_04MDC2RABH16M62TZ9Z3H3MY11,3b4c5517a698569f948062251ec2f69dbe88e6a33eb7a39b383d55edd6884272
ciqual,18076,nfx_7HZ8XA85BXYY3ZYQSCZBMX72ZX,b687616708ae35f5f90606621598c6beddc3f933ff05864aba2eb0852aef4f1b
ciqual,18078,nfx_3DG7MVBQ2T4HRXJXZZ03XM1CT0,c9684d57b69537d70214d130e9d87b653e5b72bed9aa240e49025f8c5de3a91c
ciqual,18100,nfx_5KC8EEK4MKWNSAMDF2KRDYDPC2,83f2eddb6a26c0c508ee13246d0ce55a05ba48c00094c6fc2e7e6a3aa55eab98
ciqual,18101,nfx_4V38RJ5Q29JSMGJZY9DJ4DF2H1,13c025f4e255941e7580db0272852969bf22014d7368ddd690aadc3009ffcb2a
ciqual,18102,nfx_0B0E62TVDM8KT53Q77FFJS516Q,285a37db47dd675100fe0904bd78c8ca08665778b8ac9428d05c64f0ac7a4fc8
ciqual,18104,nfx_44KPDGXAZ432WH2D8H96F35JK0,1458b5ea6de3e2007eb1ade616e2d78394f8fd3cf717369ffce4a967bbe353e5
ciqual,18106,nfx_4KA2BRMPAPVDFRYMJCD93W365D,b715a02971daf9d15295eb2fd3dc5b9c9fc91cdeb485339faf10b56e24a775bc
ciqual,18107,nfx_68PNYPVEVSS3APD9GTV6SANHB4,36318a216a2f8743eddfbf00fa7996e66a6b4482d6d7eb1634864792a4746ba7
ciqual,18110,nfx_146ZSNRJJTNC26TDC5VVBBCSQJ,4058d2937de7b78d5b29426cbe9d9f3513eae30b7d5772e720a3d32f143becb2
ciqual,18111,nfx_3FPPPJD2YX7C1V7SRM5BKT6NXW,5c3f41970325e4b7b07d1ea084c10fa7cc526f74d48c641b9fff5fb82c921bbc
ciqual,18112,nfx_004A2T02BA2J8Q0K2MN5JDD3YD,8104868b039b49700cd59ba26383bf3f1c176372b0420700ddcda598b5da6c15
ciqual,18113,nfx_5CMGFGQVB0W8MQXKW2N5D171VP,d01a7fd6667f659133881434243d88628e279d6837addd9e076b48a59ca8e766
ciqual,18150,nfx_3MFNRTFWZ5P5NZE1A45EPW25DJ,ddb77a8d504eed353cb1af9c83a025b7bdb68df6af1f9b085b6c24adda0fe8ab
ciqual,18151,nfx_4G83J8TVXBF7Z6195N99STG1E4,78adf52092241a7997d3445afbc1d3400bd22d19edf6be12a2d1bd61d5a58949
ciqual,18152,nfx_3MA3TRWE8GFFZ65ECSMKNZ0896,d9b4866ca0a767bd96bd68e71ac3ca01eda6968e85908e7112e777aff0268d0c
ciqual,18153,nfx_6G9F545PR6XZ2ZKEAXX74B4762,f013de6a831933c80df24606dae6693dbdaf8fdeac028948fdf3087db9c7043e
ciqual,18154,nfx_6DP2V550BMTQW17773V4G5MSBF,84961c72eb891d51a3c6bb6b30b7b081c2a1233955d46c2231bf7827e70de61e
ciqual,18155,nfx_1MDH6YFC6YG5H082H0V8FBWH0G,443e5acb05e0d1178e82f2368ec4eb926b26446b58ffdec70144a76af0cd7084
ciqual,18160,nfx_640F7CAQR2GVQPJT9XB995GWV8,ad23015b21eb9ca5799ea2e2d48838ddf2025284cadf4ff0124417fd96bf0ddb
ciqual,18161,nfx_7EH0RZAVFP4N63YBPRXB4K1RBB,cae424128bb78059ae12ca8bbef254135365dec6bc8a57f06778afe7d8be98d4
ciqual,18162,nfx_573102QH586P0794TVTZ014XC4,fde28b418992f66a324d93e9d5ae2cc77bc12b1088c6785fa5f9c7ceb04ad951
ciqual,18163,nfx_2K22NRKCXD252J37F2AM589MNJ,38f1e5481c953aaaf7c3770f9130ebbd76325c496a9fecba7667cc2e40b40c04
ciqual,18167,nfx_4SWMEBHDCM1KS6M65B8ZTCAX61,f164f140acdbcc3fd5604acea659a7b9cdea6670aa26f5e52db32e2af5ee5b48
ciqual,18168,nfx_3XFESVERAGB7HSXJ6GGMEWRPKP,57330c5c6bdbe22bec9973cbcc71638e7b4c793648d1d54c17f549a74e2e6a2a
ciqual,18220,nfx_1CC4VSCHD5YJHSA7DNR4KM7D0M,19e25a7bab638fbc43d0daa5477c14682ee4298714aefb7347342dfdb433a1b9
ciqual,18294,nfx_74SE67BJH1S98CP888MHYV4ANT,d5c988484ac45a118a3137e5c7719a07f2070eb4e402029e85c848506325702f
ciqual,18295,nfx_6ZCA38T2FN1CQVKRNW8FMD674Y,b498d1bc0fbb9f783e7bb7dc89be8a10b5747a266d9ea66e5de4ba285ca3d849
ciqual,18296,nfx_14RA7F5ZERNDW3SHCYSEW0GA9E,cf12faa9575a94694378b01d3daeb2f0b72cdb7cc010e0e1b783361f9f7cd074
ciqual,18297,nfx_266X7GPA0TV0X8Q7VP52MQF76W,53cf8060e9f5a1835e6a6424d7f427803abc544c0f54933a9748d9a51c846654
ciqual,18298,nfx_39K1MN362WYF1H9BJ183X1T2ZZ,09175a5937540af5a613d8755cc056c222cf366e4b20e67b4eea4a4dfa7a1e3b
ciqual,18299,nfx_2X9CCD2D6Y6FCW46ZJKRTYFFZT,a62c709dc380300c44674b5fc38f8009e5a12776ccedbf510ec409a8b747ba74
ciqual,18300,nfx_6Z8VEESZYQNPD2W1ZVKAZV4BE9,b3b3e238cbccf61601f42754923a8b92996e8ff473b478fed9a374ce9b47ff96
ciqual,18304,nfx_77J8NB9QH7EFPPN4A3MBQT821S,131de9c9dfce09f9e26442bd040abc090f0beff4c5006c58e08ccbdbe58568bd
ciqual,18305,nfx_2SMQCTFR4NS31YS5T1V1JRC76G,2c8805cc5ab4f3daab6b4d58b48fc62f714f9fee3d5f66eb2e7100a337ecc4bb
ciqual,18306,nfx_7Y16P0X50NMQ4YAHK4YHF2JJ0H,f9b9b55d3990947c52afc93e4a0e68fa3f0e015975c4deec73962e7928c55340
ciqual,18309,nfx_4HKPB6GJXRZ1A3MSHCS2YP8SQQ,1ae9161ca5c9d2e89793c6e6bfeda32d37587ae15462c9ab2c8ad0bb75400c3a
ciqual,18315,nfx_0F4JE31J96PRB4GBS560WD4KXC,e63f5c86bfb58f2089386e851b574c3b157beec25392aa19178f74ceed87ffaa
ciqual,18316,nfx_4ZVFH8H8VGXMV4S46NWFFNCF11,29c816d5e81808a34c7790ca2052928ee3435587b5a9b9a405dbfaa6239afaa2
ciqual,18324,nfx_2XMDP6XJN60850MWM6FYBK22DQ,23e61e9f6234ab5954ada4333c8be192260e61bf81da004f6dee996b3ca7492d
ciqual,18325,nfx_1JSCB606WZ110DFEXE5PMRG0WJ,ae5dce589e661b3d1e8d0181b8bac14288d506d48d4020c0ac0bcc43ceeaff47
ciqual,18326,nfx_1AFJM5257X834ZM7AJHQXZ973M,e0af6d5fc180f7066ee47f1dc67294c69e16cc66afd2a3e45f921a978be73978
ciqual,18327,nfx_5PS9Z4EJA4RYGX53H83F4A40R4,92727ba5d8fc140b8a242a4012a95ac866125a2b17a6102d675ef6ceacedde9f
ciqual,18328,nfx_59RWQTKA83K0BTV1D7BV59474V,44479afb53472c483d9b0bf5e6fa48544da0b26ca5ba3bddec55bb4e661d1ecd
ciqual,18329,nfx_79GXNJ21Y3P7FWRXZP9GFEN7MS,9e4e71125b9e9204eec5b0c9b0562ed6dd1e9edfcc7375e3bd5dbebc3701c3c5
ciqual,18339,nfx_3FS1DQGZ5MYRVKT4R059BJBKW8,fd8467db84da7ceb92b6cdaeaa9ee42ac0c677c46996d168c1bc1c069823edb3
ciqual,18340,nfx_0K58Z6TDPCRRC99GP5K25PR99S,6a92783b0d15562d47aafebbfc4a0bdb23fc4026bbefac2324376f8aafef772c
ciqual,18341,nfx_7D5EN3PZNPF5NS5JBEDE409TP1,604196e1284713e9dbc5dea42774b28920c0a19146a270802322030b555138c3
ciqual,18343,nfx_0M5F33V6KRVKF5BBF0VK710SRD,e83ffb618d7a4d0a1f41f7f2c796c6072df777e63a1a08abc4460835c0c07fd5
ciqual,18344,nfx_0YCW9714W0MP30NEBGERWR3K1X,339563bdee0a00e9c7904e77a5e675e5eb9caf42208f9edf9da0f4b136d073a2
ciqual,18345,nfx_4SP90B20M7K9KP6M4ZV2W7QF5W,e3cef50e3a56db84a61b116e55b4af2e2cdd0c6a8ec5a29ed90a5b7c9ba93b3b
ciqual,18347,nfx_5SBBJCQEJNJB4AX3J8CA4NCPZF,4aafac06f31db3ab7890db099fcb754e988fd75b5f2e921025b1d7ac3431df10
ciqual,18348,nfx_6J13CN78FCGGG8HQRF0XBZH44P,a249be25175a88ae55d6b6dd125289a84f06cb4d23bc8a34ae3162475a4adae8
ciqual,18349,nfx_2EF7M4CXGHKV5182W2Z89819RT,d63e6b50d661618e30d4d57b4806c4d792a9d112a1142d41912b7676c74d2af5
ciqual,18352,nfx_6W3QAFJSB58QVG9RSSGEV13TR9,8092d94deedfc59ad2c69394d42411da265a8aff7ba8cfdaebd89e671c532bbd
ciqual,18353,nfx_43GX4SWMS0GHWET193P2DT4GYW,e04b61326440bd40b050069038e740ccc0088b123dd697f0fa870a35d23f3583
ciqual,18354,nfx_3XK1B6V3XQ04M0X4G9EJBQ4WW3,9bd6c5d280160e093f2277590fb1c77d290ae65afc7264b1f897f575b5407b9f
ciqual,18356,nfx_5CRS6B6ACKF3GJSJ2TA7XJ8PWX,b89bbbb245d648ca2b64511557a1370815f6c1446d5d30b4b74bab66c1c34ab7
ciqual,18430,nfx_4ZX5WA0A5M57N8DY3ZH275NJP5,90b996456460e8bea869ccd9877a39ddfcd3518f508f72622fa6a7101b601e9f
ciqual,18899,nfx_00J09Z482DWM1RBNZ6D2KNJRJT,07b11ba48b3214daef5a065ffdf7988cfa64aedc8a0a4b7e7e3865f5066ced51
ciqual,18900,nfx_7HG9CW7YRSX1BWSD9DY7AXT0SS,f8cb2d3083dd4b8e30185a82642b87b87c7805b50a614274ffd5d295215fef73
ciqual,18901,nfx_4P5A9NXGQHWZQHMC0712WJM6AN,36c9f28a7865247ee50261aff104aa62413dcd57bf4ed457da989a44d911ee08
ciqual,18902,nfx_106GV4NT336PH3XC0VXV9KBKFK,9056fb4270990406ec63a549908114e89d778958acb2b55e560ab18d5ab693b9
ciqual,18903,nfx_28PEME0PNVJYZ9C69FP8PEG9X8,28f4abd769abbe643616a28fb07b2640411995ca91873056df2fbc8da341fb34
ciqual,18904,nfx_5TK3DEMA3MEC08YMZGSDRY9VG4,7553aaf666d9f2dfa61648ae678e1fafe00dfce35f8613bddf2c5952be2add5a
ciqual,18906,nfx_4V0ZXK94WHZ14MA8GDCQG513E2,0d348c13c23ccccaa5765d2027ed45f1f140de57a835c6e00bc1f2280607ca68
ciqual,18907,nfx_7XD1NHAZKDBSKRTEMMSX0FXHZF,ad3cb18e327c13459bfe6d577c678f1c035eaec7e1075be931f81e22218b3589
ciqual,19000,nfx_3BSE0TA8DZKHSGB85RG62M17T1,6876dcd65bc98bf11f8b6323d4863be999435d17354a6f4e72ff7e8c750ea8dc
ciqual,19010,nfx_3YQTQ2QGMFX2SGAVAHV8CQQ4BC,88e71a7bd7142e0ddfa962426a2cab79100408e51868bdc6f88a8dffb5013c08
ciqual,19012,nfx_686MVKW284CFZ0J8ZBSW4EBDPS,e3658c09f8af41229d90190cc94668e812dba84a0a8df1ac821b7bbd4648c86c
ciqual,19013,nfx_3WRD6THXVRRQSY6ZT9XG9PXN25,7891e36d18ab4e159cdef5f86bccce00810a5dd10f4005c611672abe44510edd
ciqual,19014,nfx_71VDZKQS4C8GYKQ4YAK9Y4Z9BQ,0f9aa46de1071df2580301579ce5871ff52d2cc41a495b41b025dd56279c05fa
ciqual,19015,nfx_5CEDZCWYY095JY8M8Y64Z9NY7V,3f653f800ea190fa49e9710795ff6c945b5ced3c1c3deff6b052871b4f5969ab
ciqual,19016,nfx_24S15Q8CKXCHJWWRPWND8A58HH,3fbc655afba60afef8ec4d80ab9480dd55f0f9bad95772ecf9239808c920fde4
ciqual,19021,nfx_58B4TRXNE181BPWQZKP55F5YGB,ad8bf50dc703bbeacaf725bcace63954f04cc276a9d3dbff3ab2567375e747bb
ciqual,19023,nfx_25Q6RRX3G12MWMWZY29XKRMDKD,141412e06335b8f8ece1ac33fb621838f5f5262ebc19d0f7e8d57e8cb83a046d
ciqual,19024,nfx_46812JM2NE6X6NJ80BST86AK82,36578abad8aefe103e4f90917168d0db64c4f6256fa79599f999dfc9f77b7083
ciqual,19026,nfx_0N0RAYQXXVG054EP68856KCY81,e5dc11c12c5e8bd4d1b1f6fba72dfd5446a5f4fe724f00006d863d6e2c58e71e
ciqual,19027,nfx_6792XESNZBH345BTP721DMBESH,0f0e451b77202f538b79ce72a2a18be9beb602a4bccc27d930da924175ba292d
ciqual,19033,nfx_3TX58VAMN657A77B5C1Y4K7T16,1d7bef4113b0664129cc8364ecf306cb43f7621fb6cb3f903a38b96e820fe556
ciqual,19037,nfx_2PZ0PN2H8CB64DWG1W771TE51R,b0fc4bf47aaf4bf2026f7b008a4d25d6f30fac0b5c3bd5136b1b5efdddb30ab1
ciqual,19038,nfx_7T8RYP2DHBEXXDDKZCGNMP62Y4,4b062fbf62b567b5d7a6acfd6a18d250021e35571dcae355e58bee5eece8147d
ciqual,19039,nfx_3FMPQQB7FGY7SDY80RER3B8AQK,cd94362a3796081bf110432f5aa3abd3fadc43220af348804833d46315c12c10
ciqual,19041,nfx_7PWX8PHHYANJGSTQBEW9MM1WPP,7513184416eca53e36c41e41698797ca064656a7b8daeae79e8884845c4a01f1
ciqual,19042,nfx_0WGM9N6RQ343VJEQQ1K7X4TPES,9dfbfcc5c1749741227d410b98ebdcbb5a1719d08fa0085ba5a9dd8dfae8626e
ciqual,19044,nfx_0JN4J2E4WPBWWCHX1A5GJR7DHD,6f3a50b9f9cb2785cbb34bbe8221e11d752ea95cbb1e0b255ae21fd19d6141dd
ciqual,19050,nfx_0DX9FHMDGCFYA7KV0Z5SMJQ7HE,fe086f6b0753951ac8f53cf9acef186ca04909c3e3d131e152f9e7a4fce5d5f5
ciqual,19051,nfx_5QGFM2Q1X8EDNZ6J9QC68W58MH,cb2763ef1d73ce585e2a5c650a6a9b4efde46b4386bade5409d8b85653d565b4
ciqual,19054,nfx_4Z6PK13M1R3F8APFBXB5MZNJ7H,c4463bb1b5aa5388e5cf344d51c5c9a594a81e86966df5390590f31efff14aec
ciqual,19060,nfx_54C1S1ER3BP48TN0QW679CMJPJ,502d81310f58557ee9b5630d09d68399dcb9c0da798a0d1c53b177ce24f38c99
ciqual,19114,nfx_55Y5AW79S48QA9X3KPCERGA3VG,3e5aecc3adfc131b7d9069bfaf0680fd190904e19b09fe301902b2b3b61a89b2
ciqual,19116,nfx_0WVH36W0ZW1HM9MST33WTG6ZRH,ecdc512e4bab8bb5b2ba857a7aea16cb471a436d77747319be7276f22c33293a
ciqual,19117,nfx_2Q4YZGRN46A0E4F5QJ7MV086WJ,43c9372ee1f3cf0ff67c3d1151f3b97658b87ac375cbdb2dab53c8b7f7fc9a89
ciqual,19118,nfx_3JEZGDYC73EBHDPT1BYFZ65HZT,a85c850f389a26efffa3c21f9af4c5afe7a226a951dce45f3e02e6381f6de764
ciqual,19119,nfx_5XKWC6EN30DXTN28ANFM2H9XPC,75ff2cdb067315d3a16bbbab0a6ca1e9ba514f2f1bd9064eac77c6f7f4f2a194
ciqual,19120,nfx_437CV1VFPJX484FTJ43WBKH91W,4da3c565f64677c0c4b5d5a57492c7a8c86026b747e7b8ccd15939e4b4f62807
ciqual,19127,nfx_28966ASS6T97R4K09K1EMEB2PM,1bbfb3b1c537d1813cff7e123bbde070bd9ba298e54fb33ba314c526c9bd5103
ciqual,19200,nfx_4G4247BKA41C4TYW973RC77Q6Y,495d326a286d20cf10c88f8d9bb4eb6a8ff61ebc5b11565029baa11d9e8ee7d6
ciqual,19201,nfx_4GD7FYGG29BYGF43P9ER07QEBT,971d1c3d13f5c7d58ba95466c892682dd73f1168284e1f15d670561e13e8a76a
ciqual,19202,nfx_0YB47S0VFBNN1R8QTJMY05K8NZ,693c6a6e9d630f42212b11da84400a365a1faeae52370836e1555ede83c47e06
ciqual,19225,nfx_46RQ4KKVM8C39JXMTHCFVP222N,2fa739e6a3bda8c6ce6225add0182b80ec947fe7d0782c8ae84a5c580c78810d
ciqual,19250,nfx_7XWJBE7Y0TAEXXSNDC50Z7SHS0,b14752056fb5a8a5a93af28ef1472ed1b78d7836cb7a29ffc517f32bda9b8c98
ciqual,19270,nfx_0PSKF2Y1P05HYAWHHZ01Z1AJ9S,be8fe9c3ca9b901fe7d159e77baafcdf6ed21a3d031256333265b8b4467c8e44
ciqual,19402,nfx_55MD02H6YZW4VADA18EVXBGTS3,284b39783efe93142831ddd5db850eaf604fdb1b63d0e6eafea595644149cd7c
ciqual,19403,nfx_7T1VNPQD145HGJNC457REEQVCZ,039f1e66136b46622b24cbc672bb50bd431119a32fb026a90bbef42918bac8f8
ciqual,19404,nfx_3BH8DWVT28QDX6P9A08V176WXA,cb736011b2cd8ef9d08c9032554cab85194350e76a89b1a5e332e75a43518af2
ciqual,19410,nfx_5HKEZPBCK6ZVBACSCRT59WB3PE,5ec848be2b79099ae0e527acdbb598185213daf1060f0551d4c55bbbe8deee7e
ciqual,19411,nfx_18H79Q6K1FEJ8J8NJ6RJHZ4ENX,4c3734b1b9cdfe41a23b8a63e4d5d3a37c1ea554610358ccbddc15f6cbb42052
ciqual,19415,nfx_5DW7190YA5EJR5XZJAJD6JAWHT,af7f4523e1740fa92b173256d0f7c02f8e0a17d2bf136a2c183665823afc7d99
ciqual,19417,nfx_18QFQZ44VV9R6CCAW45WY7GWN6,16949c47ee2d9b7106ce48d774e6d6c0750bd305e6879fbe6f3e5490feef2453
ciqual,19420,nfx_7VZDBE6HS3E45FAF8RFP0FFFA4,2e267098dd35553787a50aa614ff596579bc49bb5a5ce2a92db6b838915f1239
ciqual,19430,nfx_3QC89Y309166VFZYG5GC75XMRE,08f4f3bc9b9809c0f90b39f3cbcf5fd0c364f5caf3dcfae982d8c207ffe34a92
ciqual,19431,nfx_5DM6GHEAE6Q00P79ZD47PPQDP2,c7e80c6da4e5d80c30ea171c6acd77ae57b7135a9562eda7e6dddb5df6ae3c85
ciqual,19432,nfx_5771G7KQSDWQ1FP6SZP8NGQV8Y,204c578d86677b6202e14296bce248b5b57cfe6f9ae872671322197ffe25cdb2
ciqual,19433,nfx_6TS9GSH0XM60RCWJ2PQR3ETRV0,b740a4caa5c7efa8e22faeda57faef9abfcc9734bd48d58e90affb9b1dcd8094
ciqual,19434,nfx_2S28AXVSZ01S2754JS3MP1WBS2,9e18f5cbfadd6500cf66a16585ffcc01c1fce6368552acd6836ac11d17e4157e
ciqual,19435,nfx_098TKK2BGJZCNN60NSFTDXDN6H,442c203515da6689ed8057b09b4279ff97fb6d2a5b4a45b623f8598827e94fcb
ciqual,19436,nfx_6M9DAWW2GEX9H820NV7MVM1538,beb06eeb38deed885e3e062a0b3dbd5fa5e35b7db6b65a9ef7652d85a221453f
ciqual,19437,nfx_23FD8323H27GFC69T43A7M80N8,344a607f0958df3c00fde4a9b6afbc2fe34aa81a4e3197ac2b1c53bd104b80ec
ciqual,19500,nfx_6NZEZENCC8C1MYFRY7Q4XN7ETG,38086aa004c87e3bbd12f8fa7c9c2c63a32a4b07b18f90452def3b57c95cb946
ciqual,19501,nfx_7K8ZP5BS6S3KPZATDTXSSSW81V,3a56b4b5e1489292b0b4b17bd9c5c3e0edc166cfe916c27e68d0240ddfdeac19
ciqual,19508,nfx_7Q7SCWC6SPC3REVRJ5XVP8P244,1f2b8c57b507af49340d1cfd25f5261e9370607f038542370449c30d69c39820
ciqual,19516,nfx_0KK79CC4GAAMBP5F3K82RB6HY5,608f1e3b6bc7b0f207cebc74d123878fc52b72797c8f4f9af6b960b59cefa717
ciqual,19534,nfx_61JW7S22VADFC1WQ189SVCBM39,c9d0ea82f5d80e22bd86fc2ae25dfb5e4775089a80f78e1cdb4b18d0c8d71332
ciqual,19535,nfx_7HQWBH3R5B4DQ7Z00JCSW48K5A,c62dbe548fe8178917ade715ddaa75179adfcdd4b28b25cd201e3ec71961d799
ciqual,19536,nfx_6ZZK8X5BDWBZ8Q74VWZZ6X2BB6,2270daffbbabc245fd527584bdd8b069184870fdc656601ee3899c0b43310b62
ciqual,19538,nfx_1A1A8Z74Q5F91T3VX3WBCSXQPN,35e9a15a871cdaefceac595e0f08d2e9cd55ec0d4cfc798c960b396c3dec6465
ciqual,19539,nfx_7P86TMJFW5ANC25RJQDY3E0F1H,1ce33663f4e8a76cffd1eb5eea5b14a05fbafb9a0404d3899048c6af8094f48a
ciqual,19541,nfx_2CCCF61GZFR8T6G3HH6RZ8D58T,1b68316bb7dc4526ad0bb2bc344089e9b74772031537bbcc51f676d63b59b4a3
ciqual,19542,nfx_5MGQ0CFJAK4BR6MYKYRN4DBPWZ,515df64f2d63fa5455887b6334a70fdaa3732b4d241fa361f6fa8d9dcd4f0ef6
ciqual,19543,nfx_13CHSR2PBNEJSDRGB89F4H3GN1,5bd220adcab3ef44e891644f7ea9d0c6725537e732432ef003eccbe4620ff67b
ciqual,19544,nfx_70SPXG3YK4CE113KWE5K43RMAE,a365441a9a5e2333dab6fa31c369ae19462461e0491eafbd93e76ef33955dd34
ciqual,19546,nfx_715JDGFRKDE6WXT8ZB3DTBBMQ6,5e432bd8345354caf5c9aff8301ef6fbc903701b30bcd1b9752540a8fa2b2aff
ciqual,19550,nfx_4ZYWP2CMDZ4FXRZFFVC4CXVEY1,0301add7afeb20d63044b799a7421f6d2a4a9f7ab39e3dee8fa95486ca028475
ciqual,19551,nfx_3V87NFSKCNQCYVPQREA3S97FM8,a0b7a4e366417738c026be77008ae8b35fb5dbd8d9d1688d5da9e342628f6d16
ciqual,19552,nfx_35DJDEM6XB0TKMF6F02JXR3TKV,881dc899352c53a43768cb42bbdeaa04d913eb1e39798e3f7b3d3b9ec2cc082d
ciqual,19553,nfx_6H9617EC3K7ZVRGPXMVV91BD0Z,c20f163dca93eb1c7aa0cdf0982a680c1bbca4b8f09ff74f8267c60d9fa25335
ciqual,19554,nfx_6AGQSCA64VD75AP8RJKFQVFFNP,de10daff12ab3fc87ddc7d5864281c108a0d6afc9256da0968bd86c790046cd0
ciqual,19555,nfx_51XCFFHDXN5Z1RENYTJSXH6YPF,cc57e501673f1963c3737382035ef358c53fc13747e6f9695e4542afd49e0657
ciqual,19556,nfx_74Y3SHPPG5FDP2AWTDQ7SKB4YC,210e6e2310c1a25d56f07efd633220d4daef4cf6ebc24eb426611e30382c396c
ciqual,19557,nfx_51WT5TRWSW5K8P18RHRV0ZGFVM,7ab3f801acc7efb31b6258c5bb8d22375dd27301181f3aeab594ba8ba47366ca
ciqual,19559,nfx_6SPAFDE6FT0KCSWB8KVYSFHGBY,77c2fb189b8c5f580aec544118c5c2babd3e88607835a0771efd225f3f209ea0
ciqual,19572,nfx_0ADC43Q1NKEWE7DTXK7MAGBTCG,3d53388364e366c46844d7c45dc9425c5ff39c0294324f3399c709e7bb988e46
ciqual,19574,nfx_1GMZXCD2F9G5ZZJA8W4R11HEK0,866cac272407c8f25d573be05923bfdd7e737eeeacc0113a9b71c102f4953fc8
ciqual,19575,nfx_012VPJBN0KTQ4WYKQXP7727RST,c25199c9fa8b7b134958d9ad060a9e81e75d2798e50f8e859b66f0a2fff09281
ciqual,19577,nfx_0ZC43K37NBB7CEENDV510Q673M,23dc2f3d1ca393ec3b8a5f41840a66fe0f5745ec18e6161dda80533c69e2db01
ciqual,19578,nfx_36TCC0E2G2PY56BJFX1PBHHWA6,9b1585de3b0242c7ce48f77600d1d3ba1f27bc70d4d180cfd938986eb3d55fa4
ciqual,19579,nfx_4NQF7EXHK7N0Z0R5SD77TEGR89,4a09ecdfa4928dc65dccdb9f828853b63565e3b653e86b1ff1bb822a88a068e1
ciqual,19580,nfx_1XVBXYC17HRFZEFDXJPJQHETJD,169df9d221bd60119750f3944609d676ea5ecc8afa0f819c56d8bd4c57ea6e41
ciqual,19581,nfx_2SM3VBR8QCR1EQDW8ZR8K28DZX,12fb0798b61b7cbf39f3ad2d593e421efcef4f47326a8b99432274365e82f89a
ciqual,19582,nfx_76SEZZNCQQFXDG5NJY27KH1B34,cdfd3eb110397503cba71fa4cb946eb505dc337d3e71a022e315e7b5b4ad2ddd
ciqual,19584,nfx_7ZX4G8FJ14208ANFD5W5RED2XD,97ff7746c8746b3a62df280b619541ce765186c059761b05ac7c021e8442dc56
ciqual,19585,nfx_697ST0KD6NWNF0BFMHKETK6EMB,380d4cc98888bc7b8efa829db3410a2c91ddd825495be81c09f4bb3a029e7d49
ciqual,19587,nfx_5K93PE2KYP5NFV24M2AGX1PPRY,30b61c2e6a4a64b6fd0a9078f272469e7bf2ee30eefaba37ae06e500caa50707
ciqual,19589,nfx_6V6BP6GW9VRHPGD4MPE2DCF4N2,f8de634c61daadca61bb42908d8e93bf544fb4379e75d81ae5197af344adaf4a
ciqual,19590,nfx_4JTBGQD3Z2BTFQKJNAA32B13FS,ebafa7e0ff4cc0a370c83f9d8e93c19ec18a4cd50474bc32b9f374a1313de61d
ciqual,19591,nfx_1JF29HVS3MC296D0QRAPG1N894,64f1b1ae762c22e344aa5179a2d19fbc40d313d4a4b49b53297a9d329a5afcc2
ciqual,19592,nfx_70SP0DTDJF1HG6N8C3TEY02RY4,f63ce0e4dc02e3982a25865419c2c2afe79f456ef91eff51c8809a70dc848592
ciqual,19593,nfx_4BB5Y70XWJGWQ846A5R0TG4JB0,9e6dade18a30192873716e32b4ea5096008906294408da07918421f209f74b60
ciqual,19594,nfx_6WCCRQ0512CY09T5CR9ZQTS72K,fe69363f344a2b9e364eb1fd64626eef68a39deacdfe916219e28bd645d5e399
ciqual,19596,nfx_52RME4CH1J87V587HDHN9MR0GM,a9fa5fadb010f82a687f940d5434185ffa958d91f7b0a82815b6385ff803541e
ciqual,19598,nfx_4S4ABNDX2HGRPET8QXRES9K72H,a3bef64bc11027bc54978dcbcd3b7fe2c65be66366f694b5eeddbb9bf62f84ec
ciqual,19599,nfx_349KGZD0V8MSPRDNXRRT4E9156,187e5108cdefa3f659801e4baa2d80e41d02a2e6e2fe948bea427babe2e2b213
ciqual,19600,nfx_313SK3WHD62XZBX1NYYKDEM6PH,d6eddf345d15d4550388ddede462983050068137f1e585253a9686ed6dc429b3
ciqual,19624,nfx_72H4RTQEH4Z4QHQDX03BS3J1E6,69db5d639064e391cf1970711020bdccffca9cdc2403ae8a3c5dc85258715a0f
ciqual,19628,nfx_0GAM512C9AM2H76J7N16S2W1V3,59a90b2d814bf8722baab928f9a394e9b58b73ce5ed8f03a025c01849f98f9d1
ciqual,19638,nfx_5H25N78H155HP4SQBHR92CDVKN,6bb659c3cc5130b10707b0835a9d15580848e9a0e76d8a8750aec2eba88b3868
ciqual,19639,nfx_0HW2G8SNFNNH9E83MGKY402FB5,eeb2df10d5ded8dbf95188a4eb7c69819fce4b46ecd16ea41bfe11116785d031
ciqual,19641,nfx_4EQ0QS5M4F7ZBWBC7GV24DQT4R,10c827550106f6145045bebe4b6fee73fa5c253421761bc479a91f81e6a4a510
ciqual,19643,nfx_2JX3TQ2BB2FV8JHTNAW4TGC2D2,e66c72b9994913c517a9e403e6b2b63f9241c6e46f75ec5ff0f08ee38369ceb1
ciqual,19644,nfx_4Q3XS954TP65WQ6C61PK8WV8V8,78208328f61c97bf4b4c7f554ce5ec613670858a7fd650523c4ec38188c25601
ciqual,19645,nfx_6VMPTY98W3VH4NC3SPDFXGF8WG,a29f57d11937fdff77b1740f517b67581814564d71bfef3fec1db8fb2637075f
ciqual,19646,nfx_07G6WMGEARW5XF51FKQKSD67R8,bc632b465cc531077618b8997eb7fbc6f2bc4b8dec6bbf2d85940bbce1482259
ciqual,19648,nfx_418M1RX9D377V4RC76NE5E07HR,c70e264bd51bd76b0f5897655ff869e37e3091ab0e1eaabf2baa87b905b46b17
ciqual,19650,nfx_1P025GDDGNYA1QYANCFG7GXRMX,45673c66c1893db4feb62ca6b2be08cc56fd1280d65ebd4d096593b253069b2e
ciqual,19654,nfx_2WTTNH08S3J9HRSGFYF1A6EZWH,3c541f380c609c7acd358dd2083dea6cfcdb0032c5c76a6ce981d9aabb9c9c2e
ciqual,19656,nfx_566SDH1QG0H9XNR13V8ZXDFGE0,54dd05c2f10ef554311cb8e3faeaf570e164cb2e28ad0ecded67eedd776199b2
ciqual,19657,nfx_2WCSAZSENT6JMN3KHB9ZFPGRSH,d0e88c5275686ffd1cfa47731028403985e344cfc6f91c77f76628251557e362
ciqual,19659,nfx_6AP4958G36X79DNPVZDTC0M5F6,888500c9d51e14815622bb32cbb7f2a9b87ca809aa6201709caf1e75f9f49fa3
ciqual,19660,nfx_5EYXRDVPCR2163257CKBFFWG1J,644673de84c769929828f390e8e31240621d8244aead541ae71c7d891e3a7c4f
ciqual,19663,nfx_39WWVPS9Z26KY8CVMW21WGGC8X,3d06b8a2637c9e30834eeddf4e72ec6daf14812437e613686f9b04b135ac931e
ciqual,19664,nfx_78JMQF8T8TFXTCQBJX0NSWJXH0,1ad93a2c6ec71c17cad6380ef3ac993f8d452b175ddb44b19c8bf5f708964798
ciqual,19665,nfx_1FV30MJS1MB626R3XMDG6H9RKE,3851c945ad639edbe21aded971c772102cbb8008a84d35d084cf21a75edd4527
ciqual,19666,nfx_7HVRK8EKZWE1XGAN4BH872VF8H,47d887c31dd1d8c9d6e3652b330bbd22cec7f3d8196554aa07badeeb35b2f961
ciqual,19669,nfx_493WWSZ68QG6A7CHFV2YDZ0CRM,35ed00fef4242bbec749800d8632f2dceaf0ee9b177f22d6b91911222c8721c9
ciqual,19671,nfx_447YMQGPXGP4RCQ0MT2FSP356H,862763d6bef72e3b622709bf11f5600a3cc4d8af52b6399f80fee85ca6224ecd
ciqual,19672,nfx_4TEV2RM41SGFM8403ZJSXM3WM6,03182af19582dba27cd67394afb81e76af413f9a9b93e2f7c13cf877e01f6e49
ciqual,19673,nfx_56AT08KZ30FZJ7FWMS3K8AF622,fd37b7f53a290aec17896aa96c5473ac7488c3e2b1e07782668e0f21b2fc6ec0
ciqual,19674,nfx_64HG6YK8QJANQBBMWWHAZV8NPB,21387059b35597aafdb26bc23b2da1436a09eae4f2e53b2256bd27093ee13603
ciqual,19675,nfx_0BT1MHAXPNVJGQ3F4SGZNP2ZQY,ba40f5ae365e1b4340fd32bf3fd584aec7f0a85051cfc3a9529fbeea18f1088d
ciqual,19676,nfx_4N5RGYM0DN42BKW2TR0KDQJW2M,ee3dc7728569e67dd775d1eee429e374b1de94b9d6425638bc03ab48b26a4075
ciqual,19677,nfx_2EJCK09NETQNTQN7FTY4QT1QYA,b91df9c00da01e117f67c0dfc46f7b9bc493073082480a7efab53f3ac5b2a383
ciqual,19678,nfx_0M0EKZACY7CZG1CFR1PXDFVSYA,a1eb871dcaf33c1a4221cbe88740a9b4eb58c8b70895a0dc904c9d66710d26f8
ciqual,19679,nfx_40QE1R5FHMTKVMEH8X4DNEQ44E,a6ed06f7c5ed5443728f5117fa8da0eb2cb33373a94f37bc7f85b540e2a5fea5
ciqual,19680,nfx_72HV4MG8ZMDPV21DFDQ22VMTHH,cc0a68656c30bdd6c2aa2d952ff432c998bb28d4294da9f8465b12e39f4b81a1
ciqual,19681,nfx_2HFSCSTTW3E9Q2Y19745477H4P,df0bf58f844c81cd9d1d140ac814743b502df0d1bd5707d219fd400b3c986c8b
ciqual,19682,nfx_6FSSPACNZ2S2H55EQ4RZW5XHQA,14dc82531316d3da0f895cfbfdec20f8ea931eb81a08be6356c172a8b02c1278
ciqual,19684,nfx_2ND2C3BYCGH2KY470TSBZY51ZN,64e668ed5d03e03086b33d4881d30052b44742fd2ff639e48af6923504629c85
ciqual,19685,nfx_6HN329WFWRJYG6KEYF7122T6R5,8d394b0651b233e33efa01f553ee3099c2492eb6fceece219ac6e637d4d5d39c
ciqual,19686,nfx_5CZMQA1YD0E9FMKK1SK5QFTQAE,c1265641d96ef3e962f95a41476611c1725d40985b04dd1ee3f96e98c69b2385
ciqual,19688,nfx_19ATA12FSQ19NE07TPC280S3CY,8cf82e5c2ff85e0ae4db3a7482c93df80ff6e9c2b40eb8fcffd0ebf7a69e27c5
ciqual,19691,nfx_75FREMYDQWB9V348AF0AHFPSK9,682279d49bc5dfa453629ecc1772d4a7ee3ad131fd87cf260fe037a38bf1c72f
ciqual,19692,nfx_1GZMH2NBG3E7YAQM0V0CJVGVW3,cf89e935e2ab4139dc0be6bfa1486a987213dd17588e7fdb3d7e6cbf1b5372e1
ciqual,19693,nfx_1BH1NJCZ2AJ79F2RQ9CWN3SWDS,b5d8be21f6fde7d6d5125b96e277f121c73e465714f883e4c6b0a7ddf0373dd7
ciqual,19694,nfx_1DPHV0VMHZ0S206H5DERBBS255,28e4cf4317cb7b177268d36f3d85bb03a78490baad1defb1b5950dda8f6ca308
ciqual,19695,nfx_7XMKZ1KJ3KT0N33B4BRJE73MVT,9b501279f8d176f97c41b4661ab17cc1891cf79b03b751d793c2b4a35aeba941
ciqual,19696,nfx_73ACA3X4586DP1VGKC9HWGPYEG,ec85034fa33b215c026c664f856e293b1ba6b6e18e4ed494084d29eea8808a19
ciqual,19697,nfx_30HWS4RYP53GY1G19Y31FC8SEA,8051c16e18ba995e2936787f79ac7f1d91e4320eb0b91a6bdec115ea71a6df49
ciqual,19698,nfx_2DTSFP1SAJK22B62F9CA9NHBH7,6f7a957676571702564e18d17231731cb2c0eb094ee01879e4c46e4a5a2ca519
ciqual,19699,nfx_3N5T12NN6G1K2F0YHF8AXA21VB,ff26e5753a1b1dbe98fe40924b8814c6a517bb469a6a7a340508cc232ac10c7a
ciqual,19705,nfx_77ZYCJ4KH04XNS1E3NCR7CHPTC,5faba5c65c94dd3b0eeb00536d37635c0c3d3fc1ae24641c381bfc3a8864b74f
ciqual,19707,nfx_17H5PFXGV129GSAN8747MYW952,6b4781b8faa0e4ed78f72c343c99e2df3993dea5d92cdce320dd431f0ae60d21
ciqual,19708,nfx_28P5BJVK5ZS2B4ZNC8GEJVNFCS,b8bc5354ea58ff40f7535366c3fb291252a8ddaae2ef2f20ca3144eef7def56e
ciqual,19709,nfx_1Q7NZ8JS4KQ04XYZ6V7Q99BT9C,4163d367d37abeaa408c94f452047cf86e0bb9fc27383a6b210a00bbc90ee798
ciqual,19711,nfx_7N791FKZJTMKZNRWESP7441PHS,1721286055c0c6f2cd8719146d640eeca6011f2fbcc8653304a194b73057a726
ciqual,19712,nfx_4TYEYYEZ5JE28C5JQHW2R6AA6S,fda4988b0cba9dea99ebe1db9b34298e118f9f35cdc8bb24c7ae62d21ad53b36
ciqual,19713,nfx_052PPP9DR6W55987ZYGGNT5R2X,f53e5b40fc3026e9bd3a954571f1b662a5c850e0f0e6a26f463464bcf8b887ec
ciqual,19714,nfx_6HXJ8JZGNKKAY2MFQHG3QPEJJD,0811672c34148b29779d7040df6847d71d84c3ceb7213a13e20964e95119ced5
ciqual,19715,nfx_0DSTJB1RYT3VCKQ811SMXGQVKP,fef0ca2b2fbbd9c8a8ce74eaca613fc6f916686189d128d5036e7b77c057b922
ciqual,19716,nfx_1FD19SRKXASZHQCE37HD6ZSH0V,2417c1b008b60489edface0c374c871ffd788bd4c27e43afef00a184526ebbf8
ciqual,19718,nfx_1AC0CQH4FG2EP71A7ZYN8MTNTV,3a666fa1465ea407ef134730d2b51fc045907ad798370635a60871319390a47c
ciqual,19719,nfx_33JN4RMNMHA7EQV6D9GC1NB79D,cb9973def81f8199d05e254c39c9ee32d18eaf4b35c61ce9fcb192abf462f0ba
ciqual,19720,nfx_08EGN2MGC9CHX588KHNS8DZM4S,fad523c784f68c3f870c70b86420e4bd33cdafae0b09c832799c2484432464d5
ciqual,19721,nfx_5NP23TYXC2TM038GQ5X5HQ9WRK,b00a3bc9d2ce1e23a243f0782f1748f1e2dbf21961782898b365a6ed5fc46ce9
ciqual,19722,nfx_4ENZATDK5ZB6QSBPZEWY5Q8DVJ,e0a606f7fb02e5e7c6bd6142c96c819fdbcd57fe7aad3b8b06ec1b62a4eeefc3
ciqual,19723,nfx_3PX9H31CC5DC8VYCVGWKBTFBBA,b92e8623c727b2ef154323f0d3f9dce1ee4de0ed8ef91219f6668fe99c08994e
ciqual,19724,nfx_3R33Y70S1SH848ZFQNFFM5G2MP,238dcf73dd9dc63676a7af624464f6589691fb55904eb8ee481c0ad96631ec7d
ciqual,19725,nfx_56Z0E6DFBJMXWCPGKPMDKY9GEC,2147c0335ee9cdd5e33f4201116896676c497a7f557f19ce734a38a0fc8a44af
ciqual,19726,nfx_1SH12PJHR2T4GYZWT82JW0VTAP,c72e88b614c767c5066b888af04e682f0103b85667ffd96a0b7ed69dcd1642ee
ciqual,19727,nfx_7080DKV6MAY40MR1MC9T95552X,bf0d8fd010f94afc8d4d668c4f59047f6c9a2d175ddee337e596b9d13d76e32f
ciqual,19728,nfx_61KRXYQ3F3G91EQ5D88TA6VKG3,d62f51ceacbd9a0bcd671d8459e6cae004fa12bfd29633f068ca4eb1a10b1ec9
ciqual,19733,nfx_7M5X5X6BANJTJVRQYG1K83M403,2f3b29118c0d9f019888ab91d57119a08b9cf42af4a41f420ded40be93ae6a92
ciqual,19801,nfx_53G5FPPKJAPS9CHZ1ETHZTQTFV,ffce16323d2f83e22fd1bb89cbae94719bc425be556ffbae2b0f778d127955c6
ciqual,19805,nfx_547QHR6KGA8DXEYWBYN32D9MA7,4cc59ef36097cb4ae434c92b09de58df83cd3530b3033b2309ee1b0e6f0a8e87
ciqual,19852,nfx_60ANPBGQX1G66KG3DMRVF6P1YB,e749e3f7302924d4d3505c324d0b7040d43965f19a02ed857de61024c7d9703e
ciqual,19860,nfx_32X0RXB8QS3HA55H4Q1D42SYG8,1950c6c24f288f4ecda0f2825e0ee79afade46583fc9501175c5b50eb3ad6f2b
ciqual,19862,nfx_2DMW6WMFJEBH13KP045MZ9SE4T,d79764484db7eff37a551b8f21f29a59c2793441761c74981cd0d75594b44976
ciqual,19863,nfx_69HF4EQ2Z0N71EM0F0WTJ72X6M,5cdba7468b2dc35a25a8a54e504f04d7e4151b2277d3304d3b5663957f3a4a06
ciqual,19864,nfx_1D82VBXYBRRMA0KV14ZBF03W2P,0fc25740bcfa1de0117eca073490b3934ccec7d750e0b90e2588e97ec401e969
ciqual,19865,nfx_6M30RJ04PHPQ98A1E5FTTCT6H2,3c45f9011fbdf9993d49b24c08486cb9137663240ef68d37bf9a11174f2a93dd
ciqual,19882,nfx_7298Q7VRW79GG1RWR9KS6VGN2G,0eb0a94e3213c28366dca531ec5b8daa12b1da492af37728318adf15cb088812
ciqual,19999,nfx_37B247BJ5DGS38W43XN29KVM6V,e047568a4c9ed33e1d32e01e9726e90cf7a595d4282c6fcc54e8bd9a53ad309c
ciqual,2000,nfx_5NCPYFGXVAW7E2HKD0X2XWTM4E,58a7c8893148a78238157e7e935db776fc71c0d9f7996a654d789b8545993a57
ciqual,20000,nfx_0F10923JETB92R9H72FRRB599Q,bc2dca0bb95288f32a4b2fce1f461d8315be20395f0b567a5049771aad5d171e
ciqual,20002,nfx_1SM4031FNH17C6A8Y3FZDWXNXA,d7c70f1d88560df9c7297e4b275ea09300eb7815e23a701e25e869fced5736a5
ciqual,20003,nfx_78Y1YYSBNXTM1RXZ7KA34436SR,bc0a21953f74b65593d5651b3e0c37a5bf7450f86984c77892dc271d5474e88d
ciqual,20004,nfx_1BA0S2CZ8CSD0Y5Y6FNEFD1SM0,ccc2d8131acffb28909b6e0171ee77067731c8dcc8d7775c0cf3a81b89440e88
ciqual,20005,nfx_7JSE9WNV4XW2VVM3QJ79E3E173,93811ae51c01fed7c3b8ebf1a84c645e8d454956b8b09486bcbccaa83dfa98ec
ciqual,20007,nfx_34HX5XMMW1ESVX2AN2ZGP8K7SM,e6a50faf7b023778475ef89dfd91cb2b85efa4e1182933b2a43466860c1250db
ciqual,20009,nfx_00HYEF0QB6HQP3Q0FM3CVA30G1,8edebdb134024dda38ce8136f15ddcdb0b5bf343319e12867c82ef939bce17af
ciqual,20010,nfx_7J6J7J3FMJ3Y0CT54FCAARFDB7,411f550ade7f921eb05d8626f7fd6f4a32f87e4e5add59542d02d66bf506a870
ciqual,20011,nfx_66P6KTDB7RR7CS3FTXT2HMEMQE,f82fdc73303a5767ed551309420c3b5c7b9574d8c4a41093a234dbf31f887e18
ciqual,20012,nfx_103X4YM9NYK6XDJQZG91EYJDRS,0684da53712626e1686035d8c12dd61e2317f06aab59db9fe195ed0e5330b830
ciqual,20014,nfx_363QYRVWWDEK2XVFQ1JATSZHV2,6fcb4f590c3659b5807bfea30f14a22928978e7e3263e61beb84c2d6d866383b
ciqual,20015,nfx_242ZP0GJW9GPTPNDCT2MZC7EGH,b9a2613cac5c60d5dc183c11020818cb2d6d77235d934d9049e4c0eefc99e702
ciqual,20016,nfx_0PX89RZXSBNKEFWQ8YTJVMGK96,3db5fd6ac88b4c0221e1cfee19261b7f8ea397f6ae73fa0ab59a535a193f7f92
ciqual,20017,nfx_5048M2Q56EXH0GCJPCB65SBZX8,d9ab29f9c02cbda72aac4e959a2f5ffb635c8c43c2263b57f1aafb6f41a60890
ciqual,20018,nfx_371BV708HE85QV1HP8KMHKWDPG,8d69af1c078d5edf75c770df872cd39ea7038ccd7a57689b186cb9150ca4ab88
ciqual,20019,nfx_562ESQTYDXK56H4TM0DFK6S50T,f04d2ccb1d9af557dacb654b8e662fcdddb5d3ad71306bf5037246f7067f277c
ciqual,2002,nfx_60TV4YRW1SXHF3WHKH0GQNBVSF,5c6cab0e87cf6a855dce03484385920dcbc03130350207e9d8847e0fe4d56200
ciqual,20020,nfx_7FCN5RWHXWSEE006GP8RJ24YTS,9514740a3d1705979e05a685dd7037c05d26d0befac90e658ba9df1a55648cbb
ciqual,20021,nfx_43XVY2CS429HC4KK3WZHM6R7H6,d473f215bbf497cf1606079c0a67ccd028486806e3390fb9d16a81535f2c1719
ciqual,20022,nfx_6GQ8056ACXBJGNAMHQX1AJBG5A,706fcbde19fc9c3e34e569bef1399e1a8c996615b653376e91dacf231b0d2dba
ciqual,20023,nfx_0EGSN9JASVD2AP4YQHESXRN490,57e352fe2d239834a73744e7d097385edd038993205c1a90b148b990df44ba66
ciqual,20025,nfx_2JDNBEEZGY5RP45TPQWN79KG32,e9b1a058f9ceada3c96933c2258445bf7c68ec455a6303d357890f226e19a575
ciqual,20026,nfx_6W9YZ924YGEBMMYN3HGTV86CEJ,0917dcdee8b05921f131d2105ee9e41b307acbe2eff871e7599daed0b04c1648
ciqual,20027,nfx_0K9DS4YZRVQZNMYKNCN1FVZ2P2,e65bee15a122a5cf4a7c78898125e9259bd7647048401d37816f07360bd754b4
ciqual,20028,nfx_5YBSJZ415NP91JPPS9DXP2VDJ8,b8a414e9c8b79bcad8a7f901f6c287229e16cbc6ca2708fb482dd32ee934997a
ciqual,20029,nfx_2Q9M5MHC2BAWCYHB88ZRECTNF5,668c6a88af911431f5937ac15b5568ac486d35b2c3b9dcddf1877891ee0cfad6
ciqual,20030,nfx_4BHA0WZ4SFGKSP851H23A25Z19,3f1699ffa08b6306c8765c684a714d32bb0040d12ec16a2ecc997ce162495600
ciqual,20031,nfx_5YJWEQEETFZ1JANNACVRK2KRDF,c6c8ca2512a15fb643c03356346da0d627fe8b3bb40c7fcf6bd4d10d49d5fc70
ciqual,20033,nfx_27JP51S3ZDW5VSTNRYSSWK3FTJ,d88d7ac7ef60a775868da99158146253cd54be4357f101638cc222a4a365c5b8
ciqual,20034,nfx_74EYC96W1AP4EWHQYB99T42YM6,fb5969215252a7d4f87511110220fc15c2e7ee12abb395fda2c4b376bcb07bb6
ciqual,20035,nfx_4NF93CC18Y0RP54JZJ5G3FEXV9,f160a98af2c1cb7cd83a3cb723138d71e6983f827e978f6224af2c12700d43e0
ciqual,20036,nfx_0RSJ7QYJYX9S00V8XYC1FY13AV,b927e4eea792d6e29917bf582328ee32c426f46da4579fa3a09b2cb41f9366e9
ciqual,20037,nfx_109TK5K4NR0JFFC69WZTXC1FG4,0f063e1488b72108d870d6373755724f0255179d9ba3b06fb8bc6a57ab18f4e1
ciqual,20038,nfx_2DE7AY2FH12M75VQ9FN6EGRVC8,6ab6fac4c70ecc3f6f86903bee70984743b16e40f2531525c624abdfc716805b
ciqual,20039,nfx_4V6ZJ9Z6VYY2AJBRGF0ZXTC3MM,a4b900dbbea8ed3c752512b561ffcd7e769dded51d4ef39f6a0a9cc6efe59a5d
ciqual,2004,nfx_1C91C10SG1MJ1DBHM29REBZWY6,00c42ae77e1503f131f803ad8833d2d531428c0d231d071050619839db5540e8
ciqual,20040,nfx_69V1BY2FG9HA0PFX31W8Q20PBR,1918ac99138fd61375023f0edef4d11817a522d52a59c1d2b3f960f7abb084d9
ciqual,20041,nfx_6A0NWBQRXRM0D6EM7YMFKYK5F0,a3a46096f31d9922be910ea44e8904d642464f2101eb3642340364c681ba2bd9
ciqual,20044,nfx_1GNY15480JP76NDQ3G5EBPVTQT,9f6edbc72920b807d47632edd904678941495b14b34c4577249564836472736f
ciqual,20045,nfx_67WCWHGY598NWGV711EBF3JJSM,fc379d7aee80de4f4065fa4f04c0d238913bd86111d76eabfe7a73d74dcc524a
ciqual,20046,nfx_4A216ZB70MN6FJBYEVA8P0Z88A,0dbd6a474372e8b0f2d038c5ac9689807c62827db2aad777458f32f78ac4e4d1
ciqual,20048,nfx_24C57DQS2SB0K4EMS4E65CQG8C,261d7d3d348af81a4f841014dc49be75c560625a8757794c1b68ce88f012d0ff
ciqual,20049,nfx_2DG7Y6CPKXMGWD19S5603X8F3D,bd35697aa6b4ece3cf8f619056c125828ae030d2ff2fa2c345ee220fb95fe455
ciqual,20050,nfx_7RMYKE5PRK680VHAMFKRYMZA3V,68fc9736eda44b06fd17bfccb9553c396a09bc0530ecee2f101141d38175dbba
ciqual,20051,nfx_20DJRB3QRA5BKVTNTRZGBSR2QF,eefe17659f6040b9055acf3f974173ba0143402241bacb1881bfbffb741188e3
ciqual,20052,nfx_2QYXQABG5S37Y39GETR66KB2E5,7290b782908b6af71ae0072a11795e674503932b0bf682d1515e93594640bb5e
ciqual,20053,nfx_6719GQ95YKB1RF93D790M6FCVV,268838e750ad4fb2d21a802099ca695ad8f6b0cbb791b494e3422ea33f86479e
ciqual,20054,nfx_7XGVFY9ED3GNDGAMQJSYS7T4ZR,224ddc76eeb5813b3b8cc7cd6321a6bf729d0ee9492e0e8f9c54f1707c417f81
ciqual,20055,nfx_092TTGMTQT75NR8JD9AAKHNF6C,b17524cb07ad21b14b6b92f3b67795a2df87fbb3be643f2d23d149e3efb2ffa3
ciqual,20056,nfx_1KFQ4ZGWVHC6G96EBDDCR12NY5,f80edb53161ee17eed155ec3148c4998dd6d06594183a68a009a0dfde5ce6624
ciqual,20057,nfx_2CW0VDK3X6R1DBNXDGKE5YPCQ6,e74bc7754dca483a81304461b8c00e46e5d8158941a4ec547c5f9c431131d5ea
ciqual,20058,nfx_2308FR7AYPV4F30Q7DF2KDDTZN,c5d3dc6c4cc718f86732f9addc29bebe649103ce1932d13bf4c202fd2b576691
ciqual,20059,nfx_3VFTXKBEMENTE7BYBVVEE2Y7DW,17e22cff4b52e9790103cd7374945bfc6575a8dcc6cca98be2567cc78376c5e1
ciqual,2006,nfx_24NN78V71BEXTH6NKGTAEG5WVK,cd0e6fa9c186ea61a3269afb77faa003cfc1b373c8dd162278685f3828717491
ciqual,20060,nfx_68DJAMJHQFTSSMZ5B8RS5ERQCK,d3d883688bb59fb3b7bef363e57d52dac067900bb7520a955a493e2765aa6b9d
ciqual,20061,nfx_2YFBQGGNTSZZTYP9TFM82XA0P8,f9621e2d6080d19c61fd39f3ade85a6e3bef5d826887e1f5ce14ce4e12314e95
ciqual,20062,nfx_28WMRWZYJHN2SNG9X88NM5F9HR,e5caf1f40879bf973dca0a190c57c95116a768df74c04f9d6ef72f847530f058
ciqual,20063,nfx_172RG43Y2Y4KFZJY51CAP493D8,99fc9fc4fac6e8150db7e17f39078d798a87163c0a2f4270d2e9b83beff829fb
ciqual,20064,nfx_1EN86E4H3739E3DQ7XB63T1V6P,80ed62268e2a7e5a68b99b19fb13941e2b387507e48c0605c3ec9e4ce936d7ad
ciqual,20065,nfx_3MY4SFB4JH4NFZ4JZJF9P9XY5R,ae386048377b9874d36920a904ff14e3551067b39017f14bb46b0b1867d70bef
ciqual,20066,nfx_66CY8A7CKM0CXYHJW0MG606627,bf7721d3fa851e74649ec04dc61ac6e2f204a23f3a11036b51df8d3f18034cc2
ciqual,20067,nfx_399FVPQ7HJZMWCFAA58GDC44M6,8842da731b11b901d0e39c39ce67c8b79a1d6e90f3addc1b19cb8295c5845f8c
ciqual,20068,nfx_42KW8WJZP6HCY8HN1EFC86DT3F,5865c99651fd9f36488bfeaafc4ea74e793b6fe301be61051a23985ddc9cfd54
ciqual,20069,nfx_2B2Q1CB9XKJKNSE8KG78DXMZK7,c0cf6c0c0cbbd4480c648ebe14b0d58900da293cd5615d6ff1246a7f51c0b9e6
ciqual,2007,nfx_3S45BADNH6THNNTQC6233P5SYY,316444b5e57ffca788aa83199f6b2591c13d458e3015b5533848460969f5eedc
ciqual,20070,nfx_7ZMRC07FFY2FXSHA5HMDAVZE1D,81d49d2e6975d1d2562896d57d055c0db7416ba39715567433fd4061cee9e455
ciqual,20071,nfx_4WHZKZG8E0065H2WB3MEP1ZKA1,625e3c9a52c2080d86156723b82037ce520aa5ace1c26b10ecbe24fd8a89c31d
ciqual,20072,nfx_4FC7ZMDC9RED40VMMD9HSM3SHB,f575c6a37151751e9ac094da0c5db6829b6c170db54941836b6da13146e1438d
ciqual,20074,nfx_3CSPJ0V9F1FCXA1266SXB9GPYM,d11a4517578d603f9321391fbff8c2ec10d903bc8f2f54327a35a6c58f0a814a
ciqual,20076,nfx_64C4C7W98TABH0E9BWRM1H1GJ2,f0037bb6f4ecba749906dd94c631dc41061dbf2c4481edc15dcc986f42ada150
ciqual,20077,nfx_0RG1JNWBF073Q9C913PW7YSPK7,9641418b0efe91b1614a85d9d4058060918e6b37674bce4f233f6f4efe0944a7
ciqual,20078,nfx_0SE4J2EJREQ3A139CS682TWNEA,73df71effa0a4f9a0aeaf3a2e25e41c8b2b6bc16c900e2d850415b67f2d6ab91
ciqual,20079,nfx_3FPPE8ZAMEE2XD4S8MJ5CZZ8G2,118eaab441e991f9be9f7327f3c883bc5363a9097863f8aa8598e690f6f7fff5
ciqual,2008,nfx_5Z7VMC58TZXXJ1XQ5V8TMCSK18,feecefb62a53d58a39ad7f6aff81575533353e1e7b8a73821ad143033df50eb1
ciqual,20081,nfx_7SRHQWGQ9NSE13X1SFNV0WQCYC,525641bcffff2a7826cc8625d04cdfb8a96ac2e9f2535fbce866fe3a20949c11
ciqual,20082,nfx_3XCE2D9269NPJKNG5JZAPYTEVS,1f18c75a69cd5584420c92f8ca9866b94a3f34d369f415b288c0ae07f3eb005f
ciqual,20083,nfx_4YQY36EPN5WCD16SABG35KD0MF,664399c9b167d989f6c685b7c10060321c1793e81d5558243e5070cd4114b240
ciqual,20084,nfx_4FNZH6Q1J20YBVZAXMBATSTK8R,f989b686401743f53d1d2832d57c5b8c606327ba7a82659d0dd4fffd25f547b9
ciqual,20085,nfx_0SZT3565BA1BZM4PVTZ2VTYP43,9ba95f5807b4332a0e9e929d74ecfdd9fdda315f1ae94c6172c209157e18ed5e
ciqual,20086,nfx_6BQ511C0YYJQSSRPG27ZWATGX8,4db8ec8161e85a54ca94bb9882c5e0f15a804e493c67b86adebe293f5579402d
ciqual,20087,nfx_74Y8BEZWD7G3ZCYRASBKAMZ4JJ,505f628bb2ba9a5d78883ca7b7420f3f814e2f4f0c9ce51149af1edc215d5e6d
ciqual,20088,nfx_0BJC72B29HRFWZY1XF4THAXBJV,d8a3568f121ec8f98750b59a5e57a6d3662bb28c927ff4843770fadbc8d633bd
ciqual,20089,nfx_5T2WP35JBVNJAYEA8K3YKKEMRR,3f09de4e68cba9eb286b31fd77002f83fd6a34018902bb622e58777145321d9c
ciqual,2009,nfx_0GWNH94JFKKM7QEVEM10PMBQCJ,de46cae54efb392bb51a84042a48f7ab44e2a403b9fe560011c6aeddb84d4a1e
ciqual,20090,nfx_40F67TRY8118969K41KYFE3V1V,945ca0442a72c8b530c4db4e73b09f389ed08543a210a4b97577c8274aa5847d
ciqual,20091,nfx_6T357Y2TCW8SCK3WD9D41ACS2W,3f56c9ca2142ceee7961b84c2184804c139274a34314a2d7c85841b116e959dd
ciqual,20092,nfx_53MVCK0KDS5PMNKV6STX7TFEM9,37fc8d96d805bd9deca76dd6aee25702d49f698c04a38e234910df16d219397e
ciqual,20093,nfx_3NQ9WGCBE47G0YBQVH0JD0ZJFF,bf0787e85f6696623a874e044842377d01a98070eeeb3343a362db7f967c57c7
ciqual,20094,nfx_6JNCMR30DJZM4ARH6PWSR578MQ,bdd2368617864ab50a016068244d562b2e59e59df82a5562f42dab9d0f18bbae
ciqual,20095,nfx_42P5CSBFZ846979ZSA6XVETW5P,403af4e51f438f82cb8ec51051a6076e867e43d6c8627dd58b60abf49996d899
ciqual,20096,nfx_6ABN8WDYKEWEM82Q195WZX8W46,67dd4a55336d1ec9fd5aa1801b2a5ac8a835df46c60824574e3c6dc9f3965339
ciqual,20097,nfx_7XP2WJV430XXW3Y31SZQXXBPWP,5c2ee99e384cfa727da524c7b0cf2b47d025d8bee4944bd82a35b0a4b5f187b0
ciqual,20099,nfx_46B2FM37AG63VP435PE5VZMEZA,01dcf520942458a24a51de2dc92bba5c1b097e55789fb399ca4b790c7719b97a
ciqual,2010,nfx_5KMX677CJCMDG1D0B8P73RBZBC,d9b4834ad6f08b9de4fad80ad8b07bf59adec1aa41339ea494edb96c977ae9b5
ciqual,20101,nfx_5D4ZQDFWXT2B7R00XS9P9W6E69,cf5ebbbd0b0fb32c7e36253e9954b9c7f9cac55531176ba4bf47d5d6a51aa39f
ciqual,20102,nfx_0FMN3BSF76BTA9R769N97KXD6E,0b4cbb06d5cfb7612e95a8d1c193f7d28ceb44478d21f14fd2a3248e626be3ec
ciqual,20103,nfx_16GP7P901H8VDJZYQMYN9Y9AMN,cf1530f7b90ab2f36d02ad8d2c9fd057d27c62ebee0a9f2222a571b354da4c2d
ciqual,20105,nfx_6NBTN2VT85GFTT6XXXTCABM84Z,e0f55add2018e5143e26ff71dd6d8de1243e2bbe69074e84d95d72dba502fdac
ciqual,20106,nfx_6Y785N9QBEJX2RS5C4NPCGPG9S,7edb62fe0855afa24086ade8cc3bcb7f97b67a242fb370d78d3a18832a465ddb
ciqual,20108,nfx_7QH26PKNMNBRGP8Y25QC5QR6Q9,55e4d60fb65255f1b25df2d42097eb733b3db27218a636c7ee374ada644e40d4
ciqual,2011,nfx_0HGM416NXAWNFKCZRQ67SF2F8G,05ffacd433665eb90e7f85c13c1150342e2c486bcde88d610004ed129bd2b9f9
ciqual,20111,nfx_77XC5XTZN273KAF3X3CD47S8BD,177cbf8265ab3cfd89ad2058d03705cb0c7060d4123351f1802e1325296a4c76
ciqual,20114,nfx_4932G57VDVVPSS9KZMCSNR9FCV,ac694752269e68b52423bd4cd3a21d111252f31fc91cd5d5eb1db168449ee9ce
ciqual,20116,nfx_5337PVNKCFJGY2Y2A0GYZ8V1ZE,93779d600389d6fc53a3d932f1484ebe3388aebce4e30395f9709db98397b0b4
ciqual,20118,nfx_43Z8J0D2BGS9RZC5X7HVPVP798,dfb25b2dd7da45304e803ace1ff1dd6a59a6bbc366303885caa78cbf1194a1eb
ciqual,20119,nfx_4E5HQ26D1NKZTH2V0GTY48CJ90,55cfe8f3dc2e08d1ae3fee423e1ead085a8172d9f0d84f330f155faff0509e44
ciqual,2012,nfx_1M15RQPBHCDE09CZYH3CZ65AM1,e00b6c7ffda771639434e08d00a30b212d1351151288fd34d367527a4b4a0501
ciqual,20123,nfx_10KD1TM04PTSHS28HX7XKK6FGW,f4eee163185db5b82eef36b05509ee5626f9953749aff96b9c15b6b5606ee42c
ciqual,20124,nfx_734BBK3MA091ESQV1VGMH3CHSE,82e6dc36147f039166749012281f689b1dd5a94492eefb69132fcb1a8b83d045
ciqual,20125,nfx_0X507ZFJVFGGS7NS3YR7QD8X7C,6d8da08a690f8189f451a453f7b33ab04d8b908570a6e1ccc48450d36dd3b829
ciqual,20127,nfx_2W57VYBQ09TGW0RS5SJJHZ3ZNF,053d6b55cc315c37b70c1b78c0098a8af4924c53f0674ffb978138a99221ad31
ciqual,20128,nfx_2TCF9GN2X1H77X6426PYPPSGAX,657370093d72d2ad107435f1dc9bb66cd591cba369e97e6883b07e53e655be77
ciqual,2013,nfx_3H9FFTQX5SWAXB0FWCPZS25S5V,5e10ef8976c1d047bd11784b0636c5b690fcc64f495a126f08f7c96ab1ca5176
ciqual,20132,nfx_42ZEMVF6YV68V1CEDR8AG9GBF2,cd8f6d914304d480e035d33f5964c7d37b8c48facd3d07a6bad7910dbbadab56
ciqual,20134,nfx_2NA05XHBV6SD4W8PDP0660AQ8D,23192d794c6fe27e14c20df516f39a52bee793c33825b8b693e9823621bde003
ciqual,20135,nfx_2K0N14WWZBWGF01TRS87N4H2HF,41237bd86ecb9b060d494fa4eeae2b5c54201ad41c91ad4caf98b276f6b9afa8
ciqual,20136,nfx_4D2KCW087DH1E4MPVCC369E9ZH,f9168fd520124ac29975dce4245dcafa1eda083553f6576cec64c9c9192b684b
ciqual,20137,nfx_0TBG758T05JXRWZKVDBVJZ68AH,6e7276e1388969858c936945cf30c0944c212a9680256da3b1cde57bf8e82730
ciqual,20138,nfx_36S5KP4DBJKEZQ2WV4VGCQJHVJ,0765926b588b064f16e77a7325dc305fecc918419afef1426ed45dfdf759a79c
ciqual,20139,nfx_0YJ4S9XWNKBFXP7WRXS0VVZ64C,cf49747fe0131c0d3a96950a0be878aade5fb289d4dbd8196fe3513f391863ef
ciqual,2014,nfx_6SDKYQ4G8A7M5WNGC8RR2ATCQZ,7ed476d03e4b26ed89903f11aa99ccd2b2feb5614a9f380b13bc397acb6de645
ciqual,20141,nfx_1V6AK0DNSJCHNWE5R4WE32RQ5D,f153c7a8c43094a7d60428994b46bc92df359a3b059cd7624d1208db0243d560
ciqual,20143,nfx_29831S3XAA4Y5VZ6PVHZR57EF0,8a3877dba2f166f4118dbf3f3ff2fb45ac567080294991ae9b8d7e9360380172
ciqual,20145,nfx_3Z680CZ7AGS812A67FJBFR0S4M,8416ea5380726bc3f5d576dbc79415533a134804294724ed53e25680cf4cc720
ciqual,2015,nfx_285FE2MPGR0JG5KBB1D38EDH7P,1a0293c0a22bf47e11036fc4ec5af766358eb556aefd7012eeb43f9246f1fa5f
ciqual,20151,nfx_2M9GM32QFZ3ZTG7Z7XMT2EH4N1,dd49ba29a91154749d9ba6134339384dbccd2cc0f8656c0be143f966ce1d09c4
ciqual,20155,nfx_084KVNVYHE2A6ZQZW82HRDW3D0,f79b7834a6253c2a111b507f764fa5c5b81f946ca8242742816447192569d6f4
ciqual,20156,nfx_45NKFJH414GEGW1VSYGXFP2E69,6cf2fbba864a15ebe22c23bf1e80948aaf25fec9f387bf0c8e25132ff2b59a0a
ciqual,20158,nfx_57PGZ7TBDW0C8AEV53VYFSWTMC,d50a80e812bf8651aec756d22c2c5af6cdf563503e1a778295071bdc12eeb487
ciqual,20159,nfx_4G25AE1GSBVEDW6FG8EPNRQZA8,7c4a1dc64f7a9e240bf2d47dec56a76caec91bb5bf8c2a31aacbeb3af9963208
ciqual,2016,nfx_0D9SNSJCANF771X3ZGHKH5YC24,aec60986854b3b29098a8b9609aaeadda8ff72d24973e1e7a60f35b67613939e
ciqual,20160,nfx_64E4RR5CCCKC8R0E1FNKMTB470,34d9ebc9f382fe369cbd6a6a588026021172c967ea6215910fe0b36a3c1c0e77
ciqual,20161,nfx_618EVSTQ88XA9BKKXZA269THTS,7f7b868b725f44f1122ea044aabfe4e5ba0fdf5244c346c739c3196bbaf7a744
ciqual,20162,nfx_089BJQWBWGGXWQG4JPKC92JKBD,a48c433790c96a18387326d785ca73761d946fb86f4e8d5055c77c8c15536248
ciqual,20163,nfx_3HKDYMMT8ZE0Y3J6VVQTHSGRGG,a8fab4a4bb9229d699c6341357e9c9c545d2c04bb37f9f93929382776127526c
ciqual,20165,nfx_061RPT6PNFGQ27Q70SKR75TBX1,66bc1cb922290e87d228c959fd62690c2c90710d26bf388f4c8f039046f6c0f4
ciqual,20166,nfx_58MRJD85W1PVP22EX6XRZ0TQKS,bd934502f1876e3d31a23e4ad5179e9ea6a462ae41cf94be5c09292fca74ff6b
ciqual,20167,nfx_1VS8VEZ9214TC2Y1SFZ21MTRJN,eb24ffc09297b05c6a891e7454f1eaf63c5d32cf8a186bb065907eb987a7cc57
ciqual,20168,nfx_6ETB4QZY2EWX1PBP100CCBZ0T8,ee7a83650888ab9576814c66e3dc58adf1baa66c5072dcf1114d757f662d3fbb
ciqual,20169,nfx_09R9CZ0K353VHC6G774Y5Z94CT,9c3a113868623d031ff21888b037d42323188356436768f392cdc7945b5fcecf
ciqual,2017,nfx_7DK43J2NE0BJS697AVQE4FQBGY,7cd97d4ff4c96fd2a2e7151f7f8aecc0a16162422218d3879cf10fd144c57151
ciqual,20170,nfx_6A6NG4B0V44X2EGBKM7K0YVBCZ,1514ac1d7d446b249a94ef7f8b7e4b73798b46e8d839ee131fcf472e2bd258e5
ciqual,20171,nfx_5JKP0NWTFK6KR84EK1DW5TYK37,3a3e81fe91cbc4d5d406b0e53e18ebd68f36d6a76476ebe3378283ab831cab56
ciqual,20172,nfx_2MAQ5H1NKTZYHM035PJBF45CVT,de7a909a5cd6524f396e3c037178b1adac1158bb2219ae759a6cce7132e53488
ciqual,20173,nfx_7W0TTR3C3CJN72YSZWJNE6HJVE,4adf2c5c77903387fbd45cf529fa02e409ee11d140816338dd82d79681197a56
ciqual,2018,nfx_5HHSS1A6880GCZJAEJ08ZFM431,947d4733750aa041e6fa198791a1bbaa36f6ec1d0fc38c2dad0f9468134d4a8d
ciqual,20180,nfx_0ZPVZX0P068AHR2RJ0XHR3HA3V,01d4181cde669e21aba3f29a91c85a0515e308ee1a04e48ffe0d887bd048b7ff
ciqual,20181,nfx_3EAR8HYSNR3VTXEZ0RFE06QS9R,642464f869e735bbe28bc718945dadd2422af1dfeec67be07575412eb7a99443
ciqual,20183,nfx_4479VYG2H3FE6CBZF5CQBBMN5V,9815620b42595fa7a0370fd83306b5db6f08f4d9f7328d3a04988f5b0a7c444a
ciqual,20188,nfx_3TP3T01WN1TVWHF18K7D39CXBG,05d1aaa301f2a8364bc6196f96732c6d92529a6b8995a95493979eae414ce577
ciqual,20189,nfx_2HGAQEQ6VH8PJRGKD0DWP19BRN,538d11c2910aae8dee33f170f4d67f04009964f73e0fabea34b5ee6bdeb031e8
ciqual,2019,nfx_73G8Q6VTC4XYX7ZNRDJHVS2NJY,0e23bd0d129e592e78a9295a3873cfba9317eb6f7d000ba67e1d8a18eaf5303f
ciqual,20192,nfx_1VQDTKNWBT53XSSKA2SSGTJMJX,5ee168c1ca06a3b30ed34c316e15039f779e5527a3348224769938940e4723db
ciqual,20194,nfx_5W6WAWXVNWZJEV0B0PJ200C25A,61a7a2133e9c15d58a47f2cd314f2120f157d2a445a1122f8796d87bc26e61fb
ciqual,20195,nfx_6JCGG26HMABH6SXCB2C03REYW1,e269a312d40f27a3f8353d1b3fbeff42d82b9eaaa4c9fbab3c79a3bf23e61b27
ciqual,20196,nfx_61A9Z95ZEB3E8GCQYTH6HZK4AE,503cdac1b84ccaa447043c07cea4d2758640f5896ff3d087f70beec7488408b0
ciqual,20197,nfx_1PR35A8N4ZN01BD7CHXPJ8P3G8,3544905cf969ebbd57274cb419fc02ac5a53d0ad07d9c22a7b9e3c04596497ea
ciqual,20198,nfx_0CY6M9R0TPJPNHEG9HXXBS20CN,5529c6770fb5f45709b5236543e7c93ce26cb1320bfe58cf7a9882e26332c91f
ciqual,20199,nfx_67RZW9R6S1AEBVMCC7BPZ633BR,4ebe45ba3adedc252cbe08081d746221e0cae35c43978e00e9f41f4341cae7f9
ciqual,20200,nfx_2506C6P0Y783B9YJ831X46EVV0,8aa507f97aea65a97e8a527856da1a26b73fa14008affd0fadb959ad785ff1eb
ciqual,20201,nfx_7KRY7BSR4XMMSS437JQWJQE512,6349e7e6ef69a30105601c38c92d4055f638374d67541f5073fe28568bc80de0
ciqual,20202,nfx_32XB88B8W69PX2QG0GZQMWR53J,7c904fde11122a9bd52d446c1de2c8e626f6c2e07a502ee74f855a51ccbf81b2
ciqual,20203,nfx_49SD9C94N8WAR3XWPTT59GBBG1,fcc317a9c7988e636473ce9f8d5b0113f047c412c362b51d1a9698dda3477fcb
ciqual,20204,nfx_3YB7Z0SR9ZV5RYF0Z4PDVCW41V,382d8daec3e548cea63024dbdd7236a12ba7fd960fa5d2d6c396410827797146
ciqual,20206,nfx_5YMSA1P0B2QDDNND1EMYTD7YBH,6192b7144ed6b725717ca2db91531e1a2e46743638fcff4e29733579b908ab63
ciqual,20208,nfx_0PE7GAZFJSQ31QP1SZZVF6EWJA,2380db83e897aa0bcec18b8e48eaa6f23b33e6f70187a26734f7abd951b1fca5
ciqual,20210,nfx_4N214J5ABVZKAZRE21SKT2WEPZ,b508ccc070b912ade0efc9eaef57c35d39011d930026e5211c6e587a7c8c69f7
ciqual,20211,nfx_1NFRTN31Q3Z0MBBR2VSSKBQ8NN,9e17ee83c2b6074336bfa6970b46edc63518cbf229cde8388c15f917df643ad0
ciqual,20212,nfx_658TY6PJZJC9XEYM30N80V7K5C,075d5cb39d609caafca4e1cdc366cdb0b4809618c807be1542fbd66d21605d10
ciqual,20214,nfx_77AAT53FVNT3NC1MS12FP6ZF9K,7c0b88a515ac89a9769f88a946debbbcdf6c2754d981ee66d520d7a228a6b673
ciqual,20216,nfx_1HM6TS9BXPV5KTYDWTBZ9BEYWD,bc80f197b824c946df3862837f9cd3ff22fea60996ea1dc59c527a1479cf9910
ciqual,20217,nfx_1RQ8S1HJ8NPPAGT0AKAXEXG590,9cbf40cb0a05e9aa76bc21248d0b9f617bc6037cc26df77f0896908bd9a9d1bf
ciqual,20218,nfx_5Y829T9270D74A1K04STSMHW6F,a7ba675104924526262127862403d07264fa67dfc6f71472eb166e46d9220674
ciqual,20219,nfx_410EB5R8T38Z5W37TF2GSXE5PS,1554bb4250cef27ddb5d75a82406e9b27f5f275d8ad8076fa3728b5a78e9db16
ciqual,2022,nfx_1J6C1XYJW1DX4H93P5MCQ5WZ6K,48a0708eac76eba92d882718444fbe5be2b4240f9bb657fc97c2faa5c2370b92
ciqual,20221,nfx_7HK01V32DMR71CX36B3CEG74NM,15b26b7b2e616659d7110dd32a0fe2a8529091af33f3906f2a59194cbca8f51e
ciqual,20228,nfx_20H38WAP1E2P8ERDYM5N9SGHGJ,147c56024247f1cd9478d4dcaff8c5261f2aaa15c9da5eb08e73cfd051d8f2dc
ciqual,2023,nfx_53479KV7K623PP6J3MF204ED5G,dace26a7ff7d67db706576a8f6a389484ac57e9dc4e192366e402f2f93e3ea8f
ciqual,20230,nfx_3JH6N2WNR2K5RTR1J6BSN62F62,677416063412f18b9d8e2c1c9311d27927252eb74524bff964a9f86b2be25bf9
ciqual,20231,nfx_647Y670Y6GWJF1R0QGYKMS8KHW,0b1fc876e205162770d137575e8b5caf68fae2d343d8ca4e2402a0c6920add45
ciqual,20232,nfx_070TQ48M5HJNY5YEJCWW6ZJQZH,9fa0edccdae052bd1e225efbb4070bd5607d995bb59fe39e0af98d15b37a3e15
ciqual,20233,nfx_4KBQ262NM12RET429MHFGYZDJK,adc3a15864afac1c56878e717f589c4d0e521e517e4c211eab490ae886a0c744
ciqual,20234,nfx_4WWCM6R9GZW1TQXE9DEVZ5151Z,3467f1dd31593e7c01a8dd21dba2fd9769f6775379a85d05841742d52e412f9a
ciqual,20235,nfx_63YT981C6HG5J9TM4MJDT8QFS0,47cf3039dcf8b64aee930914b093195c378d97bd98a5a1d40e568c1cabf5d21f
ciqual,20236,nfx_18W9JZD7AJGX3H7RWAYJS8HKG3,f3c3e5cf055caf8c48c866fed62c06a7b3e35580489287eced3bb09f175d3b1a
ciqual,20237,nfx_2HHAJ74TFJH2F9ZJGEESB7QN1G,ccb737468efc69c6e663bbfbca37c8a05bd280b72117bc93f74b6fae50ff0af6
ciqual,20238,nfx_3GDKBSNWDF21JWDKJ8PWX18HC1,6b6293608cbc65500f380c70d27f75d2175a1442aa5a4c4185fe155624f66808
ciqual,20239,nfx_2PDDZXCDNDEGMXYQSR5EV9ZAAA,50f2d6b973c5078bb59715be605b5146c7e87365486cdfb15a8bf520e2abd01e
ciqual,2024,nfx_425JG4XB2BJKB0Y4FE0ZVEVAW1,10d25d94a02fc4f96cd728ecc8907f9d0b049082de01b24c0d3cce20c3c1d1ee
ciqual,20240,nfx_5DX2EPXZ2TYFZAZ9SQM4MPK74H,6efbe77e392c44752a2bff9cdcdf2edbca050c853fa93c22c94d226b67f8d221
ciqual,20241,nfx_0HPECS54FN55CQ6T2TKFZQHX5Z,3382e368a26d34bf513cd4f7bd96c0883803dd654b69f3d218e506a687a4bcb8
ciqual,20242,nfx_0KT9ZRW9Z0CR6438765MT4SVET,6cd67bdd7e44e25244808c9cc6ae48770bedaa42b6f329ee040cb65287ff8587
ciqual,20243,nfx_2STZ4E5HC25GHCTC1ME19AJ1H6,3347685bfbb05a3c595e4fa27be4aeec9e5529e0b01bf0cd80e74d5b63ad245c
ciqual,20246,nfx_3B16DAT0B2G0RNTSQ9902QNA99,3a0003fccfca387bbdd4717ab0d7a139db49e1e8c134f849e7efb3adc67f6e37
ciqual,20247,nfx_4G9V3F2XC09CTENW6WGMHSMDRH,a9dc287dcea90b7c8307fdd8e87399ecce59e0ce674b7ce7668206fc196c3131
ciqual,20248,nfx_13MG7N6P2EW0QGT4R8YDS0VF53,377aa2430939f11faa54c172c91b512494a443bd716bb3ed76a7cbc762e170e0
ciqual,20249,nfx_6KN9NJSNX1X7JTH57C1CM7ZG0E,91438c6343b5c78b791232400e5b4e25cc8175856d7d417c0cb391dc873f1ed2
ciqual,2025,nfx_2JB5Z9TYDY4AEYXD1ZRE45G45M,e1f083ebabe73a66cb01f21ff69c2ca40b49ee72b421db6ee4cb52a37bec1a5a
ciqual,20250,nfx_6TTE38P10K53VSVA5W0ZWTHS69,ce32895b805e759291857dbc9a3c6f4c353f467008ae1a5d76c3981f17ad7711
ciqual,20251,nfx_7QF8M345V6VXZX965XQH49XXYR,97be3dbeb141f361c8c590c958935630904d12c4e1266d31e0ef2ccf276db633
ciqual,20252,nfx_6T7HXP9KFTF6THRNS3FM59MBR9,0a9b5b1779e7b6574944d3fb6f742332bfb145e640877f513e0a1352f63ec64c
ciqual,20253,nfx_339P57ADGTAJQ3SPDSJ7RBHVYB,4776d3c1fb1bfd3671c2b5eb29ec1aa9f4fabc7fe476385f91e29f977ad38ed8
ciqual,20254,nfx_2YDPJMRHABG061WYAKK6CA3PAK,cbad37429d22cd63bae391a62fcde016ae664c4b05bf569bf7ceff27d2d142b4
ciqual,20255,nfx_5GDSFXEK6XEHMKJ74XKSS5YN6F,df02c5371e79f04373235b1c268f7dcb5f6e707da70c67d914f4c38b997fd4a1
ciqual,20256,nfx_44MPRMGPEDV651QBE743PPKB73,6c5b59feea7a0d22f765bf218d62a9b7d7b47c540b6d9908d40d30b309482647
ciqual,20257,nfx_4GV6370Q2549JBG2667D1TY27H,355ea0e459a1bc49dfc9c7da335cdc431c4c61b69c5967aeeca9143372ccbc05
ciqual,20258,nfx_5QNA07WYV7HJZ76YNCS1GBYGGH,f029d1cfdf0abae529c291f3771f40dade0c9f8f59d01af3e533e5b7c7ae628e
ciqual,20259,nfx_3K376M0HSQTTZ6J34VHZJ1EHSM,cbc10b1ab0662c77371683f96f2c77a5bdb0f7a69fb769056d22b01dd86eae1a
ciqual,2026,nfx_2DB3G1TC7MSEC82SWVNX1SFAWP,2f13f7be71feeaa8a84160302dd11efeac17ca140210ec4c47b426ce86805211
ciqual,20260,nfx_7WG2JHDD32JG3MGBH1V7DYN4BR,984928aed395999e2facdb3156d25c5f836af99e6ceb76885dfac41dffd6155a
ciqual,20261,nfx_22XB0FJA3E3XWMST9303CHCFV4,c765506f64e35d72228b656d120c0b0af81f127ef648531f4d75b949e9bfce15
ciqual,20262,nfx_1A2C3CMD6Q7QYY9Z8SPM5G7036,01cbd734471d037d8a181999acf780d77b4d7a2876c03963e2a2719484350b96
ciqual,20263,nfx_3VX7DQWQDW2WJBAVBGE1HGPFD7,5cde5affaba42918c6af82d2f8f1b49472dad0e80dd3b615dbe76cf0c0b9bfe2
ciqual,20264,nfx_71HJNBXAFB9AQ6Y5K4TATGR1DQ,7a1135e028a1a6e712d54daf23729507f69dcd493f3f235afc2764e06a15ff78
ciqual,20265,nfx_6BPT0QP38YVVRECGTBK48ZZX9T,1bfff16d83f11910f7049ac7027040de74a006e9cb46c9bc06c2153b4f75c1b8
ciqual,20266,nfx_5B4T47HKX6Y9FABXHQ5EW9W0F6,976f7e447e533e0927f1b36df0e02a829e0633efd45dbcc49b830e8856dce908
ciqual,20267,nfx_2PER3GZC6VYAR6TBTJPM97TZX7,d1a33c4d4390c25a7e90c497a1d6f0181ba38e317d9cf78be76a5b30cb740e9b
ciqual,20268,nfx_3WW2W7AZGQQS4J2H09CB8TAXED,ad666c8252d1985baf9bba49e342772d4cb3f466702fadc33cda12d0314d197e
ciqual,20269,nfx_2RAFZPSDCSJYD0D3CHA5B01NVC,9efd7e32aae641373a649280c75dcb37fc44ab91c460104b13f57bee2dc1b3dc
ciqual,2027,nfx_0HA2GFH62Y51MXF0KC4SEGV2VK,a1912cef4f589a46323579a788631501bf6f0c08b68df6d505271ebac12e7f09
ciqual,20270,nfx_6MSNX5725FKM215VQ5FD1H4VRT,e2e9709b2d5877d2f0996fc2858741ef1bc21368ce0e74e1f1b720e27c5e9053
ciqual,20271,nfx_168XNFBP66WBG5M2J0ZR5B0JRM,e170dd7b7298ccc346f198425f2954be80b0def67e49b17435ce4ff44147c42e
ciqual,20272,nfx_3A0ENKMK579NF3HKYQQ7PZ8R50,8b2510f1f6aee18f78cf84d7cbe485a49d950b037b454f6899024374ad320487
ciqual,20273,nfx_5E93ZJ6D2EKEXMJNSEQQTWFJGP,acd8795bcaf815fe8281b46260ce42e628aee55a2958460c11df48aa3218e00f
ciqual,20274,nfx_4F1TJZ270VFH8C0ZSB1X9JXGWB,6de15d7e1172c2e406d6d7264605481f13bb070f7980ea11e033756b6ce61270
ciqual,20275,nfx_3VSNZKRVN7SGADJ8W9XMXEFQB8,fcfb0f791034211293c928db408948f8c0d0c1a3007db6db0103a35733b2195b
ciqual,20276,nfx_4CM2Q1QCQNQPZ8GWK44AWTC87S,4ded9847bc31b9b8fcdaa7f76ba29e6b93ca1a959f5aaa070c8ffd9c6f55ac71
ciqual,20277,nfx_2DGDMKS96MVCMFNHD8FW9QR8V8,58b819f26e7e8b4be35b192f8d84021bcabeec60179217e6665979ad6e781605
ciqual,20278,nfx_7DS97S1H8SNQ9JM7JWAA7QW90X,91867387a94d6523c8bf4331c6dcb8c9db6b36cb60958c1c17503eb208fb9f1c
ciqual,20279,nfx_316Q4TF7GNBZTKHQJM5ZM8QVBV,a80734eeef33715017269fdc75b38ddceca840c906af384507b88d81a461bf42
ciqual,2028,nfx_6VG17A1GX7H092G28KYCBVBEN0,a6225ddc25157ff3cc398755490336df5ee7154ea010714068aa72981fa5055a
ciqual,20280,nfx_0S4F2SX4H4MJMG8Q67RGVDX83A,1af92c32007d98760140bbe43993d5e7af3857ef1a7b028b310d0e6d4469d801
ciqual,20282,nfx_4YX8QDJFTW41XNBKCAJBZ0HVP0,98dfe4cbe8d7ac4b0e6d37ee24b276b3c84cf357b32a45e74d15708e4d5b0ac9
ciqual,20283,nfx_7320413WV2WXQJPNQ8DJAS8F0Z,ff2b2d52af76788ba3273d0e27adae5382a61ad50ac22244d22e766ef4f37db0
ciqual,20284,nfx_5BAS9D1N6F7D4X9S1EAZNY5VM9,ff5b1ff1e99990e2222197e5b194dc7506af125aec2abaf9de5b4c6d9593f050
ciqual,20288,nfx_4AMJYH7GWMWAQ6DEYR9XJ3SKCK,fc856fb377960392c80b6cb3fd997341894e697a083fe3b2b459491f149ac0c1
ciqual,20289,nfx_5E50HJJ3CM62A3YFCQB8NRNZK4,9a61f796907969c9ccd57ecbb441dca16eba6721b80be29961fc2f6f9191eeb6
ciqual,20290,nfx_7RBBD9P39972Q8SND21AAQMSQJ,57f0c46885f4eb7853b80b0b325ae22fd0226c9ce3794575edb021992f2be2b8
ciqual,20291,nfx_0VZ0SJXXNH11ZRDJG7M400Q3SW,a90c48e5bb357b15f39928849f92d9526533af3d1d67cb2408510c7cfe7ac666
ciqual,20292,nfx_1X3QA00G3TZFJG4N44JKVAZ28V,7bd1cd29ef3551dc8429ac84368d21fca29d26659450eb2ed59aeeac46031cc1
ciqual,20293,nfx_7VN0XF6GYQ703HBM05D2SJ1BBQ,69d05998ae4bc46643a0edf280ebc515a47e13084ee4eebcc662216aba2d6043
ciqual,20295,nfx_3T78D824QH343SM94A76JQMHAM,798ce6f97d500ced1e1457ba90976b4b7afd40e2532e5ddacbb721003339cb20
ciqual,20296,nfx_4PCPSYJTG303DMQW1XSP1WKXSH,929f80ebc8d139573738003b39d312fb6e41659597289726b2024e73ea8a4946
ciqual,20297,nfx_5EWGG6QEAN4KFV1W0TQCHGMZ33,f800cabaaff5898db7e198422e3757677dd69ebcf8c300786b7494f7f45554c8
ciqual,20298,nfx_7AD5HWS1SCZ1S1Q4GSEKNWTXHS,8ec487723ce7d2fb674c4f99307281f592a8490c4fe6a10fcccb646da0014b08
ciqual,20299,nfx_1JHNYD3T3M159DPHV58RWWHR8W,8d690d01c722c29992e75834ed52c5b1030640a2a40ac27e69a386990fc41d4c
ciqual,2030,nfx_4EF6WPRQ0Z3VEHQZ3QVZ19Q644,397e1b2765ef4c00986c3b16ce94901a788b2abea3c16af6c1e6d7a3b24487a9
ciqual,20300,nfx_4SABSJ3GXDRKN8DK1JWDKMEAVE,258171ef54abc6cf910fb43a56ed0b0bc34e54d5ee049a7b62ff798a4283a0d1
ciqual,20301,nfx_2Q83VMG5NKWHBC0RVFZ9EEHH1M,f44b9be14bf1d9727399fa873b02436d360e53c660eab90c153dbd51567c6bdc
ciqual,20302,nfx_7NZVJBD1S0HQB4QXY7HNG1BN14,2a82474106f776e46fae3253924089588d78e6aa8f764a0f4f4b2b665f0e4971
ciqual,20303,nfx_11D1RKK3K1QEETVGFDQSV061D2,68971c66049a8bc40e5b52f9bdfc52efe991faf39d14844ab9092ee72cee1625
ciqual,20304,nfx_01Z60KQQ2DC6PTW9NDWSF071ME,892962e672b0f3591d5b6724407a986848539569fb2aaa083245020e27ca2d1f
ciqual,20305,nfx_43NVSFY3TX4EXV04WQ8DAFYB6D,a2120053a3345b303065c7bf9c9f79098a63af8f23cd2c9510abfc4504a735ab
ciqual,20306,nfx_29184FP9V8C1EFB7VP6V1Z0D20,8244fafc8f85b795b7ed4c83c36b191a16319e91b64742802924b7f57c411c8e
ciqual,20307,nfx_2XX2EVNDM31WSNV07Z43V5NK62,86f6d2e6005910c82f66d4bca41d2a9c87ae83666d6ffb50116e9c0d6406e46d
ciqual,20308,nfx_4MJP5VCSWPFS02DDD5D479ZAW2,3aa9696cc223983a104df8639b125195f284cbdc7f62206ff2281cd15bfb5ac5
ciqual,20309,nfx_6FW9CXBAWK73VMCM3PMNFDS9BH,c07340b2e62e45cd322fe7cb23d1be66e592d6ce1132392a2058ce53b945cf6b
ciqual,2031,nfx_3MSM2DJ4B0CTXR2M1FCD706HWV,c1ffcd65cd198f0882d5a3897e170502ec8d873756825065d3455c2d3b64674c
ciqual,20310,nfx_0V358HVABZRTFY81GCFPBM1SYB,46cdf722cbccdc436cb27d671b46e0680d30924747bf0d0b418595689fd5e19f
ciqual,20311,nfx_3J2ME8DWF09JJ7D86CWZ8RKTGN,cef9171443cf1b8aa439734a81534b4188935b4f61c1f6d2382fa7ffdaba1997
ciqual,20312,nfx_6QEY0W13M5YAT6919K0XJH23FS,6d6ebbd50ad41984ed5286563ce786161bf0b863bdfe85772446f2bc610a287b
ciqual,20313,nfx_6XB0EGMVCK3JFMNT42F451082Q,20d5f45bf8ee8a40a55fe1006ee2398295a1229f3ab2cbdd023ec0fea48a6fec
ciqual,20314,nfx_7DA5W300908APYW1H5T1X3WMWC,4c7f4d90883708ab1f2c938add0a6c812c42ce12268bced8a6c4fb403703c2a9
ciqual,20315,nfx_34R2YK25VQ33FBVSK84E49V8ZT,4b2411943146ede452be6503fe5b455d40ae5ee51263419a9de961b4dce57208
ciqual,20316,nfx_4CR23Q39X7VQBB3HBD40M1ZNYD,940ba7326f2552f59030630db7ab2626f22f2dc91cad7d7d7939ae876473e366
ciqual,20317,nfx_0KA29JGCV45N3A4MRFQ7QNC41X,87483648e3b2a5db67af5f1c931177fe070613c2882e02707e367f3aa61018fe
ciqual,20318,nfx_5SPNTYVM6Y6M00BS8AF26AAJMS,49c0214197a648fff77240f560167767e607a6acca625b4d2754128871bd991e
ciqual,2032,nfx_7CGQVVMZV91ZNZGS22FY9TX8TG,715fa7de04fa864c1ec09adf74121566f9b3c2ecdb7ab45bfe5ed59a5cb6ae63
ciqual,20320,nfx_4KYRVE7FYBV86WPCP9Y5Q5EG93,1fa01bb32cde418522851d455f09b48ba7735989d0be22471cd509acf094ed44
ciqual,20321,nfx_3F39H2SENZH3N90ZTFYAZHW25S,3d41bedda9d0891f37bbeb0f53569ce6ec1ea36fc1d16888bf57e0b6acac404b
ciqual,20322,nfx_1NPM66G8HBRTCR9KH0T8BVVVRT,3cc88b9cc41d51cef9acae51c082be1e6d0786743d7e1fe0a929e65deaa83b06
ciqual,20323,nfx_1Y53E03REC2CQTSYH43NV2MZN4,cb1b6c282368355c032a02d1dbd8cd27c56bec8e0ccaf6b0aa59eee048ea6888
ciqual,20324,nfx_0CQY8AAZ44AFN3E1G7P8PQZAA9,d3643d19ff4370bbf7b6ff038305eb84b4084fdb6580d1021d400b92127d2656
ciqual,20325,nfx_2N8G3HAECMH9K3PEFQ74TSQTN1,799060bbfa147bbd3295fad46e7508f9fb9bb7fb9abdc86465c5fac3bf377464
ciqual,20326,nfx_5ZNQEKVJ3CH73XSAC9WE4E118G,7bf91138845df0b95a594192331796a0dec336e939989e4dfcf3b5a7021bc263
ciqual,20327,nfx_0JQ2FH2J96JMHTJV9A3PP0CF3E,abec7ee688b43e5766529d1e60c95aafb1639c350af99352206f064dca095123
ciqual,20328,nfx_16EGZRDJGK1HY11BNVEZPTGS2Z,69429555898b91cf1578896fbb46e80297c9d397a08f177ea3447fc7d4396a10
ciqual,20329,nfx_4JEMXQTCNKYDMS3SX95H4RTY8V,68015bbde27b0bb5c9718c1a88cf0f8e703b9459f9346db4c01338e9e31843ce
ciqual,2033,nfx_47G86EKCQNYC6EX1A92ZAV6NCN,46a188b2600c36962a246df846a5688f66215f69f317dd542d48dc98a4cf4a25
ciqual,20330,nfx_7MJJJQMZBE9SSESN4HYDPB3H6Q,07f096373efe4a2b3fdb5e1dced88296aba2275eac633d7d6f51278bb9aba4b9
ciqual,20331,nfx_4YQV12SPTWTGPS9R6NFV622ZH8,24a2b59d15d1323fcb9cde913aa057d59201d2a4d4a8818d23cb58fe82ccb89f
ciqual,20332,nfx_5VMGC1AK1M34SFM78B3SJ0AG3R,f906ea09eb416d9556c5a786989e245fe4cbbe46314a90cdbc0ba6fef9671845
ciqual,20333,nfx_52RYM0BTSSN9Z023ANRE4CE9NW,a51c8f2b061fe3c02b8f6301c0c4bf72b0ae77ebe1fd7c8cc2568954fddb2e0f
ciqual,20335,nfx_2FQ0FQG3CS6KJF0ZC29WT3JG0H,4fc097b1e478a32a927cc53024c1ca3c01691d5c7ba71717df40383bdd94f1a2
ciqual,20336,nfx_6P96ARQ8ARGB3C8VZ2HDGAJ2FV,5791ba827692d1e14f82479b1a8afae04ec975d63a490c1a2c7b8606efa8fac3
ciqual,20337,nfx_1C10P98FTN0JXVW9VR522Y2YM3,8e945e251524437584215f437929dfe629c6f0e0e33867fd69ca789d5b0c8a93
ciqual,20338,nfx_2A2YVK8D2BZQRGWKH88SW21HBE,25a3989d9d896dca1bc71d02ceebd315417493d4656181d1b0694739fda36da5
ciqual,20339,nfx_2RYCAPNS4YC3GZWVZNBG783NJ7,9c736116a2a3110eb885fd3de170a6e6310cb9c2f057d0a845b12241ed8cb17c
ciqual,2034,nfx_13TAGG03SAWYGXK21KXPWDRE3M,e158ef2a0e6f08ea279516d0342b0a0d1397e58038ad940e927261a70a482062
ciqual,20340,nfx_2FD4KY994Q46YDEAXQEXN9J669,276a8074560708497f1b597d51f874c4fe694e9d4220df09e8ae7a428f13cea1
ciqual,20343,nfx_5A6V7380TY88TG0B2K3AY2E3K7,cf9752ea188940124aa1059fa588dded4ea7906a85244be7e5e9f4154be975c1
ciqual,20344,nfx_4PGTHQ43KC6PDK4655YGWAB4R3,e315ee5b422719300d748d62335869c12b4ac943992756adc9f3be93c3721332
ciqual,20345,nfx_6GK5NJ8ZQ9QZX59Q28ACH6GZAA,d4cf52b19932928bf18ec246578f2ac314f3e2146cb213ab3479c7c85760085f
ciqual,20346,nfx_13M463VHJ1FXM31AXCCPCB542S,551466f11b429a563d91d0712cf9b2c2314b867cd9d37594113df3ab57ac93c9
ciqual,20347,nfx_7X23ME638BX55AAYDKPDDK563S,678f8409ebdeeffd309c3408030c80d0a3583855fe0add8d3470146a264ad91f
ciqual,20348,nfx_7NC746BZ5S17DC8ZSDJ15VHBTQ,d6782d6ffa427c80d2ef73f80268cdf93a9e415b5e04a3a84a4c097f137ba77c
ciqual,20349,nfx_0HBCHZ84R8KC7RZB9H71T4GJE2,36b823a1b190c36f028fc5eca0f960c30008525a89dbc26e214f2f68b3e94545
ciqual,2035,nfx_09VGPPYW760FFZQ56W6A1KHD6M,ddb872b200c05c3791cdde9bd39eaf470ccf287df43e320ef6af413b10d165cf
ciqual,20350,nfx_34HCY72ZQA11S6B3ZZD9C6C3H7,333786b453bf80cc61981a83b052a1ab93899e11e99ff7bc6bafef792b6821d6
ciqual,20351,nfx_4461MNHZRHX3QDGV64ZT0A9CZS,554a8e8d132041e8e7ed29792457b4a5b2e3be2b5b46f7571cced890d316e035
ciqual,20352,nfx_3BAHT346K4BBZ9ZSMZZ1EW3EAQ,8d15dbb7ce69b77606199cc644810d76589d0dc54f8579e17492bac033ce09c4
ciqual,20353,nfx_35R9GCXTT046ZWH76XHPHBVXEH,4e350364279ea07e96664338f12755201748b0c3568810294d305a3f98174ae8
ciqual,20354,nfx_6T84H6842ZCRZ22H1HFTYWGNGX,384595c06a5ff5f4e763e3876c97ecd5e8d9aa098808bd05f66b6f8e50e076d1
ciqual,20355,nfx_7S5E6KA7THVEJFWS0WBWNASZG7,bb10768f41c4b6da972fa488c292a5276f66267ade7d3c1993b1ab533c8787a7
ciqual,20356,nfx_7FYRATA6DXYCBX42TQGW7D50ZQ,ae68a1e420b9489d25f0ab27ebcea7205df9f3aa6461b7e07c95617762d6488b
ciqual,20357,nfx_6MHFYF5B7AVGW2Q9PN7XZNYYY8,458b9ddb76168b2c0af62e8f61ab2d94ab09f795e75b9a8ea58c07dd040223e7
ciqual,20358,nfx_7WZPJCWQEJK3RBX1PJ3Q05YGXP,6dc5f6a0574f53fc6c0ce72aa19f44ccfc09d94f0b8283846b2c8a06df4a8052
ciqual,20359,nfx_2YHHSZAHEMBM9CJ2BVT479FR25,2666d99b2a8821ea7e0fdcf79be6ae4c2cb47cc266d395cc3aefab90e011ec46
ciqual,2036,nfx_1GXWC8V6G6HQKYVTAWMB42MC3T,234c68f26eea665496abad4db23f53ac55a1b28ce62969af7d8f7f97b85addc9
ciqual,20360,nfx_417VE7706SYY5VMM7ZN5TFRCRJ,28e328ba591223d2bb7bd2685ad6463ccb067bc94d76dca280b4e816c94590bc
ciqual,2038,nfx_6GXYP40HERCH81Z0P79WKZYEF0,3583896d3bec834f2d37f55fa0e200d4e6bab26a8d0574fe5746ff957fda773c
ciqual,20385,nfx_4NKDRZE9V6YHWMCX0QBEV11P3E,af59d7e1187593dd4834d665944cec5523ebc92191a4a0f1a3256941487843e2
ciqual,2039,nfx_48A727WPQ5RVEE4MS83W78JTSP,778046025d6b6f9e1af2782225e26ae46d65181cb268e229345bd07cd42f329c
ciqual,2040,nfx_1248GDVWRQWGBQ7799C3KE2EZJ,321eef330fc01c394fdd41db66fbae9509ddefd017ac2ca01c54473836cdefbb
ciqual,2043,nfx_4VTH4AFZZYHZJBDJAJY9NWREF0,e20d8ff3aa5a95593148dc58ab40bc53167937be4614ee24b68b3d2b338f56b4
ciqual,2045,nfx_5B7KB1HR7V8EM1NDXDZD9ER2D8,dbb54dd603ad377fd7f243757e296ed806b2a5ca9079433c32f32f852eef4cd4
ciqual,2048,nfx_7XQRX1M0SPBJ2N7QHR5MTP0XEP,be190022d773ed4d3f8e7c9884da7c1ea91d5abebeb3b863752f547e8712394d
ciqual,20496,nfx_5WQJTCRWD1A072JVXCS5ZE0AFZ,98e16523b30b6c9e29139e7ad8529388ec17d267120d56e8e35e0ae637a802c9
ciqual,20497,nfx_0XQSM8G8N9XJ8VK72NM3TRHBQ6,037f0e3ab709d895c54e708d43b2673e2b46f2df44b46a35c6b88c4b55304850
ciqual,20498,nfx_2558BNPHNM3VC3ZGMNYZR28WDV,ecdfbcd282bdda5c6a7631f7eca00ea27a1143b41ce218921588daf7a5ada77b
ciqual,20499,nfx_55ZNN058TQQKBXM5BF6R79N36S,83acee0ab93b9eaf2b69574fc6cc9c6b66c4c941929dfdcc29f9744353a2905e
ciqual,2050,nfx_49TQ9YQVH55KQD5EBG0YT9WJD4,0ebab760166a92e06604306360ab7d6b3bd633c9eefac83f1b9dd1d6edf72216
ciqual,20500,nfx_27KVVMCG0MQ4PSNFDJMT2DSDY2,34922dcbbc809f13ad29fc96704dfdb8695f6a90b1186e1c32e1ef32b8174663
ciqual,20501,nfx_6C6WYWYKSPA1C6RAKZ9F8H4RWM,8b381195b888cf24b1d4481ccb1d9bfb68c9b0c9bff93822f47bfd670cbcbe09
ciqual,20502,nfx_7ST9GQ743P51TRJ69AW42W40WT,318d9007a4141ee5fd50049e7c812cdafcedba4044fd072d4834529a41070d7d
ciqual,20503,nfx_015YN66EY6AYBW8XWVEZ693N9W,fb5ae9493dd4a6fbf235e7f4c9e770b8a90ca6f9dc08b65e627a3f9550ebc63c
ciqual,20506,nfx_2X1GZ7WHN7ECQMS601YK8RQE0Q,b7db298c2be87e9a03c2328263b1936ec802ec91d47bf819b4112c0ddc95245c
ciqual,20507,nfx_3NCKQ6SYSN5JEJ43BATRRY8ABQ,dd5400b9a8473ee3091ddbfdf0f1d9189eb9e4e8f3dc14610fe0444c4f971145
ciqual,20508,nfx_226YPGJDH5TN8WS9GGM1774HSS,02f5eb098029f1cbc044ab751acb4fbb0afac03eafe4458b168384a386d64c5b
ciqual,20510,nfx_6VK8A3MK9KC6J99J5JGPAN0BNH,767bfb2b7622405814c3cb5f3cc96891e637bd478927029efa69bb20ef596606
ciqual,20511,nfx_2QC0HR1RSZWTRN65520CS4CMNH,384773aff8408910a57d967e6ffb26df419c69caf2a1f22dcc0350a2d36a66d3
ciqual,20513,nfx_2K924BP3THXN0X1WTC1FMQQW3M,816cc71ac82957850418fa1968b664cca2447cd37a7fc27c99449ef93a491ace
ciqual,20515,nfx_5DSMRNYRA6ZNE95CFQFT9GRH52,655b5e18e150d1016e6f9ea405ec82d649e458644cdbd293ca537a0a25f0bee0
ciqual,20516,nfx_4MF2X7RAJ60HWY7SYGF2JTSF73,f78ebbf62f469bd3a5c459b85126544a4502b905d6ac6dfd96680b300bcff8c5
ciqual,20517,nfx_25V7TM5B5MY4HDKERDBKJ5EGNK,c3147877c925765ad6a899053b343530c10350e53031dee73fa58e2d6cd15cdc
ciqual,20518,nfx_5R881731VWV9QTJHFWCYR0T5WQ,9f4d602f66a38e4c6e7991be2ddacfed5fe4788480ce6e367c29db9952a25693
ciqual,2052,nfx_671PV9CY8WBN6D46PSC9MTNEQR,8fcbfb3964e1a76c95c56be00e5587fab41cc202f7859415ac65d66a13f64b59
ciqual,20521,nfx_29VD94SVW1ZHDZN3YMVAGQ6857,58424e9f3ff3d953d4cca6716acea5d1aa0bb37ce9089429d7975dda7d0e52ff
ciqual,20524,nfx_7QA132X1DPJMNEERAB28VJG19B,3055d9dff24dcbc8bfb4cf38cb03dda4ea363ab611a764c554b643df62c00ff0
ciqual,20525,nfx_385DS42QTSKA4CS8C36XBRC8A8,6d5994faa11c54b699c2b3dc65a17fe36b77e26bfb9a2414e3ba8a810d2bc7fb
ciqual,20527,nfx_69388F3YSEP1FJG7AZFX8QS7TZ,923501fe72a020ecd6140e889338a2599b4654d299ed62a16a6bd3e4cb56c4ee
ciqual,20529,nfx_3N8S2T4HX396PVM36BH9FENBTB,0c7a3a887a35cede0f6200fc1e2bd57ba7a39d61d35163f9678c60040be80003
ciqual,2053,nfx_6S2QSKV4F9QH36SF5AZMZVJ8DR,cce99967b3ad214e9c95beab1b10faa17ed5a186c8a4daa8915bd22520ccddc1
ciqual,20530,nfx_3HS6A7BKTTPRY3A1N65WAA34AF,24e5cd410c82a57de8d75dbc6db096e891cdeaf05782ab6373f574ae58be52a8
ciqual,20531,nfx_1T091BMZA0PK3J40JZ813EVAX1,7e8d1c4912d78f3c3b04f85f3eef70dad3e7f0d8acb6d77caa989757fe0585ea
ciqual,20532,nfx_2WTEC6YZ0HAMXXC715A8PWEJ4C,6826ab33c94ac1b1d6617bf392aceea99485b58dd14f1228d62d27c8c4d4c4b7
ciqual,20534,nfx_3VRKP66BJBY86XP9SSHHMEVMMP,2c2102d0cccc8e357d1ebe96ea4aa15c8035e059416753a7b47e1ee8bf6f40f1
ciqual,20535,nfx_7YEJS8B1FT7D05PMMQN9W7FSYA,4cd3a094a33fc73a6c1f8b379159a8695f7d35e2036440fff49b12b81483ad30
ciqual,20537,nfx_07K1NNR7QGRS70RC4AVXQYH0J1,973611a2317a2f74a7b6c2fff57de47276f2e3b6117c87958ea0628968642abd
ciqual,20539,nfx_75V3NVKG4HM3EWCX3Z1BNW6053,1160910b27169d0cc7a05119fdcf82d513330d11631ec861a7d3f1b7f5d5b88f
ciqual,2054,nfx_49Y2TJQR6JNQXFE4MC9G5108NW,aa1818645e234164a4408f02a240a870472b79d0cbaf6884d9e80063c9aac1b0
ciqual,20540,nfx_03T71VPGTE9DX84W7E2C4SW0FW,a835e56f0917bb0c164fb05eabb1cde6479a53cb001bf8e35385b425cb5fe230
ciqual,20541,nfx_3AHA8AXQ66W1T074RK0DG5X2D8,5603c0f82529ea18168f90c3d4e74afa5d52f160d09d262d3cf8c326942154ee
ciqual,20542,nfx_50HWNQQ23RR7GETJ3WCVBAWXHX,08bc1d71c181aaf9fa83a9672efe097b76fa1627e5a1c578f469321d37491701
ciqual,20543,nfx_6T6RZMPGR6BG75HJ1665JQNQTW,4d279fb08c1de8e377f76054d6dff2a1eb9f6eb98d788b3e74ddf8659c1eddaa
ciqual,20584,nfx_5GACKNAC2DE4SCS4S01Y6P3G91,3dc94d33b3f05d6e7ff0619f7148470ed026e814ed96d1dead6661285784d842
ciqual,20585,nfx_69654G1QEPM493VK649ZA82GJ6,ec8c2893a701e520edcda6d69fde64b96e98eef2184d5da33effd30ad69da62f
ciqual,20586,nfx_11P2J928FW5J0W8SR24J46FTFC,f47ff9ce554dea287d26df62221d0e436e9e9b6b6353a75ec314e061d18cf0e0
ciqual,20587,nfx_2N2HFPC1BQ7VYKDNX479AA5X03,47f722f702979b4d9d6c57aa5b43c8962d05d96ae3c0a9ec2dac068ff0e5a128
ciqual,20588,nfx_0XH8CPZP70C905ZK7D9FGE9GZ0,4bf75d89d27cdbdafb4e1a8b6cae3f4e92383f3858a9bfee7b11af7612a27086
ciqual,20589,nfx_58CVPYQ33N3JZ1ZYS5F9CQ18P3,c038072a1ba5ab4ce22975bab9488f8fd24b9886e2ede997139f8d41eccaa541
ciqual,20590,nfx_540ZHX245AG5V3EA3GWX59833Q,9b25357ee3bfddd5a5846574d0c0b4be622292252baf962a0d6b189cd78ed2c6
ciqual,20591,nfx_071ESDSS1NF9NJCEB9KQCADCNQ,f8df4d125b182b721d6e0cfd96f540de2e31de10e74890523762622eaa7e6ff5
ciqual,2060,nfx_7BV9TQAYPKM6SYR5AJJRRSMDH0,65e44f56d501a7fba5741225bcb80bdb07e64c84e14fad2ab8cdfde9da743306
ciqual,2061,nfx_28C8FRW7ZAXHXZC98P5D39QKBB,a67b1760ad213a230cb4b827ba25cf3297742256853597562b722b1f733958cf
ciqual,2062,nfx_1JTK6ZTB7RFB8R7MQG8K1D3YV2,5ef194403115ab7520819fa043c8fd3a3f140135a577f12e87ec6ef7c68654d7
ciqual,2063,nfx_1KSQAJ9ZX4GKFFBJA43FT2QCNT,3d8974b40197cbf91c77248c805e518d2da500d1030849c108d0c85fc6a48a9e
ciqual,2064,nfx_6PVXC9YSBP1JPFS8PW4B92MM2Y,331d25f8815fd24d78e7135bb96900c4b40a59beab89fc731a7aa723d75e3409
ciqual,2069,nfx_05ET1WFR4S36C9Q6GGT6FFGF7D,7247164f596c074176823418b1ac7a8fef653de64c02087c0a5e883e0272a05f
ciqual,2070,nfx_6AK9FW4S6YS7M3Q9DXSRBZNTJK,1657cd3232baf6ec2e1a6652a28c2890450310bfc01a7508fdf73f13edb59f9e
ciqual,20700,nfx_0SCHMK9SWVXTK55YMWCX07DAJA,785370f2058df80b01090e2584eb1ebfbb87b8207b129b529f127e5acc63fd60
ciqual,2071,nfx_5866V4A42G2AJZS56GB9SQ1H11,86c6a6445020c37449f93e72565fe1695b3736d5c0747fd48db906fe4126378b
ciqual,2072,nfx_4JFCZ4MMP4RZ8BA9E13MBHAZ79,f5cc0220c9a1dc19e9a2d327beab447aa0c23ed9885af3291978bd7806a02249
ciqual,2073,nfx_4JZ1Y7B8KTVJZC28MBVMKCEYMF,943dd1e32dcf45f95647ab0b578a20da2c628c3b60330abbb0aa59db856b4ae5
ciqual,2074,nfx_2HJDWWMSBPH09CEJFZ4SY8RQJQ,e50fdfc9b8d1c02d368d6282b5f134a5df5351e6277299eb6ea6317781578301
ciqual,2075,nfx_54GWHNRCM377GF92ASF2YP2493,e40b63a725666e304c5c9b8cb1682fa67353f2295a76bbc20e7cc99cba2e8ac3
ciqual,2076,nfx_01AGGSZ9WAAM3DK81S3J081VK1,214a9f030c4f6ca28629fb7053b5277ee8d94a40f6bfc1685c7a9a08c0ec77d6
ciqual,2077,nfx_16XFZ7YN44HWPPXT57QRAR2A6H,42b365e9ace4e978a7dca6e7b89546603e66cdbf3cbee824e568efb25f5b356d
ciqual,20800,nfx_4QGZ1PNFNX9TJEBN641CNHFSHP,3d96df53c31e942fe85e7a9cf645609b405983aec4a260bf3ba715c300bc1178
ciqual,20801,nfx_2VYVVW10QKW4B8ERWZB4DJWRR8,8b6f6abac89d66c273380895edc1ce0a239fdbb3cb3f2e71fd266f8d8d579a30
ciqual,20802,nfx_51ZHF6BPVDGAFJ40XFACG3JNWT,b959183dd1ad3d48177548c326c99955b3086dbfedec9bdb369aae396c924021
ciqual,20803,nfx_5GFW5C2PH4RVBW2GC57GMFSRHP,847f821b888f13d8f5c7b89e2d8677f44f576c316dc98b0bd2f94d61bafb76e0
ciqual,20804,nfx_3HEKWJTDY30Q2R2RQFDKH3PR7T,1d576f4ad93d258dff08e04907a39c27492ccfb6e05a86a9515f5223205e1e8d
ciqual,20805,nfx_775F511ATCJNA258N0PN7RXRR7,1fbd88ce601cbfbcb4e12225e70dd5ac50edcfcea82b261d253b4639c7c658ff
ciqual,20806,nfx_2S8JDM198GRJ76PNB06ZNVFJKJ,ee2008e302ac520e2c06ec115610137df7feef3443d59685c35384139d91c42c
ciqual,20807,nfx_3EBF504X7Q6BPHEP7WWMH73XM6,f1e0e5ff66bbcb5ed01801aa942970bccd38ae43d4b79ae35e22374329a4a8c9
ciqual,20808,nfx_1T0HTE3FPYQCYC28B9YJ5MAGNC,daa512b9659b93cb6dee606b9b7cb00413c472779a1050eac08aa2bea68a749a
ciqual,20809,nfx_78VB6EHGVS85GQN3AVM00M02M3,9528eb1937da0a208cf8f7c6e004f306c4dde36ac2d40a211630c5457fa4ece3
ciqual,20810,nfx_74VZ92P4M0JA5N5J901S853B8N,9216fbedf04a0d4c7332b2ec4b363234587fe5b0f199c739cb9e42651aaee07f
ciqual,20811,nfx_4HWVR1C10A10YYTZ45CRD04VME,89424ba7e12c08a43b1a3dc9db9d5b5eb3667e1ad3fe290255f39ad6d669f6a2
ciqual,20812,nfx_215E301MK2N449CFHARHC980F5,a8860913bbdf65ea58639423b9afc65fd573d9ff520136ef16bd353d77d1ec70
ciqual,20813,nfx_6ETP9TJ2HM9AR1DFJGQ29JY5KY,3874f2c89976d9ef11b8c6da772d7a0a5e0eadb9902beb501539c89fbc812134
ciqual,20814,nfx_0K7C3RH71A37ZHFCCZEZD938BD,0b95c7c6c15ea73dfd8f015af832bfeed16365e4043f1d066d2bf68281707c1e
ciqual,20815,nfx_6ZWZ51B2RAQGBYA7X86TYCKS4G,e3ae9ac29d599d1efdcd535207929e58757981ff518688e6745a1fa5dac0bb9d
ciqual,20816,nfx_56YCAB9H5AZBEZM4MFEANEJSG5,4f5c830290ae34ab83ffa68cb82109cd3fa40b5b22e2af16fd084342fe3fd8f0
ciqual,20817,nfx_2ZCPN3JP3HRF3JA00WBWWNRR10,c452d4f0ea58fbb77c47aabe58e3b01b2e1d57db5ab2c5b6109d133410b35026
ciqual,20818,nfx_0M1TJJ15PDACBXXD8Z7NFDG9DH,c420b6da4f863a602a1686fa0ce66a9d020b460a6f1188075d45a52176dac8ba
ciqual,20819,nfx_54GAW7DN64MAZE1C57WZ4QKF3Z,b14cccff5aafc40a973773ae4ac27f06638b7de0adac7eeed35d3b371651b9bd
ciqual,20820,nfx_0S5Y9M3KJGW0YDDE050R941V06,c38691149d74a90803e6c41e600df543d3123c44becab5e6f9f5759124b535dc
ciqual,20821,nfx_0M00VKEZMXKY0DEF9MHWNZH53Y,127d36a7a5b07baf422cd2a96a20fd0d8b91b103daf24d31cd04da4c174fa7e2
ciqual,20822,nfx_1WF7NK910TCSEKX9Y4FB17WDSY,4bb9fc7d4ace1841a554ba3ed1ac8f03ac8a2447c617b3fe26620e2277ee085d
ciqual,20823,nfx_1F16717C8CPPEPDY8BJVMZW57V,18c3d71cad4294a26cca972d4956c73f9b00f76b3b3c4d0b80384ad4198d09aa
ciqual,20824,nfx_7Q8NZMQZW71N2TVNF3QY26F91F,1d2fe819f8aa4105b19a6956f42b24a6262d5debc63027fd16795e1d85979cd9
ciqual,20825,nfx_4XT0REPZ6EP9G7NW08T0CMMZAS,33d346ed1235e775514e25ad81edfd03a00e41b7460a5578ef7314f013f9be58
ciqual,20826,nfx_0K8RFHPW9QJXZ0V2E7782G1NNY,9677db0a20e08964769190bb80292b29e8c710b09b39c64d980294572aec1a02
ciqual,20827,nfx_3XVNVFDR87Z09C3R3347MF6ZPE,b8f95ffbc47c792b24d4bb1cb2ce060a7ced0068cdecdff73ca2e4e9de158c2d
ciqual,20828,nfx_06CA38P2FA2QXTP6EB7ZYK0M49,de2a102aa216e273cbc077314d9d6d5f8563849a44c9893c5326d39e4985d847
ciqual,20829,nfx_59JKK99BH355W3EQ9YDYEQREBN,cf21541281068a23de62883c8ade56317e46ab7f3384c4a23c9ccc32e7759e71
ciqual,20830,nfx_3X91SKWYB112YZR4BY3QS10HSG,979636b5c86174a74ec81ce0737e4cdca7cb1205fcb5d99fd707eeea7cbe01f2
ciqual,20831,nfx_6FG0AXHTJ9FP0CN471NPMAXEHY,96f39ddc09b8a38e568adaab5e6ba921a1fc70c5f94a520bb618e506a806a4cc
ciqual,20832,nfx_609GVX8284SSA21T3EPZ7SZ62T,45b5df095bfc8b4f1357cdbf429577b5573569adfcf8f04362c1b5cde3b23ef4
ciqual,20833,nfx_1ERBP1PKZNJ9ZQ791196K6W6PY,34a54c39779820385cf86a570555a27dd1178560ac3486cad1bb7c5bfc97b4f3
ciqual,20834,nfx_76Y4W7EFNZEGK0YT48M1MS4E14,d7c5c00fc5350551beef1ad37a5b25f0f2571aef1e0d8803525608a4919cc8d3
ciqual,20835,nfx_7G2SF00GM8GMX17KG11YMNJ8Q8,c460e2e82ea82480948307a6f630902544d0bde470287b8d1b5b852af4735e8e
ciqual,20901,nfx_3YBRBP5X67XWA5S2YGED8RW9KA,d28482e44a548cab03d9a20b5c176e041930c380cd16b994d34a3f8b33e4b74e
ciqual,20903,nfx_33G0TS5KR58356387FBGQ38VQF,8274af9582143a0b31f3d18531bd74ee12185aaa86e26644c5be67fb1bc5ae26
ciqual,20904,nfx_18MNCADP6WCQJ30F9CY1TWYT61,7f6e592ee7cbe3ba4367d76e935ba5cade87851a18fa156ae570144d935dd628
ciqual,20906,nfx_6YNCWM8K216V4G4XX219VCJZRR,46edd5b401b2d84265dec711459a69fba76c767b8633ecc6ecdca27407b803a3
ciqual,20911,nfx_2SQ1NHT88MG2TRWVE9MKNGH7NH,6d156a2e1357e037f685fa4167c2a813debd9deaa09f7ceba3c771bcbc63215b
ciqual,20912,nfx_1N57880S2PEHSY0MV7DAN0YGAN,223c83ca03d6b40353d9f74f3476762201df979324348675e864da51d2a5f822
ciqual,20914,nfx_3PP55X206J8K5ETYPNV8PV3ZFP,4f1bf0bff1343a1f8349dc2fef750c5cbae23c9fecb5cdc3d975df1218cb7039
ciqual,20915,nfx_4JFXGJ106MCN4JV4835QXX1WWP,497cfd49d8dc97855a20fa98c45a4663c7c68d77e0af0097c0253a56480b8b8a
ciqual,20916,nfx_7PAGQNVGVYDM1KJ2PTD3236P3Q,f05861cd9e9cf1a6457feff646a73c7ac06bc52102fe7a863c07fbfb1e703efa
ciqual,20917,nfx_6T7T4AWKXXPMQ4DMPE34C10B3N,d9894336c33abc7652fbc8b9e2a3f4cb8984c26a1ff7dbce7e6ead876120ce10
ciqual,20918,nfx_29CX1H371ZW5SJ0G1A91NKR286,46b5a1c262dab02d47c03e77f095c32f377614e414bbd3f5fe0fed8ec4e0b461
ciqual,20919,nfx_7DEPS8W863HWER3Q3QVABV0DCZ,cc00ec584bb22f33ebfd6b315c8514e8b0339725a6afef3047cc9f87d305f7c9
ciqual,20921,nfx_50PWEE3S9P515RA6G721YXB5ZT,e829024b26bf77cb3feefd8e6f51d185e4e630bef4330b902ce234c47037f913
ciqual,20922,nfx_5JA1E16M094VCCA11D33M0HX82,64eef8f1a88a02d4269fc5749122f126c6e52517c5b019a765c74e4ab90d2463
ciqual,20923,nfx_3J0555B97256DZS2N1SM244MMT,f53706cf840cc1c4d8934e669596aed8deb0e50a0ba1a0d3647127e5c49ac9ff
ciqual,20924,nfx_13TWY7R9BVR4K5PQH5MHAQEN56,104ad18ab6399a5bd5b9488aedf237bc67a3baa326ed00814f860da3e305b451
ciqual,20925,nfx_6P9ARXJ893V4M4NSTFCT9PV7SP,f00d780ee92189f420b940f4e1727db9e44b57554ba6c2d79569cf43f5fffc71
ciqual,20926,nfx_38M729WNE6S4A9YYWFAJJ5Q7T3,20512e70f9ebb1e3b8dee7257f5e2b1f4fbb8693b3a29ea71acdd12bc349842d
ciqual,20927,nfx_72SQVZGK14W59R03PRQWKWMSJH,347210420344328b3c7ba39d02c038e7aa834fea89ad4b590255d5cd7075b096
ciqual,20928,nfx_2RYKYVGA4A8SAVT16H7QCY44XW,26f9685c89376c460fe00984b37c5180a692b2087732b32b0d32007a4dc5d22d
ciqual,20929,nfx_77WHSQK8AKR9FWMG9MXG4BFH68,af511df625974a6f570ebe5c6a3c916bb62d98bb5085c1cbeb57c6cf8996cfee
ciqual,20982,nfx_5858YQCMNNHAEJR5H0N7XG7VZD,6b5a1f1138c5b690e71f59365adcc1074fe0f6fbd02ec28770fcc598e882440b
ciqual,20983,nfx_6R45TQDXKTYZFWKBK83PR7Y1RN,59c356db3bf58274a8b9f27fa40b79b432bd26077ab5a87f39d3317372293cb3
ciqual,20985,nfx_5ZDMVBHK3BTZG9W47TWD0D48GF,ca5877c9c32df4d342593e762638d477a919f636749080fa2e16138f63efcc7f
ciqual,20986,nfx_4S68ZB3AZM2N1T6SW6HV8QRGG0,ce6ef868923d8f5498b31a97cfb517e223ef070900dbf38f67775fa060dac499
ciqual,20987,nfx_7APNZQ8P06TR5EDG5EJD26BCXM,d46ef354605cd50031d320a612b592f57e5390c45bb685cf82eeb546eeb5bb93
ciqual,20988,nfx_0MVZMFCFR42BGTJDRJ86QPGYH2,43ca3130baa5f37b8b2144b080eceb331e1d7fd8ad23e754f53d9b7e3a3a76df
ciqual,20989,nfx_3XFCA0X87H76MQJX5BA1E8KAYX,f0037de9667ef7daebb6ac3de401994ab6ba3bf1571045b8e8d724952040be47
ciqual,20990,nfx_14WWFR2KRX1GVM82F7GNY5JXFH,27dfe3584f218213258123c12ff7dfe31522150c8b52b91c5ae6e61a64934a08
ciqual,20991,nfx_3T9AT4K31DNMDMS0FZ2W1V0RTR,e55122a28be363877ee88e0f14133c4bc53621672f037d616e13e927ffa4eac3
ciqual,20992,nfx_0THXNV0451DC92DCNHAQ4HJ267,9f0a6a1b9e0cad0dd549575cb14dbb40e91c8c5150d9a5e9be50230cee7d4a73
ciqual,20993,nfx_1YMF0FD8MK0Z4VN1H2Q3898WTD,a8e008e3d322f413244f3dfebd75d255669d7d37b6d2742e0b5d4ff98b1ab0ec
ciqual,20994,nfx_5K036BWWQKSDY8M64FPRZ5CFZH,00e6be07d0dab897b8783a5e30b3cdd802d40fbefed82e1c21fe71810715154f
ciqual,20995,nfx_5KCBV22WWAXTNDPHQSBJ77WYQA,bfa38a0f9cc86809be7d453a96bc2e7d6cda2cf46b0317ac8d29abd0a445a9c2
ciqual,20996,nfx_6S56BH43S29Z1ZSAWA7AK0ESFH,561042cf9c62f5cb1d8c243eb6820072998b333a15e8132d194ea926ebd4e3e1
ciqual,20997,nfx_454K84CF0ZR8Z82SJZMB4MYJWK,c2a7320cb5e053eb2dbbc3175595173dd33b0aaca3a96cf62461c6b65eb42e0d
ciqual,20998,nfx_39NFVGN0T0MTRFQWHJWN4CRP3H,8f85da86e578ac0d0dfe0eae3aadabccfd470cc157c448c62dd4875ea5967761
ciqual,20999,nfx_183GF86JWWSV0AXK1ND8HQ41AQ,b7818e3888bc19c76f65bbbe6dec2d2e027877d54522e49a30acb3d219b850de
ciqual,21001,nfx_406KKZC6GQ7DYC0CS1JKDY2AHX,8bb8f6fd87d83b87b38a3c1b4766c34e8ee55bc56ae0afd44e6801a1e805558a
ciqual,21003,nfx_525FZQ4T5PWFPSJ37X8SPRYR3Z,735d45734f9364c59c99b936de0e7003e5505b544cb35ad8b8132b136819c100
ciqual,21004,nfx_2DVYXPWBN5BYD54W9M0MDTMKSF,39172383fdb763ab1d8be04e508ec5023d1624655d79d4ecffa77d2acea2b296
ciqual,21005,nfx_5WP2TZHABG218R7A4EZZXQ0XF2,b4f62e465d5e6d53a48e612fd333fb577099117c3532f0e33885684f359e5880
ciqual,21006,nfx_4CYXCG1E4N44Z08J2A4B8C3E5D,de810035f4ed3f24af583848f7d1d4af7602ef78ebed13c7960caedf51d4d5af
ciqual,21007,nfx_1Q8HEVCQDGTX7GAKAMR19BXSP1,e91294ac4bd818181d3ba5948cbf9ad47dc8a6a87dc59766c96b065d6a969a15
ciqual,21500,nfx_45KRABH9Z35EAK14M5Q5ZDX9JJ,1ce47e2f68b338fff53d4ffc83e6ac25c50bb0871ac446441decb1002719bb14
ciqual,21501,nfx_24CHRCAJZ8K9PMT6KF5MPV4BFK,4df6dcbfc329e5abf30e1609379b7c837f68a4f6eea9c9e086a9a33e72906699
ciqual,21502,nfx_7HVQFXQJA4SEVCB232CNG3S094,ddf5c45abfcb0168e3f08ea1a3679194515352476b8aafb006d778c7b37179e8
ciqual,21503,nfx_2MXT7T857TPGK86DF5JSSQ8581,e958235d74e8b40e4b73fa5200759f1d72a276ba722ed112a7e39c49da835957
ciqual,21504,nfx_3ZJ9768AVCSDY32GB66WCSMK0N,4dc7c1760643ce2785f037f86a8107e052503aa5aff790600d4a9075b1c9e0f1
ciqual,21505,nfx_4N5KP3D9FBYSQNN0PG1RJPARN5,8e3b741549d7385875c1e4ba6fb9b96fb0505843a49143a3d277f3a286c74e6a
ciqual,21506,nfx_2BQ4J4EVKNRTYB037MREKR2XZC,ca143fce8f2418fe6c0d0194ea7f4fe44e36094a26b746300b0e76c5e7c97c71
ciqual,21507,nfx_7A4HY5GGPF5J2RWY4XYF21KK7Z,b5caba8bf7ab7347d0b390f48b140f69f80308a7d12eafffd8a25230c832c2f0
ciqual,21508,nfx_5ZEF2V0RSGJEC832GQ0JWYN62G,ae10e15b780ca536331fe2ae0c6dd6d13ed77213cef1017cc6e858cd3afc3ffa
ciqual,21509,nfx_74PDDNFHE9F9SMYZ3M66P7VGK0,bedfee783cb16792a7e0c4b27519fd73f9b24b74a10510ef688f3c17f405777f
ciqual,21512,nfx_0SSNTAJPKXHX8B23BRE894ZZNX,05b3e56df41bde01a94bc84a8657739d5765885d7d140849280ab9600216b580
ciqual,21513,nfx_3GPWKWMPR6Z89W4DD0QN41HKJ4,976a1f979bcb00917ca347dc2e899eb507c781f2b0784735803a3ce621102f20
ciqual,21514,nfx_52A9DPR6ZQZP1WHWX5C37Q5FFP,3615698b1c14c0c1cd075217b53718b419b20d1f4f58a229ed0e55b8b34a689f
ciqual,21515,nfx_4A5HH6A7MREZ9RTHY6RHKHFXHK,d537a3f4ccda22320d7193afa25f1989df02aefc78cff8cffcf2ab06fc512320
ciqual,21516,nfx_56W7692XR5HDGNP0VD5CQXZ4VX,9b3fc659e207a52aefd4b382a80eaad966c638bf001f8f016f9d15b64f02d512
ciqual,21517,nfx_06CBR6PGTEBVKMHHXZ0AN3NS8P,fb7b10e86346ca2fdb3b6afc6030e8459e81c303f8fff67848b8e6fd38f62fa2
ciqual,21518,nfx_2R0NA44YNSX58Z16R65HTQFDGV,9a6bbff5d5c8ff929ecd8c54ee59e5317ac7c30d51f8237aabd5fefe473be84e
ciqual,21519,nfx_0J5P20T1GNDTMEBKB9H50T08MR,3dbbe304e9ad99f172b281ec3d8902ffe78fed9e074f0efba283de1828ae4a9a
ciqual,21520,nfx_2YBPFF2FCFTHYFKAA2SMNKDPC9,2fd7ed3e6525d983cb123112a6c70171d512900a0c238c320c1bd877f8df694d
ciqual,21521,nfx_7FE7MQSQWHHGXW65W16E2C1TMT,3f3fceca546e987aa01426111ea9e00ff5cfda930d4ff831d243963b301bd002
ciqual,21522,nfx_5V7B1575C3SWJFQYA16SBKPAAM,2653df991299722be92e11f5ee9a6ac0e2072bf036c633bb40825c04454b25fd
ciqual,21523,nfx_4QB98SG0RCCY1HC385DY9Y2JTY,e0e778b178a3b4188d47f2b4ac2dbefd18f6f4f9b050eb2f3265a0a8fc288c3b
ciqual,21524,nfx_7A47S6553Z84F48ESPEYYG147P,e15a03689560165f240053130ee9b452a1d97fdb776efe6e862fee97ea98315c
ciqual,21525,nfx_09W5ACD59EQWAKVSNW5T33ND0E,8feed70e035673d7803755c33c4e7331518aa7ea348213b3b5617f415aa0606a
ciqual,21800,nfx_36CZXSBHBS96DGYVYYTV3Z1Q7D,c4f0764bfd718b8780aebf736d896d244d2e8b1014b86093e4ad1e7dd8239b63
ciqual,21801,nfx_2PNH3KM9C172TFJV2PHY287YY8,1eb781afd67faccd38d453bec44a0599ffe8cbff8a75cc7b721c08673803aa0a
ciqual,22000,nfx_0Y2W866GRVT0AF3RF4377B45H6,8159c10154cc2e0a92f34f98a40b6e1a5fe940834cbb522bb4f7de9ffba5e195
ciqual,22001,nfx_5RVA4NDCSNX1K3DMJW8WKDNA9B,11b001c37ff1f325af30b8d47f033af0c608e85e31ecd885c181ed4a07d046d4
ciqual,22002,nfx_3ZCS4TN3QGE8D22FZXJRCG3FQJ,26cbfd159b3655ce9a40920d9d2040d2632dff4020cbe47849a42dd3c71dd3a7
ciqual,22003,nfx_12HYD1Y26E9K3XA01RG7MVTRS6,486441f941dff2e3a3bf72c6032b0d56431be9d98ad0429a5e284c4d31d908fa
ciqual,22004,nfx_42GN6E607TH63RMJ637APEDHFV,cde9198522c8122c0dd5cb1d0f31b1524a1fb63222c8ac70897cd0b869dd5058
ciqual,22008,nfx_1CNSZPEYWJ4YANHSCFBBFME9H3,e011bcd641aa71b38872e003c1faa3f253911caf444ecaaf24f40283ff7887cd
ciqual,22009,nfx_5KMPJY4X4GDEB47QE7CNYCB38Y,7ccc15ad44ed5b26a90b052c24fc32fa6579cb22a5bc82f3dde5f291f2106e03
ciqual,22010,nfx_774PA6W8P87CCH7JA53YXQ17EQ,ec0a50b5c5beca760db7356714db8f07081b17d3e6da44b85515435b641bde4c
ciqual,22011,nfx_7EXNQ0Z63MB83FKJ4DVKTWZZ24,bc30fc6bb18648d2b66c21b706ef8a611c64af007546f410126a2d19eb6fa633
ciqual,22013,nfx_0976YQS3NDW9QX9BZ0GQF2JNNQ,7f595d6325489e89d1f2eb9dea8eaa782d2f8d73cf5589a12d3cea74965e9237
ciqual,22014,nfx_73FPZG0GBB9K5RJ2SPSRW17BSH,0bdc9001bafd84c76101073fad38b43cb08c13b2e52b515f29318e97108ed258
ciqual,22050,nfx_0BRP5GEWJ063ZXB0K08A43PYNF,12d4cb27f69718539db142b5e0516179f90799be92886f90a906303aad3ac1ba
ciqual,22060,nfx_70R1E20DJTE6J4VP0M72W5EPB6,b75b00fbe514f37f9f4b11ea099dcddd2fc5abd33accc1fb8857b935662fcbe8
ciqual,22070,nfx_3YJY0DF05JQ43JX35C7PDJRQ71,996202ab3955e2e5794f3396c96ba1cd72ba1d215e779002f42ecf150ac5e461
ciqual,22080,nfx_0YQM5Z68YQBK409PQJHME4705F,f3d85158453df3431aee0091218cf82f977f805512057e2884cad80bd4dee2e9
ciqual,22500,nfx_0GQJ0A2M7X57YY96Z55F67F7QD,0c44833dc83142b741d2743be3c1cfb7d83e3fe1f7474c741a712297281902f0
ciqual,22502,nfx_51CBE9VT88XNKTK5QRSEVGGW3P,b5394886a6259890af493f2c361c021f58c3920ad9a98a6b54d3949a3e3ce418
ciqual,22505,nfx_67Q9BABHRP8D75MMCXGSCBY63K,a41770e33f54cac3a9c63b20dd1a73c9f059d44dda9392544243e853d269b68d
ciqual,22506,nfx_5XB3Z7J84KXEVAMY9Y330EAZAK,a713ae8af3e8f3210fb7013bfc1d5efeabab3fa3349fe5b877b136f2962470d4
ciqual,22507,nfx_646914FVN92RRDSPH5N0RB5HFX,1a0921189421f7b87278d38ec6ffbd1a36e9138a37d2cd63c895bf5ac9650b89
ciqual,22508,nfx_5NFSS6D2TFDEFBSYS3KXCEFQJ6,95203d75bfdc5768f32c2af70b535adaae5dffdd0a77ac88ff7e7af0c082b366
ciqual,22509,nfx_2DMT9G8X592QJHE7HNBWGX2JEM,43f164cb20b269c5968597fbe7cd8e32465fa55bfcf74efb59b1d90c757a830b
ciqual,22510,nfx_5WFMWXKR6W3XGS1MZNS8C3D5X8,23251a0a91ff83a7a42cfef3afcd3d9f9a8739dd0e7d8833035d27cf6c373e2b
ciqual,22511,nfx_49MFZNF7SQVFD9QCYTHXE9C1VD,c6bcfdd011627c0d0d960e97b1e8f51792829de8bddaf1e5a966a0c5ba8f530d
ciqual,23000,nfx_36ZYE4QQQFK6TQZ9K9N5R4DCQK,0eaaeb3a8e9086d94125b2a0aab7843ba215d92a713d657afe6457a772100e0b
ciqual,23001,nfx_301WMX5AHFKCRPYBPG4REVQ8Y0,c2438a2c3fdaf9f37e8336fc26343c487a85dbbe352a5a51c9190af7500fd9f3
ciqual,23005,nfx_0DGG8PNP03CKZQVJ8X0K7ZTG32,ac55db0b00a057f014d511363b364c2a604bbace9c8cd07d860ab274ec264591
ciqual,23006,nfx_25EPN0JX88FTJFJAH4DDK2HEZS,7e6b1d553c09ba17d18e81d2c7013fdb10be5883297d42cf34fd43d2c1e74e3e
ciqual,23007,nfx_2R20R0KYNQ011A431KY9PE9XB7,69e65b2e2e25328061546295fed6df607a5f30160ac3911a461cde7c4d6b8d76
ciqual,23008,nfx_54EWZWXM5DP6JPWGN53C0HNYXC,f11e5ee0821c4a289c0a67db7314547e3034ab321dc1c63cb8b48568d060b20a
ciqual,23009,nfx_3DE3M1SFF7YAC9JP4ERYVZ4Z87,8522d8b03e1039dde811252a7f226aa3eb2e2693f5dde4e4e690e089e3c1ba68
ciqual,23021,nfx_03NVB44PE80CXQ44S6EN024TS7,fd37ab46413518453b9b687f9d6d094dd8f26d77cee61de9b6a71a512d06cb75
ciqual,23022,nfx_08V0HCQZCMBSFWDXX3GKNBTTXE,4965f89af87878e2c018c37c6a8a67f024c3910aeda52b4929c3a5f55c93484d
ciqual,23023,nfx_4CYM7W97JEEYGM10PQ4CYKSMHZ,c2e3cdcf9a32ffe669cb46d86f7ca84f2548a6b481795219a3b8511cb1d184ec
ciqual,23024,nfx_664954Y5EJA7R4QFNJKY124GHC,9e46ad7fa9ef24faf302d921148b69f3a5cf300440d707af4975b2fe3383bb3f
ciqual,23027,nfx_079JKH3GBC0V2M13ZZ6G5VCZ0Z,8276e24ba530eb7c1f453fdff1be60add083ff4ea6625b403078d8d04256b4a9
ciqual,23030,nfx_4FWEP3M7Q2KRKS12W9CBGD6RVX,6ca85f37f05de828b47c493e352f2c3940cce0cbfdeb5170a9c63b1569cacaee
ciqual,23031,nfx_6CS0JBPR4VJ4FAD6FX9436G7A4,851276464b2f8a1d5267fcc28509289b0a12a58126959b5dcd88c584487c9ff3
ciqual,23032,nfx_30TRGHPGVF5RAX21DYJP0XCM54,c80ccbf5eb4fe19ebf71ca6ff6f557abeee2e3bf0ca257a6f52aa7aec9839d68
ciqual,23033,nfx_4JQBEKYQKM2A763Z0T97BYDCRF,0bf349339221c1b3dee7b3838c2237e453a71901666b833dd02d02e27135f654
ciqual,23050,nfx_4AR7GS2K4DHF73KZKC43V358A9,4150df9bc0eb1173afc36c0f0443fa3b03428fe7260c965f0d5a801c95e5dec2
ciqual,23080,nfx_38D3FS89J2H0JDZ082X2T6728Y,1299c50d842303256af8bbf2dcd5fc565420c6100f5a62a9de991108f990e3b2
ciqual,23081,nfx_7417EQVKEW8KA4X2HRK4BKVDVJ,ec68d831e3bf38c06b3598bafa06a8fff499204f01ea10baad88179a0441a08f
ciqual,23082,nfx_0CDCN8XK8SZWEGR4XM6DD7TMDD,536c2ba0f86591bf40b5d422f6fb828b243d76819bd81a9876271a5977b62102
ciqual,23103,nfx_476EWPQ3BB9GNK0A4BTCX5SMN3,d6e1ac71baa7c2690052dd9b79a8078cca31a8478aecf4cf1f814fc72c969393
ciqual,23120,nfx_6J80GHJ4AKG5SW2825MBE5FMQ7,ee447a85f9a32c99e2c37eb39cb4c1446f2e56784159d185c15c731f7dc55f6d
ciqual,23121,nfx_2XNS8E2BQ1MKYZHA883RASRE1Y,08264fa94bd9018510fbbff59c4533c4c95d0032b68e854eb70cf82077a97c54
ciqual,23122,nfx_2V8WDSX9FY8EHXWP215ZNQ2WQ4,fcab28c3cacb23e9afa70c31d1fb99e758a214f309f33d083f5c14464c35f79c
ciqual,23200,nfx_42ZAP774C060VX2VTDWD9ZX1DW,0d8be847a9529d71da2488bdc4b7d567aefe34d1b0fbe473937ab8abce542d8b
ciqual,23220,nfx_2MFAJ59JVFCKNQGFQA6DRHGXCE,3db5013c1e901a69b547e09ff4658129ea07fe44b301de504aad0c37c44d7980
ciqual,23300,nfx_66XNTTAYJDPXM12P5BFAHDJXRB,02eb0d46efdac8d4ff32a9f8150a7967db198bc92c7007b845610ca0b95a96d9
ciqual,23301,nfx_6XG0SA7VD0G7YVAJRVVNEJ6CQK,14b38573232d4b7302a1b07621a7714b0673081ebf83d572adb046445552d38b
ciqual,23399,nfx_1BVXW2H8SFY9G2C3PF1HMAK66P,fe0988e75fbec622be163241917f6a8238939f01d493815625de2184ad2eb182
ciqual,23402,nfx_2H4Y5Y1KHJZY5ED7WKZXHMZ2TE,60aaa324a8ffffa2bc6daedcf1fe25e79eab07fa635d9c7bba8bdd906405b9d9
ciqual,23410,nfx_3W22ZCSYJ3J80NNVFYS7N71QF7,2446ff4b6f7853569645827433f3de02887320d815db90985c84f861ac49803f
ciqual,23412,nfx_1B3KEYS0BHTJJC0DNRM4CF87RG,3d0f0c33e8cbbbecb1e4f8a4df74763420d48eb615e36631360d9ebdabc270ff
ciqual,23414,nfx_3QF638EJN4QDD8CVTSE4F8REDE,d72c84354f34d0829f3d3444064904ea9f43a61e28540ad89255ed1820ca0601
ciqual,23415,nfx_236MQ1PPY4GCK3EAC09E8ABGCJ,d11566d0267d6225cc0630df4332b96c38d9c00bcfb8e9a343c0531cdec37f88
ciqual,23416,nfx_710KP3BP54HSQAQVAE2DGK7R1T,49bb588c7c81da588d39ad76a5941ed15575241770f7bc1075081fbb64b35794
ciqual,23420,nfx_2CPT64X99X3PV8741PSMZ6P32H,2eada86221e10bbd40511f0d4df5dab09d0b2668096516dda2aa2470f2adc445
ciqual,23424,nfx_2Y4XQE8ZGGE1DPCHS0J9D40PG2,54b90f480ea3e00f697b5c52a74dc9495d4315e2644c49b907080115dd15366e
ciqual,23425,nfx_67ZJ13BG6T48SEE9Q9E3TT3D5V,0242874d6e6318da4411da1804b2f1e1384860e87efa606d420e4f7cee2eca0e
ciqual,23426,nfx_7F2AZNYPC17DMYCBR69TR5N0WY,0f28a1b11e713f3291e8576fb79efdaa5c4e3ef98f6099a10b8cb5d0744ad4c5
ciqual,23430,nfx_087AM46144SMZWW087YXS515WB,caa5d3f7b6a0308c4ea558b275667355a84ae4811e1d9961d0f8b0c578a12912
ciqual,23440,nfx_2SNNAJ1Q8PFEHA3G5028W1BGAR,516007acf45fb4d154134dfa56769f74ba9ce626c4d0f6a0d02711bbfb0101ef
ciqual,23442,nfx_0NX59NC23E2NQP3DNDXXPRS42Z,4f8e93716843c0ba8784a5bc7f94c0b2d975e8cb7e86525484a21b3099a2ba3c
ciqual,23444,nfx_45Y4NJBAVCB3V28X33QA5NT7ER,3fae3812f688f3f939fd02c8d5f237ff711ea526ae108541a3c40a476b6f9914
ciqual,23445,nfx_68EJEVAH633ZH344ZHTXSCSQV1,7b5ae9b9094ced54de82a003506b0fe83bd6ee2e671e5d1c88b762e1b5502e60
ciqual,23446,nfx_79XZQ8J6YF3YYS7VZSAFJSX89Q,478d2d0087ef96fcf91ed9b5820c14ec76e4ba88fb83a69a9819404c177487b6
ciqual,23448,nfx_3DYWHCEBTEEAF729N7N8HS23CK,3809a34fa31824c1c8ef8f75d56471a3aad8a1e44d92bd4c6a73924d656473e6
ciqual,23455,nfx_2F96TFBQ01BX8JQ7GHS6K3SG2Z,322ccc9c7eadc371a05cd50d1c72140b10558fecfb91e6ccee450a62b9accd42
ciqual,23456,nfx_2DNEJZ92CPDNC0G9MW4FY92X0C,04ededee35c5c6da3550cdc2aa2e9673ca661bbd28990192f3f8973c4212dfef
ciqual,23457,nfx_66YSDE1X6MCQ0WX792QM94X973,c96b682729e014adf1ac14bf072a0b21b840391f020ff0f56119fa18034beb72
ciqual,23467,nfx_627R3HEKSAZMSVEWTQ962D51NM,e5f622b22a3358d9780afe4e9beab3e8613559a9d4ce97ec6ba7f5a72a9e9b4d
ciqual,23472,nfx_02H0J0P9GBFCH4Y78J2HEAH4D7,5a1fa579063a63393aa9b7577e93419c3c4cc6b866e081843e22964f2bf023e2
ciqual,23474,nfx_6XP9T1N8ZTWZ129C24DD397936,432a43c6c391d4f4a93f75542f986c7df66bec1e509eb4a728e636bc2970c7c7
ciqual,23477,nfx_5R6RMX23DAPPV3R5GCKT0JZZ9M,9ef53126cc89e2ed6c229a5b9af9cedb93adf2f52fb47fca0aca4bf2d9b8ee3f
ciqual,23479,nfx_4FGKFV0EQ4JYMD02D757TNGDWF,a81ee409c22c4ceb5c208e46a2916aed1b4c82f9a2a639037acd2739549d1391
ciqual,23480,nfx_7KBBNP6G3YQNBJE81ER0PDMYWG,9401a72d17150c29c0db299625aa9d48957aa5107efa9d05f32f610b923b0943
ciqual,23481,nfx_6PDWRVAY7ZHSMHZC160JAV48ZY,48d6130f99f5d502abcace3985abb58e8a87f34ea7ed7ab063723a6439558630
ciqual,23485,nfx_1T959FEPYZA62JD55BFD8DEZFX,53fd316f4fec0d4e96482fe86f43c95ec17f686a0eebfd761b22ad0cb0feff7c
ciqual,23490,nfx_68JGJTSPSQQNQ5X6FSEER58WGN,597b26b2930da441422fb127befee13c2fc103e43647e6961fa1569b120376d8
ciqual,23491,nfx_212DAZS6GE6FH260QJV3YPMXD7,f9497a408669274d41402bef79fb65ae2ff94aafecd0374a3f3f96994428d917
ciqual,23493,nfx_64KBK8QN4NTW4XJ8GMEQMXQQ4Z,5a1f82ac14f0a52e4a16f2a5f739c6ca40a433ae48820ef5c2e8bbf07db9823b
ciqual,23494,nfx_15E5R613P9W1GA5ANVCKYB5TF1,53b687eea155c982ea524b2ad19c0c1aebfef4bf2b75b0a00b384b12e3aa736f
ciqual,23495,nfx_101AW2X5XYRN028849D0D1K8PG,8523a3e6960b94864dbe4b5fd2f2e28a0be867ab56f61a73339700e3abd58089
ciqual,23496,nfx_6Y46QXQYRG7NA1REFW2SMFFRVY,87038a51c6bf41feee47218431b7c4f576639f2f5878b2a431cba731768bb196
ciqual,23497,nfx_7SDMWA6AD0A46VEK83Q4PCJ0CC,324d80296c958b41f8487fd4365084020b0ef2a33a96b4fc7873b37899b76a72
ciqual,23498,nfx_1R88ZMJVP4NKMHZ82B7SQ09T8X,a971247eb35a631f001850865002aa663af60587fac4d78888d8ee5b055cfbff
ciqual,23525,nfx_1PT4QF8WTB91RHT7Y8QMZ3X1RC,730b3d471df24b6b26f23337a87b27f67186fad4edd9baa60ec1b07f22611803
ciqual,23531,nfx_78Z0Y7XYVTNGFTRY13JB3DP9Z3,acf6891d87b307067595ff80d71b4c6cd5fd65b6a4f7d8b755eb369a3ecd5d4e
ciqual,23534,nfx_4YF0QSK2EX64R5CRW207BP18FW,b0181ef35bf82ca2f468e2354a209158dd4ae311371cd3d4fa102ea285bad006
ciqual,23536,nfx_3DWH7H7QBW7VM93KH2EEJKS5FA,0a6e3006f35fa0d75a5a2ed3a2c4961cbe520b2d16bdcf5c12cde78ef739d725
ciqual,23540,nfx_3VPGAE9P4A057C349ZF143HSBX,9e6e06f965d5f34f0ba14888cbd53cfc3e50cf2d56fde95a34927e273830059b
ciqual,23585,nfx_553NKSQMRW651ZM4HH7CKHSADP,4627eed526c29be1ffecf4e83e97bfa593c1cc4577d68f574cafd884700b3431
ciqual,23586,nfx_2TZBF7B6Z0EY3020QN66GRCWXY,42887ddb7209d2c1a0cee9ffbe7f15249e7a6719d87a40a07868819ae7493c05
ciqual,23588,nfx_0KGF68DAZW1MK62HD9CY8V8VBB,3735854d85f37f3ded804767667a23fbbd362f008b8e091e67f38ffad87ac2ca
ciqual,23594,nfx_37BVRV5A6G3AQ8F35EGBTCW9RC,4e73b0df3d697d3bf2dc4d5300d873ec4b2cf6f5277ccca91437b5989ebdae6d
ciqual,2365,nfx_4CV4YDRHWZV6S6V1GJJ0WVQVSF,5f48f51e1016da1131f386f9bd6ba1800d092cd1a9373fb65e7dc535b6e69e9b
ciqual,2366,nfx_3T6WZ22KC2G04KVZJK263CQ8XS,4f2694c2541f3dbf6a6e4f05f94bcdb67ea01ed1f345c58721cb29dc5e58170d
ciqual,2367,nfx_0HRN1F5ZP0FPMNP9KNAB2D7KRT,c38e72bd1ca8dfa5a37046fcf57049ec1c04b38a31be3d9bc5a554794df954ae
ciqual,23680,nfx_7WVGKJ0SBYFZJ7JSMSS3TF9QAW,8f0659734638a4613fd255221a1e896c9ddf5500456e2b7692750a0036fccbee
ciqual,23684,nfx_2XEMGR5T4XEVQRMQ0VDGQFQWTV,7602dd08e3b69cb4c3523f10f770a08b6184d15e5d4ee071e0cd4d0d7cfe8a95
ciqual,2370,nfx_5RNFNTMZ5JM4NVCR53Z3V24NSZ,c4ace12702318d2200c371838783d15b1aff70070308f427ebca53f8beba4be6
ciqual,2371,nfx_79EY7T1T2MSSR6S079H8EKD1J7,fbcb8e4bb97f5dfebaf0e8df922cbe57dbfbfd585911c11ea7c1c5c256ce62bb
ciqual,2374,nfx_1620YVTYWYSS3JN6H8MGSFJHG0,aaff0128f67945ed68516bb26055c834ee7ecb7beeddff46be5deb1b46e02bd4
ciqual,2375,nfx_041QJ3D0RZ08Z0EF64BTXXC5K0,c6f93a05a1286abc36c3d8b2551c60d300833a03c40f15102576af72b13e606b
ciqual,2377,nfx_6XXK4T6EDPBE3BAD6SXBYN4N73,467ed90e1d8c63719aebb44d47fc13f528e60b7200afb26e4f1d09eb3fc3660b
ciqual,23799,nfx_6H6S5T1NN2SZ9QHVNGE5D1VC8Y,570fb3629a9eb48373e6cd1f1be4caa58293b88bd5f3ddab914494e5b015d4b3
ciqual,23800,nfx_5P9TZY2FGVBGKHXW805YR7WV6W,5a4edd079b00382ef57ac02721290cd68fabaf252afc8538384d57881b1f2c6f
ciqual,23801,nfx_5D0PSWZ71XMKNYKEQ54WWBSDG9,03c7372214a32f4f1ecf4e7b86c4d345651509d84c4adbbd2a12c084c7c9a467
ciqual,23802,nfx_3K4E38VVD8RZQTYRZ6X3EPCZ2H,05a56aeaa942e13979d35698bea68dd3728c5399cf0558e5a6db1372c44101f8
ciqual,23803,nfx_36QF0MPGY19A9Y7JPEECCMBJXN,e6f1a07812a89e9ffefeba2ad63aba6c106c6cadbb02df0a9182f02c1dee93bc
ciqual,23804,nfx_05DTXZ120FFVF3FN42P8T384AD,5f565c4286bd7fe1fe62f00508262864887c925806facc615429a512b89c5975
ciqual,23805,nfx_1K40885WX86Q05K1REZP7Y2N99,33b45f125353e4c66cc63ca13529eef6bf724c64b8d70336e893c0076f3da2d0
ciqual,2381,nfx_2DWYVHJZTAWD6V0KCP70YQQE56,14f3c000ce3b650f038b2f3702a6d6a1145cf6144d3bc1834d7aef86560018af
ciqual,23815,nfx_78D1JHY06XQ1VHN63NBKM05YYZ,0f9c505447f7fbeab5413a28cef923d289d908af56770236d9b96244ff78fed4
ciqual,23820,nfx_1DV83B29NZ28HRGW7G917ZXK81,3f92d0394e96bf67d71fc5d8f047fee417769275c1264da9aeb483f299ad86a4
ciqual,23821,nfx_108KS7WXQTFJ6W2E8M8ECRCSYN,9a74c0228fc320d02dfccc18f47045503aaaff8081ae47e9ec63ee6a579afcdf
ciqual,23827,nfx_2VVQ6TQQ7NKPZ9D50KC7MP24PX,6de7b5eab9b03f332d1eb126e4c3493a42aab9663d655cf01124edaf6b34a571
ciqual,23828,nfx_5R6YXND77YER6EEJJWREZ8M0S8,d93161b4e5846d4ef3049d9bfdc97233a676bf1548f0ef6da5d7e7a90bb76443
ciqual,23829,nfx_1WM0ZF7FC0N522P1REGT1AK0WV,40cd350910cafba42e606a51790c8f05312c453060daf1d41d8ba8e2e1282f0f
ciqual,23830,nfx_6QWWS2X3RFM1GKC5Z8YVTQTAV6,30cb8e48eb196a761c2c35a552dbe18bb503567a0f8e240e11a6acb714fed2ec
ciqual,23849,nfx_1A7B5GQ5AK88GNEKZ6H772BFFZ,d396f1c96349c556675c89ce7bc0922bc21fdd2e3f0b85fef4f20b7467c4350e
ciqual,23850,nfx_0V3GVPATQ05NPRP6PDDCAKNRKP,97d38be5cb684dcfdd5f187c56c3d678e238e3774e1438be13baa2b9d38018a9
ciqual,23851,nfx_32BVQAZ952P7FE3X0RSN4RA4VV,598b8f86438f7924a0ba7cc6ae76e63f8267e8cd6fa511b1767fd4b62e0f836f
ciqual,23852,nfx_7DXY6WT8DY2BAKAQAPF43SPSD2,de9da4b9542d10d05943227aa61f2adc4e98bc27f5768a573417e7c5f14e3b25
ciqual,23853,nfx_3708GX5XR6Q3ZMVZC5XENDP6WS,ba2b7c9c277aa95cc5471eb32b0abd38c1a4699da46c1b871b6586520ea93c75
ciqual,23880,nfx_21VM5SZ2W9T9KQ64TN5XMZR1B9,cb97090472a4ea52f468487040712ba039bbae60c5be0ea40c2a09e9f50a79b3
ciqual,23881,nfx_79WX38M29WEZK4N3KFQ0MVYM7G,4bbff63ab1489f8e23b1718d5c7003b91651d3d75b982d09148a14aab6b362c7
ciqual,23885,nfx_09ZNFGZ7504C300F463C500HP2,2047826b580277a9434e63715147d1cc4b6cd035673d22ee447f24c9b77b089c
ciqual,23900,nfx_7D4T0JZ1987GNTWD9YD0XPAHCW,166c3715c95293aa101d1a25d53fce29c2eb6d37d6bc2e27721a60baa3a36f11
ciqual,23909,nfx_0QMTASHJ9VHEGK7EADH9Z2FKK2,87e1768a9aadfacb30166c4d111d7fe61471971bcbef62ea22a80e01e968c1f5
ciqual,23925,nfx_308E7WK77NAX652RAXMK67XGX6,7272efc8701f759b3235ee29cf97b2df907eab21346b01a7f2bde6e56c535e8a
ciqual,23935,nfx_1DX42R9SSZ3FV5DQ3A6DJP2PNP,f8df51b7c5c469e986b83d4672e7bcc43020e81e88ae9d0bd2ed3517d3a59594
ciqual,23937,nfx_09QYK1MQ3RHDF76F8ECHTSJVXR,8c009f14a02920cf5cf2f8223b1254c9a2cb1b3ad0a2659a037715923dd8ddac
ciqual,23938,nfx_6DX9MBPXRV2X74K1YY5XKNEE8R,ea60df288a83e6785b8457fc7759a54b9237b6ce625264a83bd310f02060b96a
ciqual,23939,nfx_56CDZ01SP7EE3VNWPAQW5V5HTF,42fe588619d6f9b14ab2b5693d3e00442097b2dc1af30308baff47692f374e09
ciqual,23941,nfx_4B1RQQ3Y4P3J7K9MB1YPX7M5MA,39a25f2007eedb9c2397cb252c3eed0505aa829585be9c85937fb3a8bb798519
ciqual,23943,nfx_30808MZWTCX9TDS2YX1QK4TKJ3,fc03dd39ecc39a435e544efe4e063d0ce31a029c2ed35a322c4586e394de374f
ciqual,23944,nfx_2ZY7CH4SE047WRDYFEMAN0FKXZ,930e044af07960bcc266e80c25694efaab8eb67c3d74422da683479967247149
ciqual,23945,nfx_7DC2D72HKM57MEV3Q99V0Q71BV,2255368b289b929e362f3704a4240a95ee1ee409bd009641155c8833939399e0
ciqual,23951,nfx_5BWPXSGSPK80QC5HQ7DQT7HTN4,07afe84c5d5e2867fb38f9eba4a6afdfa619b7285f1f6f35332286dcfedf4be3
ciqual,23952,nfx_1PKQ68E8G3BG557RGZVM7ZNWMB,474b9795b5e253c606dddd4c783eb6cb56dece158780c516462ded6319b5d58f
ciqual,24000,nfx_4PY2W5229E1HMHNWJ36FW54PV8,cb5a7f694d15fe6d8c8892c896265504324c4269c8630ec66dc6ae536553bf06
ciqual,24001,nfx_2ZA43B55YB19VWK64T4HW10HET,8674529eccc8ced88e599d03eb8e7bcb86b2cbd081da8109e1d10b9ef1e6e0e5
ciqual,24002,nfx_50MG8N7A7W08ARHCJ1E08EQSCK,bd8b457ec988b576c185ef08b0d7e482c7fbee3d93d3875aa5a0ab527012f351
ciqual,24003,nfx_5JW1FK8ZB2ZP8N0SG7R6PCAF90,86ab181fa0f17450a731dc9fc2633623fe9632b8e6e4151c891cc3e29854a8cd
ciqual,24004,nfx_731FZ54Q6QZJTZ3AJHGAPE8B96,225470602dd8642d1c336c6c0a576426ccc0932e46b973efd4eeefb86cea42d1
ciqual,24006,nfx_1NC9MD0V0Q89ASWN36RRFTHK7V,04a4c93154785a73918e275c984e566e4a51cacd1abe29f7042c57798c09476d
ciqual,24008,nfx_3KW72WS2MJTTB6XYNKN542P1M0,ab81b64ecdcded66c90518f5934250f9760e575fb5cef60668e9ffda02a8176f
ciqual,24009,nfx_7ACAN1MFH66841K4HECQMWV8E9,d00dc4625c8c6df8da724df32c829fb083a8ed9372291c44a5cf4d4e04530db9
ciqual,24010,nfx_14C0K4Z6J62D7X9EBZ3EHPH6G3,b3402b2ae9f512efd53240e07c6467ebfedb84822933919eec0db369a41cb2e9
ciqual,24011,nfx_18SB8K2GZAGWHAKMNM0FQ2MC9S,6a88011d5193d64f0ee17e69b2dc48b3fe1aec6de30db4b097e09c250df4eda3
ciqual,24012,nfx_2YRF6SE3JB3196Z8YZD36SHSBW,d2c3f5a5224f20916d9ab33fe45ba1cb2dfad0e3f79bff97f77b986c8a64c079
ciqual,24013,nfx_7D1SV7AQJYH6D51X2XDBP7N5EJ,49fcba24483fc4ffbb4fab46030d4a0b76eeaeacc7dc818745439b3f0a166391
ciqual,24014,nfx_5KS62FRFA913DVJF2HNSFN1W17,887d66ee58ee7c10bc205a955bd53826fb164c52a5ee3bec9163a28e6946a0a7
ciqual,24015,nfx_6P3GYNY5K8R9XW9WKT8HNS3H4E,c1f9822ded5f0d9e1ea4f165d9b0f01a8dd0ae6e27e3b3e90f4494e44123a83c
ciqual,24016,nfx_1XV5V67BN1A0GGJWYCV6ZA6Z80,ce0e454831f914d5a4b3f4990041396d163f0c9343bc9b60ea279ae8f8c39c9e
ciqual,24017,nfx_23X0RK71KZ0PK47T2K6EHZPMBE,30b2b697f937f81c3195868595a3458706e5f73b20d5535201fa475636d3475a
ciqual,24018,nfx_6X7590EDND2M81VPRW96M8VWST,380ae41f35b77220032c4d0b7fd2f9698b3adfa6ab6a7576f75e5aacf36cf963
ciqual,24019,nfx_1RBJRPPJBP2JFQQ5PWSMG1PJHA,3fe7f8f7e735ad73fae73a8c8014435a1d7d39a10fb5f834b4196ad469e122ca
ciqual,24020,nfx_1376N7FJ47EA6418YS8NE1ASJ9,cc7ff6fa9faf3b28c47c1c21c0e1c07b89082b8ccc1e10b48328b4e69bccb145
ciqual,24021,nfx_4G6CMDXTW9JAJZ7VTS5ATXFR8F,bffb68c6d0fafd5367e092cfdffe19693c18e089a92306177bcd5d4a01013c83
ciqual,24028,nfx_0FR523XRN8EG3M62C7TB6DDWPK,38d3125d52c6868bd0d8bf06790b4b063a9d67cac715faa890000c462bbebb6d
ciqual,24029,nfx_0S5R6SVK5NZRFRRX1YB2AHMRSX,d9941ae2a597dded16509e04c678719862a77c0e50db6dad2415e09aa26bb74d
ciqual,24031,nfx_3FPHD11TM61MKCJDJ1KPCWF90A,37548ca2bca88f180b78c3b230e1b99497aed7111a71c22e883565b561c38719
ciqual,24034,nfx_72MZQ0C6WRYBBGYDE75EPEF35V,131e9934108e5ac980e375b78485505fe34e67e1c3a1abf946cfe6c51a90f14d
ciqual,24035,nfx_19C2VG085N9XKR86629Y6B6CV3,865db6da7a0094bf7ee90f84793084de6769ffa9a0519d8b3e62c313e99acc9a
ciqual,24036,nfx_43R1FA8RT8G7B517TFWV6J2YK0,f9bf9cf71ffd71c00378b649ca8532e4f9263bd26afef4845caf6e8da8f30046
ciqual,24037,nfx_61ZGK5RW6SXYX0WWM5WSH5MMWH,8c4225b3ef8b9d791555e4afdd129e9fc0ce820963c7c0bf1ba68e84355a307c
ciqual,24038,nfx_5BM5V558GVJ077Q7WDNAF7B07K,6311adcc77dd4cfbe8d7e5138864d80fcba850cf4aba368a9a37a2b04707938f
ciqual,24040,nfx_567MV4R5MH9HKXXAE8VTHQCJ4N,7290a9055a7f8299ac22f6bab69f70483efa546a1ca6ad02b84c187acfb30c69
ciqual,24041,nfx_78K71QPKMP2B86GFSMVJW8PCBX,81f7c37f2d84a2626cfc5e55f77707d985e5facf69e9c969add9b67eebf5cd64
ciqual,24042,nfx_5NE8V3XFZACHPBHWZGNWV21CA3,20013cd837a40028d735d8630a8436108faf6312a65c32248ca0c4eecfd01a21
ciqual,24048,nfx_4ZT16GZQZ85SKT9VC39AMD4R22,e569b8b3c2167672df6b696b7a41a4dfe8774ae03758393d619a2a437f33505b
ciqual,24049,nfx_6QJ8FG8PH3MDANRE1BAGHFA3Q6,3d08be15e863f1e3a7f35c9459d4f5c30aa40e80c483e0825bca0e36670274b5
ciqual,24050,nfx_4SBQ9GG2V6ZY5EQ06RVZTQJ7B8,4f436da2b525fd0f85463df41a0217a163badaf82ada6908213454290f9d1c56
ciqual,24051,nfx_2YRQYQ2YZNYX92ZEYA6DK0W012,38cea167aaa20b9c3346d40440e573c0ac67c6eb24af182887c820ec532bd7a0
ciqual,24052,nfx_13TAT2TVZN1RK5611WKBM8K3P2,d17989ee06ef07d2ff4898083b6a8429096bc37943c6292a659b89944a5f5046
ciqual,24054,nfx_78FKVXWCP2RB3027H7NRPBP2QD,635e3d4c363b12b166acd69d2f9ed28699997eb8db461e164c50f1e718b2063c
ciqual,24056,nfx_7CTP66EYEN9TQ0MA2WPDSSB597,a7ebf438116168e666f3dd5793389670887d6eabc7c7335a71e0b33d8e8dbb1e
ciqual,24057,nfx_2D2YVMYMSYHVMTB2WMS9CFPFKT,bd8f007f995d35718a390c32777923801886ae2bedaeccf8e606736047263028
ciqual,24061,nfx_4H7P35CQHEG79G0HKKEFDSARKN,c2ca86ff93213c95cb1994d44eb1b0fef0657cab555a4c2a62d90c6079169167
ciqual,24070,nfx_048QYW4DTK1AJXX60FTG9E591C,3310e50b3a9049529596830660ae869d0255b0d1a06671f52d01f0968847f09e
ciqual,24071,nfx_178G61KPY810QJVXHD7E6T36CB,da5d7809032c748bd68e7d03a8ee74b2f102ccc0339d52f881e74ab1882e7fb4
ciqual,24224,nfx_144FJZXNTJR5FB9W0E3BNWXGZR,8e810bce71033d56786ac58642fb0037977869e04b51f80dcab12c7ef02660c0
ciqual,24225,nfx_3GSQYPEKKW573V5X22F3CBZ5J8,b7d4767585555831c51d5a20362358db616b74a35eccae188bff7bbaab446c8b
ciqual,24230,nfx_30H61NM4VH0NRXGQASFCG0J9V6,0219b24ee0dea621f71bc06f888196523f8d8fd1e1788843df3069baab987bb1
ciqual,24231,nfx_14HHBPHXMBM7K66E3WV0XQ5KX2,0c7b6475cbba8e2fcbc492562cfa7c9f47e525b0e4c95b503ba36da34d8041c8
ciqual,24240,nfx_0X2XNN2S92J5N1RA03ZRHTEKCV,bb10fadfd0fdaec3bef6b073e439963e68d48663bd08082aa841016223457a07
ciqual,24300,nfx_0C0NVKYN5KJX0SEQMFMYB7TD3Z,8f3be491ed2c2f56ef626bf6e48121dca4d6f059a72bdca99df5adc040b6bb0b
ciqual,24311,nfx_4P7Q6DB3EKZXXZ48553S43YAKZ,d78462fe9ad34ba87c8cf2608cebc445951098efdc9917bfa15abc3f741853f9
ciqual,24312,nfx_5088XWNVMJ3YEJX39130BVXQJK,6d38276e7f89e7dbdd03cb39ffe40bd1febd6a42f7f0249f0520b5a69876f746
ciqual,24313,nfx_16G73SZ6ZBX5VD8AMXR7QAT21F,136fb41be4aa2a76021185d6a18202180c3cae47ea5a84190fd24e57a8fcce93
ciqual,24320,nfx_39YR4R44BTV16BRQ9DB2NYZ2XH,ba02f3a5731f1c418ec8bf8b10497222b1aef803224391f3c37f11fe457881c0
ciqual,24370,nfx_286TW7ZHYVREF5AWCY0HFSY1A5,8ea811cddb4c5706c5698cc5115c6e9a50e13b7843dc2e4d91168629b6df596c
ciqual,24371,nfx_629Z0CN031G26QY8FJPNEJW2X1,5d5a5b312c247fd274d0979632be42108b515b46edb7d129e133fa92c47c90fa
ciqual,24430,nfx_0GEBJG6NAAR9NMSMNMZ4JRCEMZ,491de7b02677e86bed6d0e7e77504730c96440174d2198b9aa4375e3ee09d930
ciqual,24441,nfx_2M7W8770A5SQW8Y3HGNHW80P9Z,eb60c30b6266fc158fea9eef6bfea9a42d575af16ff61981b49a4be62072d4f9
ciqual,24520,nfx_61XH3DDJET4NGE2XDJ8B0X1FS4,a6ec36773da6b63f2ffa8367e2a88dd9897fd20688a8b6814f210a067ba2ed01
ciqual,24614,nfx_2AFNG4NSEN4Q30ZNNVXR8M4ERG,3c4d0d3b2c90aa5338f85e0f835338a3334e75144668bc0071055a2d504a9e1d
ciqual,24615,nfx_3C937YX3XKH9YFXG3HBHGYH6JA,11570a5f448e96432ff9919bb1c399e649d98f929cec56ed627de339c1ddcc9f
ciqual,24616,nfx_5NDZPSSETHZ8DV65PWNHNBD8F8,850daa3d7ec297b2be8a9f1a7b1ef5b0b65ddd5fdde3d3d3c11042016ee849ff
ciqual,24630,nfx_014K96PJCXWH1Z6Y6JRT1MWDKN,c648e1779fc19239f5bd1a5296756fb15ccd8a0ed0e914a0f31e9d85d9c46972
ciqual,24631,nfx_01JJR055NZGFQCACXES60QRNWW,d555f1c669bc2b7acaa0b519bfbf8c20644ab13a69f599ba94561368439668fe
ciqual,24632,nfx_753K3TAQTW9PX3Q44JGJANRCE7,ba1166f390750e2dd1900027b7a0d303dc979460e37ae32ec334af3f44f18a65
ciqual,24654,nfx_0A6E6T0AHMZW3TVT94H8TBTX6C,8d54cdfca1cf5242bd7bbe2f634b45b1c25d4563c4a0860a593769fb277995f4
ciqual,24655,nfx_6NMR6FNR68FF9C80130NWNWFZR,b2ff3cffa5d885aea944fca00adfb1d8f6ae5e145958066e984743fd86541fe8
ciqual,24656,nfx_1K6H76EN14W8K1FBJRDMDSMK7H,c374f95dc57a7d2a6326a8658dd91289f4dbcd270d493fe0920c637362b4e5cc
ciqual,24657,nfx_7NT3FNN5JZ2Y9236ZG5HK5X41M,0e5fcf7fcc1dc99ef628a21ee07bff8ca95adcd839fd673fec31af7a6bbcd659
ciqual,24658,nfx_6V0JNHABJPB7H9VPEK58EKMAFV,d11a5ab7747f44dbc3753c667130092210369fd45305cdfb0fd9883b5dab8d59
ciqual,24659,nfx_25YVB6HWWVYPZYSH95N8XKN5HB,41225e463bafd7d734280d987851100a1fe8e5e1496440a6f187f3c64914c6ed
ciqual,24660,nfx_5SPT8JCJWF9B855ZVY23P9TTYS,497279a387e81192387c29d642fe5039c8ab4920a26df19a49b64f677a56f199
ciqual,24663,nfx_7NE08K34E6N6YHQ3AR4S1SRWB8,0a7de98e13ed4a319de7c4a31364ef5d02eb5bfa3953c3af83671273ab6d67de
ciqual,24664,nfx_4V20C1AXRXV9YTNMRY3YZ1Y21B,2fdb5507f13f8b1e5182f44298210e6adc13d2108268779d2d6165bd31352721
ciqual,24666,nfx_2EH7CDH6PXWM36N78VS3S4RYAD,59406540b9a5866e11e3fae9f2ca078f48d0c7c39a9b3a9858afeb18a8f9576b
ciqual,24674,nfx_51BW75EZBAZTN1PWXKHHZMAHF0,c3b2823facf658cbdf0023059917e794a4e752763899bc7f7161d8d8da6903dc
ciqual,24675,nfx_20NBBNH552XK6DE5AX6270GDX4,190deb5bc262c41e3273a7210b3bb28018b210659224805c7acd19472e94cd7d
ciqual,24676,nfx_76XJ7G6XTP01XM4WY5CMT45HF4,9619e9b0b6db57350ed43b64fc6b4fa84d0558a042ffa1a089da6c67bc614098
ciqual,24678,nfx_1G4YN3YTKRXCZQG8EN0M7BXBGD,0f3db02607dc7357dfbd72825bf5a2f1bc070d76ea504ad88e3a6fd652b27599
ciqual,24679,nfx_5Q7CDQF44XJJ3HQA3SFK8T28SG,717d63e2869fbbc442ca77ffd111ae65ff4e5a1532f8fb271404fb9f6568e11d
ciqual,24680,nfx_4DJ6GQ86VDAVZN61889YMHC0CD,913a0fa227721d1b699b74b76a984dd120a9f9f5e7d7218e5d4b59eb5f063871
ciqual,24684,nfx_1J7W8TWBHMCY0YBKABY52Y2ZA7,1d2f6c08d03601d84bdc8612a07f08494ffe82fc25908be709fe135cf236e12c
ciqual,24685,nfx_15N1ENSDN9Q0Z5JQ5V22H8D33J,c3cd2b67133a74b0640ab96ee2ce4c99609aec837f27d582d3ffb88c39dd43ac
ciqual,24686,nfx_3J90JMRG77PCFXTN3RFHXKQSQ6,24728565fa66355c3eba282d799eee9e3172f11576c4e7969ab1035b17eebab6
ciqual,24687,nfx_4HT5ZWB818Y0BNSK1DYYFR892G,904389c1b43f8ce66786c83ee3d3bc17a8c7decae05e2b49d590e88bab4de754
ciqual,24689,nfx_1QXRK9V1W0YHPDC52HPJT4ZGEB,888d6e17fc703968c4bf6761bbc254cf36c736c8cfb91a983a1178bd491dcb33
ciqual,24998,nfx_3DM2H6K460WC74BCN6J1GW41TQ,c1c6096db35511a3f435fb73620624ddc771591cee95f6a9d4a0d5dc3df4cda0
ciqual,24999,nfx_04KQPA4VPVBDEFWAVHX8NT7BA5,2368cc0348b2f76292c0ec2098e1d136614f78c5e9e5d5028dc275eee53a6c07
ciqual,2500,nfx_4DF5MKCN2PZQP2JC3QH3AN55K1,53931156bfcbbbcf4a45500cf34cc6ff8c42d5b921d5d294046d9c2a161bae9e
ciqual,25001,nfx_57VBF9J5RMTAB6FZP0R8XDPDSW,564c34cc47145b497750d7f8dbcb9a77f465ad1effff86f15e8a3ad04001e4a4
ciqual,25002,nfx_2Y1ZQ0W41R0MHD5XVNTEEXBY68,32dd34612968c23f0884c4cfaa76f04829f64542d6c726076ad7063666e92e81
ciqual,25003,nfx_49Y5YXFNPRTWX83GCJ38YTG3YE,c95fe4b86e4926962cb271c7cb438f0d701b2c801f93910ac845e448e093191e
ciqual,25009,nfx_4BZDN4651SWDTGAEWAR609V1ZX,afc54799b496417c30e4b1623d0674aa528ae29c5d612665d32f8d8c182a2cff
ciqual,25010,nfx_5RC9T7JKG19F7YY34DBM6PM1E4,9eb246880496d886d601e7dbf6a49142fd0a041aa548d4d57114cc9afc728c0d
ciqual,25013,nfx_0PA1GG7X7V6ZX5RBF8VADYXF2A,d597a72b3077fd0a4ad043fa37296a959ea3003ef898fcb23ab9429d1dc54c83
ciqual,25018,nfx_23PVR48765HGV09JYA1X6YWZCG,52c9a524d61dbf6f5fdb6f24dfcb5f045e624569e35c8343daad4a45536d666b
ciqual,25019,nfx_3WZ4WR13QJZG9QJSCGPSVWXK20,450bb0104cea2a9b4ee4c4b1fc79f117356771069a54bd972556c0b30315e4d3
ciqual,25020,nfx_3A59NV4NA4W0DTGKJC74GF2MCN,cde2987808397f67614a8755d21aea17694ac03c8f3068ee4a965fbad50b4a51
ciqual,25026,nfx_0YBKVB5GR33ZDQV53FJEX9NS4V,a5c97039335aee8c00a5a4f4ed9a9af96baef031ef762e17c667a04c06390a98
ciqual,25029,nfx_10RDHQ42VTJRGNH28H68QTBJYQ,6556c60461f75a0e20154b4f9cf2e8406b03d2066ff9fb50ee2f3dfd6ff2e9b0
ciqual,25031,nfx_0RQAQMEBWJVS3MF7PXXY6HZJFD,9af034f2bc1b35c6d458109e77b38c0a32f6c27fcb3b03a42962d1a22d3ffe36
ciqual,25033,nfx_55SNPJC1HT60P5JB1CQ3Q68D4J,76eb00b7022468c479f2dabe8317d3db6bd90f94201f3680c1db189f9b425bfa
ciqual,25035,nfx_5K1V0YX02H52Z58EQDZZBTR6SN,5b475db68c9e1fa0ece9336afcbb4002e9c93f92786de176cc54ebe091526068
ciqual,25037,nfx_5SVNJ9JTZG1J9TZ8CGT33MPAXZ,b24220465f9d4e28f579f0efc1d0e41d4df3cf4d2e5c14974ec6a248e0858062
ciqual,25038,nfx_7PWY62FRCXFFKNYWPGMF1VER7B,d5d6b790ed0a3025ddb1d177bdca70f86c5db629b83a4199c464db005d6c7001
ciqual,25043,nfx_2TKV81601FKNDDS185KGTH3J6P,f0cbc593afd211c41e3cbb9383ddc6ebe61708c6653944774ae56057f52c3a7b
ciqual,25052,nfx_194ZYC1H7N0CGEY1KTRY3NY1TJ,bc9c2b60df7bb1b44f2797c981f65d9b223592bbbd40603c9e7b1db601f5f60f
ciqual,25056,nfx_1GXHRXE4WGRZWP9GHTR05CXM77,fd0bf67e0c40add2fd1ed39d7e4799bb4d568ea7581699daed9f51b97f2db8f5
ciqual,25057,nfx_47ZJVWXZ48K94DE7TZEKG1T0D6,9d33cf61ceeb3ea1a4e40e8831131905c029d25ffbce99b0695eea3cd7f2cfda
ciqual,25058,nfx_0EKGPXFXJ57ZHMX6CQB7SWM1RT,8c894b947ab37fd72a907fb8316ce0b4da17ddc192d9a93d76f0786a108dafca
ciqual,25063,nfx_5AGBHSH3BF5GDRA8KZJK885E8J,599c4385bc8b6fc247ae5a710da235ea4214e81de69d7db87ec55b1aa8c0a192
ciqual,25065,nfx_6DVNR8W9E9Q7ZYCRTG2JTCBX5S,5dbd176b727ab6f693063cff5e5332a801692efae22ce0cda393a9e6ef6bd6fd
ciqual,25071,nfx_13G8S9MFCYBW3SFFJV91G57ZME,c6f2af79c3171303ee26ccdb6da219621d6dc3a94d863b61fa8f6f5cf3f1769b
ciqual,25073,nfx_5B5HCWEFCRMNS3AHPBHGG8AWGF,0c900c118ed22bee93eb66e2da8cf04aca7f09b791f27934f7019c6a0cd5ee89
ciqual,25077,nfx_4TP75RRHJB6Z5V43V0GKATD9EZ,357866b4ec99f5c0e9581449a8359752a14259e5d4f7f6a34fba9eb9bfc6359e
ciqual,25081,nfx_47603KD7XY4WN5SW8C1J20GC66,23f5a1dee5e7bd3327a3f6a776392b081d59e18cec88dd0373b248ac0bbd1466
ciqual,25085,nfx_210KV93A83YSGDD9MCTEX94CCQ,0dc42b680def04d206db81b6aa8d54f10bb0a11d64375733fee1373f3f927b44
ciqual,25086,nfx_26AVYM8PZRKW14PH9AB8DA40FD,91a30377979595627b731b0ad0ad1236c3eaea93f195438ef2a9643ef1ea3329
ciqual,25088,nfx_4E40J415MY605B0TAAM37HA4H5,cff4057b03dc986d549e6ea67cccf57eef69f88ad55f6d9913aaa978f7f6f6f4
ciqual,25089,nfx_00CNEQF06FTKTCV4CPTPBB07AV,977cfb3d18d048c616cef61824db852e7ff9f3eae7373cb60c43baf0ebbf9748
ciqual,25098,nfx_6ZH5PG00DM2TM3SDE1P4TVTW28,f9aeca70e50fbe33c6f8c0c7f4bc4e97aa3cc64081000926b99341fe97f39fd4
ciqual,25099,nfx_3WAF1VYSERCY0JG8PTZGHHN4JF,5fd9b092a6a2e81e2a1ba58d854bb48cc74b8568b7dae62e0600f9dc7a8a1572
ciqual,25101,nfx_562B2TRNB7MKE1R2Y9A7Y2Z5G3,5976a321d66cd21033beb4a117cc2bd0cb80fe78ee73656be91628ab1e9b2c18
ciqual,25103,nfx_2DED4P63N9PKHMHJEK387EKB5A,0541e308115aed257e725b74dea37cca50e108e93fa822f93ffb0293fcd9f015
ciqual,25106,nfx_2CG3PTW81PK7RMN6Z8A5TFPJAF,0631b968f84ba61e0a2e886128b862f47ba1aaa0a1c3c343b066512c0d669a09
ciqual,25107,nfx_71PM593KV3YWPDEA2DVNFF79AX,c2eb1f3f6f4607a01db125554c3f564717a832d3c7f7d584e5212b7fd0aa09ac
ciqual,25108,nfx_20DN958QJ5DQNDQRKQ00AN7T32,f17dcb7bb7912b2756c32e8983bad31c5603fddbc41ff1a98f1e87e71b5ba4fd
ciqual,25110,nfx_0R0WDT4W2ZA4ZCVX3GG5MT335N,882a2c04bb9f7b3162429d94d95407f80a83e8acbe96c25825d6844405ca6173
ciqual,25111,nfx_5NCKC3F1Z4K0J095XSYD3SDKH3,0abcc568917a460754df9ddc285cddf84b0b1d8bdc0e99139b1431a4ea865641
ciqual,25121,nfx_799HH8KGT871VNRBQPRB5EW1ZB,dae66085acd2c58eb9cf50f32352294a71a081de44fd894fce9bd002ed6e8171
ciqual,25122,nfx_2Z4AVMT56QF8TSHA58ACDA2727,23d120d7101ed36b20df449b94033c4c08c30ca248ef035d4eb1ee22462ebe5c
ciqual,25123,nfx_7EEB10DXZ0D4GGZ2KSPNG9CJD5,9ed3ba4fa8bbb3c593104c8d09c786e5032ccf4d3c12ad4e1b06fdc9f728cf0f
ciqual,25124,nfx_2HKGJAXVVCZK11E81FK8X523YR,879bf27ea5a50b394db846c4884dfb1549ec59fe5ef0a00043b94163f770cfb6
ciqual,25125,nfx_704S61XN023GP2K07PWRFAP4KR,bafdd0404755b5d39f9c9b53fa5c4a52cbc756d38e4b6503d812900a60943d8d
ciqual,25126,nfx_1ZPD28EF7D823Y6E5PPG9QP9YH,940028d04954fdd44d334a86cd9d946d70a7f3d4320c13f6bf1cf50df9d294d3
ciqual,25127,nfx_6V076DGVKM6SZ453NGMWZ5XJFG,c12fd1b178ef35e3a6587cec679085a274c1fb8551825816c8ac6ccea907fd0c
ciqual,25128,nfx_4NGK0PC0RB5DCPSQMVZEEFPM4H,9dd554358e8686e1e5afaaf4e2e057aa9454de2ea67505de7fbdcea9ec3b318f
ciqual,25131,nfx_3C7RCSQF89668FQ78DVYTDHSPE,7dff5d003b04dbd23662a4888cdb25d8ce5b88e668e26c32509fb8fda81b992a
ciqual,25135,nfx_0FFZ87RJSS7K1M9SP093V7CNVW,872a527673b2e265475112ede1e7dfa77397fb45f50f1781f9fa0db23eea3d37
ciqual,25137,nfx_2J7Y6HVGSJSD7MNRQGGHMBQ8GG,890de55779e511ea0f656046d175e01c28cf2646943545f5d88a2be334466c41
ciqual,25138,nfx_6CXXFJNC4PMK9YATSTFFS733MS,61d53e03913e3865f746a0e0cd887044bd3fc3a82d8cb9248e761f74af1f8ad4
ciqual,25139,nfx_0NFZ2GKP31WA5JDBBW82886P1H,ae5b9f496c543b1051b16ff8d9ca24061cc3326b8fb5f567902fbc2c2ce05f26
ciqual,25140,nfx_2HN1PBM34Z7KXF5GDB99BGKMKP,e310820880592db7b78deff801b02a1af3a3510d74550d85ae9fc9140b1ed402
ciqual,25141,nfx_0417XYY3ZC8ZWCS9XBY55M4EBG,cfa225a7053403feac985242fc652b5d317fd8d3290b41765e1b0019bdbb0ed7
ciqual,25142,nfx_43N00E90FTK1EFXTK6GZ4Q9PP6,34e93739f30f5209527848392a89b477f4b5254c1cf3dc6164093b020c60e003
ciqual,25143,nfx_4X3HG1Q34N1SFX498208JAVCV0,62cd7d7620d1864107420fef21b7048a25798467b84f93cd0cd0b3f1f64b46ff
ciqual,25145,nfx_1XBHJD7TK2TX3A9VTW5XGPZ1YQ,0aa737482474c07c6f122c156f9d06cde482b6cc47926ba3b2559ecd81dadd9a
ciqual,25146,nfx_5YSPGBDXT8SA48HYNM6HM2ETXW,b7f47b9809685ed18ccb045aec913ee45e32a033d3842449bdec11b9be4c6ef0
ciqual,25149,nfx_2RSKT5XN3ZNWCC4MY2MYA241ZY,e4ea3c4c22e07947ca2035eb9c5dfdc73dcc94555e193d06d4677d8822456f26
ciqual,25150,nfx_46F23YHY898BD1H8AX5N4VCHEZ,f7b0d3ef6a2667d5a263f5351448eb6a5e1e9bc5013fb932573e7fc2d6139657
ciqual,25151,nfx_074YWSZKSJ0EY2NK25YWQ55G8D,8c8e686059ae83fb946d6c2e18cf5dbda049efbf596d5e73f236b9502abd675e
ciqual,25152,nfx_7V9459BG3RKWFJPKS0QFH0RJTT,69a15d5552e5785d9f21ca6c4fdfadf195882d9e60c1b66a3cd2ec8528ad0acd
ciqual,25154,nfx_0KQV69Y4TKKC1K93KJG10F1C6W,f5580cf82a402bb9adacbf8ea7897e518205506dac37e05e54f5eaf31c880b57
ciqual,25155,nfx_3JWJ7BM8YSK8N0B45YV0E7VPDT,2e1e97efd9b44a39d7148f188a19229c2fc642775fa453774338d295e10db6bb
ciqual,25157,nfx_26DRM5KGNWE06RCFGX65XXHYXX,cc88ed98fd32cd7757531297f63addbc6d34a3277e05c40a891e943ddadc71f3
ciqual,25158,nfx_7XCDRFG00CWZ6V5DY427RJ9H75,d0ac7b7b6097af5f39933d73cd4fb7e8cb3586aef992f82d1a455003cd4d7eab
ciqual,25159,nfx_1BNGCDDK3QVTXY0WYAFZHJNSX4,c551dcb427b87a066b5330ca5c1df3799487a2efc143829bb77cf80110b3459b
ciqual,25162,nfx_3AWGGDSJPWSE960KYD3NFQ00CR,6b8d82a9c5beeeb317d18f652d80454a085ba4e08c98aad3cf4b596b76dd8546
ciqual,25163,nfx_78C2GWQ9KN342MQAQS4CFKBPG6,6fc81e5bd7b01fbf9c4e5a61c9fe7d51b40925f66ebc2bd215baf1ad5ca90e86
ciqual,25164,nfx_2030PAWQA97ANT0PWTRH2Q11QE,d249bb7d9e0478ec9086437f9c13eabd9ca401c233e09bc1240690cb915496e5
ciqual,25169,nfx_14CZ21AEYJMTD6NZSVM5D9Z4DD,2fb9fd20c7b119d48046a5640eca12d38403f09c082c8e96c60bfb233ca704d2
ciqual,25172,nfx_130ZDDCBMMN57F5R00JTT5TE2J,b399374128b43cb26fc7a38ffe4b4fb7d2cc5a757d5e7824c91d827bd3b0af1b
ciqual,25173,nfx_7K165YMD124KXE3NY7GCSFYVY4,3c253ae078a903467b49bb4de3c6c09c1e772cd9bd4d471467bf298e0e6fb90a
ciqual,25174,nfx_7F0HV428YK0N5MYKVR135W3DHT,ebb88ae8cfdaff7bf7a30996c02bc3cd19d40cbf8a17f68ad6dba813903c611f
ciqual,25175,nfx_1ZP62W5AHV6CBZ92Z48WMM20E6,016a2058e35328a70b7dec7495d6e8cc74e0f4752e5975a73875bd4c4a8622f1
ciqual,25181,nfx_0GY445PYD5GZ92YPZKSHW5NM2H,ddfae141cf674ebce4da7ca08f0fc092a63c55baae68d27e2e1c42cd7b24b491
ciqual,25182,nfx_67QMSNPZ6ZA60CZQE2P9QFVAG1,13e2a717468bfddaa2ae6832c80b839f42c1ace8340b5dd8ee7e778110b6c42b
ciqual,25183,nfx_65ZPT5XMD542C01532V0Y4AYQ2,4124da04b0af616c5e873c65f3cec67a39ca0939bad8b92863c6fcac0a8253a1
ciqual,25186,nfx_3TD9BFV7DHYA0R9K85MYSWMM05,6164870816e0f414780e952086ec9f2f6dad8529d64ba098f51fefcda1b7fd80
ciqual,25187,nfx_7V1C2Y4CYGGX39JPFJ3H77VMVM,252ef184dd30437cf0ddabb604a13d279a9e590efe128b08f96177682f859bee
ciqual,25188,nfx_14RZ1V9QC4DKRZARK1052BKQ9J,b4f0ab983084edf32747e06784d96a2055b4f8f30a3b49dbbd17953c70a0bd08
ciqual,25189,nfx_361YS21QSG91RVSN4WJC5G7XFV,b68ea2f45b4922b30fb99108b4dd6ff71e6014d75cdb13fe0ac65a647d666d52
ciqual,25190,nfx_14VASECPVY6MP4FMJXAN9ZEFQF,2e1eeeea758347f418eedb41fc309564f4e2dc7aef0be33039d650418208ed71
ciqual,25192,nfx_1S7JG4S0N69QM5ZS2BD392K6H6,cf916e74ca4c03c8a9aa8d81016155f78b911359c0d986a9f085e0ddaffc69e0
ciqual,25193,nfx_31P72PW8R32HPF54P9TCVX7A4Q,9c7a7907463e7211075ddbc3bf38a860ea343e6e7546ac579a1cd8415fe4ab3a
ciqual,25194,nfx_4MRXTZ9XBGDR9QNTQ768RJD8QK,1d7de027293b15e741abca1c19b1dedaf057947413d7aee1521c6073d5c1b1bb
ciqual,25195,nfx_6XBR8WS6S6K3125S3B6DG1V3JD,3cbfa2abf6e1b35ef163c08b894dc8a6219d1062cee9f29c29a629ffecf0d1ea
ciqual,25196,nfx_7HWCT0N66J730159M87SCHJ3TV,5ee834dfd78d84f1ecea9dff2decc89b047341d6b6d1a87ae061965dfdc87630
ciqual,25198,nfx_1QQNK3K6SJ5DTPCFV36C1WK2NT,457a7ce2804de5ab44c5402679420e22dd853b26822c1f1141443ad8edf839d3
ciqual,25199,nfx_2VYHREY6Y6T81YF8CQFBBZYY36,8d7ed31c8643f2ddab667bf27c4b268c71f68ca7044e66765a12acb9dec89503
ciqual,25200,nfx_6A8QAMARHKAX96TSMWK7GJFSR6,af430bdcac959332d8816db4012ca3cf2aa5219e6ee945e43c4e4191463ddf82
ciqual,25201,nfx_4VVN2QFE0Z3EYCA6B2TW4M4FFJ,ce1af256beb5cc3b3a100dbdd4480a93efc83c30f6cd09af80a66d1a8d702f70
ciqual,25203,nfx_5TH1H1AQDY4GVJANYPV8KJTHSP,ef9a67b147cf4ec5c074b6395782c6fe407a690f3d1dae705b70489bc19a7c3a
ciqual,25204,nfx_62WHKB8CB13S8EJHVCJ4VF19KW,59573ca122891ad57957680291b59eafac3bf3a9f281b4c607d795d82d03b4df
ciqual,25205,nfx_12299NRS4KE95FB7XK7RJ812E2,0d273765a503281e29b6520466d003d5f2f0e75d1a0d0406059e33c773fcd65b
ciqual,25207,nfx_32P49S6KD30ZREPJ83P9JKBCAG,44ba5d9fa7c01be20be82782f9c3ec7a3beab51923790f171c65c98e029203fe
ciqual,25208,nfx_0NNRS5Z7P6DFWSRC92R3EQ5KW5,54f455e68105ea4c6710ba1cfc9383c7b466cfe65566743bfbcfc6f132e18a53
ciqual,25210,nfx_5QZZZADB6110G5TX79J6J8TBH9,d3aeb1804163a376996e5792f6d000743e2d8cadbc6c1a37125a05eaa1e44f30
ciqual,25211,nfx_73YW9QK2MQKK5TVWM44XT5HJFQ,473e2002d04337a4d37cd87e3f217442658fa624ec720ccfdb94b9c3bf1d103e
ciqual,25213,nfx_67DMWRSE1RPK37MR7V61HVEF0P,741d64a7ee816324014631f2f93a6e7f2c2203f3d32bc4093c151662dbba2421
ciqual,25216,nfx_37WNEBJC6EMG33FTXS9QEJKAEN,49d66c1ec9aae7827de72b1752a04b5065fdd301efdfa7fd0fc5983e6bd7920c
ciqual,25217,nfx_2QQ71CKRS240HE9A3Q29RDF3Y1,5d1c1e8c93f6d93081367603d8c42c396fdf9dc82a96d45f2bfa5525bcb02720
ciqual,25219,nfx_2KZBGBSRY35CGK1X9MEC2XYDH3,bf2857fbc06ed4622ee8cb938120cf151293661910ff555126293cedfb407e23
ciqual,25220,nfx_01SRE9WTTMKQ3C2FF3B7HBTNAM,04a211713030d3805d8846338e1e874fe368efeb6feb16d19bf1b3f29ac0f7ca
ciqual,25221,nfx_2P3V8M938XAZFA4Z2N2BT2CA78,b5ed884967863a698b6fac8aac86763bf2ee757ce349c507390948cd476c9f04
ciqual,25222,nfx_5W18Y3YGPAJ0ESD5HE540F0J2Z,1b8ec427d9d074351084937a0819535f9f7de751828ee287662cd60fe256a075
ciqual,25223,nfx_5EXQW6WN286PHKACG8Y4XWX0FZ,ce9cc282128494622522dce64e50b5312112191d54542b9775f8335949b1a0e7
ciqual,25224,nfx_6AG51EYARE6GYMZNK3CW30K592,d7806f686e9bd417a9469e9bf9295ff2244248ca8c718d60971c6643125b2110
ciqual,25225,nfx_64CJ86WE98PFEJSV0FHR4MSJQ0,ca079d7e719ef769511063ecda58354c6d9efbadf0bdea4c18d8d9597c36044b
ciqual,25226,nfx_27R9ZWQC3SYEZ3ZBF77YJXJNZ4,441bea647c526fe49617c45d48ef928844af5caeae416e94f9139339ba326dce
ciqual,25227,nfx_46JEX3HE7C005WJ2SDW7GVGC7W,b05b37a2adf7e67f22c188ed94c088ac3c67dbea18a796ae0b332b5cd86775c8
ciqual,25228,nfx_12AXG6RJD2XANCKTV5D11Z1G1J,6747ab0b44034e8cfe49278619911e547bab6250470b5d94b23f55cd343ea667
ciqual,25229,nfx_0F24GYK7PQP841GY6M0Y1M6YHH,3834c063a3754ae5baf7f20e08339348f1bd8dcd19d369428dd4c1d2ffa6fb8c
ciqual,25230,nfx_0MYQ47Y5X7MVRKB2S8WWYF2HY2,b75c9024ab2cdaf83b2de3339f1af6a77a7ae6282562c186a1fc0a6d56222536
ciqual,25231,nfx_5BZEZ2GCRX5P3HBEAZJ21DSVD2,07e274e631e080974a586fd4aa869ba9cb2e5f5c2814199718d8025da5e7cdb4
ciqual,25232,nfx_34CSPY097XP0WYXV3B2EH4TJ7B,c340749d6120bedf97f2c8329318a193c07f2b74d75a155a2a12c31c8816619a
ciqual,25233,nfx_4SN2HQD1EJYQ64KYN2E2BWD9G5,1d2253877f918fdc40a36898a4cc2f2ece9dd25da2bd1f54f677ecf01e91bf28
ciqual,25234,nfx_3EH3B1ESBJN3AJY0MSYJZMMZ39,10fff9e37b763bdfd3763142fecf82d27d6fa54406bc979af26f004243fa18c6
ciqual,25238,nfx_21KBAF7X5TAS0Y3FXDQMZFQ8MG,9b8b518462362970bbe1603435c68d335a3b8a5c0a2ead4c166c2d32edc93293
ciqual,25242,nfx_1301CQSQRCWPEJD334S8QAWFCP,344d6d1ea4bb82577d4646798a0461aee8d52ee26627bd56b7c053ec97bfa868
ciqual,25243,nfx_61P091K86FVADZ8DXRC6W801TS,7f5e71f2ad224b4b6c5d3058d66645e53f9c9edb2afcda446cc5a79c879cdc75
ciqual,25396,nfx_6SWZFZR4BV7SSSSYR7EB5TACSK,bb35708bde9de9c74c2cdddd7ce7df5abbc3cffea15e7441f0d9975abbdc05b9
ciqual,25398,nfx_19C2RAT30Q20SJ5VDM9E5FPG4J,79197cb86916117731e13c84d9beb9c031ce6118a4f5af82eeca9108728ba603
ciqual,25399,nfx_3RRV0HSZFRJF4PA5DBR57G2YP3,a7bc12b763869530a0703ee56a6487aedfc6bd82a8541abd1af9c033aae269f0
ciqual,25400,nfx_5K37NN3VFTY6PCAKYBQECNYEYZ,bf7598d2fde7372c6dafacaf35687a5a773f468aafc4517c705dd97c1488098a
ciqual,25401,nfx_30C95F0EVWN1JV441C0VB7KYFF,2ce6209049fbbe17e5760eb7d3e279282279fd1a9dddbe84f1f68a14ed63d915
ciqual,25402,nfx_31H50D2H1DFR6ZE7W5D49SNY8Z,a7bf6a6e0a72fd2cd2bc44153addad430796a2237959028b799c57084ffce3a7
ciqual,25403,nfx_4JB6CEBJTB15JEZ8A6G7J8QK3C,a4d98e4041a7b7d83a1e4d05cf7a261bfdf8f62e132c7fab3a328eeeedd3a3e3
ciqual,25404,nfx_22SK3WC3JF61RZE2KKGYTP8T19,4e0be1820806b0dd24b2619719c63d1dbec7105298fba8d8a561c2ff92e17592
ciqual,25405,nfx_5BB8STCQHF562G772T3N2ZAYCG,f00e669639eab0da0577bdbfc008d73ce4c361f053b6a3774376203ce1a1011c
ciqual,25409,nfx_1TF7XECFZV1SXXTXAWG90TRBSX,36f7032db9a9b4418a6d758a60aa7e552eddd354469f3b941d18d66cc8da2559
ciqual,25410,nfx_251JT6P3YP2HJR05XEMNZP3V8B,233c2f625abc33db9dbcfecde14c98eb6a078aaa145e201602a6bd156723d092
ciqual,25411,nfx_3TV3PM3W9RF4G5GJ943EQVG9QY,d43dc489bd387f47e0e898f9c04ac5da2be2a429e53015677367c9df8329d85f
ciqual,25412,nfx_54X4W169KQERSGB86WWCHNAS0A,eacbf00f0b98ab53f5dedccf23c24645874aea66b8a2897fa640620d5f9375a4
ciqual,25413,nfx_6C698KW6AX45HJEC29S8TGMS2B,d08469272afac68c63e6844baad2079f5b3f9a649efa2c52f5f4a42fbbbe4782
ciqual,25414,nfx_54NZTV1TW7H6NGKP5GWH6WDJPJ,6c835a56bf3e25e199a580916d4a5baf9e15c13acfc0317c2e828802abf91d1d
ciqual,25415,nfx_3EM9HFZVBYXBC86NS0CEFKBEXG,e73859981444d018ed14b7bc6ce77424665e8462327ff8337d0745aeca0f6301
ciqual,25416,nfx_4WJ5RYXVFHBY63NTGB03RC4SQN,15640c7a7cace81ce3d103295849bf3c177e3b877d28a0403f92bd4f852e36e7
ciqual,25417,nfx_02ENMAYJNX2EMTDY4Q2ZX8VMED,96a6fa0026887836c1f35a9599e6f0ef9aa06216508ced1a91a0f72d3e5c0770
ciqual,25418,nfx_1DQQG2B68HBCAA58FBDY5A9E0R,1954b7a6635e8822c102fe0a4204f8a572c64dfb64d0c2ac3c4bdbffb9716ef6
ciqual,25419,nfx_5HVYMGFQH3TH7FWDRY0NVQ1ET7,fa55c5a5cdd38eeeaf3286ded1a2f1383d8224681ff962657d64bb9be4d515b1
ciqual,25428,nfx_5EEX66ZYQ81P09DTQE7N7NRQWS,3cb844c82d6083e995dacc74d7564b218c64058bbfbef5d202967c952dfa08f6
ciqual,25429,nfx_46T4N9QWXDBJ4QP4TESWN9465P,8701af7d85b107c38baf1779085185f94c1a75ad6ffd0ce01313f031ef1dccef
ciqual,25431,nfx_57ZZVW25DTZBZMXG6FG7XN8T76,7c00abb6a010a8f60a3d207109204e91b7439ec9543ab7ed60749e6e77f7d29e
ciqual,25433,nfx_5648B1SZAJTAM5EW5XHMDWWV4X,c20d5a868d16a7cb795928d824a3a0779050de9ce8bcf62666e75ee6ef0e1c2d
ciqual,25434,nfx_5SYV1P7P2D2Z00Z7GWXJ41K4EP,20cd41869403379829655802e2912ecbb898bbb43e0ef2b6549f259603cb60a9
ciqual,25435,nfx_387AYKG3C1XYR37QEZBVAPXWTK,78a76a08707f7d048e88fbfd15144e80a256b11d9b707c08b915404013151daa
ciqual,25437,nfx_68TG90NJQVZDM2PKR52DFYGS5Y,c3cf8e4bb9e374318fe7ed6f395e16c37b7d11f21fe8a4518c8ef8fe8a86d8df
ciqual,25438,nfx_2FENTJ89TFX2PN5HN14010VYV1,39975f64cf7b89c641f825f864ebaca7bbb25ee7e62e0f8fa6d77dd5ab26b69a
ciqual,25444,nfx_541W643S6CZY8JD0D7E9CXHZEV,525745f6dcd39031e4b2493f879fa92cf853c42c027512b826ee77de1061ef7e
ciqual,25454,nfx_35KTZ9GSXZHCS5YQ3X72SKH0VV,27b50eeb4f758bd3c79b1d33cd6df376502d84a659573378d9de989dd604e9f2
ciqual,25456,nfx_5910NAXFGYXKNESGPPEXM4VSTN,d7e1a0be3d98e301d222692c93cdcc57d97c5bb044bf7d79607dc65f8293b649
ciqual,25457,nfx_70R77Y3MHQQNX9G4W75W8MSQD6,a5091075b8a18670175f11dc1ba1783243526c30a3ff1adfa2ecd7cfe56f305d
ciqual,25459,nfx_6R0MCZ0HPK2J4SZHRPM7YM49RP,989f876a75ecfbd250f59626e7e88caf3cf1f420ef32cd56106bfbb189ba72e2
ciqual,25460,nfx_7VK5J82J4DTGC7J48ZAW06QQFM,ab545ecac1c5fe1a1da7f17063339923d7608e67e9ac4ca063b060ea45b46be9
ciqual,25462,nfx_7WS51RKFY6FA8ZW5N01RN8MEWP,90cf2c7759c4cb8c5b26f5d0282c8daf3554a30bb41e6135625a8fbbad59e9aa
ciqual,25463,nfx_6TWDADS2N603PYJH2W4P9AXKJ3,f62a81498575a2f03b99bd25e83343f20d9c1f43a970a2ec55033848e2035b2a
ciqual,25464,nfx_5F784MANX2SXY0QV7V8SKVD4BA,f5287858c1ce37f409fed006eb253a8287566cd31386891f00d5dff025d997e4
ciqual,25468,nfx_367T3A4T7X23WA5KZPGC4M8WX7,4024ecbc65ce1a343ca9f37ba58e80c9b2ea28edba0d00f81b02c282460826f1
ciqual,25472,nfx_6V1VM1SE4AFR1BHG5WRGMWXYE9,9bb854438ea7857da8e0af38517a7dd9ef9b9ece6abfe0ee933823ebfcc0ce50
ciqual,25475,nfx_0F0338K94X8D1AB2SDB9T6A00Z,7039cbe8777b372f1fd31f9e532d0d1e58fcb5d15b9f53a822c06542061e7817
ciqual,25476,nfx_2R6Z0F63PJ7S93H10V89H8YK72,d3d66c2b576ef7755ed8db61a1fb7dd38868726a9268c92c4aeaba5cf99f8a7f
ciqual,25477,nfx_3AAJQRA4V5JSK35PN74CHPEM9Q,3bb0ad1ca7e97c9c68cfc49eec8bfcb91b990929820bb19c607df65c92881944
ciqual,25478,nfx_2W5CM8PZ3W5QDBN8TFTFC19M5Z,139453f78af50fdd8f745c3ae82bd0f7ebf675f41160f0c88ccecda9fe0fc8bb
ciqual,25485,nfx_7G5XFS3QMRDEB9DM3JSV0W7VE8,7f743a43a80eda04b7342e0b0c0615114cb7cd7c313cc730139ac24fda703768
ciqual,25488,nfx_7W3XQMDH054CTDMN2SAERDP8SG,b275be2cbb0080abb34ef8dd16c7d0aaf75432e71ad1b41f402539f69620d7d4
ciqual,25490,nfx_0RC998PNVBNW0TA2BVP3TGNZAE,5c9dd9c14d632b0d212a4d515769fcbcfc38891c7b003017ab42c69836a5ecbf
ciqual,25501,nfx_6D6FZ2XC9Y0QZ1AYE9XK7DK01P,f710a57f06e670f653bf33361f4aa83a75ef65da53c81260a24de6d42721fc80
ciqual,25502,nfx_491FB6SF0V9FP3BD3HE62Z2YM2,fb6a90289b906537dd3bd67dbb216e3b8e8e2daef06725da7ab7ad667d2977f8
ciqual,25503,nfx_5PG30SMP4NY2KX87SDEGZBR3N7,2b1809a2cfb309bde4edce79c848f22db6ec87cc52c10f7018f1c5a35ac7589b
ciqual,25504,nfx_25DH78AJSFEKYEQNM6ZYGHWMD5,125e09f1529e56e3e1eada7053beedea85e1720b09dc4c6bf44edb1819e3a693
ciqual,25505,nfx_3QHX63KA6Y5ZF7FC68GQ5Y53PG,7d3a4fe9e3fdf9c18686a8d699eeff23125a800f5cdd76d65597a676fb89c54b
ciqual,25506,nfx_0QG3TR8453C7FPF2P83X0M2M3S,e7226e95dde4c58f0f5a8917c3878d3dbfb00e70ae0f88816fe4f111cd582fc0
ciqual,25508,nfx_3243KJFDZBRQCERRXAWG6XF337,433983d542fdeb8e1f0386a99f5635e0a942fb3b41f0f75afa8e29fdafa98fa2
ciqual,25509,nfx_067BM0DQ3RZMZ927F1GG12BZ0R,c157bb8cbc26e59a5fdcc4e7ce1a8f735cf87a74c05e6d718b742438b3ede475
ciqual,25510,nfx_3M8EJE22GS1C55PGFNM16ZJ1SY,db13f73b002f7400410c71a75b8eb4cdf76d4a46e029fb774398172eb4978a0b
ciqual,25511,nfx_720WJEGK3WYFR5KBSMBYRYQM41,7c30476de1163d21523ab3681c35956958c7f93dac025cb1689132a18a1ef2a6
ciqual,25512,nfx_665RXAQJYMR6CF2FM2G5122P1V,76076d39d6ad0cba1f05d3a1ddec641257aa6f86c6985b7869789e568bbdb01a
ciqual,25513,nfx_1HREYG3QT3TTB7KTM6PPTW76BV,16b50d17f193b01c534668e90a89083ac3e52af78f596925856e2ca3d7897f03
ciqual,25516,nfx_2TB5ZQH6NP6QZY4TR37KEEPAJT,20d9579b85ba01f923a23ff1d746048adde0e2706f8e55c083caf2b11bf72728
ciqual,25517,nfx_119JD02W5WWVW6N4WWJ089BRA2,a19545a6a67756ab849e718f96e3ef555bc7fb9158f55c5286234a3632a988fd
ciqual,25518,nfx_0QCD5SXBCR9Q2S7RDV45J9E0V2,8c2eca3be96cc2b5d593871127d0f793bcbc7dd4bbbc268da071b9d08e483a4c
ciqual,25519,nfx_0NP734DA9FJZSV2HZGVYMMA86T,c0b8d9b7b2d1e0d3b713d095e6b9b91c7626a8c3e805c560a019fa25740b61b3
ciqual,25520,nfx_4GVENDTTEY5Z71Q8C19094QJ3A,7082ad386e1a26828c06d5817cf87018dc6f55a584ceee4264c125d42776bf36
ciqual,25521,nfx_5MRBWGVJ4A7JAJ3GP91HH9BP9T,90e43ba4e90fcd5592616aeb2a70949caf67904efb44edf039179be3628ec074
ciqual,25522,nfx_3QP6ZWHJ8DEYVXMPK0XR8386FM,b6ad883aceadecfe436a641b4a1ebe6b60ddbc442a6bd422030916cd48270371
ciqual,25523,nfx_326FC5XS113J5Y68EQDXXGFQ0P,a161d710e5ee4f56ea06c619fb4b19756846706df29e32f4dabee99a23adffb8
ciqual,25524,nfx_069NQMRDNEGHXS07RB4X86BXVW,b7da67f6688b56e4fb2e8dd59713ebe4267f679f4c773bcd71b7e225c736cbff
ciqual,25525,nfx_2BZNNSMSQKVCJQ6G6ETW389QD3,e156e1e9e4366c43979ce70c05a704ecde3e7765269f66c17af7a93c5bbe6dcc
ciqual,25528,nfx_4SFDJX8WTC4KSBRG3CYHZMC35E,079662d78b8860cceb52b25232fb61ad27a77028b167e3357eab0e526b62efed
ciqual,25529,nfx_7H4DFMPCCWCCJEBZAH0A3AP5RZ,bd2c320b3945857f56e4ef4a8a5c51dc2bf91bcad99493b2eedcc93b6395c142
ciqual,25530,nfx_7G8RAMCWPB2229RV9R7P26K3P2,da141292bb14d1ceb601f511b54fdd3dfe74a3f0506dee87fb7601150d86ac3b
ciqual,25531,nfx_03TGTT498ES88SR8DDZQBT0AW9,d3fe274979359fe35ddf208fa67ffabe11f5ccddbd3f77524f550918f35be307
ciqual,25532,nfx_2MYKE8NPQK3AEJ09FXDQ7HDR4Z,4fa71d0412900b3beaa4be93b14b474e072ee381e59cbd358832d93234526a74
ciqual,25533,nfx_1V39K2G2494D0YHZB654XK28YZ,bb19664cac986ff8ace780a3eca46c685737f15a339e2f0322b9a4cd7dca3c0c
ciqual,25535,nfx_1ZJB4WAVE19VZDCD17S2TZ7KG4,e3d1d16e49a5e598d1e8cea41ba29582173e4597ab59fedb1012a967a92791a3
ciqual,25536,nfx_5GKFM2VG2R3XGG79YV3ZXCNK49,6cf33824991f3803a141d08a0627ab5da9c0ddba20eb5b6bfac3c4efced6d9cf
ciqual,25537,nfx_3608EMDEDT9R95FEW4K9VDHD1N,0871bab19aab34c83502fb5d0a06ad5e378f680d5230b3b319b736c71c8f76e8
ciqual,25538,nfx_4GRED4Z55509XK65BAHQ4TVXHT,f56b76fd4561bdb43f018ff5297322bd5ec0bc3b43c09e3bfa1a33c386b525e0
ciqual,25539,nfx_2MG1P0W5XW0ST8HB9901BJJS2W,a1c719dda670dab7911c88c8edde23d9cad8b860069d4b6e3b8a71eda4e7094d
ciqual,25540,nfx_6TTWBDAHF4Q64BW0451DFDXM9K,8936ae1f915d79b46514d814775af521da84b4fb31610f7992969f8476654529
ciqual,25541,nfx_60M0FPTAMTQSB31KTT43QT77VH,550d52d832fa56bd1bfaf95f040c5a9c420959bcc81ba62e90b4299007426b74
ciqual,25542,nfx_1W538QFMJT3ZFHCPPARV4S4Z1S,ec1f8109282c004aebc4fce2eef29cc5a2bfdab6574bf8c6cb93d93e8c73c5d4
ciqual,25543,nfx_595AEQ5RNNZ4P4QM6J94J4KRF1,74cc24fbe4c2e469efd421afa50adc229cbeabdfbffd545b89567942238ba992
ciqual,25546,nfx_542H994CFM0002QGNFZFYEX4S7,b0792b1327633d5ff6870f47306e65c637c7a19dbbdedb58281f7830d7d4e03f
ciqual,25547,nfx_04G0ZRD82WEAQ3K5JG6MG33PVT,b9cfd2f9acb804febf47a21787fd88cbab3fa44c7ca9b44277a77cb89b8a2663
ciqual,25548,nfx_6B5557YWGVHZEVQS9AHHW5SSVF,453cff604aaa9783b0a6d8f99638307af27e08ed077caa34b6fb853ce8007594
ciqual,25549,nfx_3QEZM9FGMSCYPMV24SQW26W3SX,e002bdbcb6a256021d4540ec26e1b2a95d98657354a84a2d3db1b7d04a8ddec4
ciqual,25550,nfx_6HEPPEHFN50TBH98YN0Z3ZXXGQ,eb2627baefb17a0108fa22b903b7ef36349ac2b51a94c1679d531df2fd7d4f70
ciqual,25551,nfx_6ZR4VAQR6GHZZ7VCYGT5C44D2E,7b533787f93872a99eee49d3f7343b2496069716fe15ca15cd5509a0e4d111bc
ciqual,25552,nfx_4TDZCS0DW0PA3MAYV5RF89SP39,914ef2f1357f16a92ad1940dababc84218f1c10a1ec854f92b58f70d102a872f
ciqual,25553,nfx_4CBTP3TX7DMJTX9RTAHB5A1JPK,158d7e77b22625f046395563ca263430e7d1160b64d4edfa997f586f9d3c5b88
ciqual,25555,nfx_0JPQCXN0HHKR6BDQ9EPG5G8Q63,42d34f0bfcd2b6c2588ceb3768da576f5471fbfcdccd224f9f94be72072f1a17
ciqual,25556,nfx_3VV83W9RZ51GPVQAVMB5K6EFQ2,4a11df40d8c187e224adf7af4c6a04719d45f390ca841897013aec5b670eae0b
ciqual,25557,nfx_6PF3G0NA51NXZZFR9BA56JH9W1,7857aa825df8d9f9e5ecde91169dbe18db7d97bccb0ac130b56743d98393fde1
ciqual,25558,nfx_45GYJT8WCJD76VWCRC26ZMYQ0W,12f0773556300453b52cdf01235f879bcb9df408791d09c7a25f739de975e572
ciqual,25559,nfx_6GESEN991PZK4QGV6N3GAX7QQA,e308401e8d48cb4b4272bd2708916ab8164838bbd713c154d45f95a07d00d667
ciqual,25560,nfx_0ZM7MVPFFJBQ2Z7W7FBED6KFA8,103086e466859d7481df4161b7bf00ea749958289a1effd309936f92c1fd37a9
ciqual,25561,nfx_0NAD17GRD8AEJH8XKQT5H6B9VJ,31bd83b9ea1cd79213e2ea548c3cee89c8f06a5713d7f939864dbda24ea75c8f
ciqual,25562,nfx_1YJK2GRMV0ZMYGHSMHVYW4BBQD,4f972bbf2a9abe53b0a8f61903ad516ad7a892edf6e76f948b9bc3db6cd9bf43
ciqual,25564,nfx_6C7EA6YZQQ5SW8HDNPZS2MB1NS,9983bbbff298193a899ce0925dc796b3c297e2a38cd5181b39fa7a03ddc19ade
ciqual,25565,nfx_6WF85EWS3364VA91QBAXTRKSJB,067a741e5352db7b95178a8dea0d16a314ae7e3ab9d0cde29b947f1c2b790257
ciqual,25566,nfx_265DC1PFXM2FYV9ZK8KN5JA90J,bf2e8fc3d2294bc21b5705f353d16a6ffff425a884758bfdcb3cffdd608f835a
ciqual,25568,nfx_6A0D0YRTXKBS1F5NWXKFEW01FY,d49904c14ea6d960d2e9477e00eb5b0eec0df2a6bcfe50f111300db9bd23a388
ciqual,25570,nfx_3Z4E7RZS55EKBKAJ6H4DVNFWK4,c533e9f288709b82ea4382b12202a9d6356a0dd7e33f417b184afca8e7a2fd72
ciqual,25571,nfx_0NZ71XRH005P2YYKPTTSBQK74P,426114447fa9775e1881342a110fb0eb76e7b514c07d723394b07a912680448f
ciqual,25572,nfx_2KR2GTNXS6YVE35Y8PWVKCBJQD,bc02d2908bb8e2c16070e3627a1ce993bd6c08c00ec7c3ca419271e5f0597e20
ciqual,25573,nfx_5JA6719NEV9AKK58SSQ8TB1NB3,29eafa8bde1d97e8fb35d86883102c7306ff64ee71319b7e8c1e30e870f54bb2
ciqual,25575,nfx_4G4D9GAJ119145R0ZBCXQ0F0YX,744582b684b3823c9fa029ddb644188e9b01b63e83b14b2d8c7935f7d03697eb
ciqual,25576,nfx_6ANTE82E2T1TKC5CBV3G3ET144,fdacaec244e4c9c3d03ebbb3effe933e5e7e24615ede1eed073107b81bfc3e21
ciqual,25577,nfx_6H0TBRWHXHASC6D7V3KY39FSSW,dab248aab5d616cd9eaed553bc5af9004de3ef21f645d04b148fb1c090061501
ciqual,25578,nfx_1B7ZM66FYWC1ASQM75G0SEJZCV,75d6ae64b640c9b0a7b55e180ff3af4a6240c142926edc0a6c9597601d314947
ciqual,25580,nfx_7HXDYFRDMJP8TKRDNVN5GXMDS0,52ba2d60e18d17ca8ed6515a34465ad9a25e7f9be7619076a4504ce9f869d7fe
ciqual,25581,nfx_0RWVAV8PDWWTEW5XFXF41C4BG3,8c286f15ed1b53875f5f3336030f7b824daa12420a5644afaab8dd0a1fe885fc
ciqual,25582,nfx_270YD026KC0XE45V85WS1XXZNK,63129d8d449181fd6b7447f1394cc19a2e6e2da2905baff9e82ec0d64233f834
ciqual,25583,nfx_5ZVVX4RJ7X7PSJ56CA8FPTNGNJ,ee32569b7c0ef20ce7b2629161b189d47a199629cb52ad36bc7a7f02cb8d53e7
ciqual,25584,nfx_40HC2MFNEMZSRX02MYBCRJXFRN,b4678b817db2287083206c40a488e018094e9d0b9d34fee1ae0eebbdef985039
ciqual,25585,nfx_7EKM2ZQQN2N3BY5ZS9D18ZFFDD,d35bbeee732bdf7f9bb753ab80cdbbdf8bfbece283ad6a8e7da2973d4735fef6
ciqual,25586,nfx_0QT80ZBQT1H3AJX3Z8V071TY1D,9585d2a1d433e67124edc68c265971abc393c8729b9b6ecdcd13802dd4f9c799
ciqual,25587,nfx_2VKYV966J77ER8MR7HF89E69MX,dad6e487dbc89a949d930cb16ec3b586d75c6f922c794ff15fa1def86848bdd8
ciqual,25588,nfx_18D2PCV0EMFWEM3R9CVCKFKFW7,b7c0582d1fd87bb26e04e2eb8de13f3a405f5a78170d09855c1e8113b09824ca
ciqual,25589,nfx_7KAC1JPNN75Z4EZ90F20BPZXMR,74cf1c1db95ac8ccdbff3ecac707b641bae64e0a72694b7a4dc56add2aa7481d
ciqual,25590,nfx_66REKPWGK81EQ2VYT9KKCQ8B94,d6ae5c9e7d8d4b36bf7ce5c5874a42c56a368c7801c2d07afb0c1f39107f9303
ciqual,25591,nfx_17P80AVQB8627VDVWHDHNKJYW8,3a88d1cecbb9500c20c8f561630df7f4fa427f2167a487d1eda3122d7d340e1f
ciqual,25592,nfx_1AVKD8XH8P07JRMG7ZK1AFNBHT,6aba017e3a5bd421fa9ed0b1e3efc5c2efc133e17a64707fb1e46015a68ec472
ciqual,25593,nfx_44HQJ4JD4D8K5BEX7J160HKNPK,05d2065e29ad2a55946ddac4eff670a45db6c695e4d687966fdda0ffc19ca624
ciqual,25594,nfx_69Y9TPZF8QH27BDJ48MBXT58C4,352f2dc6c9e2348368b41de5c19df7b670501eaa8769747ee913a90f15739d06
ciqual,25595,nfx_0NKA18KYKDT9YBXBHQ0TAMH9V9,c0c7cbc003683481afcd2a7396d1a4828b8e6dea4cc37b150e7fd0d09dd42308
ciqual,25596,nfx_3V4A1B7GAD0NPH4JBK9SMNJ3PM,373e4342d3d378249ca56d674180b7790e88726a658759ebf364f1e4d7011014
ciqual,25597,nfx_5DBVDYHP1F8R9AXWTT3VXE0H4T,121c3f086cd7cc22dad302034b60584c23f943428209d0694d9a8f41967884fd
ciqual,25598,nfx_4MDGNRJKCE5PQV846T7F21WBWY,847d85f39fe8824d6b89c8ce3df0dcdbfbfc298d316b0bac5167f5889aa0b95a
ciqual,25599,nfx_3DNCB7Y5REV22N70PYTCF1XC57,ef99ad1598f8c8150311673e6c97e590b18ea19143dfb223c2a0dd35cdee454b
ciqual,25600,nfx_452DVR3CB88568ZM8MY2F5QWE8,03b8d0027162c92d9aca63f73f3b7c1f1d5d98edc83e53ef6a34a0c572b058ae
ciqual,25601,nfx_0355Z7APY11CZECPTEK1VJVTBQ,7d5b34350e71b0d9fcb231666d38f29cc2291611a2da25e21834e809aeaeb687
ciqual,25602,nfx_52TFTRMHYQ5HNM9X3XBXFPYRTP,157dd04cc9f3730ad58c7dd67fd24f3a012edbcfddc222cdd32c1d519e1963bc
ciqual,25604,nfx_4JCMFMBDS4QM095FV0GDSTV5AK,d1475d26ef661005c0fb9a0f1c4df83e642054241b019d6d0ca19bfd190c8a73
ciqual,25605,nfx_7H4FTE5EMECXC8G9MSMPYN6XTM,eb4edd108d55efdf83a8e20b3404e812d89405e90c17bf5e66b796387a86eeae
ciqual,25606,nfx_30G7KMNEECAPXBTJAZ4HT5Q4M8,55d7bd8e1d45d2ece5d147e67ec79a566772efb53155771e22b981c167d50a43
ciqual,25608,nfx_1D9KK70XP2RMCEKPSRE3QM9GFD,53ccf75810d9627aaf408a8b4088a70b41790f7fca8497c645c9794b8901c2a4
ciqual,25609,nfx_4JJ8CFCV4JYGXDH3PXB20B7VH5,2adfc086cbf85ababd9f6338e204415eb67c81bd9ac53596f9b636b55f2997c7
ciqual,25610,nfx_571W8CXAS3M97P62EH2QASP25D,646c184b85f2b6f9c0290e03dbcf80dccbac51e1928488bfb74f124e6dfb59fe
ciqual,25614,nfx_1FQESJZT9GGMBCD0HFZPAMGMXG,4640491e4304015d22ae9af061c902944b6cff9fadb22bb4c3bb74008504cd55
ciqual,25615,nfx_6HYS843NVGSY9XQPRDF8HA6ZEQ,869e62a954a1f1d029468a10aa95cf8758fe25ca221db45d9a6f55f8e3b2fa32
ciqual,25616,nfx_671AGM897X5YC9GPYW63SNSPA0,703e27b10535fd4ac027b9e434b375c524c8dc2b54f689b2784bfa155c616b83
ciqual,25619,nfx_65TFY2GM2KK1X1A9VBKDG15E6E,40c920bcbdb09149f19212c6abc00b9c62e0219dde9d523de94b17aaf1da0a01
ciqual,25620,nfx_5PBKYJR9MNXG6XWP36VK2D5HVP,b38b28ef2304c87b6f50872b5a832aa0c4f20fdd796461d009154f618c6e3716
ciqual,25621,nfx_7MM09VJAGK4Z8PKYKR79AS8P0F,1b3744be1a996896298f76069d87bead1ca5016d572759f28e5df9a6851a7ef1
ciqual,25623,nfx_6G0HCEAT9ZMDFE5AY1XAQXFZPJ,091b1ab546fe413dfc1f581ab18e049f77cc5e71401348fb25e4b0f27993502f
ciqual,25624,nfx_6FY5AXXD1R95ATNP0BSCVCVWXJ,f78d224fd43dcdb6ac8b76081df8ec2b4a656a2bf9a056692a099b67ee1072ce
ciqual,25625,nfx_3SBB5KNV2FKSDP10649T8K0W13,825fd9e539c27ac404026d944efb17bd077c9b9e94a5fdfde7a2de6d804fc9da
ciqual,25626,nfx_0CN4YH48G25YD0SE5X7PCKN4BN,a3ab09907118f5b40862c0a2a648201b69cfb9782bc6bbe6d8cf7284410ed6f0
ciqual,25628,nfx_1NB1WAHFRGTHM9EZH34DX5PAP4,6ddb40e367996cccd5bcc70a097b148b6d725fa6d62465986a3907e29ea2d645
ciqual,25629,nfx_50AZ5Z8YQ2NWNQNA67W1GW1GC4,49866f666f9e26513191093059b9f0faee1db90a5bf9fb30809ea27b16dec414
ciqual,25632,nfx_6TR1162K6PYDA2ARV7PGH2JFDP,48f4cf8c125a16c6cb8550b12c6aeebd8199bc3e69519fa5f96f806013077528
ciqual,25633,nfx_4K60717JRASJGR3270F7VN6D3T,109ec0e8155e642289d70c69696a270ea2a7a190317d96b725c58a6b39badadd
ciqual,25634,nfx_53RXTFSPTXNSFYBQV1SA70Y9ZK,0920108fdcf55ecad8673e8353c64b1b854ed0355569a94ab99c07ffb7dbf903
ciqual,25635,nfx_644Q77RERTZPF6BGDY0XQQRVQN,115c9eeb1bca74ade8260a7edbfac22e264799f0953ebf8503179294fb616d3d
ciqual,25638,nfx_7XNW0899AV909R3YF6M9VM5V24,6df03781e29a05654b0fb0da8afd83ed67b162df8cc1b77318e5ec12414d8b45
ciqual,25639,nfx_6AA9FAJYYNT6DJWCY6VDDBSKW6,5ab93b982e36baa119e4ef4bb4053050a0bbf990b5c736707e3763d0155c7f77
ciqual,25640,nfx_09XVTJHRACM0XN29J39SKZ0QYE,5d8cae751bb90d51d33ae4dd6f091861103d9b74fa94df935787370858ddebf4
ciqual,25641,nfx_53T2BW0SVE03B7BC9GFQBKZ1YF,f9a6453876a266a9f6877477df1d125aa6266d222780e26395e8f00634a8c132
ciqual,25642,nfx_26V6D78E8JK97CYGXGS17GH581,06d8f8beaf309c6cddfe91a86ece2b2ce55bceb902b50f74f35555549ff5ae1f
ciqual,25643,nfx_34N27A10H2M1ETRARBQT1H6GNH,fc94a10655952f8cf68fc1fb41f1af57d16c7a8f8066fef8388ba09676ce02ae
ciqual,25644,nfx_3K98PPFSJM0AY5YCYVXM0CJH0V,4f213116fe725920641d27b0bf8e25341002f27d3b2349eb67ffd0b5195d329f
ciqual,25645,nfx_5GCBHDZDRF6E314ZZ7RP6903D1,0082dcd5edcb919b93990531891ae7daa2cce355b74abbc0ee7328cde263e316
ciqual,25646,nfx_1AVWH5FFREZTTRCXWFP43RS15R,b5726fa3fc80ffb08e51c218251625df0555ffa3a056236de8a16046ce94312f
ciqual,25647,nfx_68FZT8QMNAP388QWEQZC3EFNHP,6c994d4e08f0f6d929ecde41d490f0029edd42589e2a7a8b7a544ba61a342ccc
ciqual,25648,nfx_1EQD8XDZPG7M4R46PF482S8179,1e27f5268236f25ea65eefdc1f4aa72b8a1f813c8a2b250fa7ad53d65b1ce434
ciqual,25649,nfx_0NN2YHKPP9R1XWFQ5G3KP3AN09,cf46cd6f2d8183088a1c73d2e16895078dee9272dc210f85fe27ec3f212c272f
ciqual,25650,nfx_4QHR0J6J0DVDS44EJVCBY0D4FB,d6a28b82135bb1d9bc2d3bb76bbd3e9a8456959dc1509fd9b276e71aa7388744
ciqual,25651,nfx_5RR7HMWJ36DGPQE6ZJE9QBN6FT,e5bb6238de8fafa64172632deb4d4a6895f8f4d764071539fa23b187ae9e40be
ciqual,25652,nfx_64BEA99H5HZQJD8X93BZP65CEN,d7c40847458683ded8c90bedb04ac188fb4c83c6478f3169f672283ee2321dba
ciqual,25653,nfx_5PG8ZBP1DTPX570WVMYJMSKGDZ,1b20ed39ad621d13bcaf2034fa17b71bb59db0e2b711a0adc02d132bc65fd1de
ciqual,25654,nfx_4KF2AY707CWW8XBA4EXZBCBB98,b137fc116f4059311c1b6a607533dd5958e38ac66fa73d0dc1b74686ee2ebfa5
ciqual,25655,nfx_4AQKJ8HZCMNEHJ5SEMHKT4ZVX0,bafe345421688436b186ef6b73e0f935c8652c637f7fb4bdd7061f69b31a4ace
ciqual,25656,nfx_77AT64AJ81FSNGJTVYZX27MXS4,a70a13d5b348747f0989e03314e8ec2b3434e87578d2004ff853f92ce51bce3d
ciqual,25657,nfx_0D7RQ527KCM714YN5KRN0CHSB5,74aabb55ae40abc0035bd0c64605f2210ed34d08bf867a1dd26c74c7ef9dfe2b
ciqual,25658,nfx_10J9G6ZQGFMNSVNY1RYW264YX3,e16b8435cbfcb15161e43829b9ac761a39d0bbb1d8918ea1ea3f75be370e716f
ciqual,25659,nfx_0BR5JX3KKJMMRAZH35S6A89PVT,154feb3f5eaf555270e29772c3940915107a9128e5357cf0e5ec19ebd41929d8
ciqual,25660,nfx_2Q60GS4KRYWBGYR4T70AG62W2W,0358d392ba6f963808f1c2dbc729db2ed0c4d18de0ff96a1eed69f415212fafc
ciqual,25661,nfx_1Z76K6GF8JEC52D66NSPB5NXGZ,34b2c7b4b878316e249ff0c36c1459d6f3f78f7794b22c7cb6ca16f6ab6bc613
ciqual,25662,nfx_1XVXZKSHN97F0GR0AWPH3JKM8E,fd87bafd339848349651f6b4e9f7f8a3634a56a90271c32f22c076cc5ae201a2
ciqual,25663,nfx_71REREPVZ3NV70KS1HMPAXQK44,68faa2ac7489c757e512e927ab819151ee7a9266a2b7115168dc03c2c81c3ce2
ciqual,25664,nfx_2J5TP2BC7BJ88Q67MHRMYN2F82,f2c52981cec1278280f5a38e2572ff6756dd7c70c1792f34b75f0ac3283e6090
ciqual,25665,nfx_6M61P52S06GY8TDNN3CZ0F3A8D,e7f4186ecda9bfd6a2f7f783b4e7c89e1eb2488037bf616618cfd029933a25e7
ciqual,25666,nfx_6R8B017M9SGAFWDBT1HQVHMPW9,01a4a4b1839b8eb74152e28ce1e8bdfdc27c514b5328b6fc803a2b3783d9f5f0
ciqual,25667,nfx_4BHQAKZ1HFNZ3V7HKRE1KMZ663,a0fb87558262371a6be0b8467a05e90029685e857b7082b236906fc8292fcb41
ciqual,25668,nfx_56ATRY1D3K22SH25APB0ZJDZ7G,5e1e4170225431eed0e0adb1132b740d26a458981fa4a4d418b4dbe3c8a6babb
ciqual,25669,nfx_37QGGD2HGP2RH3PZCY707Z6G63,2ef39ab622f826a6166b4fe239eb46c34831872f657aabeb68180d6f7f8b6dec
ciqual,25670,nfx_3V5QY0V6RGA9QKK4349FDP8B03,28726d438a5fda30843e4e4553c82d52d0ac24b4aa6806f001e87987677f4272
ciqual,25671,nfx_7QK6AJWDSPBPGDK5E0S6PFM9ZC,8c53afe8631150898187c880a53d1e2456d640bf34e3467ddc81c7d372b192c4
ciqual,25674,nfx_7CHASJT3V21NXRA2BJ2FKJDAF6,00d1d69cb959625eec54f8269a3a3c9d103a9cb0d4adb87834972d781419a97d
ciqual,25900,nfx_39NZ8NX37HW9YR3GD0V1VYAHHD,3a5576d7cdf59b6d68c51bbc7c2224240eb2c76686d5e2af37fd790b7c59cc51
ciqual,25901,nfx_7FQ40F62WPCZXHQ7TES8AM7Y2Y,d194089f4bb56865a894da1cd904c1652f53264c6fadc912c7356eaea6485740
ciqual,25903,nfx_5NBWFTSWWHQ9HM33FCJQV47NGS,51fd00c135ae4a6d0c9c7ed7e69ba822176ccda13dd2434a81ef4818e132a584
ciqual,25904,nfx_2GGJVRE6D19ZYJ3S1699GCN6QK,34139d778b70dfdb6f7453337b511adf3af5831cd15889f7e3a6ddf6338c1a1f
ciqual,25905,nfx_0JEK3TD6KV3W85PWWZWCP8KRAV,8240e64c9763a8ee88fff16f846ce11e17586f142c6c41eef90559b6b151de85
ciqual,25907,nfx_041134YESCXTAJYTC4B9H9Z6VN,5d74b628a7af8138f2ce6926ad2718ce5ea50a3a3f22c3ee018b14ebf3a5d5c5
ciqual,25908,nfx_4DSDNXD37T34KXN8XBN1Y03FZ4,2b996abca0920da842177abcae8944e32de40addd88de834002e8b96260f56ad
ciqual,25909,nfx_0T8BP523H0C0XP2930WEZJ8Z8S,3e553b7e69768a3275c50c75e922458f825baa79d8a95ef7dd65b7f0405e2fa4
ciqual,25910,nfx_24BKSNJWVS71DJBFQTG1NYMBYT,20713b4579149407e7620f8b62943dd5fc92f35d99fc43f271133f3ba2430c46
ciqual,25912,nfx_1GGVPHQAQ63J6MCQ1HZFPYQPQH,c5ed7333d41579014fc6024bef876fef72e0cbd10eab45799792e7896abcff3e
ciqual,25913,nfx_54KMN5E973J10Q7YYHE6JHD68M,01bcf233cb0bf6cec6333f9d200d3d8991f931a96d7bdbbad3ccf53bb5bc67d8
ciqual,25914,nfx_78DPGP7XSV2NAY0B8HBQQ4HNQF,ada4e7f444ac1132449bf97e4657036817e45b232d6b707d3168665754bf9c83
ciqual,25915,nfx_4B6N9N4HQCE815JQ4KVT7C7V87,caa92195ce6f0b49df407d8e8c721dbdca732b2ad587a9c9d8a1f042e2be406e
ciqual,25916,nfx_1RAHVDBMPCXNXQZFFCYP6TFH6G,32cc9830a722ce360345f3877336e8124ed6f114695da3832bb16d77c2793c09
ciqual,25917,nfx_42S49FZTJ2EKGS2A8QXRCSYYNR,87fab7affc1fa8cfe62dad261393de42ce6fceaf5c40d81fe92c611fc6bc6588
ciqual,25919,nfx_5KJTDDQ8PZPQFGRQPF4VBGTRVV,c0fe77cd68f6b34f69d370100e2a2cd099223f7cf60643695bcfcd017fab8cf7
ciqual,25923,nfx_5HA0Z61RRD6EMKNTYZBPQCQ0FX,0d07a4d5a56a41872f4ef17e98285b2f1030a0d40340ff7e2676ed8ab693b3f8
ciqual,25924,nfx_28TANG1CYR2GAGEF4CWZP98SZB,5e7b2623701ceba1c0ae4362c143d59a0c726effa85a781161292ed07268fbae
ciqual,25925,nfx_7BKXXS6M3JY4JF043X6QHMV6XA,f6d3c6e1a7e3cd0c79a4720221c286ed723e12270e2b5a922bb45f34ee6b689c
ciqual,25928,nfx_3GY5115M4JC1TPCX0NSQWGA8YX,6f0305c91d3d4185768e79bc2906251761f35ec07d5b2bb98e4cfccf63d7860c
ciqual,25930,nfx_70033RFRENW4ZBMZCHB06K0SNM,f0612639d35dbd2dc9237af902c8510d59c9bcd01125138d24e7717729f7c9c9
ciqual,25932,nfx_6S8VVN1Z8DRSNDW7EA6T8B5XAV,93aca4332f0577dd26f6e214671fb9305b558f5edececbf5cbdb884c41c9fb7e
ciqual,25933,nfx_6NXDAKSQ7Z1T821QMJ1PF74J5W,ced7de0a6139694524b69077c41152f4dd804aec235b5ca52c3b57411b89de20
ciqual,25934,nfx_6SR5K4ZW40QNJT0EFG5459RTA1,a4a2c4f9eecaa1234f7717b1fb725cc0ff22fd6a9b924ae21e8f2c3fe0ae3a58
ciqual,25935,nfx_5DJRCEN21GVQKA4QXHYTJ53PFF,68cf1ebe05dba523b233c9ea858d28b0b14b58cf4a2629c3b07cc9eb06647f5d
ciqual,25936,nfx_2SAD9EHJJYK8EZ6Y91ZH4RNK88,3ab4f8aeb0194ca9429e6ca6f571811fd9765a86d094daf031c9d0cb30ad676f
ciqual,25942,nfx_5Z28NA9KPEXEVBKKZRNHB4JY95,a8986d584b583c4a1d9228592ed4949a95fd1b1e212038f3c5b470746d3e74ef
ciqual,25945,nfx_13G799NP8GBKW9PV0FQHYQ3QVM,8db0756fe32139e1dbd096abdc7ffda57f8e5144b7de2844dde1b67e65bdc5a4
ciqual,25947,nfx_0P41PBGSKVT1HC8GXXGRN92KP6,68bc4e3dc7be27693ac27ec2a8dc8c793bd5b842c8e9a3231e4c09d579dcb728
ciqual,25948,nfx_5EV3ZWBZG8PZ3GK3DJQT7CFCWP,e6d3c5713f118faaf17c42d6ce2516c5cb639d521622601e8cf1d87a006dad6c
ciqual,25949,nfx_3RWXXTQQKVKZJ79SQHZCT6QZWD,81596c3ea8c348937ce24be986293a3814389dcf8d133a5378dfa0d803cf28ea
ciqual,25950,nfx_4TW1R2N8ZG3DVGEA9ZZZSD5C42,4a56cd224addf2c6c61e3724a021c54455e436f75963a3fd325b7ff9b7413000
ciqual,25953,nfx_5RJXJGRC2WWB3TQCEAWPTG1XTV,6da5109e9cefeb102126d9652afd4d423c129f89455bb389a0a1129a3e312c90
ciqual,25954,nfx_6NNCC2HJ05WKR3RRJZ3WF49PF2,c5566809d36261949ca0aaaf5d5ed38daa089cfe7c52e91967241e5d66329be7
ciqual,25955,nfx_27869EX5QKK9D7JPA8530B4DJ6,72a80c953ba7fb6cfb0ecaf7840660bb105037b5a49a5a1b9116a405d55e4932
ciqual,25956,nfx_2HVRW4RTE6MVQ3CQXY3AMEJMS3,32ed9f332db80cbd491602287af8c90083307764704072173aafb47a278ec9d5
ciqual,25957,nfx_19NMFM56TFZARHZJZRQ4648AMW,b5bd776d299c8f3449fce682592abb118d79d39f0c7b0993dc925093b23575a0
ciqual,25958,nfx_4CM5X0FQY6JYAPM158F073BTYN,56c851e7ee1be2931accd86096587583098a08a730a08eaaadfa3f17557b7bed
ciqual,25962,nfx_4ZN8Z1CBFVEXC8F2PRVGJ909RR,1b30c3b4c48d7a7d0c7231dcf8d430f8b5fe845c4ef1d83c2a0d512ca0c62244
ciqual,25963,nfx_56N16Q9BJBXQJVAE7TGBD6149A,11a0f0fd49706708a3911930717b6c9036463f80ed46be782fce593c4c2dcee7
ciqual,25964,nfx_7JT27YYTCRHT8K9FVA211SGRMJ,3849a2813593b43e2ed27e5b1aa5de56243b4f92a1f0673e731654d9ba2d8835
ciqual,25965,nfx_2DJECKWPNW5R42V4HP97M1GSXC,0b9466635aa607a4ffd591a9ae460068ea5fb42617c32d7de131f1aa34c372de
ciqual,25967,nfx_4TWRMFYVWJVR3BA5RTEX7Z0GN8,f157809d37c12da67149ceca0be5d3b5a353f4d8f3f193e74d00a0e9702ac5b5
ciqual,25968,nfx_6SS91KE9Q8VJYJAY5EE9B70NRP,592017feb014711fb8305c9ba41e4cc2d947027c6e13d3148939d8981ba353c9
ciqual,25969,nfx_0XJH3PSJCYRKZG91S41GTWJH2B,adcf39d6659e9c315f076f11167f4afa38f600f770f03b494041f0faee4fc26c
ciqual,25970,nfx_5B4CFH1EA5EPWZ5R9EXHNJ0Z5N,8bc99b5a00eb797aee90f3eb990170eacd7f9d8bf5c79f0438053b4a5946b329
ciqual,25971,nfx_11WRRM7WS8XQCPR5PKD4ED59NK,9de64a078b2b5ca5807f23ed8c31550de061c5a3e58a349fdc27b5d4964de092
ciqual,25972,nfx_4WNFSPV3V0JDJTXVTXMMG74ABV,4361456809d576186a41ed75c17364546cdc48518709fe1be06785466dd68bd7
ciqual,25973,nfx_2FV5CVB2FVN6EBS40Q7HF929XT,1e9427c1d6eb24c84f6a5adc394b966a020b7a80a6dfb77b2d8e0eb56661228c
ciqual,25974,nfx_6MHPJ7RSVFNYAM1RPZPC1JZ1YZ,7e41175e791e4dc599ec8bb189148ebd7e2f7fc949b6884a284b6aac0b3dbc12
ciqual,25975,nfx_4JM6EN4HSJX1AESK4AWG99KVXK,38ff120ee8978ede8e0495aa35edc3398fd045ac8c9b643d8202fb1f4dcfef0c
ciqual,25976,nfx_1JB50YWN8SW8YVERV17VZ6D0D8,80394aae35fde3a07696b849ea7063197b21630119ba854581444a06480c2a48
ciqual,25990,nfx_1RRV7SP9PSDBPAZBVA01SPVT3R,0cae7022819a39aeab710773368db51e63b1888a40fe808386aecae2d7b61eb2
ciqual,25991,nfx_7XA8DAMCQ5W1T42AT6QY80S6ZD,11af8abf7eefce59b8dc89c7bb6b66cf094e5f280a8e32d1906baa0c8cc88e8c
ciqual,25992,nfx_5P67JVHK7SPRZXF9D778GMQ353,a9b99fa13811f01a8d72520eb56590fc23f34b680beabea32306ca4c94410fdd
ciqual,25993,nfx_235E58YM1GE7D869FAHA5ZH07M,27b5cb66ec3523eac807a75e01bee39892d1b800f9ac22bc6b68ca6244efc954
ciqual,25994,nfx_1FX4V8VX9SKASW9AM1AXZYKDNQ,e8a41f3a399cedc645301da4ae2334a545c6f758294db66588f5a61c642791a8
ciqual,25996,nfx_71KAFT8B04MCQCF1390D1R3NRW,aaf7758a68fb67b0fc55b292ed93c9a298e6dfd97df1beeb84a491a3a683a501
ciqual,25997,nfx_6HQ42SNF128V01V9DJ5R4WC66Z,7c99e008b511ed64e0218ddaf2340f07018cd692f57ba4f0f26973372b21e38d
ciqual,25998,nfx_6304YY2GRSK7381H6CNQFC5YFD,7700a4c8f2def99bcc8b24eb72fc82c4af0c9b647c4a4bd4bec858171365c94c
ciqual,25999,nfx_6PDZTFT2MK3F3M2J89ZRFY39T8,a65e6cc48e5f09e2f40ddc5282750204dfbd957c3ca3e6f7db94de53cc96ba28
ciqual,26000,nfx_7JW29PKJWNSWP595NR7VYDE9P7,90ea643c86295b420897a6275e4ecd65b752cc0c7a67f5985f4aab6210ee955b
ciqual,26001,nfx_0QNW1918X4BBY46J93CK734MM4,663eecea4b37e7cf5fb223b28693eaa805240023c802d102228e243c8068f9c1
ciqual,26002,nfx_2A5YCFPJ23XCDXCZXNKZ1WKG2E,d7d99eabb75b11f545fd565aaabac263abe95e4bdcc27a4373df736104f519f9
ciqual,26003,nfx_3YZBR8Y7JC20KSJPD94EC53N7J,f54c0648cdfc90c80033beadfb019b254cbabec8646a828a05ef521ef42177d2
ciqual,26004,nfx_2PCPP43FVS1EW216BSC0XKGE78,77c562684f6f44ccefa8431e6c919c8710130e4a0540a3353a4fca04ec455acb
ciqual,26005,nfx_2MJ8D2JEQ4X4ZF05YBFJF10G46,c15b200ad0531c88bb9d214325483e4b78864c7203bb28f2760bea2e9a170c01
ciqual,26006,nfx_5J0KP9CBXTEFQRW9894EQ3QT6T,1e0292dbb2434ef3b3f8ee1ec1775561e2f5fc4c0d226d8ba794b632598966b1
ciqual,26008,nfx_5CJE6VN6H17TWY05VKRCK6638W,5cc734ae368774621e361da2e7ab51053cdc139c9a3a1267cc52f42d208df8c3
ciqual,26009,nfx_3QRXP8G82NA7YHKP0PY1ZC3FNG,a55ed9c7d4f51f5cd5a3c154ae2e64eb9053337b925449ba1da97a9ce8c58330
ciqual,26010,nfx_0AB2QS7ZXGGS2ZXMVY5QX5V9WA,498a7e720de051b67ee16e27f6ad27ac842ad2cac0e1c6b0891342896b5386bd
ciqual,26011,nfx_4KJ13HZT0H7SEFT0Q56E2Y41RG,039deb08aa4701671dd61d8c54ef6a6961da832e2b58cef4de321366f3664017
ciqual,26012,nfx_6J8W0CK7AM84X9XARGA08B3H7W,8b21471953d1c578463e5c32e9ee7f923bba13de6785053e5dfcc310d7c7d38c
ciqual,26013,nfx_6RGFN98HW55CDDRWN4010R54A1,a49a12e7dda1901e724b145049415a9f68c559639e8ab7d563e0fdfc0cbba56e
ciqual,26014,nfx_6Z23G09WN0J5W7HQK453Q6Q7J0,6065807e61650a8c768fe02b9b987b936ea5190984f303d168f6b613142b3b6e
ciqual,26015,nfx_6E0E2124XMTEDQ6ME2PYXD95PT,1a5162bf73e0deae161db438fdf5f6f4588e6cbf1b4ebc3efe9fb614596b4d16
ciqual,26016,nfx_473QGKYCHW324PEEVK4959JC69,d7fd34e49e216fb42afbf9e988d504ac21e317c2237abb8f488bf6e195e88391
ciqual,26017,nfx_4WZTEBEPWA26VVZ445ZFQGG2BC,f369196cfddd8aa42ef7ea84dd51e55edd305f9b47ac06e5527b0b486ac805fe
ciqual,26018,nfx_7M0XDYWSWAC2YS6QJ6D67JK6TJ,f6ea497ba2f09728226ad46800d81913fcd13e80aa75773b227b1bd81db72e6f
ciqual,26019,nfx_1WGXYSN2V76E60CTV54Y352JQG,1c5c0ef9b5af1cdfa12a0ad83748d8dac8f614b3417862baaf5393d626bea264
ciqual,26020,nfx_4TMEC4P7WG93F9FHMDHXH6HCJ4,951c2fd7a5830839d3456dafdacacb41a4953b9ef92fd9dc233e4d2365c23fb2
ciqual,26021,nfx_487WMT49CF7W3KKY1VCJK2FJEB,8fbd3b44619b2b277d07804625af402180dcd782f96e233f17100fb7132c66ec
ciqual,26022,nfx_65TCCCCT93NYDVX2DRPJP4ASNF,4915fc42eb6f979a3a02a1d7d89ea807ae7dec99698d4e73764965facbcf8eea
ciqual,26023,nfx_2N7QV9DZDKFFQ7KJP18TVD88AE,f8fc35671f873a7c2fc91abc9c287a400c5341499a23ba826dbb3b7eced7031e
ciqual,26024,nfx_250A6J5S1KSP6BD98KT5XE6DFA,63e7429dd15f239ee02b164ad079a1418524ca696924eabc25bbffa13bcf5e00
ciqual,26025,nfx_1N0PS0PAHGN4B2PP5QW0F1Q9WT,0502340550b599fef349c0503155e7e4628746d4a3d53cafcf87823cc91d8f43
ciqual,26026,nfx_64JVHM49NS24ZYZJZ2PJVVQV6Y,613b77f3d3b955b25c69b0a83028cf8fe097c8b498b7c5fd5823fd17b29d10f1
ciqual,26027,nfx_66YFP8WZVE9513WQ6CR8VYW9WE,6bf1f49a4ecf85565b76a731a9848f7118ddd54ef310d17387c451bc81229103
ciqual,26028,nfx_2NX2R8ABEGWR46D02YP0HJFC6R,7cd9a2157f082601cbe9addd85b82bde2c5e0e03d3e232dc6591467e84a27e6e
ciqual,26029,nfx_6ZD0RNFTWGYAY6BFWNWKTV8FAN,00bfda072956a1f2085efe25102c4d9a1c2bda4cfc43f9eb9eef9a9d7e7d83ae
ciqual,26030,nfx_3SXEK39YJS0CY3ZFPWQFSBJ9KB,22f09ad55abea401c7aaa3a226547a40944ecf92a1c8ee98c37373da214717e1
ciqual,26031,nfx_2CNMYJZG6WC6AGFQF8ZMVXWZ8B,077a62c6521c6f661f2396630fe4f0192449fb5bdd338549199d05691fceda25
ciqual,26033,nfx_553ZMZV0EMGR83EAJPWFVG594P,eb91d68be4c7cb914f444b7b9f132866f87a19f9415ca829fe85192ba02e8bd9
ciqual,26034,nfx_52N1QKPYBTGP4ZFE06FZ45R6J6,b40916e892063a9892176a5a24d9fbf7ad5832e08403bd4e26a2b67520bb8452
ciqual,26035,nfx_04SR5HMD0NSJ2G4JVM6XXN99VK,0609b95a357cb24e082e002651e31311e731ec9065934072ad4b086c13c78199
ciqual,26036,nfx_1D32WPNHMTBE39XFY1NAFGJF9Q,b550bc8a4355c7f92a4fcfee06349b3f273666b36e5ddf3386197c3929d143ad
ciqual,26037,nfx_06RS96DPXH5J2HHHE0FAMMGQ9X,32197c726ab966ba975f95149fccaea56cb84be554a91a54433519bbdda0eb4b
ciqual,26038,nfx_5NHG805SKQMZ2174YCSEYGVQRA,e2afd5b0e2c8323bb74db33eb59eb9babb569d7009df316898bb5f469a6d046e
ciqual,26039,nfx_79CP755C8Y1VF52VJ5NV0MRQQK,547c6987a83e479775d6d841c15912e61e06d253470f455bebf4ec640e761952
ciqual,26040,nfx_609JNVG8GF70WMCJ4HB2YYVNM9,8048a517c7090cb9086419836a621a7b211cc855e555ee96299123159899e484
ciqual,26041,nfx_4PBK77CWTKS2ATF4XA9KWZ0806,28e4fde61d4b07bb0667088a3d4235b39090e00960e3eed68195f3cc93a23d84
ciqual,26042,nfx_4RPSXJPNNW13G29D2PYM359FZ6,81e3bcc9d176a6ea8d0bc4714a73dd2920282dae16758ed90ccd68c0197a3f4e
ciqual,26043,nfx_4MPZHKRSSGDQWJNDGJKSWDFXPJ,941d85a012547dd63610f4ecad9637323cf6ddf010972f180b0a586eeeee12ff
ciqual,26044,nfx_20P2JYQYSB07ZRY15PP1XJZQ86,1c4de48b94c96050667b4397a22e1506f20badc9f48fb50f5957542df8a92974
ciqual,26046,nfx_03BET7AW50BA40KMHJSCPYP76A,6e2a69c8638c61e8e1d40987c938c2dbb9f3a019d84d44ef26384f75fa376a08
ciqual,26047,nfx_6X4BJVJQ9FEPTGJWDC32GVQSE2,0fe838667e5639e967c35a57db908404e7f59d09be1e05f37fa317806ba6b6ad
ciqual,26048,nfx_1S8SDWKQ9NGX8R9RKK0YRXJ292,73b4bd663c8cd9b4e8d40547b75f048fea59c58785bf766179d6f15fcb5a524c
ciqual,26051,nfx_78V287PG6ZXABZJENB8PBWGMPX,b238faba370e8d320c842afa749f21d5d11325326de4e409685c111eb0b05ac5
ciqual,26052,nfx_5K240VM2ZP8H5SKQNP44T8SY9S,3b64c6c8d6b37fdd4741ba92a4c6194e7862b3c2dd65fe3463024b6a185bffd7
ciqual,26053,nfx_072GNFJZPR5AGPZWB95EYJWV8X,172c31a5fab3c51931718461528ffa83ea75b4c415751170c6238460065d5666
ciqual,26055,nfx_7R3XQH3NFX2K5BAP6TATVRQHDH,e7b3744bb77f2166eeab5083c033327f7168709bb5146d5b4524b5e9c2a6b28d
ciqual,26056,nfx_4VQHMKNH5HH2NN6HRY8K3NWPWW,1da0dbe9807b318ca8707bc4f1262ed3132ccba4871802645b149c0809c78880
ciqual,26057,nfx_4JG2NVC7EV07Y6VW0YHCMMARP6,ff6e7d8fff700ea5e59ffba5b330af6314cd896c7e5baf214173dfe0433e3565
ciqual,26058,nfx_2GSJMB7CPVE91QPRZDA2H3J83F,66b2e7ca6b779794d379708279527c3b271bf2f96514a8553a56beb33a2f87a4
ciqual,26059,nfx_5HHET9QE5AZK1WN6ARET8AJFP6,35e2f9cdf60564910d8c423a8f3dabe469018b19710a5c87f720623f77560f3e
ciqual,26060,nfx_43VMRG5GM1DCDP81TYVGR0QXER,215bc44c52e7cd6250ccd6f529759eb682aded60011d46ab39d814e76a73d266
ciqual,26061,nfx_6J95PBRD3Y6QJ364DPDDKMGF1C,11709332663c84e3d13d033dad44b221be41eabaa6e953a0d3b63abcf5065df9
ciqual,26062,nfx_6DYQYGT84SP9KQ5CXE73GQDVY3,396ad6cbaf5e8a6e907415a8fd2ca818f32b2196ed58bf92958bfb7f8d9a7eaf
ciqual,26063,nfx_3PKFZ91902Z982BG4TPGVVCY4T,72f9e06d1196885e5eca697c4841344fd4d4f13c88bbf6f7cea46ead63b44f4c
ciqual,26064,nfx_3MMER42DRBMVSJ9J3JYC57W6C4,ebdba36e250819c5fc5ad7ee28541506070a8ada917c48b3b5ddf173430d7d4d
ciqual,26065,nfx_3X4QK7RYG484WW2TJ0B4CTNRBX,478cd5c95da99c6814d4ea2fa7aae30c3a92e78c491c38b5f2b9e1c1596b15e4
ciqual,26068,nfx_3NTBBDWSFDDT9PRM8K78P9VR6A,c8c49c3b58ed69800fabc4aeae762c787a4286c8a9c7ddc43289d017faa1ff46
ciqual,26069,nfx_58XKQF9YWFQSB22EGZ7NMVT3TP,13f07c3f72510d3e5d50ec56cf24db53f4530b29c37995e22e0466834e172139
ciqual,26072,nfx_1TH83M1MT1Y03WT7H62TMB0W9T,d4613bbaf70a12d6fce465450992b7b691601e14a5d40db6dfea0c1acc626fed
ciqual,26073,nfx_7AHJJE731F7ZJXP9WCKVZFQ03T,a230b8d1cc42eb30973e30d9b98f3a55ebf59f3723c5f866a760bdbf71de2e21
ciqual,26074,nfx_0GJ9820JD5XACTWV5BTM7424MJ,833dc7fb53f6183166d0f68b29d98d8874bbd22140c7728038c69816c118d003
ciqual,26075,nfx_7MPP9F0AA67PVQGHEZN95WTE29,98eb9e1ef76457b982692b7eeba6d6961c171d7ab045949a901834815f58fa7b
ciqual,26076,nfx_30CZ1F51BJ90CVJKNS3B0YT2VX,6a22260d9aadc45c754dbf1a357d34ad8cb252257b934538b795bb9f77c7e50a
ciqual,26077,nfx_2NMKRW51E42FY1DH5NKDPV1RKP,8a7160a315e9ef63a3e5187109b481f53a7875832f1eab9503a3b8de90699ad1
ciqual,26079,nfx_219CD57BVGZFZKR5CMXWJRTVJ8,6c968bc6d4c246ae6a12dbb452327115ef7a4e86d724fdf4075b0c50c2601535
ciqual,26080,nfx_2C0K4J3YT5DRXZHHTZSZM10CPH,395367580a54e4ae094b904cb0642a5a640ca232c940348bb1b0fee21d835e8d
ciqual,26081,nfx_0CQSNNZX7KCZR4A0Y79V5B2DWK,5db304874fc4048c37631a7c23758448acd5fdcdfb501ffaffd2e74c6f7961c5
ciqual,26082,nfx_13BW2KD69JZQ3QMDK3H8WTNT1J,09479e0af75252059829acec833ca85f90d19c65347954ce33ddbe245dea50fa
ciqual,26083,nfx_5B08E7K7QHSJ414CJ3BRC53RQX,92cec255a08a2a09a9d5d2c85e72bfd4f4fb63492ad2d4ada1936edceeaa7ea9
ciqual,26084,nfx_36VABYZCVJQGQYCR0RKHBGTXRW,4f7641d72d6a16472ef5b7907aaca9553f0517d8cf8036445453c74b5b11c5fb
ciqual,26085,nfx_4EBQMJNR27E0AEF80HES769AKD,c2c81d79ffbd81e5cb8d71723c8a277283005b97f8dda0d7362a7cb6c6134771
ciqual,26086,nfx_40VPA054YY2BZN7T0ZP4Y3WZMJ,9a2808e38e7cc633bc2c1142b572ebaabbe86b2131aa95b931793ae9fe6c8d68
ciqual,26087,nfx_1RF9NB6654NS7PCWNJESY08HKT,ad094af4f1990dcf570b327f5b88200404085f9d86e16a8c33970f64085c54c9
ciqual,26088,nfx_7Z25WRW9BGQSVFAHSAVWNH8CDK,14debfbb7abd84463dc7d044d3a64db6ab9f0f52f2a27730264c11ee4d2c3999
ciqual,26090,nfx_63SMCY7GQP57SM7ZE0X2K5X8E8,61851f6f6e010bae8905fab35b802b59b28820b6061e3b69ec829b119c310561
ciqual,26091,nfx_5CSTJ8P1BRHDS6A8TC6333Y8T1,f009ded1354fff2092105cab9afe515d183e0b65af9e9852c1469793780e5ab5
ciqual,26092,nfx_1CN0FPE3EPVJQXH51DD3G2HTQ5,6d5b43e408e599c0fb46ea5029583709ab8239de84fe66e756fdc483660b1670
ciqual,26093,nfx_47ECHCHB4SXEEBCBWWB45NG49W,371f9a3f74e256ce1531af8757ceed4f8045bb5bb2a0fc6bca82fa626876e176
ciqual,26094,nfx_10Q50YTVPT58249CMDDCK0JASD,8be1eac8d89beaf1b3770c13c2e82769a5e6c55b0b1efb805b54c260eb2385bc
ciqual,26095,nfx_6F5MJJHZSBEJ4G0THMXXE1HFCC,cf8ed0d32b3715a3e018e79588aa837a3e57aa7eada8abde12a318309ab5c711
ciqual,26096,nfx_3SG7DJYNJBGBPCKQ7KJX2J1ZX1,2f23c1ead39931e3a262e88bb87155667f361ee4ed7d5c24b2f5e3810dd0189f
ciqual,26097,nfx_5GM6HN5T8E89CZEGB2S3E4MPVB,2219b82346ed94a69ed4070eb8e1744313654996b4df5aad58d0b321d15342f4
ciqual,26098,nfx_3QMFRV5BN4YQGZ291RGG00KX28,17b6d5625a0ee619b84f14e90d4f330996d1b4f75bb1eea6f655b19ef404f7ed
ciqual,26099,nfx_07G1SFDW921086WB6966704A53,deb84dc00a997271f4abd59e41639ad5dd4d19b59a40145293dc3391b8fd2e0f
ciqual,26100,nfx_1CZMYGBVD2MCBFXN35K8KRV9H5,3e155a43f596e4eaf529656e5f0690cee38c5944f5d3258e4b4870f410c98234
ciqual,26101,nfx_7S5E9GVZYWXC14G1T6BT2B4QD4,11e2488c16f08ca85a49edeeb8d0b2b26b7bdbde37d9f09bac09ea88d3b4f3f3
ciqual,26102,nfx_428FEM06G0R6670HRYA21991W7,9be35e721c20ee04e63a4911acbcf80341b59bb41e660c6b34739a550cf26764
ciqual,26103,nfx_796FQQZW2T47Z55GQKEKFYDRPM,255bcce9e8cba7057abfae647727c748fd442d8ead630dcb9d319778adf07db8
ciqual,26104,nfx_1XMJHVPBPN4PKD2JJA1G8HZRDR,e869eec79efc0a40d5e81c055b4103341a7992f217a268b7756bd7aa04dddd84
ciqual,26106,nfx_58S4TM6841M44TS919FZ3AW5TK,1afb27ca542f127c1da005c9b20f71179ca0108175ad14004000f42f26f8bb9b
ciqual,26107,nfx_0HS9PJ325Y5JBJNHYQF4V89CB8,1579b98f59699f80eb3f997c45df866d7ebad4b79a18c1f50fab818d8a7061fb
ciqual,26108,nfx_4XTNKM7F81QA5M60Z9W3A9KH06,5e72fba21ee2c71c3efa870d797c7144b24d0fb5dd2865b160c98195f7f386e0
ciqual,26109,nfx_5AMMACGSZZWM9E88GR1Y24VFDP,c99206b617da91cf752fe7f9ceb79ffb29e86e368b127309edbd3511d665d01e
ciqual,26110,nfx_4YYTNYR072DDVB4EEWTAE6KTE8,c3e6ae3a3387e912b43deec4b7dd54b4e3afdf43a2c388654352c301bb5db1a0
ciqual,26111,nfx_45V5M0BVCZR9ABP3B86KX4X1EV,00611f918cbaf134885e4ad771cfc08096c0233cacf60395c7fc0bda4584e7bf
ciqual,26113,nfx_5PZ16BXDP8070DV6NGBRPZF4VF,cdb6333f5bdeeddff5897bf06f351c54dbd5ddb882bbb13a2260eb92e1cf9fab
ciqual,26119,nfx_2P27PBGJ3FWWKN5GFQNE0FMZJW,3093aba2525c5421979f376cfb9b37afebd5ffc8e1f840b45d59ba5be152a9af
ciqual,26120,nfx_4X2PGK15F4590D4K6MYV3J7RXB,ecd12fa8b3c6bf06bbbe2093ed5a48b21bfec937cea360161b9a363a5f253b9a
ciqual,26122,nfx_0YZFY8BW4VBKHWJK7BG7Y9YXMR,d61c338f28c4ee7c7e4b4f67b5e58668cd0e248ffbb2253226e0c4388f6c8edf
ciqual,26123,nfx_5BT2RKQDYKHV7HZ86YAMBV1Q46,51f539f74b90d5d7d609a0f5e7096e7835e1a6e68f6a5298c8f5e2fee68a5cf6
ciqual,26124,nfx_60NVXBH73YBJZJFX042EWJ71K3,38df15f4ab9fefec88fdebc4834f8e8e55fa49065f855132418d5600953155db
ciqual,26125,nfx_6YRJ857M0NER7JYVKADC05MTYW,fa79e91e0be7307508587d13abe3182606c0bd1c49789f8ba328189bafd7be5e
ciqual,26126,nfx_4XF2X5HF1AQWFC1ESKY90V57MG,8c79876ff32f67aa3c925b5fe209405999fe6b88698e349bd4d6c99815dca919
ciqual,26127,nfx_0XM9Z4AFCCWJE7939FPZ9M1P51,9ba839a14c6efd144ced44499f4c64db1aadcf649bd7863338006a9f786b068d
ciqual,26128,nfx_1HKY80Q22XMB2S6NJBXAQRFBSZ,ad78b8dd3a4c1dd1c5e276feb4f34a60b1eb0aabf2c47cc59f4a8eb6dfdeb02a
ciqual,26129,nfx_2GZTVWMN9MH6J9AMPCXS64730N,db0d9f0c5d3d3025006321467bc92d4c28755912bc2d1541dc56ebef4d12ea55
ciqual,26130,nfx_59JWDMF2V4M0CZQJFDNVQE3YP4,0fadf901069d098008a59f896f2eb73f09df1d02ab1406bef34bee41455a844a
ciqual,26133,nfx_6Y7NAJMDMKYK36EEMCQHV3NEM5,9e4403ca9cda8c8490c26157abfb7ed8401510633c5674f924bcbd3282f77ad8
ciqual,26134,nfx_4Y89V45T1XB7Z2MTT2S2EAF4QB,e9e6c96e31acc2f476788e61679cd02e6844cad26310fd35914482ecb39fba2f
ciqual,26135,nfx_6SZ4FQRQAPW9M7FV1T3WHPJYAB,5f1cd9f23c8a38a78c5488a79b51797841a8e232f0583a50e5dcc42ab197786e
ciqual,26136,nfx_6DH7VXWJTAEVM76W4DG60T79N9,842db17b8ecd05720971d8b6d32f7ce39c2a9f36f9219b49d18ffc514ba28933
ciqual,26140,nfx_1CTD4A19275E4S9ZCXV6PV4G63,c3548d0523ae46f00fa57edca40c916d45ff0ad8552f3887be4fe5b8e3b295c2
ciqual,26141,nfx_5TEY0KEXD90GK06AFH9966QZ9Z,c90bc3a09c1ab38b733d6eb68576a76dae0dd04aaf4e3cb7790ad22c13855872
ciqual,26142,nfx_1S60EGESB4PP2JW668PS85RR9V,291d31b3666ec1e4d8c4f0d888e9f334dc6c2b781cddbbee236ec247b5527082
ciqual,26146,nfx_3DAA8EZR47JQG8PC8VHS0KBK8T,565a11fa1d8270b37dbc3f63db6e909e696dd32b2ac26289f118bd1247e9254c
ciqual,26147,nfx_4DCZRN13H15MDBHFC67SNQ0BNF,bc26736c878af6313960d45ac4f9cd432aac820192e533778d4e358bed55ae80
ciqual,26148,nfx_4EZ7DP128G8VBQERJEKSEYGCFT,f8b88fbd368f75c36844b3e259f69206787d2dca83df72c3981533922c07d820
ciqual,26151,nfx_7KC18CCRHBVEMQNWKGNBDH0RE5,07ae96df3bc9d98df2c7de32eae6ff0f1cf9ee21c3bede2cbc865e7663643e39
ciqual,26152,nfx_7WKQP357PVREGWP3G7ZX7QK3ES,a0d9ec25351b85ff6c006c1d9bfe75bbc98b4d3fe84dc14d5b82095266f7781f
ciqual,26153,nfx_4X11ENXP9BPT95RJDDV4D0FYT4,238e2bd4ceeaf6001db5532c282bf888c775bc7b720f08a390b756c757245dd5
ciqual,26154,nfx_00GKQ10R3PGQ050YW3MGRQXG4P,27f50fe77f91e0ab4df44dd7ad5d51ceb624f2be35295222b57c5a090f345c13
ciqual,26157,nfx_4MC24MXAH7N55XVX72YH8CZ1X2,b2988bf4a62045ba184128031a56198b01da97683bdbf6df7db2ba4f059c1cd3
ciqual,26159,nfx_5TVRPQYKFQ7A3NHCWET7J4V313,b6ec7756bde676e5d6fec43d5c4666f20f9e9a462e288cd8114e2e15af9a31cc
ciqual,26161,nfx_4Z1YHAH8F7JYQM2H2PHF85AVMF,dde68fd15e8a4cf8598a9ec3da0fb11f6ead8df95cde65eea00151124cb8e4b2
ciqual,26162,nfx_6PJFGK4PT4A5A8HEZ4QQXJXPJ8,44d12e7572ba2b4db3fd19ea168162001fd8a3dd1befad574befe6262ec80d88
ciqual,26166,nfx_07AD11ZBTVM8XJ1HWRGB6TZA6D,42d4e80eb82fe08ab0941b292aeee21a09b9a3a822befa38a98f2834bc262acc
ciqual,26168,nfx_5J2A6AXTTQH57W1ARRE9M6K3HJ,8b9a3a5ecdb109485ef05914d5ce0b351ab0375776f02703445a2f77bbf78622
ciqual,26170,nfx_2ZH3J0JYZ8AD16Z2GZGJHFWJ1J,854992456991a569cf8aaae212fc4bf33504bac423ef4eb66d649a72483e6b2b
ciqual,26171,nfx_58RVXY3XNJCJ7GMAXFD9CXXZ4W,4814082df120df3951a327f8b671cd741e4ef9f9eb98176c89358f7d6a976c40
ciqual,26172,nfx_65F1NEQDVJJGPNVG0YGFME8CKP,366ba920ea7cde8842b04be51e890feab8b3062335b93e2a868b6e005d2441f9
ciqual,26173,nfx_626XAZTGSK77HKAVSX8ZR7YY1Y,02962b2f1f47b504a3910b8d90c35d86ab6d292e26f4a9578283a75259316484
ciqual,26174,nfx_7G4Y34XGSFTFNNKXZB19YZQBSC,cf99ddf5fa7d4d9b6641d9fbe70237aeb1842666334cdf85946a8bcbd645436c
ciqual,26175,nfx_55A4D35XJNKQMD1VFSS0W0WPFW,d62f986cab8a46124164b02acb43c2821841d3a844bf98a93fa1166077efd67c
ciqual,26177,nfx_225QV4KPJW3SKHV01821P28BG1,a55350647eeff05c63f4b470de9326026cd32cc100020b9cc78d61456367430c
ciqual,26178,nfx_5BBV2Z8YHYE00S5EMQWY59ASP7,18394252e9dce6b51c3e8fd2b71f236890942d89a430f0d5f6c518383c4f2f12
ciqual,26179,nfx_5RQFGNS0T80DTF1MGM6CAXBH5Z,130fa81234d409a31f75d33fecdbecd2c283801d3b0feae2e28ea1f966594eec
ciqual,26180,nfx_26EZKT7TS66JXEJ57YXCZJDY44,85b5a818c4ee4ba76637743f6fad827f0d5e89bad2442f898920e927dd4bc35a
ciqual,26181,nfx_6N3RDVW7CG10GB33AWYSSF7J58,dd6531642eb4a45f8f9324abd28b77e9a380d3d88d14d523f225c5b344693154
ciqual,26186,nfx_1KPR5S9RE8T2TZJ9HC1TAE3AP6,7f2890127529c847d5d478f3b5f92026c635ddf38b423a8a0366adba2855cbe7
ciqual,26192,nfx_1GHT7PMQ3E0XXJRGNBC4TJ5M2F,f4d26b67e2dc4d39d967ec6cf71b965cff09dce4cea9d58365f188b764ae6317
ciqual,26194,nfx_14A32ERENVM9JETZ03FJRMQ8DM,cc28cb14d2c074c59493e5e62c56055123c16cebe44fe3b800965e7be4004e5c
ciqual,26200,nfx_6MGXFXKV5RPXRCECPKCWJ5X9WC,8c569c26ddad8f42c8dc5580758334ef77a74b9b2f3764b40d1ab14e974e7a10
ciqual,26201,nfx_0SJ6PVVGRPZTTG306R35SAR6A6,841db3575f6abc6156e2ebed85f70d4060241367fa7b132d4aaac6aa3018eaec
ciqual,26205,nfx_25HK8NV90NTDGN458XJ0W02BVC,5c0c2756b328f5ae4b35b828283a9378bd335dfe127c1a5ee387a12e223d4eaa
ciqual,26206,nfx_7DTAR02J47KSKECQ7K418JZ9GD,d93831703702b2ef42298d95c2ff0568e5ceed06f42d563fcf9b03f6af26a4df
ciqual,26208,nfx_58S0MP29WESBW2CPM9VQJ96M4Y,60f64b51ac9a4f81e70933495581d32eecaf7bc1fafa6516e7333e9404d8eb87
ciqual,26210,nfx_61PFDVGHXKMFSD07ENY3EWDWMV,572fc980a7e16903da4510193dcbd0db899dc1c339fbec90063c3136064afc1c
ciqual,26211,nfx_2T4NNY2WMYDJ6BCFGQDTJNV45S,7134fcaeea4328f3062d2260c09f325c1e2f516d56ea9375cb87b5a4d4a69035
ciqual,26213,nfx_5AQ4MBY78G8RSY4G5422PQ87F6,a0992e8a9d89b5f3631bf5f6b53fd05702a13d72df3042daa97a7f2137d664f4
ciqual,26214,nfx_5DGED3A2QGWC01J70KAEVGSZYT,c9911618b2e0f26ea09f8c484ff216528d2a0ccd789a3cae9ec9609b316b595c
ciqual,26217,nfx_6S860NMD91QRW82JB76XS46DHK,14f5073f5155f3b42ab49648f788fc2ef0200e976ad7f7b5208fadbcd9c8a600
ciqual,26219,nfx_28N5Q334TDVQ6633TXRDGPYJ58,fe67ba5927c9d3dcc45493e7096cb388a6c0fd56cc232b17595c9dab5539a5fc
ciqual,26222,nfx_3W3B2NNBKX73X80XD5QYMSKV5F,584e6de5e46d26136a2f2864665e83865b0b28cc9789cd237bc9db465d17012e
ciqual,26223,nfx_22AM29QGJXX7V9GNZ9TYZ8F9AZ,2249f1e8e213f7dcde959c251a03981b7f87eb668bee6dbe4c339921717a895b
ciqual,26229,nfx_4MEZYREC2HTTMH8JZEGXJRRWSA,08c3f797b24b44b5453605f1489b9bae187650ec3573aba4ac7192c38b6df8d5
ciqual,26230,nfx_29SX9YNKFE73FKM44JQ9WW1RRH,6845234c39cf3935984b79ab0367c4f82613f1db577128cd9abcd292626a1595
ciqual,26231,nfx_3ZCVT57R8P55R5M7VRSNENJKKC,4262fb490cb774f607a26fb7bf40188f1c43321c091e0aedcd148f6f10ff1472
ciqual,26232,nfx_3P3Z1BVKG4681NPYBMJAGMJBFM,5249a7fffa237e649d4e5236b2ac4264f58e3640c0713d8b4db548ec8fb08a8d
ciqual,26233,nfx_3D03FK2CNEETWFQAC1CC5J9XDD,09f61be64d99df4b628ea36015bb915c22fe0045a05734fb4d4154c093996bf6
ciqual,26234,nfx_4DFMFRZ7AV15V8SACXA8F03B2G,13ee7d1fa0e7a8be59f8c67a8b2573edb80b94ef02008663f612cd7b0b8ae36c
ciqual,26235,nfx_1T0RZ0TH05CMXPN35587B44H9C,8d32ed87b3d42eb43bcb13fce51b354b6aa2a96166054d15c3562b9891cf8c98
ciqual,26236,nfx_2CFS4GBSAR0G5T6MB6XN68QZ1A,4314997c50118fd12573815841b006f050ec56cd8ad16a092d604c0d8824b901
ciqual,26237,nfx_4N06MT3MMH7YNJT977WK7YXY98,18948d0357d4500dd71874a0f307a25a9e83c71cac987ed1ff473ea0cdae4627
ciqual,26238,nfx_0CQ7HC6V6EMZRYAQHN4ZV79R4B,08ec009188be9fdc5e3b797866fd1e983ac563d30615a3884a6a00dc67d03423
ciqual,26239,nfx_1YZD7TK37CYZ107Q1EBR6K4W98,b90331ffb040e0189feae61eceb9c373e2e5737b63dba239089051eb4185027d
ciqual,26240,nfx_4RRWJDDWEF04R1G7KTS7K0SF5P,81a65d153d6a15efdfd94e111156e4596d0657617c11340250c3e6eb86a37268
ciqual,26241,nfx_1SCARSW1NQC718EP5X5HYVYCTS,2679c461efd9a9da3bc3131e93454b4ae3b2cf9fdf251fed1c77a3b08f3f04dc
ciqual,26242,nfx_7KRDXSJY9XRXPT9BGYBFS3G0M8,011edc643a03fb9d0e43b86329f81af10c3ed67960c2a363c18330c87380fd2f
ciqual,26243,nfx_0P2ANWYN26HWF9WJD8VERKPMPS,abd114309dd06853a9454e4ae915433082d2019d515b7955f37ca945dcfe195a
ciqual,26244,nfx_72E4FNS8M9SVGZKZZPJVKY288E,e7539d0b3dbd99092da1481cf1246b92bd3673fd311796276c4ee3a21f747607
ciqual,26245,nfx_5PWREAK0JR3GXXXEB2PGY91QBT,9ecc7b17e3dd915fdc1c0013167eb1ee046c1b739264c1d3ec8e8807d8285e3d
ciqual,26247,nfx_7T8A080YN0H9CNRP3HZMQ9M3QX,3ecc0e5322020175dedf8105eabe493479fc8105c25a5ddc0479639c13350188
ciqual,26248,nfx_2TATQFFW5GHPAEX1CWW48C8B39,43fe479e7c20e9a3bb2974e96379349da26a5f1d46f20c2c529b4a09445f1f95
ciqual,26249,nfx_12NYMXVAJCHNZ4EGKBP8XHNKK1,5e390f395b055af40568ce8d3f2d2827b117037b9be2b5760c1679f6fd7c89e5
ciqual,26256,nfx_7JFE0PZ6FNSYDB2F4FNGCDSDW8,b7b01067d77d8d8b39d504dbfc642fa4d7533f18b8a299b8f3aeb709f664a4d9
ciqual,26257,nfx_5BA7TWH5P2C4NTX4J3XJABS37V,746156e565a344f6902499909a5ad2c059f06e92b470347e8e03d7cbeb074559
ciqual,26258,nfx_6SN1MF15W3G9KHED2ZRYYE7QB7,dd0be9130590aa5d58490b6acee1c99824bb50660d3929b036ac7ed4d5052fd9
ciqual,26259,nfx_4S88NVKV6QJA5NR0Y6F2Y56MHK,e5cbf36bf0c242d4a3676726d53da72a09256415daa8a6503bd17ccd407f79b1
ciqual,26260,nfx_4XZ2TZCYS8NB6C6ZSKTMM3GW74,3b0737d9ba355b944855e47af8dd36d2a34007cecc3c643b85f4619d08cc4ab8
ciqual,26261,nfx_6BCY0J5GG36W3E39YYEX0BYQNE,d599122eff6673b3273b910d1a0b3d65c11f30b40e687f4d24d2aca3dcd01169
ciqual,26262,nfx_6PS28WSRCEGSSEJY9Q90RQMJW8,a4f2322d714567ad01d5c0a097685a4e260494b4fc310751f84123985b648c84
ciqual,26263,nfx_3504VZ72K88Z7QVASSE4ZE11MK,704fed90835f43bec10d6fd1a70cf73d4e37168e60187f9cb5ae643dcf6438d9
ciqual,26264,nfx_0RC1K2F0FXZWQM1XV8J5WRVB4S,28d855307210b6e11c511368ed70faa87464e343d9e4c01573ecf5d4bae65099
ciqual,26265,nfx_2F917K1P0AHHYVB3XX8W1Z6DKP,398278a5026ceed66ae68cde3fec635d53c66f687ade245c0ac86598d1474182
ciqual,26266,nfx_0G9FDC4HX8QRYCSMH8HBMCE4QX,1143f297db92b70f78e318e1466b8516e1a8753500b97f0135a354aea765095b
ciqual,26267,nfx_5K7W3M82VWQJSBWG70J0587G4C,6e71f9c4650734af733a21f901d377f92a7069421684d7c729486f4962ec6354
ciqual,26268,nfx_262VXCWHRCXVJBPDSWADW1WJWV,5d183ea7bc401df07f1234a1fc2a2dfa1c9138db34f4c72447efdec9fd102bc1
ciqual,26269,nfx_4MRBSQS7DVBF4MH47TEEWSKQQ8,79ee8960af9cff336806d1e9dbea7928ecdaca61364beb3148b47762bf6e9c3a
ciqual,26270,nfx_2K5BFTR43CSDFW4TXP0B4MR57J,0ee2f9b5ddd57ac6da9d3d42a7c1a932f3b08c04ea0e1381bac70de4696e9a6e
ciqual,26271,nfx_0RZJH8FZAG31KS3M8YGD35NT04,2638bffcf370bd86170d1e947c8d373daa356cae0712c41965c472a79fa9020a
ciqual,26272,nfx_3P7ENEJQ70JB7NCJ5CZTRD0HFJ,2f3b0978e7e4a4a4946ab41bd3f7e220a7951c2713fa186ca6407bceb8df4bf5
ciqual,26273,nfx_7XN4YQHYCQMA91G8AMC2S851C2,c343ae4381f2011b5d4108dad72c0bb9e5edd45a2053fbccb6cd4006767d21e7
ciqual,26274,nfx_790YBFNJAPFZJ4JC0K6QVWFW8M,b2cf6101ee0404ef4481ffedf39ffbeb8807c714282bf6aa03fc375567b0b4a3
ciqual,26275,nfx_266PVTWNSMMVJM3CDFSK5G1V3Y,8ede758b62746c678c58cf0801c7ca72200ec11a2c7526c352202a6d3ffa2a6d
ciqual,26276,nfx_2K7H6JGK7D9SH0NG1W8CPCCKHV,763e6f9cbf413f40096eeaec968f3d2d65a81e498719be0903c34b4588d8e788
ciqual,26277,nfx_0850YT1EW39GTQ33KZAEH0N873,488908132fdb991ecba5b35c490b34dccdc816c86bdc56c7a8bc711322735154
ciqual,26278,nfx_40VWY31SDXABXK44Y4TJ2VZK0P,72eea00a8c40f7e10d28d0e0c39dbf77460d3d9917c034fde6046582fa2f6ede
ciqual,26279,nfx_2696C6T6JGACB2QQSG51YSCNKE,b9be0fc150cbf01fbff3e97cec8c07d8a527951ed0f0ad7fbe2feadcd562957e
ciqual,26280,nfx_52DD9QW88M2T90565WN8G9EAGP,3627a21c6f57a7922dc878fe8330211d2e178ee958e6682089b2b0e1da87d27b
ciqual,26281,nfx_28A6GB2F3BRJ99F6EM9826PR66,d565795648aadc1a4443a8eb0eaab335adebed5f0238af379a09d3db4e8336e2
ciqual,26282,nfx_3ZFPPGMX1E0G2C6JVKJ6AKNHWN,056b660ffc29fccdd1f8bb542bcbfaa17879e84dcf695b032ce353b7872f3c47
ciqual,26692,nfx_4XR9MACMCVJY3MTF5YS77PSXBZ,d5794d85b14eaf6f2ff406cba020c2af06625e3b48532ce812a895453f00de0e
ciqual,26693,nfx_62V7M3QDYAH7XH9GMYM727TEE9,d571bb9d9e567e33a05e1504f61a0f2b3dbc3f77c78d7c9303fdd26082f0aab2
ciqual,26694,nfx_53278D8Z331NJ9HE75XPABHXCJ,b35fd8a84922c483e7850407dddfed59b3180fdba68113a36ea8267976c3821c
ciqual,26695,nfx_5BW9FQR0VKV5FQ0FBKBN1RMQRZ,55c4451bcc8a3aad69b8989bf4c11096ae5df99e97c17e333cc7c9f95babd427
ciqual,26696,nfx_09GTEMD72VWG0Y9AHYNNHV77F8,f2a327f1f6200c6f42aa65c1d7120c78047413dab4554c8a087d0697f19f1985
ciqual,26697,nfx_7Z3R18DACAPJQMS2MHR7QK288F,40a3e1d4c84d1c27370925f4e01cdf9d4a87419facd420dc5551d1ce00d7a3dd
ciqual,26698,nfx_3W3B5SS6X5M0ZDDM1RBDVGXN7H,fedd6ab90cf1937be51678582f7cf4994f8b9560b6c841999e46bf56a5a2f01a
ciqual,26700,nfx_79Z8203WN9H41915CR9FNAQF7F,ff648a6673c38e69cdb23f30738dfa1c852771ee6e21abd485dd6f77eb05fc63
ciqual,26998,nfx_6Z04FY53QED8KWWQFY2JFAJY5E,8e586864252b0a970ed11ed64b3c427b10a7a65140be41457f2e3e4d695b40d4
ciqual,26999,nfx_21B6HX0KWEF04DJSPHKK7W1WV2,93abdd0b0afa7bf738a5d402c64a90832a87c85614453c513a87f2330a93c446
ciqual,27000,nfx_2N0QCR9Q6K46Y541MCQBPCJ0KV,5912f3a137b4b1975afbecce966453efd71394f4cce5ad1550afdd4df2c5d1c0
ciqual,27001,nfx_1DXGZD72VFHSTBKAW2XCSA0VVK,f68dc0456efdf70513fafd66b1ae7173b99c1df0e27802ee1c07f32a1f9002c4
ciqual,27002,nfx_411FDMA34VAZK0VA6SYA7K4J88,f16e1c67390aebd5424a4d6950361e5d893673649a564eafafb5ef0a235f4158
ciqual,27003,nfx_0RRD2E0261FZ67PJ33MEDDPZD0,40a672e7a058d0085c9ee3d6f3121d6c6587fc15b2cd357abe757e2a1e38f729
ciqual,27004,nfx_2ZAYB9YGR6D81BYGYBSCPYND7Q,6d107f4dad5c9fa3ac7a17d49fd8e3c364147098c2a3d08c584a8174203e6155
ciqual,27005,nfx_67QQNK57DFY6CS2PKGMF29880S,2f14e7badea4e8f25fc656c60ef61a6ad39d33af8129c32a922d79a0a3a0cdaf
ciqual,27006,nfx_6Y9N1S7SCA7V0EFRV02TZQ1CAT,68abf689fb0fe12837c97b1224dc1c3dcabe91fd9a78b8e4b25b93d60f2cf12d
ciqual,27007,nfx_78MM4VTJRMYK8H6VV3ZJPB0EP8,665469811b8049bec12292c9f3754eefd378bb602cdb2563fdf470a304521d59
ciqual,27008,nfx_2M9ENCVCWRE9274F4H75ZFCSDB,2dc30f97b8b05ba26ac611876d6080167482611fcc5014a61395cc8dc65144d2
ciqual,27009,nfx_2TGC21NDAH9ANPAQ9RR8V14RCV,19cd2bdc5011e24420a6368622f8a5ae5f2783af5274b7914851768a3a885b71
ciqual,27010,nfx_0ADGQQMM0R03ERV786NP9A6G78,3328e43ea41160c96326409101cb00fc99c42218d1391313067b062225d788c1
ciqual,27011,nfx_5CNST3N4ZTJ63J5WQBTT0WJK36,6c1d84b2304dd5c8b39097ace9525cbc020da18386c17c9612a530ed6d9bd9c6
ciqual,27012,nfx_6H2XVHB54S7003MP52C4YMW56X,ca3c8399b513924e2a2a647f1430ba6d78b6adefbbdf899f6c8598c5acd38376
ciqual,27014,nfx_6RZ152HF4QMQD45DSFYRQXXKTT,fd165a61795ccbcb00bd58f813ff4c60feab0f58d3d548b513cc4ef057514f8d
ciqual,27015,nfx_6MJ0AGWAZ1KNFXV96S9625NEE3,0dadb916dc91776f33477698c663d0fe39566e93a015fd74b23763dfd5f870ee
ciqual,27016,nfx_6CVT6D3FFCVCHEF1KKEWKNKBQJ,2601d75be0dabedfa0f5b616dcb6eb5b8fda62e7c18f48b9d9fb9a2591c314bb
ciqual,27017,nfx_0MSJ78VDRFR06SE0M64YJ8TK0T,4124a381b840f1bb0aa0cff101630ee7fb592aba6cc36e845f29e1753a64f35d
ciqual,27018,nfx_124PFSJYMRNFKZ0EPFKT75VAD1,35ff6cab97d3086baac1c99838c9a0fbb72f9fa9b0db2d3b5945f65e0e2f92af
ciqual,27019,nfx_5B28T89VFKPAXHTA629F162RG6,c9b6b06c37c58840a2403777e68cbf8611085c7bb831e0667cc0bcc876a58ebe
ciqual,27021,nfx_12AB6GVZECJYEZ1W0KK3EQ0JBM,f0d51923a4f201a9c5cd4fb6d196f391d56a50d7ee759be3b4c3084ad2f5c55e
ciqual,27023,nfx_7DPZEEQ4QN0VV7EYNFQ0HR8V1E,70ee81b0ea9b4542249e28b1def99a16794498a67573480045da8300be9bd6a3
ciqual,27024,nfx_1Z5QMEM1TW4Y8XJY6FDEJ8CC5H,42e7044f8d96eebbf56ae9e640cf55746323c7f37d265119361b6d5403ba2271
ciqual,27025,nfx_4XB166HK05ARVBWMAWRT1J2WNX,160e1148d2dde64467ea37b0164675ae9b36e9f89424a3638626b58cbc61a81c
ciqual,27029,nfx_2KNVNQFM8VC1XAEGNMD3YYW5VX,813040c355629dcc14e7be711612b97c94c1b9cc85383542299071de5759bd69
ciqual,27030,nfx_3RXYY8KN7T7WXJ0W52C7KM3CRA,2fe82262c7d4b6042aa75fe437923b222c64d60f6a471c2747245a2fb2d3784c
ciqual,27031,nfx_45N5HQXKX17RQPNEN0KJDC855T,762577867392d13275dc0fc9960e8d1f333bc10b6a058e3109707c7959a21c31
ciqual,28001,nfx_51BR1JHBAXM3C93FNQDCWZW6MJ,9bd783a17093c015bf426b230b850e5c47cef7ebe791f5c8bb8343400eb90f69
ciqual,28002,nfx_4XZFP36AYMFJ5ZAWJC05QHXSNH,84cd25ef684cbede1802a97e523f31e5788b3147658d46e3484638892723c993
ciqual,28009,nfx_2E3MA81P8XXBS87BCNW21XPSQ2,58d83e24f9b5fc864f7d05ddc1b24122a2d45c3e5eb61f0d64d89d71dc2adddd
ciqual,28010,nfx_6ME2EY6RCNFT52BABG3XFP2F2H,96f337ee24e4951026c5d8b5cea9d797f11c4482eaf2c136d68798f900fc8cea
ciqual,28100,nfx_70QRSX5ZC6KGHGJ3Q5V42JBJDV,b3330a7c3c5224fa5728a5f0b02aa883fed1c6ca7a764b4d3f73370c7766f966
ciqual,28101,nfx_0F53Y1WV3876WY14ZAGA0Q5V5A,b789d4c606e2c5e2f7bade42e796396d58097ae53543480b05ac6ea4c44adb6e
ciqual,28102,nfx_20VJ1SPJAEJ7FKVKBN3SVMRCGC,29b91e1277c22a2dc07661df11ca55876e946a8ed8395916a2bec2fe74442274
ciqual,28103,nfx_5G25XKC2RW9ZC9XMCXWP76Y0C1,7cead6406f686dd62193778483f5e181a2beda717f8bd9c32666aab92d4350bf
ciqual,28104,nfx_6ACR4TTS3V0V3JRN24B8P2ZKNK,742c3515dc4469386077228a8b18785beeb6aa900440957a01162901a238f6c4
ciqual,28105,nfx_28FD7NYKKRSDW3ECH2XHHGQ4Z3,aca76ef5fafaf833942339859f23dc404b4eb3207e971ded9fc6d1f29b2d0970
ciqual,28202,nfx_3YH37DTQWFRD5SQ06JSQZQ38WM,6e399091c077d983778cf0cd20a14a6e88ef8830113a4408e636b8904663766a
ciqual,28203,nfx_705K06BHW2926WN5Q3JZ64KD7E,5e40e27d88d484957c79664f80bc3a5956f0f208382bb45d7a93611a1ea6740e
ciqual,28204,nfx_6XN1YHAXKFA7J39N8J54DHWNCT,0fd3dee7a98f43bff07a63ff627450910c3835f90aa8e4e4329e87f8dabc5207
ciqual,28205,nfx_77C42QN38Y5VS8R3PFQM9J9W6Q,5075a13d2653bafb6be41229ca5498c6633595041bfc8eb8ff586372d6893ce9
ciqual,28300,nfx_783WVC3K1F34TW09CG1BWT0BQY,af51ccd405550870139a1575134d18bd38acc19cec5fec2bb9dfc5e90593ce13
ciqual,28301,nfx_7D1403GC02EMAAPCA6PK2A9F5X,21a401aefccb32ad67eea5421730666aea1776d924243171505163ed4a97c812
ciqual,28302,nfx_3CR4X5AAHX11EMQM45Y7R3D59D,4067db2abe50eea94bae1a7357cc16b5ccfb5aad50f15d60d9dffd4bdc343d97
ciqual,28400,nfx_6MAE94TSSBE92S8V1PDNZ2KHMZ,2f263c9891dc2d0acbfc98c11f61b91209e98db7855a179dcada1cbca6b46255
ciqual,28401,nfx_6P7SAWDVD86X0FHW73JVRG3C7A,be8fddec1ec2a48000bc1a1f00a48a7473949c87c3bea7de020f7d62ca057a60
ciqual,28451,nfx_6EQPMHD9QNR21557M5NNZSQ7PM,6ae995d932767312e023439ec326640542cf69d054a7d1be3c5ccc51824eb3a3
ciqual,28460,nfx_736SZS34W0SMXY66FH0YBGPE54,4f6304ed7c32a83705ae09cca2ed5b462df0f1b15698ba709186a51990f5b667
ciqual,28461,nfx_4H6YZND7M67PTHBJ4082FD9WBD,7c282d1f49e170e96e182f50848af3813c31c3cddf66fbb85955a5b62df4478e
ciqual,28470,nfx_4PXJ16943JPE1HPB96EF9VJ265,cb9807ed81b33ea7e6e85a8a798e445dd24288befb68dad6346981c18e3cbe22
ciqual,28471,nfx_0DQZR4HW5XR5PZ7A9PQJT7PAVV,509e14702efa8be3f67937a826ba7a08356d189cf0d51dcc1fdb9b0ec543ac65
ciqual,28472,nfx_4E77PDXWJ1PBWX1T2FQM154NDR,b977413fdb030e756f7df16317bc5334c463469a253362ea49eb4a3a1d3a031b
ciqual,28473,nfx_7Q5CNAT46F40W9KD5FD8KJ8Y9Q,7d19846dc5a8183359ced60a33fe801175598be9045247fb13a4bf7bc21d37ac
ciqual,28474,nfx_7ZE525KW9SQJ6B4MFSZQTMS2Z3,6a64a5997193aa9cd51de7b6d2cf8a4387577e3feaad136887886644563eca33
ciqual,28475,nfx_080R6TXJJYCBH59GPQEC3NDDZR,fd18e476304de8ae963c80a70ba803d7193039f52594d2b6b94e7e5ef1199852
ciqual,28476,nfx_28GSAHRRWG44N21H4NFPZ2S4KF,4d4f4284a99659a90c90035e824fe564eec425bc26f00da3ecd25bc4c96f55be
ciqual,28477,nfx_79Y6GAX711P37MRGDD3CE4GKJM,a42cdb00f5c703b5c787fee8cdc5e131de1b97023aca6e5c130ef57f42ba4861
ciqual,28479,nfx_17KZDT2521WQSB49DYRNMJXZRT,9a8074d679c0049faf632f341352195bdadf0d68bc494bf53a2fd0a6d9b5a839
ciqual,28480,nfx_0YNRQ811J1QNB2PRW7Z2BXEFC4,014c02444b30e68d6ffced67ab91c6289c6b406606f4cbd5001114b5d8993e63
ciqual,28501,nfx_72XG4P7DW6E9WFC7W2DMHHCD4G,430eea984dbf8a378b29bc70254bbaca8b86f7c727c628d3ee0e17b9b26c8813
ciqual,28502,nfx_41BJ6M3VWSX7MK5EJ5GWSJDSJT,6ff2e4e8f5c20d94144b8735e3254dfe0fdb08faca46acdc6759c7c3654f5733
ciqual,28503,nfx_52WGYSJE8FJCGHY70XGSYD7HBR,06d9a69183dbe11143282515722cca69e4ef82bb27c11cad3e5aeab6497e83c8
ciqual,28504,nfx_6GV8M9GJ1PXCFZATKAGTCATVDR,bd0f6eb13a98351bf0f765b82ddbf26f998dbe72f29042dcd662a3a275320a0d
ciqual,28505,nfx_3F5C19VR7VCZJ4DGJ6309PEKWA,544d43ed9788cb8d0dc978bbe2a1966f2b9bb9acdf8138b99b11d004a0867a66
ciqual,28507,nfx_0VKS6BQF73T0V969HDSR1BY5ZZ,4a0b70f8ad404424316c999a38d9b4319ee9a8e4d33d6a6b3fd724c39a2c373f
ciqual,28530,nfx_5X6H5NC0P6QTCP9CHZ5AHV6Z5D,cda46d9312f51e6b7f2094d0be388a8909ba153b7c563ccccf5904929688b819
ciqual,28540,nfx_4E9QPFHCCRXZHXTAFXAAGGDX28,a5dda18e097295bc35673380a0857e126a0c6b2e763e3dfe22d1f51cdbe4a012
ciqual,28550,nfx_1KMKEJ4H1FPED4K73RKXEPWRVC,6c617fa3502d15956fd371d328e37a3e1f4fb1a7cf465cc1a12f8488aa0de1fc
ciqual,28700,nfx_6RVQ3Z904DDDJ8EDA45VH6462T,6c6ca07587194c6cc11e17f75c17a109cc9889b32a32137ecfe4da438a50171f
ciqual,28720,nfx_0BHK7KKQA7HZTG5HPZCQEC95Z4,eb0f54e691be409f0d3ff7e515503746cf68e03b9682ff68996159ec7e96cc41
ciqual,28723,nfx_254X5EN8G1TXQRBB1WBK2WK7FC,4c8dfa7d5b3f6b4b8f3c716797e6f82abf907385e3d9a56f06e4b59fe308c90a
ciqual,28725,nfx_6SPK165S07SD3TZNTYHN5NS3KP,ca4ba5ae05786dc239e910a491a54c0aa0159f5a6a6b90bbe3c01b17b8b08485
ciqual,28727,nfx_6T0C8BGMP1AZ1ZBM1AB46FTFR3,6313032427b04dae54012b58894de2b1c7ad8f1edf2c134b48fea40d094db29c
ciqual,28800,nfx_7PFH06552X02WXX3SV1WFJZMM7,2957640331a9311c058ad1ceef2eddb361b5c552a802fa667dca384039531324
ciqual,28801,nfx_6TD4C3NHAXCKX6PFPFKHN4K2W8,3fd4727b6dfb3056f658d68996041af82d6c9074e9f50bc86c83ea62056ca89f
ciqual,28803,nfx_5AX3NCX8XDQ3S82GDCJC334JYK,237375e7ed057df50101568a25b200c8f0f7712474b4d181ff42252ecb349519
ciqual,28804,nfx_4EPQG6P8P65KA88A1W3SA3WCY9,6b4bd69e04b13b2bd5bcc919d631fd6707b3c2ed15813663db2378a0b3a692a3
ciqual,28811,nfx_7P70KR9SBWN9GZP9WZFA7H6XK8,7cacd2613025824a4b86790ba3bdbce5825b82977b2984504d97794cd6eea9d8
ciqual,28812,nfx_50SE9Q6ZFBBPKC9DRT50W30A0R,d0312551585d6c04612e6973d08e59fb982f94da2a94355fb4462b3e8d4cae6f
ciqual,28844,nfx_64KEEFQ2A901YJY8C60J5XYDAX,0677f5240dc9118365ffdd79cf8ab1a3086212bbcc9df39a3791d4cd953fe5af
ciqual,28845,nfx_3TKCYMDGFJJDX6B5CTD4VJF5ED,f479fa8d3a01506d9baffee017252c35bd85e497f4a99bdece3e2732f401b502
ciqual,28850,nfx_1SKR4X15CR0PNSG56HATAAN520,4b96cfd16f253caed49691365b451412fcd5da335ee4048e8c40eaaaa53631e3
ciqual,28858,nfx_5G0DJ6YBFSP0RHFDMD7M1JF1PG,12095ed27bacfee051782af05da3c7901fbd8178d864de4afc9e5aad3f9dc723
ciqual,28860,nfx_7XNKM994AFTSVTCHMNWTBK44YV,52f45f43d9bcec4513ac23eeacfc7edda581d3b46aa719f0478d5cefc37bd40c
ciqual,28900,nfx_2VEZK1RT1Z6KNYJF3P1XB2XH4B,3f73993693c1c2ab6978028cba3aa278df5f26bc452076bda8b2bff7d02249fe
ciqual,28901,nfx_5VCE4A077XGZ16S15JXGKHG6JH,fb469a87b7e4738e149535f7ef8e3f504aa64fe5f97e4d21e8d4effd2b8ccb4d
ciqual,28902,nfx_6A12TK6H1FD7SZ9WV47MQZ9VK9,5bbb73eb21d4b022956fff14351b67c6d0f95fd8d0ee7eca50297ca2312b3ecb
ciqual,28905,nfx_3EWNGPFW6HJ2N09AFF3YBRVZGZ,187538db6f9c5049277af920734ac0cf2c6359ddc9f6753f7302b4bbfa0bbf02
ciqual,28906,nfx_4WFF13J2EDT8H7MTSG9673ZDH7,9eabfd9524ad1d1fead5f84f7fdfbc37bc5d9a80c9ae38977f19d23339770647
ciqual,28907,nfx_05573YW2S7YTKGERPQZP8A650A,bd316f19e3af5372c87184b088f0eb6d3722ff4bf7753390cb36353496690e19
ciqual,28910,nfx_3A7CC27603B1VHR1B9T7T5K1QA,4fd187b7192d45cba45f2d63515114f9a4d03e5e92b8ec625487fb186ceea85c
ciqual,28911,nfx_74NFGNSKGGNG3PERGTMQX4NK55,acd6847935e198f7318312a92177ec1f5170a73cb5fd6dd6b424d9923a6f9adc
ciqual,28912,nfx_58979P910E1G2PMY3V8ETCYRB5,c0686bab61b84dc1cdd35ee4a1c077fd13bca96e42aa96369ac18de4b93c57ae
ciqual,28913,nfx_2VKFHJNVB58P10PDCJ95TPT9MX,5427cd0ccf23c95c55964cdf325fa81422f76eb1f2358614e044b53038ce4295
ciqual,28917,nfx_5QGYVP168TQNSN6WPC6HPYYK0D,e4b1eb624b88da79019fd37ce2b38bf45ccfc545d139fb72248313471a581101
ciqual,28922,nfx_2ZXY97R07CKBDKQ0X49AM5VZD6,ac08571affc4003db51c2bd788afce176260ae5bb9fa852409bd5372e390d848
ciqual,28924,nfx_6XZYVX81GXN7JVPHZPW7YT33M8,272928d92fce387f7f68226d59ef1bb13b624d4ddebce23bdf8cdb1dc16f4b62
ciqual,28925,nfx_0S7B7NSSM75MRTCFK4V2NBP6A7,8901db6bed2d5600fcd1d5faa8f328e9364b3f6f58777101d16daad2e8c4fa91
ciqual,28927,nfx_6TEYKEJGVAX2WTD3NCCDM8VNJZ,4466eb231602298d7672919415e7532b1e9a30fa41ff68a5e4eaa7df7151fae2
ciqual,28929,nfx_76V51MA002Z5AWNJJQ751TJZQA,2e100c1d20d30a5ea8d00cf8d46a87bc8fda92ea50f962c5fbc37c4a0abe2e38
ciqual,28960,nfx_3BZG6DGKAJ6DNS4CFQRTF9J6YQ,025e7eae35acb764f456a9cb437d127505e9492e341179e2178f9a5b0621053f
ciqual,28963,nfx_544GECNFDA8YMWBQ1W6TM6260B,5782c30633aeb76d883dc2a821d4a30e6527f5e95cbef84859491d11151ec213
ciqual,28964,nfx_2RKZ4P90R7CXEMVHR2CTMFB2YX,9424375903c269c4cf5324bca2f935858e8e7f5ca1acd3de96122dbad9be8e3e
ciqual,28965,nfx_3V765YC4ZX10EZ8657JJ692XP6,7a7119510ab98c009a349e04da765c951628ca40da2c003dd700bf643010c88e
ciqual,28976,nfx_31EQP89E9FGSSSQEFG15FJDE25,ef4d58a57042e8ff9628f6d05670388f09e378e5649c9974784386f0033cb471
ciqual,29209,nfx_3E43GMM6S193AZD9VFV99FTSD2,5c00aa8d647e9a4b0bd5268680094e735da750d746d81a1e2ef98c2d4267cbb5
ciqual,3000,nfx_06Q5PBHXMAHM6FG4WXK9FF7QK1,a01ea0c505ce9e89cede450c5d41c0dba4a0f5c2c63698f03aa58b8cc0cfa4b3
ciqual,30005,nfx_4HQTKKPP36KW769D1FDA1GS858,f1353d5238840dae480cf3f1e03f0a65a72c68bf8bcfc65c3b92dc1f16262524
ciqual,30011,nfx_5C683XRMHBK88ZJ9HK6XBV3S9Y,ab609b8211d935ed4a555a08b186f841c537a65e11ca0a3d111cec358756cab0
ciqual,3002,nfx_5DZP7GK3VXQ7J9M0VF9PSM9GSQ,8aaa096585ab55c5a8772399651a771cfc5f84de5c4f2fe2e2916b9f2764e638
ciqual,30050,nfx_738DPGEZ68RQ84H6J3VKJK53C0,cfa7ae88cd7fd7ab9e8acdf38284da5f8d29c1317ae3015956704d4e834e9136
ciqual,30051,nfx_2G6DREVJR6AG312WTPJGXZHV9V,69a8180a756752b5dae8ab3cd31ea6467f1436828daba781b75df92817d54f3e
ciqual,30052,nfx_2DAF5FKHXFYW45ADA1SP7TEGWN,33b425fb03afcaac5c2f4428684ac714bc352347ff38cd8b3ff464f7a5b1e8c8
ciqual,30102,nfx_7KRSHMYKW8WBEQND2TEF9V8EAT,8da9578cc141de02e8c39bbaca75143e3ebe58ff45ceacfe98adb0d2e499207b
ciqual,30104,nfx_0RHTB8Z4J0BX8FAQTY7F97G8VQ,db57c69e3081110ebd893383cd107777cb8ae55e23ad3ce17e42e83e823ec073
ciqual,30105,nfx_488SASYDV7VMJ6TD3GJ8Q1PG9D,afb90bd358b8ee465e36381ed8120f369f190e6c873ee85d71b008cfc0de1544
ciqual,30108,nfx_0JXG68MW2J8VKWE9AE65S68MVZ,61cf71d2cc42624dbe2bb6d520f9448ce865b1610359561aa5d79012c77c10c3
ciqual,30110,nfx_7MK9CBW9QRARV5DZD1JB5FB29B,ca22bc598ccac8cd8949282e4750d9794af2f1f510a1a265b970849ffe7bfa3c
ciqual,30115,nfx_06A8PP0SKTJV81JV65JR453R93,1bfca360adf85f1aab2d6f63ba8d4c8f8d74a6868976ea6873c5eada18ece0ec
ciqual,30125,nfx_6FYQD6QCBPC7AW1YFGS90WVT11,5d10dff2c6791360a923c8186c95b4c99800a33d3c53e3b5c128e58678ad63bf
ciqual,30130,nfx_2Y27EFFB9PTEW2CNEFG2M1AMVX,0b224b3b6dedda9f11396d3f92d819b75f7593512be180c016388ce92c74337f
ciqual,30131,nfx_3VX7B0R5V2R962JKXJYKKQ61TC,542c22312442079bbe66857ce2342e742465bd0b614188be775f488756539983
ciqual,30134,nfx_674JY8A62YSBH1HDN9XKSAJ3GC,8060d8c757024c8ac36df4e4b7025458cdf750d3d324151e8f9f7c216fb158ca
ciqual,30150,nfx_41WJJN1YHPZ6BW6QDPZCJVESJY,228262f1a7b188dc814534f38de25471490e2b00b64705a34de43e75f8941388
ciqual,30151,nfx_6HYBQ9TFAA4MAJD4X4EZAHPPBW,55dd37f9d5d12df1c0f944f236fa405d736205643b6c098ef349d5f55fca37dd
ciqual,30152,nfx_7KYMJ9V09GFM8781M20RM50Z50,c58b7ef9f7dc1223b2df1980fa5f7fa40e2187ed66252e0fb2c9be7270edbf87
ciqual,30153,nfx_3P1XP6AXNXDNYNDBT8KGAPMPJZ,c88fa2963dbd449967ef6a306e90d3615ae9655760045d41f9b96a3c50337096
ciqual,30154,nfx_519A99N4GB0ZEVFB4Y40BNMVV2,29f76ab0e7f6e43e021e9877f547198a2ecf79061e48fb460143a145b9d83c79
ciqual,30155,nfx_3R8Z5X6TW881E8JRK8QEARY4N2,9aa45f61dd46cea126925ed54f7ab2f1d2862c837469231b6a7694e9d6cbb2a7
ciqual,30156,nfx_5VSD964M0DAXW8E27YKSN2CW8M,8104d4a18260a3232715721fa259a3e37a6eebf437f0ea4fa6918717678e2dec
ciqual,30176,nfx_0YJQXHQGFK0V9N9EJ4PABSENJF,c03472dd05374552ce972b9f31232ae7085681544cab6d011824332cc6333b7a
ciqual,30177,nfx_1MBW0RM8RAFA2BYAHADPPA288S,cb7764779532ccde846c711334c5f4d83fb330c19e8d3276acff198f5b5245c5
ciqual,30181,nfx_2HY3081QPQX2TMFZSTZ7KY8ZEK,b1c65392b060aac7d8f003ed391cfec780ac068ac963db1ccb8d29404a9e601a
ciqual,30300,nfx_5TB7JTXPPGYANRT4SA4F2E2CM3,b1da59c3639a4273650b1181912f4fddb0a834dc7aeab7b30be7708b283015f8
ciqual,30301,nfx_20BVW2ANJ7EK36JHT74P8M0GZN,a9bfc2850c77de5ef638d1ef15501936b97c2d7329077ed06287f2085a378f5c
ciqual,30302,nfx_6ATGV7G6B21M6QB8F737VNKVSG,ffac40fd89789e5a15dc2b483ec00fa31d6a8923b365fcf4182d5fbbdc5f58f2
ciqual,30304,nfx_7QQEG42E7P26F8M9TD07NTTVKV,c430d1071e11f17632feec8765ce623c3366e1334ab53826ed4306d7bd1d68e0
ciqual,30308,nfx_5419B902MDJNHJV85G01HKNF17,645c261e1b5a078ea16fc13f733e1aeccb4796f241cd9483c5e233685d6f0480
ciqual,30309,nfx_24Z06BWMWWJ9EM3Y1YS5M7N4H5,76a111fdb1dfa22c83381972b260190645e6e779765416c0ce6e63e5c0209be3
ciqual,30311,nfx_5VDNZYTATNAWSE9KX9E101TF32,9c3cd9a88c0ef76e07ef9acf96fcfb9c82fb1e4ac7a0a11d3e137b9bfa1923e5
ciqual,30312,nfx_4MX8DM0K97RHHHNX7R0KW335XA,3bec6abe8f850dab5cd7965d0504e765c35e58b7c6b89c9ee71dc184f5aa8a94
ciqual,30314,nfx_2XC51TM4TXHDTRVRKRS6GRTE6K,9fee9b23a6c9143fc0a61409d06763b3e1e05ec40a383d7c98752a2c7df5a4ff
ciqual,30315,nfx_43H2XQYK6D3C1E7S3ZG7688XEY,820fae4e51b96ddfec3ee1adf83b497b8f0bf6c96a855ba6d0532cd12c538875
ciqual,30316,nfx_5VRTVJY91X6Z4GBK61PG5WJASK,9a63e81b56c1e0ddfb7535016236eea2a77bb954fb63fdfe884720c52ff6f915
ciqual,30317,nfx_3W4K1G5ZNZFT53RMH1T96PM6ED,ab444844038ea126ee0f3f0483d47d5f3b9e7c8458d66f800decddba4a815fc9
ciqual,30350,nfx_32Q15R7JR16QKSSQZWC0W3X89J,83b2c4aa7aac045a05632d4c817340adbf126bd4443bf1f5441872bc5c74e406
ciqual,30351,nfx_4WGEHRSMB7CRPWVYZTYYJZQRJ4,73293a5a1852755b9f5378997c13ab66ef87727deb4a5671deaec4e26337c2c7
ciqual,30366,nfx_3BZ7PMVCHGD60MS0F0X4Z81PK3,f6e167b0c55e9ea402b5670da47e54cf6b82e9127073cc650e946e7e6843cb76
ciqual,30700,nfx_31TT37Q0J2BJ80NSTFQW6N2HGG,0cd4a9bb7162c85f8008ec29cc4dfef18b5f95d5c95805a782fa07d38001ecfb
ciqual,30701,nfx_0WAYMNBQBC6724FA0X1CRVSXK7,56667ceac28aac3a3dbbe60f6f872e482571f7cd084113a698c5f1d6171dedd6
ciqual,30707,nfx_25ME3FJ1H5EZ5DJSQ8XNCJ0AKX,38a097c9f834ed6cc93ca8f34f249e119362c048e381ed012e9726f52fc34344
ciqual,30730,nfx_2RKV73DZ7W7AXER601VZ5W8KG0,5c1310652d99a0ce08565b8600771cc5f52a8afc165cc34738439d22f8174641
ciqual,30731,nfx_2RPCCBVDFHPPE4Q2J3KKKCJ3MS,ca6f967cefde7e85fcd45a88e1a1e18bd1d8eab1023fbaaea3a170b4fbdd4908
ciqual,30732,nfx_0AKVKVTP24WHT5SM5GDFTNA3AC,f83176d122529d36b4db22331c56e3c738b87ef16f4837931530d5f6fddd913d
ciqual,30742,nfx_4MCZ7DK8Z6YBDQYPT1VFW2TH4T,a011ce11e23ba3b8e74f93febfe5ba6ed98fc883f65fbe567bdd5e41fc824ce6
ciqual,30743,nfx_3FNKPD3JH2RVAPJKQSJRZZ0BNT,1e0aa641cc783065d14198d7009fbfddf631414053ca6413cc66ec968fe94b2d
ciqual,30746,nfx_47M450795Q37H69R1C0J86H79V,b334969d2524287d43a1155a93f3766cd64a7eb8c953a52d70cfb3ea1c1e7b95
ciqual,30750,nfx_3MC2GAEYTYFJSH241MT162Y3T4,6046be0d856efff8995f8ae69dcad67cffd38707f238fe4998617e8f1cbd2978
ciqual,30764,nfx_1J3N0AHNRH7EYEX27X2BC1P6WY,4dd1322f2d0a911b95298c25d8adc3ae3f9211511e65e5f352f16237c0c66c65
ciqual,30766,nfx_0W4VG5N2C3BQM7YDDYJA4PQZBG,b5e2a95da5ab3c68de5fd625c21e009cc36477a017b7d4983f4585943671ea05
ciqual,30778,nfx_288QJNM21Q6B7KAJFQS4RJW04P,a7c62e120c312065a964de4cf5bf392a44c0b28986a6247b46d671100281aec9
ciqual,30780,nfx_5SRNDV7SXRYB6KFCW19X0FHNWQ,e5dc6b7fc0078a4d8a34f0d4470e68affa6bc238722e57281dde074020ad3209
ciqual,30789,nfx_1YDTE74ZY94B27NN76FXXH0MWA,985fe6007ef16c0262a3786d8dad7c4bc3bf08590bf047f6a42890e4320e4256
ciqual,30790,nfx_7J8TGACRRQTM4JYQKC5RCJ21BJ,86b1a9731880c835d4aebd823669e7cb01d8f02ee7fcefe2516ecceec39cd329
ciqual,30791,nfx_7TM11T09GQ7D5XMNQ7B2YX2GAN,453bcb9e8a147c634530fd41bb1554684f50c7defaf711f9c8c8e92d779edf25
ciqual,30797,nfx_17YBMV0Z465FPAZXPFVW5ECNCN,08f7a0ad864efde55a3a8d9f5b3cf02ba0dc86b29217e22841fc487fe6af4a36
ciqual,30801,nfx_6N9K1T7GME1PQ9VEE1NF2PNAB5,b87bea733c61dfe43ab5df75d64806a25b7604bc6aa2b3e872aab09912c9b6e4
ciqual,30886,nfx_4WRAAAWGYHYYBT3TFBKB5E2HVD,d70f46068908d61c59e2ad5d5bf2925c8f1e622e28a26dbd78a9df8c5b799d43
ciqual,30887,nfx_5AQVTKP6X1P3SH8TFERQKK490W,f4ae135cec6cf3406a2bb816b587afac2a8b8ae70ece47fa565cf8521b9c8394
ciqual,30888,nfx_1J7RASNF4AJBE6K0NF7Q1KBHRQ,bbca8e0c96fd6b7bdcd948c250c076f18a1edefe272f9d084b26ff41365c4d48
ciqual,30889,nfx_6XS4G2YNDDQJ54VQAXVRBTX734,5e9408392fd0cda940da0d8432e35a73e3f0145098f62ef74a7a318fb17aea73
ciqual,30900,nfx_5GY5T3YHBYPF0A3SH0QSKFW89R,5ff5e50517ce486eb83dd75c52ba6edd50a3ea4e8df499dcefa53fa74212e8e8
ciqual,30990,nfx_7ZDYWZ1GRR8C0H9RTJHEGC8ZPC,dd1017028e32917dca5608c650505f18778b0b1affd4eae66534bde4f3ac2d30
ciqual,30991,nfx_3XX0AR8DP62M83PRSB9EB3M193,4b102b3f39e5f01c1045fbc70902d84e4618a705d0be11c22661dcd3c681418c
ciqual,30992,nfx_04117XRRV6PMAQJ7JZCX6D4QSG,b26c2a9d1103abfe2cf6c9f3a385f4bf10b7c8a6f255259d0f88a9b7f6bca384
ciqual,30993,nfx_7P1ZPRP6C5GR5RBCZA7N5HY6KT,f36f814aee8ec572f363c0639dc5c0553b6982817eccc57f48582075583e92f7
ciqual,30994,nfx_3R297S5GP1YVFBNNVG2TKC79ZK,a8baa7f417e08cba06130dd77b10d9a94beec9c9388fbf5b03313843ca0301bd
ciqual,30995,nfx_6S5J5C51T2CMC77AW8ZM3NTAPT,274b2e9b3ced331c126656fe428ece1d5806d6cf140b8a2ac995ab2f2619c0e2
ciqual,30996,nfx_043VYY8VR0DWDKBCNE0BAPNEG3,dab7b174298073c6a1dddcc79ffa52bb6ff2e69609e3b6eb6d21ded41a4695ed
ciqual,30997,nfx_1SCXPS6F832XPMXYX65F1ESGMZ,0b13f0edb611b6fd0286dd9b4648f74c71581353a3d483494e9c1c58a9e83daa
ciqual,30998,nfx_54YAGWFCG2FM7NBMPWM415BCX0,ae47e5a5c92d262a2821e77aaf1573ebba1c0caaf1310a210f347bc833b9354b
ciqual,30999,nfx_7XKVHJCTPDPEXV5MV56A52C40Z,062915adca3dc1e470050be41387d399ee2b45981b0a7a18433da7b2d6cd2d52
ciqual,31000,nfx_6K1YSBDQ7WWJSH1ZCPMKST1FC8,13d2637dc8c67ae4a6a62bbbfbf521fcfe03becfcdd4d131980c9cf32ee65335
ciqual,31001,nfx_201Q560ZX5E7C78DGHPFHKVBH2,565abefef561d687357d6e03c1306579023a1cad41ba0a803d3d8db51baee3e3
ciqual,31002,nfx_0VH6SZHMQEBP1D9Q72GDFXDXCN,078efc001a0d5cf553e80c96d1ca223ee4dbab17d8dc740ade9f7a9cea94e8fe
ciqual,31004,nfx_2NA2Q3CWWF37VZAR9J0G3TXNEE,4c97cd26f0797d1e5cec432f506191f6578ab118b56ff9393c327e9a96cd7d1c
ciqual,31005,nfx_2XAEHWKDGEBAE9ZEQ334TW78YV,6b0191bcae4cf5e4d49f61d6f47d94c5125b803a549ad4d4375e3adb7d4c6a3a
ciqual,31006,nfx_4KDMRC4CR5AP6D183M92E8AQRW,17ec357c02cdd56786f8296f6a874ddb3b2dba3791a4802f0355e2cb7cdaa245
ciqual,31007,nfx_529SYNQ85RYK04AH88XCMDSF7X,28aa39eedb03e384d8dbed91c2ef4209a9ed554526659a7ca5779eea0491ae07
ciqual,31008,nfx_2Z6T136E3EHS3HSGTJ0ENMA74W,dced27340445f9f5bd1a5d9b953ba66e36a1fad53a75fc12622fed801b263056
ciqual,31009,nfx_6WYH69SP8537C3NH5MW8WM6XJ0,9c877db9211665b7fcab6234da4848dc3d5903eae08a5137ea1f72adbf60f95d
ciqual,31010,nfx_3MVT7Q9E2MTAGPWQWE7XXB66K5,53278901661bda03ae6589ccda0db47bff2e897820c50ab9accae558f336f4b3
ciqual,31012,nfx_3DXYPGKGB3BGP36YQBVQWGTA2Z,a88b5a9263eaf0652284c192249bdd2c44ed44fa771e6d6d2e60937dd601ff01
ciqual,31013,nfx_1NX8BDF0R3MFFGPBTZDQCBAQ8H,952c62854b4f04ea9661a8a7d400041115c439cf81fa3ed4a09563ec42fe0109
ciqual,31014,nfx_1AQ8C9FV1NGMA6YAZ3WHF2FRDE,a2d27db750665abae2f55f4d1820dbbc79f06ab6322e33b49da7b2e93a83370d
ciqual,31016,nfx_5TZ98PQYVP7FK3K4NSJ3T7SXC6,8f4092c279478be30ef83fab316a988d9f54495fb22b88f3d597e3a704dc7170
ciqual,31017,nfx_3DNXYH4FHZMBBETBCZ4ZERTB5N,fd54e70b468bd9d13c9e28c1c4d042719992f258c04bcc261a98c30ef9518612
ciqual,31018,nfx_14MKX984GBTKM11W6N3SWEC93N,c93a9f7eb9fa6dd28271887fbf53beda415a4e0996061532dc5e63e24c2b622f
ciqual,31020,nfx_0HRVT14F137SPNDHHV3W4MWAK0,fc8d3253bdefbbe0197f2934519d53238cb442e59fe756e2922de3eb751e3518
ciqual,31021,nfx_60WRZBNV66G3EX71JK0W0AX1WD,e2bfb60256558f478df7018fa82bdb5030e82be861c497d7d9d9632260347d1a
ciqual,31023,nfx_3PVY294SMRBAZKPKFMYETGB8PP,92ebb2aa671f4fba2ffc5c8d1dc5640cc60f13dacdf62c0f71c502e696648f63
ciqual,31024,nfx_6EVW6S0JV6K5VT80JVN2BQHZVW,df72a645c50d4432c3d2370e4f7b8f30821d9228d524810a90b3a96f1114da58
ciqual,31026,nfx_0BRGHJNM197BY9C1PTQ5Y8QD59,9b54f7f1f3fa681128e4a5cbf0345d21d0c64cf34eca6a81567e9cd32ab9501f
ciqual,31027,nfx_5DRNDV3ZJBGBP31VF0HGADZDEC,28a465262668689a3699bb6f2743b1c1f3e31b115d1b93b648c0e8334db75f70
ciqual,31028,nfx_2FM5HM68PF5DHGYCR7R2TM98YC,b5b15be7640e09de597125e1c95044d280471f269412dd03a908d5468a8cdc65
ciqual,31030,nfx_6ZREA61HMBQ6SCZ85EQ2BJ7601,e32c5bc16833078175bd9706932815cac687655255d3aceac12d2f884b832ebc
ciqual,31032,nfx_0J5Z1DV4Q06KB0XRTKQPJDWJPH,48c9b885317904f08396f94486906bc22c2e61c3004febae58216ee5509a73b6
ciqual,31034,nfx_74AN71BHHYCGBHCJ3W7H5B6VGY,1963a4f61531a98aa31d359524e42f2b7364334ea1eeb8d58b993acd735009cb
ciqual,31035,nfx_6YAWZTZNZQGX90KNYV1Q316VCE,0b3be390a1b55acde87ac25ed373da712197295b9d301aeb59d52e9e9408cf38
ciqual,31036,nfx_0Q18XRPDYC7Z9QW82C7VVRKJA6,5c06d21754e0643c9b2930753e2c4997c7def53434ae5c71c043e43b51b8dfa5
ciqual,31037,nfx_62CK0A6NT363VQEGN3TVJD8XTG,5385a47765c1996e5768599fa770239350947a2ce35c83b7f7c3103680644a43
ciqual,31038,nfx_2KZHMZPH2KCY66RAHEBZDE7K0X,b599ce9fd555b57beddce5b09146635ddcd8fc36bbeec5aff50fb5a3cad6b430
ciqual,31039,nfx_442G077R65JR6VXC6ZCXCJ00JH,7e1d65955404c011b63d3c2e60e4dedd28391183590115b86b62345a84f8c9b9
ciqual,31040,nfx_66D3NYZZWB5S1HCDPK0ZHM7EAN,bde6a693806c9a22d14081b61a8e1e4a4069cd8c6e93dbaf0dec843737169fee
ciqual,31041,nfx_409BHAFWCR48ZV9JE664BZM92B,34ea91c79da88b1fa979d20932134a27f89bd8b8093721edc64fb6d4dc27f3df
ciqual,31042,nfx_1JB5E10V044ZMYZHS5T4NXGAQ7,5a618c958c87b0910bb1ad242458cc779fd48535942771e75fd652df8fb80429
ciqual,31044,nfx_4BDN8JBTPXJ8EWVPYETGHCQYVB,df19e53037182d21205ff1f45ed422fd17d695bf1ab9d16b3212de3aad839bff
ciqual,31046,nfx_7EPV55S032XDV251KQ0B9K68JG,adfa1491f7ba5a09781f793f139ee46eaae377a7cba6292013b91bc88b44504a
ciqual,31047,nfx_6QW904PYHC0DHJ4XZN6E24F1Q9,ed9aa1bed3c39cb658f768b86e4b564b26355f584fa2d1adbef87c9d1ae86d98
ciqual,31050,nfx_7T58BG7N8GN4RT3CFSQEBZ7CT7,99212c5910b09cb54dd96c32f9bde61c751d53ab0766a1c9fc9d3bf0feed3993
ciqual,31052,nfx_663N9WESQAPZ70W3CFYTFCSSRT,5bdc32077b05e39c619740875d816c2fdad693cd514d030168883431156edb8a
ciqual,31053,nfx_4APMMXA8KDGWEY74QZAPXCBQXD,35addc6b1eecd38171d5c01b2df9ff8a95fdbe76881936506077e55cf449ce97
ciqual,31054,nfx_3R1EWNH2BZ0D54Z6074C13K9ZM,592796227ec9bbea927f429a908b1d8cb64001d59f448f6ac9d03c802e456584
ciqual,31059,nfx_0VPTXFRQTSKY5HKBQB1KPDTRXV,d9abfd104f2d2920297558ce765ef3583b7f8231267cdc7586851d15c7778062
ciqual,31060,nfx_5Q05JQNRTMQWEMW7C8FB8C7EEG,0900030fc56af05d8bb176f9a74d644f8ba402f00278560dd77a83a271019fa1
ciqual,31062,nfx_13AXW0P1SWZBBGN7ED70P5MN89,41eb10523410862191abfbc4891b7589b31d540758711e28f7696b2292ba233b
ciqual,31063,nfx_0WXTWMT4HJPF3DFS45T7B4Q76J,6cb318b4e231f86ad732fe1d1aaa2bea732ea478086b3e283fa53a9bb239e5b6
ciqual,31064,nfx_3E3BN7PPZWV3BPX1MM752G7NRX,551e297fbf4337029f5287b307b315095b7a269d5c573f92ff0695579bad8687
ciqual,31066,nfx_4NRCQ9K005A8RM7P657MT69FME,0f20cbc98021d7730b0b244a5f5c596200541567020620b31d511de5d8b75997
ciqual,31067,nfx_15RHG2S6V57E6CZV3D42XKX5WC,c67dfb20d628f51408be463ac83775a181293b57afa5b995c2e3d4b7ef4ce412
ciqual,31068,nfx_4SRCB3YZNP14WQBAW8MXRYWEJ9,9632bbc5f8c77a095889c8a8935d25e4627b6b86546763ee8ddfcaf959fb6482
ciqual,31069,nfx_05NWQ5TVE3MSBM7ED505M18FXQ,9b75fe23a2331224a55609d53a92159f9b622a6ac992a369f4273b1f27db8fb6
ciqual,31070,nfx_4X3MMQXKTVDTM00P73Z0A6XTTA,b455157e3c6f567d362ac8dbaca865ae916616f3aa6f33a14654136d33c1564d
ciqual,31071,nfx_195R4WDEEGJKBPJXVEHAWG55A3,3689bc3468ad46fbd1d635dfa3ff5c019cdba3ef75c91229d578a7333094bdaf
ciqual,31072,nfx_4ZTV5BVTD3F19WEK8M5SQRCKY7,d9a2620b930d50da053de98f43f6610a937ee8ec1d5ce0967c497ecbe8344379
ciqual,31073,nfx_488YT7P2E45WJPANCBTGYDMDY1,75c93c8ff48c912362a4659a0946ab2c54f9d0cf923bd4189d9a810fb6dcf749
ciqual,31074,nfx_5348W0M214NPZP6ANTCJRMCYE1,b8a93776bef90863aef41077852827ee66b99c8c6fcd580bc2f89844f17e697d
ciqual,31076,nfx_4N9G1Q9A9A1HAN1FEW8S5RXK81,2d93f66ee07893389cfc1baf1af2d7292f704d602c05c78305874fa2c3572698
ciqual,31077,nfx_1E58N214864R1VKRCEE7DXT3KJ,bf049a9585ec507d2f6a5fc642087f4450e28d57b8ebd67befb3e659d6991374
ciqual,31080,nfx_52EJ5Z3HD2T8M9FG91JMCC3XE6,ac355dc6c94e7b30b49f7f7524ac2b8d1561f4d070815a4b6b2b0e63ee3cdd84
ciqual,31081,nfx_3R7GT21WXN2QKMSWX3CEQKSV23,b0590f7051125614b90bb34fb151d1763a6bbc02fc46c8a0b65c01853403f291
ciqual,31082,nfx_062EREX0DNR7GTYPVRWEFC36CK,25e34ecb2fd7c010a49130d3f107ed6ceae74ce19442e685048064470d45501f
ciqual,31083,nfx_1Q10YZE1W4EW5AAFR8C3FJCJTW,1f18142f7b9bbeadca89b601149e1f6aa5242ad79df62fbc51a484fae89cb600
ciqual,31084,nfx_064H0EB2PD1K9866AJ5S3SBQSJ,bef59fea95c9e4b27fadeb7fd3a6d4f3b3cd940e5f645213275659663d1914f3
ciqual,31085,nfx_1HQQ9PAVD9RVSBEQ1ZVFZM9K75,fff7f177b23a44feada50d3345965c3e7d6839d667248168d3ca5725548e9dcb
ciqual,31087,nfx_5RCDGVZTZ08P9EV0FCXFRH0EWZ,7d910ce9968a589073232fca789600f641ae2307c69369f9005e27e84ec7e23f
ciqual,31089,nfx_25SQTAXPAWY79N08YMTWM0R5DY,9fd894c136802b23cc4948762bf1e71dbd91d675f61d6d717cc8ca33bdf60b45
ciqual,31091,nfx_73P3ABN13GBK4AFMGY5SCJM81P,b65facab80c5777dd29db1b707d9f2fabbf2bb5f08fe615dfce7a78fed703285
ciqual,31092,nfx_0ZG9XJF6F23Q51VACFDZH979V8,05a73838b11f6c72475ea37bf5edfefab2d7a5e6ad367bc4fb88d6f2298c930a
ciqual,31093,nfx_6AK405Z7N0ATTXP573HC0EPZ44,056406b214aeeb5148ea1efff1c6e5e71484727e74b9762fbecb84ddab4aa8bb
ciqual,31094,nfx_6TZQW6MXTRBPHRCJNRF4DKGVJR,b06f28286d511981b9522ad56896118aeb9b965e868c1590129f6d8a4b4f0a68
ciqual,31095,nfx_52QBHCF5P5YMJBESNHGDRFFZF1,5f852beaa7daffd863f20988dd6ebe93a041d9dcddd80eedafc845004801ca8a
ciqual,31097,nfx_2RVJ30NV4QS0E2ZGG4P7YCY3VQ,131a1479f6fd94b4537dee2c3980cf398868838572463e1352c28035322a41a0
ciqual,31098,nfx_71SN78CVYM2AS2XFQYMA3V63EE,2a62f44bb4ff1d8891b537a95dfc209d9e1b48405a91b4a27785bf4834b844db
ciqual,31100,nfx_7F6N9886RZAD9KG1BH6FP7GEV9,ece01e619142c683fc02698b1c8b4245210dc4758212d87bec54ce603a36184f
ciqual,31101,nfx_3TG4CQZRKHMDZR4BWVP0T236M0,f6ac8fcd8b25f3538e645bfee6d8ba4bf058f19d67d5a4e84909ba2e8b3730d0
ciqual,31102,nfx_2V4APQX96YC5EJFRN1Z0JBBW9C,af05225d3466d7e4f5b3b48823f28175ec220cb1fe346d06faed5fe1974cb83b
ciqual,31104,nfx_7WVQS4DEG84AJXTDC96GEE3H3F,3f0fae0329ef9caf92746caa32cd43476097c9a5919b399755b06191c52a0bca
ciqual,31106,nfx_1CMMQH2WKNAYPBGARYTGYY80AV,3543cc420e2f839dc370af5a4f411682d40f34094499b226092d2abb6af63fea
ciqual,31108,nfx_5Q4H75W1DCF4WRVS115JJD3HJZ,553f7913eec24bb06c454fce0dc2fa2632b595093576ec6b7da8cf022ce98447
ciqual,31109,nfx_1BHYJJM5RFYJ8YRRDV8DEDZZA3,2b35149c032be777aec82ddbfed2c947ae6fb321607e7f9940c7a0135af2d7da
ciqual,31111,nfx_6CE3XQBZHV2KSNW2WW729FMC6Z,f8cae5d4f86972506f00f88a8e5a9a1d369e2b8067f724e951d4ea3b7dfb34cd
ciqual,31112,nfx_437EQR5VQTRH6PNSMJVDMVJ2MR,cdf97ff178f86657c9006c4b5a8c093a42a3a752d5ffb071e60c4e73cb745988
ciqual,31113,nfx_3VESJ09WS81EPVW5RYNPXGBJK8,d26814aec30613b038ff6e5bd65e68bce53c165a96bf7b7e5efc573d8b2c47cf
ciqual,31114,nfx_7FKM9B81KBNTGZTNV9EYARNQ5W,692776950eafddea99095181111fc5aaabb44aa0ae851a875934f6cfd10cb973
ciqual,31115,nfx_7RT867XFFNK279G8W781DFQRRM,68bcbcbc116fc9e233e4a6b90b3ed92a7ec4c8818fae027e60b574b8a96ec4b7
ciqual,31120,nfx_3TMB7RTZFTBQZP103CSS5PPWP1,7b8e48c996ebaf96c003cb0b944794d1d82e1cbdd18ded1aa7f5bab15ce7cec7
ciqual,31121,nfx_1WFHW3VT48W8W4XHGZ54912BQD,61fc34f48a7bc3491bcf536e05ab061cf48298a4fcd8ce8be145f0ad82973d7d
ciqual,31122,nfx_35KJEGT41YF5G978206DZ9VA5C,ee9de9db05dffc9d872b17b28f11a46c2d7256f519d5e1b50f124d9ef62b6430
ciqual,31124,nfx_66QA2ZVVW66SJMFVJ1SC0VS845,1283583d50d657830ac979834b461f3e039c24b5fcabfdf17763adae0993ebba
ciqual,31125,nfx_766HW6NEC8HYWAAKXQ9GVW131G,35ad465e0fc6e528070b93a728624a210e53d21062810352a5dbb46b84d04f69
ciqual,31126,nfx_1C52FSK0XY93QFRSJQHXJEDYKE,e575b32602c7bfb830d72c1d88ab7850528498f7ca0128f7229f3ced45c9723a
ciqual,31127,nfx_2CARJ02QSKV4086YTTH82YMSGE,813c1f633b304220125ba7a6c19b31fe8b90549f209cde744d39e05dd28a58ac
ciqual,31128,nfx_1Y0Z193PD1Q4TV6JEPAEH0TXF7,cb917057064244af4bc0da704a3b46491c26c7a004a9c4dee455d59cd3e3dfee
ciqual,31129,nfx_2VQHGYY01BHCV02SGQVS0ZK6YQ,246f4d0e5ef07e414d8608a8c28e0d65ff187fbdefd22234f4432f7094b9f4df
ciqual,32000,nfx_6ZQXKTNR64Y13BJDPFYY9PTFNE,d581f94af7ea016467503db920b55616251911c6f4eb78b80e3b10a08fb26bf7
ciqual,32001,nfx_6QAWFY82X6QZJ9MX1VS5W1PM5B,8a2ee8cf129423f14850a5bdb67cb27264c5d886e3aae70044404dac81b744ed
ciqual,32003,nfx_4CP2QDFHW4ZM6CBFTJA5NAQMKZ,889c3a068fdcef1fc1b2e6ec28385571949e4cd89329e529484e08d2f9aa7525
ciqual,32004,nfx_2BZN1MM5FN8KBWTBKY9WE0NCRG,6c19f3503eb81f0bc0bd0d9e592b0fdc543bf9f63d634157dc01b342d30008a7
ciqual,32005,nfx_6AGTC1QF0E8MQKK85TPJ66D6KC,fe73573057f74e0b2091eabedfa57c5f8f24fcf6a0b6cdd90bca413c2c4fc8e0
ciqual,32006,nfx_49VPJXJ8YYMAJHVD9BR3W1BEQ3,2187ec473ee104db169bfcf993144ab5283c5703524fb52fd4c251baa37117ce
ciqual,32008,nfx_4KG03GQSBDDGHT13VX38S103TA,176f08d19b3bd0f4c50e3696a0bd51b2147a5cc7e5d5dcf0d392065322f87f97
ciqual,32012,nfx_62Z22VRMGAZDQB4H28MCM8PZ9Z,e6ca4605a2ff26f0690727edb194953de5a08a333fd5200e5cd9cb470ebb0340
ciqual,32013,nfx_54AD3TWD8AK5MCPM6CTYTR8GXE,459829cf07a0f500629ac7e064c1c3652c01ef1edb5983af0043511ee10049e1
ciqual,32014,nfx_76A90N5VT1K92J88BHYGW66BW0,6a9726b7861a570f543f661ebd6aca53de97a542fb75a217a7147c060e904106
ciqual,32016,nfx_3YZ3W36989KVN04ZQKDP6GGC90,46f2f2396e44edce0651c34bed39976f2bd0d517708665628c0ce656d02d727d
ciqual,32017,nfx_3E0782YFBTDR5G59T5ETGZMT95,8439d8204e2b898af0b5921ff0aa940cb59e51daff4a82756390c2bfda249458
ciqual,32018,nfx_48K8RQ1HX1FCE7561VHTSTW0F2,94f23923b5d61d21fe57b050a8da1ac59ad16927ff6d7eb2d3942e0108a45ecb
ciqual,32022,nfx_4WRWQK7M0DW741FAF1M5TM4MW8,687268bf1901935f48c6fdeb60e15894f5753e27f9f92fd9cacc396a89cf4f49
ciqual,32023,nfx_2EJBF14EG062GZE4FGQD2Q0FG5,1674c8a2181506daa680ea990a632fe95f9853c48eb07b5921f8e915c7f141fb
ciqual,32025,nfx_5FBWJ6JARG6ENSNDA7VKY9MJ0Q,6c6c796e1e6dc38e818b56e27e9ed72aace40f522aad4cd2f53cc7c1afa2dab9
ciqual,32028,nfx_6NZQRBK2NVF7AZDFJAW25CGSE5,7ba483b70145c3b465231790c85c4f272aa4208d39c616f4b53f49b6d30b0581
ciqual,32029,nfx_7JQ2971ZP0V3VAEF0PEBV18955,270a182dde02188543b39f22ea6545c5202fff858fd54fc097a0b20b69382300
ciqual,32030,nfx_00SF4FWCSNK014ZEPRHZCRRCBZ,f96b642a223b69e50ce83f50450e476fec5ac06bfc8dbb838087acdcb3417ceb
ciqual,32031,nfx_5AVZN1DC4T665E37QK47DZS11Q,7d03a6be468da9af5a1622126128e92ac71008be1a740b95950264e3521c4a54
ciqual,32032,nfx_7EC2EC3JZ38WDJFNM4TT8QZZ4Q,0b6585b5c4de19b98d68e50121cf715a4e61ff1f1c8a23463198d4e0e91d9a5d
ciqual,32033,nfx_3GQ2RCF3EE2CYA37060XACX3VV,49dad051bd868408c966a75d93aa330e8363f3bcb8187acf5783a1cc4e995876
ciqual,32034,nfx_3TQJJKFCKRQ5QQAYS5ZKJ4N8M0,4b123d7dd765bd9b8c08e552abb44ca5cfaaccafc77fa9c123d3f72c6d981acc
ciqual,32035,nfx_4K5V78AYVRK2Z0H4CE7BWRT0X8,490333e3fa105702f9098cc3b88231f07ed1ffaaa9385a054705dd490098312a
ciqual,32036,nfx_7EB3TWZNRP6QXC5K540M8N8NPP,12968777279ac27331f7436a109b7b2e15bf73490081c6b38561620c9c3a3f84
ciqual,32037,nfx_3QBWDQCM5A5XBXG6KB1TJ9PTCH,3af0f8bff92b03188a6ce4aa8c9b416a28daffb081d010838b54f1d85c759f9c
ciqual,32038,nfx_270QESKW61Y21496V7S5BY0GXQ,4c05f91a191f42b9fc92e79c66fc3cb78cb46a3264dacc6e2b4b35bc38f0f82a
ciqual,32039,nfx_2MK0XTYSRQ00BS9AC3KX5CDHM4,ffb957a228c686070954987614b2c1fa81dde34d2c2986a4151196178c1e2214
ciqual,32040,nfx_00XTYFZ3TQGW338P2NP3BVACS4,466e238e4c183acda95a3c483c3e9810457a04c5bd0378252169ea974466d1c0
ciqual,32041,nfx_5J2GA20653NY5XP3SBYGYHH8M6,837919a5b5350db9283f83a112545e888d12bb7cb935da455478754a044d6878
ciqual,32042,nfx_1B4GE23XS8BN224KJXCG1FESEQ,7ed30da8329edb4d7e87434e64ef864742b429813c9e095c0071cb65731701a3
ciqual,32043,nfx_34K4NZ21E8E15ACMQSXJH2Q89E,6fe17d145d4042b91d7868e9cf6bec1f2468ca274b08d1be7a43ee77a37e9660
ciqual,32107,nfx_5ZBEY0DFH67Z87V0RVMDY47KAV,425e8465d0107753d00a4251d3477133c90904844cf9dfdfade03d4b5af0f598
ciqual,32108,nfx_4DG3QC4CZME85ZANAKBRPVXXDS,81915b8e76c5bca309394d29cf5a3ebdde62c4f6d96ea04707c915090400218a
ciqual,32109,nfx_4R7GAK0JW49VARC5ATAX9TGWVV,1a8aa5e7c2cbce19f58695202a83b4fdd98a23f1a642493afaf5e451f0785b5c
ciqual,32110,nfx_7P1DE4KFHB6A1A7R5WRNQNRQTF,300a514028eb5d398276c95996921634e0c349a4de65bd794ca6ca2ca6752676
ciqual,32111,nfx_78ZQC1ZM65AE8ZRSJQXW2K029M,3cece7d03c5969ac95b541cc0aa21ec6e4b8772a9028dd3886b38ca10b7d79ae
ciqual,32112,nfx_6DY9PKE379TE1Y30BJTKA4QBZE,d0bf681cd6a9c6ed87459ba3d30fcc5a52b9aa686c05497f811747d5f49ed9bc
ciqual,32113,nfx_7PQW5SBZWHWAJQA00HKQHDC7P7,041930a5a3d32d711c495703b77e1d3021a20021ae62adc0bf5051d312ac9a6e
ciqual,32116,nfx_3WYJGB3AYWYB64WFV3TBNCK65Z,ed91307b349dbf48aa31a90beb16aeddf6b3ef1941e5cb1684e610437dc4e619
ciqual,32121,nfx_4D92YMGE4Q8N2M7R4WMVKKW4H3,a36ba5dd75e1ff4b7593409fc723ab9169e21448d9f85f7f3f03ab2899e338a0
ciqual,32129,nfx_2XJWG6KE3ZTZT17V8D75JTGH4J,8b97176a858c4962226750074a5e89171ea3e96aa865c8f2e38bbe3fdb88432d
ciqual,32130,nfx_0YH12DFSW7BA5EJC5BR5KS11KF,4ecbf7ef9f37c6f0c968641ab5e034ae2f45edc6905d57bb6d7a8d75af847b2c
ciqual,32131,nfx_59FZVWMH8DJQNQFCWP6PAMW0NM,088f13463a2ece19f86bef8557834fb5d48e01f7d65fed30e05a72198d36afe3
ciqual,32133,nfx_0JE7RNZDNTWFFEP9B1YA9DW0X7,05f34dbc9aca1c2e67e60fbc812719b38fb2853d35ee7a9eab969f90009072b7
ciqual,32138,nfx_5AS31DJWF34BWWAVC0W4DZAPTT,3876f18a00a85eecc7169b2f176f580a22a770e62d889644b77e312cf947853c
ciqual,32139,nfx_097BQCK22KJFRF82QVW7B8FV4V,fe10636652954c11cd5fc9719f4bbcf0328dd46b408e79c60b9a63eced10777b
ciqual,32140,nfx_4V4ZH2XNAS5KA9SMXKHC36X1ZQ,2b278bc975b3879a3bd85425b6fa1b5b000c3e499176ff25f2814943c0e9aac8
ciqual,32141,nfx_3QYPANS3N42BGE7ZT1M967GJVA,171063e578fd79cd740d81d85f55cd99c813aa7074aafcd30ea8c8ad20a7ea90
ciqual,32142,nfx_5CA9AN9S681ZXNYGVZ4WTDRSNR,e76c12c63bc4b9170dfbc3646124cf277d47d9dd46833b657719c042dfe2cc49
ciqual,32143,nfx_6T8WCK6QTA0Z6ZMW4RB0ATR9KS,52c4d78b83b89bc290aba7c11dd43c6a92e0702a490a591f2d3153f26284c37b
ciqual,32144,nfx_66D22CD4CSW9FHTDG4ZXP5YPGH,eaf71dd47a84bb15e99fd7f92fc2398832327556f87397a0283eb6f6922d4194
ciqual,32145,nfx_5ESK2JT0VJ170EX5GN3FWX7DY7,3a3c8c8f487855d4889ff790cf71b3290bbedf2d19eefc979ef771e77a38d506
ciqual,34000,nfx_6896652MWJXEKPVTXRH0DF56DY,a84f044b64c6ce1145e82de54f257c6558ad62d33b7cd8a8f100de625b758a6a
ciqual,34001,nfx_6CHHPA8DAW82TAZBM27WMB6PSQ,3c4a01cca76c83a94672ffdb5a66f09d1baf414bc121ee5769a9e9e5bb72d756
ciqual,34002,nfx_0DKN4Z4Q5Q9KE7G5RS3ZMW8H0M,696b0956643b841a8ded52c55c966c9c5e28bec743eec605bc2583a0cbc621a2
ciqual,34003,nfx_79X6V738FVCAFQ2SAREK8G4F49,b38fac2e31fcb937f829f8c245a27064f2643dbbf18f5ed190ec1f7ad586c091
ciqual,34004,nfx_68D70YVC82M61F8TTDKKS2CM3S,09c22e770c04c3e0ddf00078f3ddabd3e2883471269132d422285a0e2e2665c0
ciqual,34500,nfx_0K48ZGJ26C1S8G2YEQH3NNP07B,12ab4d618e5c8bf98fbe251f0bdaa4a88f4d3791748f8df48330fbbcfdd63e9f
ciqual,34501,nfx_3HB6AD6CZEWM93K1468XA0ZDB1,8bb9f5187ed0ffe83377a6962464eb4a4c3f5930483f61b62034a99825957555
ciqual,36000,nfx_15Z5MMQ8D8XXKEX6273DQ2ZNTX,a50670d82e82c4b8f23712f3d8f5067877eedfc02053bf67d7b9636311f093a4
ciqual,36001,nfx_1X4S9V667BKQWPXWVSSZD5K2GF,5f4200a40154f4f2aac40b1086988dc725001e2c1c7ab1156fc8acbe99031593
ciqual,36002,nfx_1CMY8WJ737ZHXN7XVJD25YDWTC,cd797f072494706679c8f890a95df77a38dc4cc005785e3f3e81cfa28d8c715f
ciqual,36003,nfx_48YZBKA7XD1SPEDAC2Z9APTM6N,b414eb9779dd67410f6c6d5b370bdb00ce9c749012310fb33c42046043f126a3
ciqual,36004,nfx_30GVN5KFYJND4D43T5RNZEHH6W,229241197df7321002f2593c8cdfeb00da8ec67d434d1d3f89b1796830ca0d86
ciqual,36005,nfx_7GRX5TQS0F0GXNPH60APFM1YZE,dfa9a56e5316903c25f5b7cf1dca0499af1fe945d7e379eafbe226d14c48404c
ciqual,36006,nfx_61E164KD9WQ36X8EM4F49HP46F,48837ad924f540c753b52a978194aaa1f6f1d5f3c76bae4ce6303006312c0968
ciqual,36007,nfx_6MNB6F28P3MQHVGHS04FRFD54N,c753b5df7a297b0400fa1af5333b038a443f91a48c46da5d23a1f6d7f5366e93
ciqual,36008,nfx_1YKWJVT3E6143NF9PHM8R0BFQ6,b0bde50b3fa99bb027ddcb84db26b8331c70637ecdaf862cd005a2675dfd4222
ciqual,36014,nfx_4ZH1D4KFX1TWY0RNZJJQS09CA1,d277ff16e5a05c6bd6e1259ab009d4be4573f3b9741dd7657628e582ba1b4ad3
ciqual,36016,nfx_23YJWHHVWQ3HT70RNBJNQXKTKK,e406d105a13c12386fb4f90e76049495e541bc0f60108c9ff7f9a1e8cd1b4b02
ciqual,36017,nfx_0Y043DR0K46V8D3547NFZNXDAY,4433975bb6c53bde33857e01ad0158150f94e2e56882319e7e880794f979894e
ciqual,36018,nfx_1XWDT3H2F427F1HDZQ975ETAS0,c84b4c4aee3780b90d10f96ff465e40f5f8e0eb123bf8573e3083d7c91dd8cd0
ciqual,36019,nfx_049C4PBWVQJ9K6VM3RPMT9VZ3T,137de11bccf0e34830eaf4e63d99cea1945dbfb99ff4e492e5eb3fec6c014923
ciqual,36020,nfx_3CPXJ191XCNNX653WD08W8RJA2,e3f6131919d1277aa7fe0cd37dc85c6d9b131dd830707c3c5bf998386e06e639
ciqual,36022,nfx_41FRX8940YWMV0AH10SXC9G6K3,0552785bb930cbb195540893d941a174501aa5cb21dbce840e7df2e5a48aa8fc
ciqual,36023,nfx_08727GCKPMF6XBRB2X2KHN74PK,a917612e8ee2de78f17df3e8d40992285e0948356ba17a1ae8b8e7beb808c8d6
ciqual,36024,nfx_1WYV66X2NV93FC430WVRZENC8N,35cc956ffeaf3e78938416975f543aac4b3e1943fd93ffd968db8fb374703e1e
ciqual,36027,nfx_3EX0Z8HGN1YN0KPC6NSV69YGWH,46e809c9493360a1c88ab47a6675a5d5e527fcfb3d5a27295fdb27dae60f3a55
ciqual,36029,nfx_1C69QC3HDBP4YDEHHGVCCB4YA7,cf6a640adc1040dfe8293ad2dffa2339e3753955e92ffafe9a046432d93b5918
ciqual,36030,nfx_2KYP7HD66FE7V6YMNY8Z5ADWGJ,853dbe0bfbc5511874a2a50e32178622eb92cb3994ef172b5d13ec4cb38742c2
ciqual,36031,nfx_4XDYBQYP75S0KQAEMAWSXBAWAB,19f824e58e2abe399206e14be1974dee49bc7a17f06da2f86ab492824e536581
ciqual,36032,nfx_2STF58T8F94TDBY9WV3YCSGS4N,7c6cb766dc85ad157e0fa04986f187d44ac4a51e98c2bce7b1f5ef16243c6f73
ciqual,36033,nfx_6TXKW661AAFXJNDE2N9X188H1H,6a41cdcbf8d714aa23e90f4c84ba91b17e6e10dd933f47221228fc72212cf0b8
ciqual,36035,nfx_37G1XMCDJAG320QWSGSQ3KFPKT,a1d81eebd220c85b6e5fc9fadaa534302b7a84bef3a620157131f4e1ce412390
ciqual,36036,nfx_7XW059MRJVQJCGXEX02FCW2V8E,96fb91656260660e9c773228730933cc39b0efa892bb2923f5f1a405949a399c
ciqual,36037,nfx_71PH0QVYH0ZJ85HQHPE147P779,8a69d910b83e289813cd490e70682ddb847c1fb757c2dd09f848d1dd0f897bb9
ciqual,36038,nfx_7V0SQ0800B98RVVQEK8B1E5JGE,7a297b8a0300aeb4515abda8d85b70373fc803bdca43105f1f008116523dbf37
ciqual,36039,nfx_458M8P578DMQQ2MTSXV1T2W89Z,dd71d5d0b9986336cb37dbc9f578b96cb42e745003dc9ed5e8ca858e73aa8a7f
ciqual,36040,nfx_0ARQ6C001JW9P28VCJTHR4RB6Q,28560122662c8ae360f1231b0433d286fdc44d96786203c4bcb475f0263b59cc
ciqual,36041,nfx_6MS6AJPDTQENCYZN4R9J6PWPZ1,193d2c0a32bc1c1ad2c767ebfa555e63144fd5ba2e1412da9c27ee56590e1c19
ciqual,36042,nfx_1M01CPYGNE81P7JY31WSD8VJVS,f04386621942d9219704ca060acb30d7fa89e993d4dc3fa98e3ec2f441dd9316
ciqual,36050,nfx_396084CP64PZWWPCTV6SMCKFCY,3910ea35d616a34c42c6cebbdcff253116316ffd776052f3772699e7aaabc9e6
ciqual,36051,nfx_47PSWPQ177VJJ1S91G3BNHWN39,b001931ef66b4963c1db4a3a82bbfc54f74157dfd218b7dea16d3ed07a6bbefd
ciqual,36100,nfx_7PR8JWRYBW03KEV9W9RT9A5V06,234893ea2110bc74a073a7e30ccaaf97895bd9934fd018707d1ce4161bc9a7fb
ciqual,36101,nfx_0QG2S21G9G8W7Y2DPJ43CWN6T5,cc7d172405e023005ba07c81f5cc46b4e7e76a5ce087641bc1c2310e76d2305b
ciqual,36102,nfx_0FMZ42SK2YMDM7ETFQR411VR7F,3333c0ff321d47ea865eaabd559f275cf042f3be68ffde0f7334fd24d850f9b5
ciqual,36200,nfx_0NZSXGP920R6GM7F4HWTY64DA5,5247c21dd731e810fbff1b20e02fd517beaeb6b208ec450b65395308a1597617
ciqual,36201,nfx_2NQ7KS0Y3RA71CCJ9C2KFAWBGA,6e801c02075700ac7d3f24cab940f8aff184c8e293a787fa20ad2082c76034d5
ciqual,36202,nfx_4GR624E51HRDSJCR519CSAQHG6,5015a937ec66214e31791d3234a161d209e0661942b7ff403bd7e59273de8db0
ciqual,36203,nfx_317J9QE0Z2RBW6RCGAKYZ2YA28,4a6491a3dba575cad77a49aee0eddbbba9d784624a46eae3a4c9e95b7558adbb
ciqual,36204,nfx_21N2V72B97SBS6DC07AMWQDM70,d3ce9c02a27b37b26936bc8f04eaf49a7b3dfa796af28c8b427a304e6ff99736
ciqual,36205,nfx_23RDPDQT5FPZ3PFVKQM8XX25RY,16b352c5fd4aba98828a73a56aa5e33a10c683ac4fbfc71e2e5e4de3fa0adf0e
ciqual,36206,nfx_281TECH4TWMXVF0R018MPNVDG5,c2ceae3cf222c5f2afa9eb582611aabe315426a2ebb033c08cdfa4d6dbcbd4d1
ciqual,36300,nfx_3JDHXKC82GS3JPPY6ZS2AEQK17,fe1df9b9d627c74162c857cace2108e6422603b145e3094e4bcbc78690845a62
ciqual,36301,nfx_3PC1KFQNHBF53K4M0KRGZ1H318,b2978d856b2fb41d873accc8c3826d4c5e918ab3ea63d52afe9cd94c3bb17123
ciqual,36302,nfx_7TE9D3NHA7B2ZY2SGRDT56CZEY,78d38dfeff8a4c467d82567c49c86ddc430d05b6989867065cfeba9f0ef5fbb9
ciqual,36304,nfx_6N53X1ZWMDMDA7NK9YJ47FE748,aa5404c8d6747d515cbe550d10a1b59f068cfd0346c7cbe9e32cb0e92b2e51ea
ciqual,36305,nfx_3910NAAHPVZVZ267MS58D4ZG8G,b334c9794dab6e0b924d5e055774c873d43371d864a879163386b1714da67697
ciqual,36306,nfx_4HRKF6X0V0TH3Y4H049PXD7GEA,c9378b1c4deb05af950d6655ba6dd53024bdf88b16ea8961ee187bfeb6adf0d2
ciqual,36307,nfx_3456HXTNVEYS21N997R8R9GJRS,a3ac5f9ea1c682d8a7c1b6121530d1e9150fd700f07e435451994889ec29868d
ciqual,36308,nfx_5Y7ZVZP47PM07XN06FGKWHFJ22,af22111a14196b80a6e19bc75e97bc8360e95f8d45a13a468c902760da5557da
ciqual,36310,nfx_244C9RAXQDG64D1ZNK9C86G8Z1,528e9d1ffee7b7705ddefeab8c3e7daa35ac51931df36d1e9a1838b523060cb1
ciqual,36311,nfx_58S4CV2T5BNECT4Z4YQSJ1H138,fc5ca2b978ea4bf8b3cd52fe1e1ac70cdd29b5f41e84805e9152473052f2fccc
ciqual,36318,nfx_0H03S376F8C9S2369HG16K8Q2S,7b500d078f6c092fdd56b53cbddaeaa4fc48dcd295a8387e75b43b1ad1cf7f07
ciqual,36401,nfx_35188BRSAX9DKGNNKDY6Z35EQC,0a635af216a9e848c6c717657c8322566d1324fd7be960cdc19e2c6872478588
ciqual,36402,nfx_04SPJYFASC292H4Q5CFMZM84Y1,7f071661c9e87060a26ffdee40cb7b26febea888eb8bfa80cca7d8d01a42cf5c
ciqual,36403,nfx_05NVR85XYD51H24942DH0VPQ8D,3345caf45f1c35121dc3915f4a8067c0bfdfa19337fafc7bf04bdb36b36646f5
ciqual,36500,nfx_1FB9WVQ5JSE0NPBA47BK4BS7HW,1fee3aef91d67539420d34e64c24a63ad3f40b8f9b4260648bc41d7c44a5ae80
ciqual,36501,nfx_3MZRPF3YP555FZXVYM4FP947SN,3939d2f807b8e3a355c6e5e8acf97a2d4417a4db54628cd84fe6f01a6677d6a9
ciqual,36502,nfx_1CG63AGJJF576BJRRDYY2RFT50,7545dbf2c4a867d5ab85f188981f5b7df55c16e5579cf6c8a5293a3af9f4299f
ciqual,36503,nfx_16J9EYGR1VZA1231B9F7NFX7C5,20ca48630dc1afe41262ab4280f363c0178a348a60a0cc7cd0fdad5be820d226
ciqual,36600,nfx_1NGNE2P78V50XCCNMGY1X52VRC,ebc68e539af39c7438d6c050d9996f2f75fb53fd274cece2cf2207774dffd842
ciqual,36602,nfx_2FB41GCF83QX552X5Q9V6GF5PN,76a434c991aadb0bc1e3af0940b87d47b3676187fe6f608e1b1055713a436b48
ciqual,36603,nfx_7FJF9F624S2N1E8NMH9AS1592W,b541d6ad8497f23dd568e8df9850f113e225b4de0f510388c4ea31c9413a7285
ciqual,36700,nfx_2FDT6AZ5SHENN44DYVKQ2TBTM1,367dd221f2fd5917dacd6a642213cb1e01db1994b949550176376607c201db50
ciqual,36702,nfx_7R26RTVX6K140404YFMT9MSD04,21fc76afa271844bae35a71145b548ccb44b2c9ee16264fd7af056ec4be206ea
ciqual,36703,nfx_33CB6XFREDVGG93DEPWGHNMR2W,35e46bf484cc448213011cd899f0f40d8389944411660fbe6ce8f12a988fa3a9
ciqual,36800,nfx_3VBANHJ4K86YSY1Z9ZXBH0QSXB,df4a3329cc421162c932d4cf8d247ded591ff5011d2d89ee22598e7c4665a939
ciqual,36801,nfx_3SF3FM1081SJGCKBX8Y24F909F,3052e82ec2d378def4d6c711235f0a06434edb84c90e95b71017beb784d5ed2e
ciqual,36900,nfx_0WWJYEDYH7W3KNFBPJ8AG6SBY3,6e856c5132001687dc18b5877350ebfaeb6d1f24471baa940420d876d40d491e
ciqual,37000,nfx_15ZVW4VWNR6W0DPX84CJ9WMQAJ,b673e5b43ceae1398e51f99a8e7804cb17c604c8cdef51d4da8ae99bb0d93987
ciqual,37001,nfx_1BFGPEP5185VPZTPD7628SDQJN,4a3cb7f19f67272d05b9f16dd8d2e8056f212f08977ef46f4ab8dba76ea550b7
ciqual,37002,nfx_09P2KK21P03VQRR8ZZ4B5B8FRV,617122e09100c0d29d8332987dd3fee8facb7d9b8f557b6349b92f5c2438418d
ciqual,38104,nfx_1F12TD6G1KC88HJMNAKHYE438M,6bfcdc744247ab96f6435c2794ec56e1a558981b2b49e0e41ee3ffc925c547f2
ciqual,38105,nfx_7TMZA9QNXT3R60PDQDPN443PJF,636f4ddf7a70e72dd907c06b30bbf17e7e4463a8f8351562bc46c4f2c7821c58
ciqual,38106,nfx_5W1J5DYGVZ74ME9KDC6CJMSEV9,a2a9ef8e037be34999549c88da6dae450f1128a90867aadf1aa1bc079883c03d
ciqual,38107,nfx_4KRFTTGATFY4E3T6J8BBKH7NHJ,8a4539263d9cefe1a58c0a0dd70b49547bae77dedac3883f66623a8cea5bcafc
ciqual,38109,nfx_0EZZA7H46M1Q0Y61DWBKX2WBMQ,e5647d1a33963be32a762d395b1e4226835165b7ff644701e4dacc422c1f48c1
ciqual,38399,nfx_6D0M6MG2CG833MP2556Z1XDQW6,d57c77dda080c425fd43e4c669c3af7d05c0bf3d1180005346d1637c177773d1
ciqual,38401,nfx_38M0DQRKFS1AWM841BEMNZRZE3,10fd4630d9c9ca285ad3da83ec294239128b3f214bbccd82dc79a4a3c17083c1
ciqual,38402,nfx_60J50DSZANNHZJM5K5EDVM6ZYG,3479eb36943815a3a22c20aca5431716783ff7d99e341312f065dd5b6af6e1f8
ciqual,38403,nfx_2R7K9R58FK5HPW0QD4KPP8Z51P,00c0661935496095ffe51b86b54b06cde6cc92e9ba1460d804109e1781f5170a
ciqual,38404,nfx_750EYYY238FZVY9SNQQY7F23R0,6412d82edffb501ee74a30874296cc033ebed894a563d6fdf08eec67965221c7
ciqual,38405,nfx_66XTPKXV42A6A9M27WGNYC1A56,8365953daebcfecb05f326d512fd5dd1e6f68c21799611dd0cd22c4dd7217c1d
ciqual,38406,nfx_2QHVP6G38050XV1X722MSDSYCZ,86b0d1102761c5aea2a4df052a0b4b5e4c54e22dcd45e7ef96094dd55d7cf29b
ciqual,38407,nfx_3WSPD9XZDWAF1GS0CZRKRYCR1G,128eb290149c60296765027d0695ac6d1b3f8d622af53c2fb382936158f5d292
ciqual,38408,nfx_5HDX1WJPT7RR1MYE5QAHA0YVCA,fa1216f79af47a9b68a3244b6dafad794af4524b3a80b221a8cd6a95225087b4
ciqual,38410,nfx_3YT343SCQ6K6QV1XHQB8AGE48Y,68edb1920c581c45f70e91c91383308832b08a54538cdff8b7dcbe6ea6c6e293
ciqual,38411,nfx_66JR28TJSGANY3DEYE5YX70DZS,66b948d2348f9ef3ec292100a8d936a43ab374e298966159dcb1324661ee472c
ciqual,38413,nfx_0M93WX652JPY26ZG9ZYAAMQ1RP,1a65022910dde3cbb2c8091358c7f5343112be62aad706dc9a8468cc7dcd8a7f
ciqual,38414,nfx_646MB6PAQ5HRXGD95PQ8JWKPQH,59c2eb1a281fec54afb0721923b0ec3a2a25acf811d0e33188b4ee2464fc34f6
ciqual,38415,nfx_74R3FSGMCZT1MMY16481PX1854,13c7a4571c66e48becaa24e32d77bde44d1e34050e35b9ed132a2afdd53de21b
ciqual,38416,nfx_07YDZF0BJ8HY9F0NYDXCGPW3SF,04dd333a92e5714cf2bdb71a236503c6cd6ba1f2ff2454e1ba3682dc51919285
ciqual,38417,nfx_059F92W1V78P68J5YQ1FM6Q036,f424737088a06c3eae4d2a3b888698eb6a9c8a119a71d7f22885e515e9b1794c
ciqual,38419,nfx_1X17NDPW8Q3R7C6GC7E2FDYKQK,cc36e4caedaa5abe6dffa8e6dd3be64c5e780b992f9b37e0ce72148277de58f0
ciqual,38420,nfx_7RRCTMTC1GDTFEZAZ1FPV6583B,f27015a6adbf0bf0032784e684e04c04348cd8623ea990762ceca85425c47ab5
ciqual,38421,nfx_1CHQGP1HWWKF0GWEK5P1DR2G1W,da4ca273b6b3a5156aa99d5698d160155b9a02c941d763168b934e4397e84b30
ciqual,38422,nfx_3SMNTCZ925WQXCY9GMW23EM41G,479452480a18a1129e380fa5ad73bc8c82f86086a3ba57b449169147233df056
ciqual,38500,nfx_3A2HN8Y0GEY0V5MZVVQZ2BW4H0,3dc792be9f1d9668aa8dcf66e3e57896606960e5407859f8463d332cfece599d
ciqual,38501,nfx_5GK71CZFCFDXSJFNWP1RW3S1WB,36ea6e70a17079949c16c271920f86a3095d4770aa23cc40b4535716a02ff1ea
ciqual,39001,nfx_67FV9BWDXTM7CHACEH701EW7WQ,1993f16bb91ce7e7fbba6fa4a7d94830de5b7ce90f25241614f9185063ddc73f
ciqual,39200,nfx_3KK6JXB8HG2QYA1W7QCE3J2QH2,7be5d651e70fc133128d0990a60f33949314a2f3f5e6c77f8567c2c6ce8456f6
ciqual,39206,nfx_5B9GMREDFGWTPA8TNNCF4W4VP0,78515ce22f059f23fe1e039ecee43329f930174c6f2e8900c84755eabd49a7d8
ciqual,39209,nfx_025KKBYMXP4B8CAVN2F04R7G1E,0ed4279c1b6991877d9e567b4e1df2670b0229afe3ae78e81b920ec4dd8165cc
ciqual,39210,nfx_4FHAJ7FBH11MQ9BF1XQ3QPEC0K,466304aac056a994b8931ae6ddeb3690a554be12134619112cb7309d6b7e8244
ciqual,39211,nfx_7CDYNRFTR8GR789BF6T7ZPFJMX,b3d02cc45a6a68397db191cf99f401971e09482753aa293d0495d99abf3be149
ciqual,39212,nfx_4X0SX5X8EP4EZRSRXYD0HZ4N5V,fef5229ef5e1d45126800d5060fbeda05b81f7e43a8faa10ed13b9a79418618e
ciqual,39213,nfx_77WBXG94CNF0Y7VMW381813ERC,adc6acc971a8c80d5e2dcb056dcc203be722dc627cfff7fa3baf13edd46ed104
ciqual,39214,nfx_5H9W8V0YADY0B0AJ0K1Z8ZKJD0,08698b346958443365769a5c75c912d96d00aef22de0fa1cdf39730a1eef80ec
ciqual,39215,nfx_1YK72Z02X2VEEM7YS4YNBRQ1MM,f4d91a4a29720c139ca389af065c25c03ef5a7cee28a5fb21142db1d16a2f940
ciqual,39216,nfx_0HW457NE4RM1JHHS1RJ5R78DRB,0a6bee008f932fa82fcd76ff8bd9c39fb4aecddb33f85c884d7bfc03657cdc71
ciqual,39218,nfx_3T69GZDYTCS8RHQ9A4PJ6KSC5V,85ecb603b9168c650e18bd8817272153e702ad55044285a70fc5251e1571e4bb
ciqual,39220,nfx_5D9J1XQD0XTSZYC4TGPFHR90J4,dcb0e2285f6eb59799e7308753638bf248b1fac66a2ce17e24513d26bc7bab45
ciqual,39229,nfx_7Q33J9FGK6WYHT63ZR54V0WDAA,d58b7fb455525b938b7a7b5e8a3b972c667309704914421193b9dd28ca8a24ec
ciqual,39230,nfx_1Z426TVQAD8XWJDY9G781B6EVB,936eedd23247d2ff7ca4bfb9e4e842d69d7169047579af9c0e9231c51137677a
ciqual,39233,nfx_635C7D9M5V8N8QYDH757HZZG59,56ed06eee2a224d1f565af25acc9283e3ea12518ebc040fa66bb89657b19d386
ciqual,39234,nfx_3JZR8ZJD7CJF1RJQ9NEGGY4SNY,24e088a81abbf2c63ed03c4f4671e7a5f40013f6c61ec83bff9f3ed9b31fcaf1
ciqual,39235,nfx_05J50EBPJSRRYPP2YN43M1T9V8,4213d57f01b64ae8c7981284d2aeff916df4c9312c91e9e936ce26d9837e06bc
ciqual,39236,nfx_7T95Y6NCR2VX2BQ4H509B3EXFR,29dc35899e2fa179d3cd957c08e223b76c74ac20b6c7de5fcb695bedb3ce3665
ciqual,39246,nfx_5T46111X1P95HHBT4AGVKDK752,48d1bd20112b4e585cee34d1d4f7250240e6b1d29846b45423c789ef9035f4e7
ciqual,39247,nfx_6C891GDT20TQ5HQRH56F9GAXZV,49455882255879f17ad0897f490021c0cf0596b5923f2f45083a01dc6f815692
ciqual,39248,nfx_5TF6DQK1944RJXDK0YFJQNDZZX,403912308593569c4e977bbf03c942e74668f849392f8532fbaa993a638f4530
ciqual,39249,nfx_2BZKE73RTDYXS8JRMQ1JSM3EG2,c7650012d3bb4c6cf9a18692944b47f51e5dda85521f04b3d9a973b202040727
ciqual,39250,nfx_4ZBPYD1STTWP8T1MQ4QQDRK8DG,db73362f247f6845cf988cbee0148b78507fcee2a3dace8dfcd05cadbff0357e
ciqual,39251,nfx_3WE8EC0M0Q4TX9KK2EM6061M47,0963c9d86ea947d9f680bbee27bf30ca49720d501057cc8b1f8006a5cfde5a07
ciqual,39252,nfx_51WE4A738GPWZBMFJH2BFXDKET,e8204f0a7c9cdf9f74ff45dc82e7f4701780a5d4d595cb565e6c7f4816aba311
ciqual,39253,nfx_491781W1S7HA8G3M3BKMNPVDRX,3cab39ddd5bcd13cddc5a1ae6340ab20a773e5a27056a7af604062696a29e780
ciqual,39254,nfx_3PVM3SSYBMFAVPC30PBBRBMD7H,97fff9327a7bab9d4cd85f312917a51bdab0a110c1c6dd4b091901afcf47f186
ciqual,39400,nfx_1G8WMSJJNR32K010CT7GACC8SB,38380d42a4239b9a82db3d6a55a3c7cc320f863b531b53d3d4325f5424be4445
ciqual,39401,nfx_4RSSN6AG6J8Y31MPHQ2WQKTPM3,376494927bc586d11983385f15d42e6a9f0477e040d8994de1c70e38f53f1375
ciqual,39500,nfx_1B4C9VWVYY1KT8KJNSV3HXNC4K,ad9562929b5845b9c7916d8beafb636635d976abe08c0ff70e9ae8b92a13c27a
ciqual,39502,nfx_3XWY48VTXJ8MKKRRBW43GD7GFQ,31fad2bed94a3525850c9bf04d3b937e9bfd1c74faf6da78f8715feb74423dcd
ciqual,39503,nfx_2Q9BRVA5PJP4HF1KTETJ1SEPBN,c6252072d865acf8b4687b6bcd2275b378c02697bd270196768510ec8c47abe6
ciqual,39505,nfx_0QAF4C5PJG74FW1AVJ6S58BW3W,d0e53c1ba3ba2726678bae50e2bb0cf25622a97fcd0d952a6692309b76096feb
ciqual,39506,nfx_2P2G482KQSAZ6J6NW369C1HXHW,36fe55ddfd07bef84461df0a24498f8f18937b3cd356d64fac198bdad1675cbc
ciqual,39509,nfx_1CQ6QP0XYK07PSPC5VPRY3BRRB,a201ebe4f9497f2cc60025b3d6474794ff538613c28c34afb56e29802bb07035
ciqual,39511,nfx_16RK46X00WCSPAZ4VKG3TKT90M,bb4c55b6a94d5a3a9a346de1dc856e77b527e9671b21cb12f116a5b6a0ef39b2
ciqual,39512,nfx_2QY808ZKTE9PF87AHRZD3QNADD,a6cae35cf8b319e35265231151b82773fdb1f9ba3f2e885c2f56fd05bddb971c
ciqual,39515,nfx_7V0E2A37J9GF180EQA0Q3DDJYQ,8159ad8540065d36b02725e139e25a8ae1b41d6c77993eee613c5acb3615aa85
ciqual,39516,nfx_02TC5M33MJ40E09XDX9EABJE3N,85fca529bea290b485ce3eb09e31fc2d49c5d3c2223d28ed33cfb8271e7e47ce
ciqual,39517,nfx_4QMSH9M93RH568EJPG06WTK45Z,7f04f5c21bd0b1c586306033aced0f1d9b356a90059cba5e7e5b540b24b22dd5
ciqual,39518,nfx_1CPPHHZGNQW7SN0JA8BB9JVB81,7415cb34890509ab316479362cb421c823bf2b7d9ae8aae58c7e4241d34c4b47
ciqual,39519,nfx_2N139MQMQ4BH9DZ4APYJA7KGMB,ebb8e82f54d7642a36c8a11c783732fb29a84a57e7fb8a9d02784cf524699f00
ciqual,39520,nfx_5GKFVCW6B4TGY3M6MJ1KGWD0SH,5cd2de89bb02c64700092c42f12c009dc04fff8cd8dbc21b25bc1b5c4093a87b
ciqual,39521,nfx_06W5CSRJ6MCF24A3QF74YCKF83,20d0fbd3ea035f32eeed7b46932e8449c6a6771302d0a3c543554a46278d73c4
ciqual,39522,nfx_6CR5TPYZYGF7JAFM85JYWFG2NJ,f50fd92a50973d14df8dbe50d8565f2fb73788ca9d36facead6606738ba747c9
ciqual,39523,nfx_6T8XS1H64TXHSRRZCEJK5P9FXW,169a9482a702c1e9c7d3e7a41c5b83997ffadb256b24447710b1e495f8fc4d48
ciqual,39524,nfx_35Q8ZWY4BB06WP6HN9DGE4N3AJ,4bd5980aeed950c1d3356666bf85dca870aa98b950ffe84d724f53fd4402d0f9
ciqual,39525,nfx_1TZ61SABER71M5AEPHY8DRKP0P,739478edcbb1c9c76aabca7907d91a1e0c0d0e5ae4d608d9f17ec7b911d0b157
ciqual,39526,nfx_54MZPRWAYD0BS34K497RT6MV9Q,3726f33652d7eaa4c6f8dc26561e160fe180fc437f611b65fa501ea49daf7e19
ciqual,39527,nfx_4ZJY6EKJ4ZHMBVRVXD7SWEMEDG,ffe1650b633691bb63d611164c10f733213eafcc3892a5182c6c902dd4758c59
ciqual,39528,nfx_6X9N04TMHKPCP75TN4AN82K83H,535a699ea228a8823a68a17f5c1b69f69419e28d80c58e8b551c561cce714bf8
ciqual,39529,nfx_4BY2E0Z54F3WNXZDS9QX5W88ET,6e2512232455007d1307d4c359d16cdb1d6cb3f3e84b61f627b4ccac32cf5908
ciqual,39530,nfx_15PNH1XK4SDZRXDB8NFJYS5H0F,b8338c04d694077c0835c4df0d16d5d3ab7a67de2a86987b4d7af2a6c51d060e
ciqual,39531,nfx_3NJWTCVW2NHEPJ3FMNBVS311YX,33c67fdf780e0aa50a5fa67ec6db6749ff0a0a03df5631214e1b36e20a083005
ciqual,39532,nfx_6VGTVB8BW27AS16PS914FDEGE3,bf6f9c2e8550a822610677640e38fc65434533bad6a4433d7849ff6fadb23502
ciqual,39533,nfx_29YN7BRW7418GPMZ4V5WKK2J42,d075a7bf2f982d9fe5cdb168b5f76aa256b1078a0de5cccd5b3784d219e7672f
ciqual,39534,nfx_3H6ZVPEVZ8H1ZSFQ11WPB0E7F4,0010021aeaf1017548be687511f645d095911b64ab08fbe55125b604d06cba41
ciqual,39535,nfx_412WCJDVJZ9EC13BJ0J808Y7K5,1d2a2833970cc364078ed66c31c0cb19bc5a4e4c7df0a0022723f37417a5cc50
ciqual,39700,nfx_54YR47SQBY7T093CRBHJ48RD9N,09928109a3b55d3b023e9f60b360cc7a0ea0e4214914e8e530f2c2e46d329607
ciqual,39710,nfx_3HQ243Z8FKHW0MCJ24364YEEB6,37d53d0afe37882f8e2af8d3e45bf1886c6621f86d1278d703df97efd76df497
ciqual,4000,nfx_6B2GWP09K5QHT386GTMFZNN6ZB,945b40b8cf720a69beb0c445b9ccc0ecd80bfb55074a87f1aad2526d72367d81
ciqual,40002,nfx_2HQ0EXFDCYMQAMWZV2X4GQ3DJ8,956dd2b745e59cd293810df550a584db2d0510f193b993ae2516ccdfb81556a5
ciqual,40003,nfx_0TCV4BF4MF9J1DZT7CG3Z33DB7,11e6c7e257a5db0fc49d81fd6787bf2d73aa745ed92a89c22cb00b6137372449
ciqual,40004,nfx_6KGAPJDVY0DS55017J025ZWJW6,254cc54220dc70f83be6f76410d1b4c74699b2df28e5e41c5d97ee5cecde76f5
ciqual,40005,nfx_7GDAZFAFGSTM350J8PVA6ZPVQW,28e5b6b9174868f5917a1d227989b84d783e4b19280cd36cbffffa959db4ff7f
ciqual,40006,nfx_59X9M9RPCTNKJ5TNCGX0CFASET,403dd84ed4529380aadf5c1a2f23495250bc03527c823a58e1fc7b98e3e335a3
ciqual,40007,nfx_5D2T52HXF5JJ5NP1C2YG0FEX4F,93e433c9b6329102f378a8da6a633513c57388cefc1cff62397e0bb3318bf35d
ciqual,4002,nfx_6YH6ZGXW2YREM676DG40V1SM63,639e71896cf22279904b1e063a43d87c1bd81bbee290787bf4726ed9608ca4a7
ciqual,4003,nfx_6BAP8624KDJVP3KA44VW1TF838,3b228c195b02f656704c1d1c2de0c263726fbb4d7cf2584889b45e088370781a
ciqual,4004,nfx_5EE7Z8DBEF62EVW7Y56N6GS3KP,3af321b9c11e321da252c2ef9fde9f5faa480799d5cb1160c194a02808b214ee
ciqual,40052,nfx_0FMGSA6B3G9ECMWWPE1DDESZBS,3bfdf68fbb84988d80f4248bd424085e06e78be6ba3be1a0ff7b1de45c877eb5
ciqual,40053,nfx_74SPDY584ENWB90MASNNSGA2KX,0020c79e2d807523a144f09e4194453f9fea8199b4b7763624dcf2e73916ec6d
ciqual,40054,nfx_73QH5KM7ENHYQVKKSXR5ZCZZSY,ed6d583272ee66f5fd4bd23df12dd70aaba9c8df708c1808e14c98ed887e89bb
ciqual,40055,nfx_2X6K3WF7HXQGGZK7ZC2K3P71MN,51b39ea6d4a56caca4d6310dcf97042781e4785338ddad8027865d3671f4affd
ciqual,40056,nfx_4BPKQPDEFV8XMPC1G4ZTP55A8G,797e4879065de203b35b45def4ac61f055161dbe4f79a9101db3080109d99add
ciqual,40057,nfx_1EKMY58KDGJ1F8RA8QJA952WB3,519e64e5568fdbb48d831798527637ad496484e85e472c7d82983578af1efe27
ciqual,40058,nfx_0CQ02QFV46S27QF4HA33T42TEW,dbb5ff4c8ee1d1d68f81a944f6cbe24faa67df32c1b09e198a28cb053bda6752
ciqual,40059,nfx_7S9S7W4ARS6RZYNRX9T6Z98A2J,fbdc50c235205ab0e919d83f666730d7dc0e42ad6bbfd9121b7760dbcb9d8860
ciqual,40060,nfx_6DVB5B5G2TT865C5ER87WZYG0K,f599e4c9afa6eb2b1867676b841e851c03528b559d8ff36426decde493f3b16b
ciqual,40062,nfx_5KKNPDJJS233TCRKKYZM1DHDAJ,571c0f3551b6b053265c46e5234914b7b26a20eec00c1bbfbe128f150367e23e
ciqual,4007,nfx_71QAAGJHJEXE62CQ48G2ZYFHDZ,3bcceb0e21d024d65b9309d897ee9424d3c142b58c2d873586f20bdef6affc06
ciqual,4008,nfx_1Z6TK0BDKSAFN0501FET9B6F38,8410c975f42c6607e6791c7d2568ffa1bc0639c2fcffb0e8c903cf83a6ed2523
ciqual,40102,nfx_1HSSQB81MAA6QYYF88YDSXJ4CK,eae1747eff4ddaa17fffac67f0a1cab0caa3639dd73f311f74ca1624334e5522
ciqual,40103,nfx_6ZBVN2RZFM304MSDHGVCRCW2P5,7dced551f76adde4f8464a3c9eda74e13f71272a697b0235a7a2fca0050a9246
ciqual,40104,nfx_5HVRJCD5JVRH7MWH0SKBJSPXFW,d1679c5ca1cb2cff25b107570aaf4ee5c386074713280112d69ee73d48e03b49
ciqual,40105,nfx_7P19GYS4XK48R4XWN02D6XMD85,cb00701f9608fb5e44d9358f771e4a6f96ffc58c3ccc15096546e2ca304b938b
ciqual,40106,nfx_7TD3C9AZCK3J8WBHKZ1AEEM6T6,7f8652bce3eaf1a47b0f450c871eb300f6920f4d9901be4d9fe459fa1f0eced4
ciqual,40107,nfx_6232C2ZN2PQK0BPGSV7ZS6RWTB,b3b464cce8e8209e514faae17a76dc5837fe0f72169ab10d3dd07f99773f12fe
ciqual,40108,nfx_4EGS2SMX1ZGJTAYGHHHJ38VP0W,c8f1e21519049d449c07a477b922ee89a23df7a5c145bd221b35693da4490f90
ciqual,40109,nfx_7TVPPCWCPVNWR4Q7P35J91DCZV,eecca0db9b9add2a94143f0efa513364f829574cf1ca0ca30c685ba0892a975b
ciqual,4011,nfx_7A4W5JGNT3Y433PX66C96WWVAC,9af8d644c0360e3a3e96da35875dab5814ac84b714c0e241cf332a433a3a62dc
ciqual,40110,nfx_1C27GR620EBH55KBA2Y1X4KCDV,75ab31df635e1901a9ae0c88c75ca172e061133f2ce042376b160adf4939d22d
ciqual,40111,nfx_0JM2XCSE1GJ3YPT4CXJ4941Y12,fb0751817f78972332de1e3654e9c3f93707f85dc8f2715757cff7c40cf2470f
ciqual,40113,nfx_0FPT0FA2VTSRX5YQW1P2ZACAW5,b50606c275d1dddd623b3f5d72b8d1a3b4b27f58b8fdd00efa8ddc1bd5b776f2
ciqual,40115,nfx_132VNEHTK0TDS3FPCZQ6CBZVE5,d9414737548404f6beef24b16b13592721cc4cef6aaba7e685f49e6b40878ea4
ciqual,40116,nfx_6KCCEG2Q4JNCVF2MZDACKC328T,c961e05e5beeb48025d1b5bf3d47d394c736b240c8062c19bfdf345cda18f8b1
ciqual,40118,nfx_3Y0WG6HQVE55B91PRJS66GZRGW,8d23aa04cc241cae249136413a61685caa5ddf655426cb5217d1be8940c5685c
ciqual,40119,nfx_3VEMBKF1DK10K3TB9AVQ1FHM02,d44f6d31656ca6538e7fb602de6fb5e791af35b08a9233bb986de27b51f6c5aa
ciqual,40120,nfx_3ZMJ9RG68JF75RSE189RM8S8Q5,66be164450a81963df9beb17a7335f1c164eb5f84fda080184afa12833e41b29
ciqual,40121,nfx_18H053AEN9A7402J8XQK3C4G2H,46f7a1f8022044185fb4bb00f592d3b2401607097045aa6ac83ec2878d2fbff8
ciqual,4013,nfx_1P8ESEMWDKEJ6SNFPVDQQT7AGF,4a04447fcbe2e4d2fd6005dcc81c970c0aa7eaab46e627276468996d8ba356e6
ciqual,4014,nfx_51A3YG2DZ4FEZ78VA0WJ3MBEAX,b78b72852f3254daf275338d92755341ec162adc51b427c8e62e6421cd408388
ciqual,4015,nfx_5V9NTYKTBCZ0KK8AMR4K6YE4S1,e3439c20bc9303f02638257d13a760d5cada03a12d4de39acdc2e7cc20152e83
ciqual,4016,nfx_08T739G1V0B22RR340N58TR2VG,6cb2e9bce465d6eccdbe306938d7f60edce3d0a85ef09ed3c608c885fac94f47
ciqual,4017,nfx_66GJZ8CA7GYES1RWST639WJYVV,63e68fbd428b58b5fdafbcb7fcf5104bde45f97051534f116690317c15d0aa1e
ciqual,4018,nfx_7FEE30FRP9XSP9W4CE2XS7RQ3T,3651e35f599711d923140cf1dc447992b6d38cc42380b8d566ef9463b38b9040
ciqual,4019,nfx_32Y5FS74HCJX0XVRTDXA1J89ER,24ee15f38f32c13c068e1b02ce81e6fb1ad4d2b4b4445cab5cd4580cc041516e
ciqual,4020,nfx_224EWXD2M60AKP80TD4AWMBMAM,e813ac7ab2f3f064038e40971bbbd6b5ac794e084ee413727c47cd2248fb083c
ciqual,40201,nfx_2R8ZVM2W960K4KEE618BRZX74W,f605c281d170daf82dc15848fadd2923bd0c8b16a946cee51c2f982824408ad6
ciqual,40202,nfx_3M447N9V7DF9HT768271PWPCQQ,1cf0331152cf6a42f680bbd7355afe6fa3863680dec09ae2758202b26f70d8dc
ciqual,40203,nfx_49E6SM4QSW9X6J4N12CGJTNBEB,e7234fd754abf6123ac60f316df7f0d755f9b41bff839a97d867c7eaa1ca24ad
ciqual,40204,nfx_0SQ8ABWQWEQQZT8WCFQ4J72Q3E,16e3502770e0ff21f557977bb87a589032ca4ddd03457f52db5060c453ac476d
ciqual,40205,nfx_4MNE2DWEG9TJ7QN3DC7SZTJAEW,2908ba5ccd033ea9e8d3cbc34dc9f2af423d9ae0df9bdfd33ae8e87f4f40d065
ciqual,40207,nfx_1EP7HWJ045AJMKEYCVMF9XHVPT,51d157b2c85b5381acf43d9efd006022653a0495e3841bccad948bee22b19882
ciqual,4021,nfx_70NFP3C8ZWNHJ0ZD55BVEZVK9X,98ad9ab754ab3a3135580837ab05c45c4f115d02dd35d205d9b14c925bf5bc70
ciqual,4022,nfx_027ET9NQ8MKXJDKRBM26E5GQAA,34174991c31de3d6347458632289ea5dcd2b0bf08b3b15239fad99c7e7e0c793
ciqual,4023,nfx_4M8KC178G0GNQSGJGXRQCHQQ5N,502107733869fc640233775acd7fde76211d789d633531df23d4f667247a86db
ciqual,4025,nfx_7QWTEXXDTDCBW7PDKVSZ544NC5,536c89fea9136273d85a4b4c90df0330aac6dfda0028b7dcf56fe709802d33c8
ciqual,4026,nfx_7746WE7PJVSNEX7ZMACTE8S9T7,af545731f3dc9930d97b8a9dbc19054403f1e76eb166082888e57651f3b22ee5
ciqual,4027,nfx_1DG2G0VCGSFH3GJTK63R9KGFXS,37f665c8af0f4cd513f05b6da97ad3179983fe2c2abae1ea6827e048791e6b57
ciqual,4028,nfx_1RNXDPNFCP20WWAMP8HQY4T9PZ,4a0f65d048028aca1a4004831bbe5dae11969fabf9fd0e120eb8f346a3814d0f
ciqual,4029,nfx_7MQ8CDQ9XDZE89SN68ZQW1D6AM,567b78f19ba7a9b683db7b60d67b129395b89cf556769f35aba897691e807c61
ciqual,4030,nfx_0T0RWB6STDX9X9MRMRJHFHKQE3,e862a8a9b419905bec22aa6eb6205c54ee8e2084891cce7ec13d650431327108
ciqual,40302,nfx_0GK6MA23KVQYSDF0MPY374WZN6,c77ccde4fba588ca90822503994f46e2ac0b7ed603fa72bef8e57146b570e68d
ciqual,40303,nfx_3MDBM2T25GRJ8C1T1H1J0H22GK,e0e381bbd7214c8024fc497049c7123f11d0c22b95197e0bc35482edb25ea920
ciqual,40304,nfx_71FH2AG6V5YCZM1P7HN7SJKRM0,6bda2580984056e72f7e27bac362e74594c049cb7910e0f95c578a9437383831
ciqual,40305,nfx_479Q1A4A1ZA3PM2583N5BBNRF8,4137c30a0dbead9b3d8fc9898053317bc696bc0b2c2e3a3ba9bab3eeeaedb2ee
ciqual,4032,nfx_1Q1ZSTER11AZZ5A3W9GMZCQPF5,3cd5610729b5e0f6850173422eaacd05ea8fe49887cc5e5170ac89512033b336
ciqual,4034,nfx_3PKKFY99YZ26T396TB8MXQ80WS,70dda85c35b4b513ce19378a92479f05ff5acd2d9034c95206c5d1956b720aab
ciqual,4035,nfx_4PZA6V3WR3KSKSQGXTED18XS58,e961850cab2b9687f4b5688cb6aadb6ee8e931e09d53200a6b5434bb9d7fc1ec
ciqual,4036,nfx_4WTFB4KAD50STVW7NBMNA63KS1,9b9797569de6813037ddc43fd4ee289715f7594cd092a09112640788974f414e
ciqual,4037,nfx_17SRAQYCN55KNGQJY3GHESF971,ff94f02b564b154f2be1e78bd643bb4aa827861ce5d1beac49115594e9cefab9
ciqual,4038,nfx_604EKMJYK34D1DSMVG7G49JP6N,0fcc7e7f5765b4c65858c5ba438ea58a0b64980d47ec4d5beec62c89b229fa1a
ciqual,4039,nfx_1NXZYDKBGRMT74YJYET18Q9DN1,b7e913c88d237c5a835423814e1c8fe70b08ed63b74a2c2e73586fd9929f64c2
ciqual,4040,nfx_7FCN9FDF9W0SMM0WJS0P6H63ME,11f34438a6dd9513bf46b0355af207333e10a82f5bf50dfbc0151c82c316d088
ciqual,40401,nfx_2AM2YGHW9WJNEJB6NRZ9BK7WQ4,cac77b3646123b7426296951971a7a6157ea327e90852a68cb84226b35401b31
ciqual,40402,nfx_3GVWXPT8YPEP1NE1XX9BRP8BX4,5da855dfd8c66591985818893147164e1a2155313d59db5c8c4a7e1ba75466f2
ciqual,40403,nfx_224PQAAY7PHSA7HMD0RQF9X7WD,4f75c3de79e88418c919043250d5dadc039b539458f53179eadfbb56e867078e
ciqual,40404,nfx_6VYDZEAXJ15S80X6JFNZR8VZM8,2c80d65d8fdbfa371118181dd27e493eed05b882183a62f520758813362e16cd
ciqual,40405,nfx_0KPX5WBW5HKRQSXC2RFFNFN4ZM,90182fb083d19c0d763853eafff7a95fdd3bf9aa58e3a6b29a96abe3814b4db3
ciqual,40406,nfx_0H5FBZX0YEA7RHJ8EFKS77WHQ9,e193475c12162a22b207fbb27a346e9039aeeccc376e422ed8feac62d8618cc9
ciqual,40407,nfx_1CSC3HCQMRRBGGVDEKZD1QX3WA,43cc01e1e3d750cc080925994a0a83707fd10a2af99bbf8f34966f66c192b3de
ciqual,40408,nfx_3FB37FHFZT49VZMWGQMVVHQRE1,c7a91a4206e4b3da9579df74e5362179c2938df6733812ca261f49805afd730e
ciqual,40409,nfx_4VNYNN5DZS3W2KXDK7PQP5R3ZA,b4524365946dbd2e97951306663e5dafd4cca991a60e1f7cebd5d12657177cf2
ciqual,4041,nfx_0RN2HZ69ZYMNRD8HBY8M0HDWP3,5cff8fd904e375e25040d60d91f77ed5ea7ef94746c3850548b1ca4f502ca77b
ciqual,4042,nfx_0VAMY77Z9WYCP0X0SQ681CD35P,904cc1c3dfca7f921822dc588204bf98663774c995e4d936a3add359d8b1432c
ciqual,4043,nfx_4MW1DZ6ZFJD89WCQRPF7TK0N6A,402cc59e5225318d9e410158f19f776364ba9385b38f922e2126baf4addd6a19
ciqual,4044,nfx_5CKSBZMERZVK87W4G0V29JSBY4,b85a2e157bad5937a21ee62bf54fb103e6396aa9f9cc834768b06312d7695e0e
ciqual,4045,nfx_4AD3N6B852DANAZDRS0CJEYVZ0,4b13e482fadc4505cc460a4ea906d1323c40963e3437cae729b1c44984e6e598
ciqual,4046,nfx_5KYG1Y780JP0VZ2TFWG9B385E1,f3d991250efb2a1033c70ebc9753132fae94a0c9c37edb2f3ede92e2fa56cf4c
ciqual,4047,nfx_4N5EDE6G0YNYWPC1GZVN9QN1G3,6c3679216a1cf94cd0d64a8ace54afcdbd174f7d4997d029cd99e9b84838af37
ciqual,4048,nfx_02QA9ARRPD8VEMCQ4YARZDP98D,52b3e49e5e5a7262d683497f5a2d9ebe2e24ac80db4baaa20f9f9650cc7b892c
ciqual,4049,nfx_3FW5W49FYYPW7CCAAHT9PSNB2P,038c1c7f764b9111a20b7339a56a9c7f953fe4ed09eb087d6f8c31a319e12a50
ciqual,4050,nfx_3NQRJN9BTHEC5S5E8KZ7Q4AXWX,5b70dce39be77f2c3a7a486af422b699b52549b120ac248ecdccc153472b6dda
ciqual,40502,nfx_7R21QGQP89HJDVHKZHCRBMV21H,f5346ed4e73085d18a08139e117785121c707d2cfb894c144c8ffa735291a59e
ciqual,4051,nfx_38E5EG93Z887KS1FA5X8EF3EW3,78e8bd4da21f4e2934da3e35e67adb9adb134030beb50f6f057f30f6c0efbd03
ciqual,4052,nfx_0CXN9SKCTVYD2ZVRW1HEM4A557,f1478f3792cc761bb5259af4fcf4673dff20ef87114251a0331f7eeae5debb2e
ciqual,4053,nfx_5T1XNSJQ7DSWWG6S1948SMYWMK,77f000337faf80d52667da44c1644c0597c8816d11ce71dc5cb2201a30f99667
ciqual,40600,nfx_2FHMSY6KB7NNNY3BJAP0G18BWW,ff7adb83a81b95cd97ee315647e7fdd4f260a062ba5a3a4ebc3e3afc511e860d
ciqual,40601,nfx_1WDRK9NZ6K0SM5E5PGPS14DX7B,0442ccf7f71f3aa4d36931e6e13d91c37f99a71958d0508284ca366dbb787364
ciqual,40700,nfx_4VQ47VZFSH61P6H4CHQEATCW0H,e9b2fafe43beea730446440aeb632013c06803b3126c184047b553ec1f034881
ciqual,40701,nfx_5MWQ1XGXFR5HZZPDXP5ZVJXD0G,a436c7f5c8e08ac54cd3fc3fbc55c0b68d8c78900e5c32f556bf502377385026
ciqual,4090,nfx_7MXHR7F0WTB5TDJ9YW6TCRWTDP,868b15ea6ea85a7f1b2cae2d0d79445a8fe66961a171a2dcaf820d4bf627decf
ciqual,4101,nfx_4FDJ40FRAFYN3Y109MMDMS265E,692a42b91c04c7e32418bf53faade08fd5a3bb6d7e4fcf8afb1090c73da01f13
ciqual,4102,nfx_29N095BVWJXZACGBNPABNGB1G0,83febe1fbb1b9ea601393e95cd2c1e476bc3daed17eaddda23bac7939e9ce694
ciqual,4103,nfx_32J6RB7ZBVD8FMMC4ZF4X9FDSW,dbeee51d49beae3890d45192a90e0e116149fa8803981a2fcfaf5c69937fe94b
ciqual,42000,nfx_5P4CZQTD5HD0HQYK4P1CD5EY65,5986406bb56e2f4c2322c9d213d65d05d1ae1d7852c5d866fa824311957d3f12
ciqual,42003,nfx_0TGZDN8HRR16KFQ8770Y9FA7RE,8096574c6a870cc5c593e5d9ac95df9468432ffec6209ffad599fd677c12c155
ciqual,42004,nfx_0G8TZTY26FR0C7GQSXHSGRX6AN,6234d9903dd7fd897de09695e08599a5b64d8230b459f66e918d0099dfa265bc
ciqual,42005,nfx_5XTYJVP58YPFKM7Q7CGE4FPVFF,468f58aa0b027f3255ae72c5f2e2720b879eecafe7e39a22947fc5599d89cb9c
ciqual,42200,nfx_7877K4PDRHQVN7F3T5HHWT8CHC,2a1f2ce91725c3a72591d44d509e57b569466a479a2005698e747ce9fe9deff6
ciqual,42501,nfx_6PWP0W158N0S43136GZWXPY5XR,dd9b0b39670107922a71ad1e84a5007b4410042a3a2b6c873b08f2f76a8445d8
ciqual,42603,nfx_48YRV680H61XP8N15NHDE17AD6,55d7db8e9bffe76ddab6fec34f1a4625d23a1eca1e80958f9f17615e3e7b93ff
ciqual,42604,nfx_1Z7NKHYRQF45VF5P2Z3ZFFNJQV,c218dab7c427242eb1d73dabb23cadd64b574b3bf05c99db6cc6adfa372218f4
ciqual,42605,nfx_3716NJN0A1XN213NNZ9Z3GTTDN,56e444cd335b1faccc52a81f3ffc129b22b02bf2b47ac77bd2b33092149e31f5
ciqual,42606,nfx_3DESVZJAC3XYGKZWVA9P7W4216,057d04b4b34e805fdb9e7913095b12c215855e1cab60af0ab6bd69ac78fdf448
ciqual,5000,nfx_7B7K5654MS4C30TKYWZFTJVSVP,66a6ff729eb048465fea7f06cc532a2f70f78b46342ec61149bd300eab1134a4
ciqual,5001,nfx_6YJQPJ61YXGKGRDXPD4K9Y0TZD,afaed3a2fceef5caf2149235e19aaa086dcb35ae0d7e4b69d72a31efb18bbbbe
ciqual,5002,nfx_072WSB8P428HBW6WN743K7Z5PW,979913168d4f40a3ffd3f7db05e4c05833d8b2caaa42a24f7cd8b084b81dcb2f
ciqual,5003,nfx_3WS249TW0WQBFAP3C3B6VF32RK,bd98e1176459e02e8ef41a7433424ecef071b1574933b1998c4a16c9071d9237
ciqual,5004,nfx_5YYXGX32DK48GCK29T50VSYJDS,6647341f75169ab59ae56e3f7ce9d7b7a61cec0f04c7c9ef176e493c6c4dd925
ciqual,5005,nfx_05WXHTSKZHRXX4PDHTYNDP1SD5,a5934156c9a8ad94c7403ccfed85a4c915ea964e64c26b354dd97b6bdbb08a21
ciqual,5006,nfx_48MX1QEX6QKDKTYCC2ZPQKK7CR,65bd495fc53304285519ddd5f66a2d3958ce513a6c9ee5891b7ac08b77017ef1
ciqual,5007,nfx_4BEG6421YW00D86J1W1Q3CVG9F,d7e0784bd143bee5f162e34fb307ec21a6410db2fb69310c85a0a806d675f770
ciqual,5008,nfx_1XW8FBPVFJQPPEWD44E2MCPPDJ,df9a3db7776c451cae5fe009c78b805f9bf5533620ee44b426b5461315b0fbe3
ciqual,5009,nfx_1DHCZPA0YWVB62H8R5SABEQ4VH,a75bb7a7660e4ce9f4e64ff1f428e816f8132e9f24fe580244b1f69e84d7930f
ciqual,5010,nfx_0X43VANMJM34B8WNSWNPBYXKGJ,b0aa159f298d93cd768a685378b099c264aaf08e8625899c6cc49dd11a56ea28
ciqual,5011,nfx_0N6EZRCJ8HSNNZ4E3Y1ZRJR1VZ,780679fda891a8bdcfba95ac019cf232e377c7506aac8bf674aead5d951c3e44
ciqual,5020,nfx_3MTVEEPA9E9EBVQ8X10G90VDAF,861169054cff8c31bcdb5b4f974b24b235232d8a3ba53684f811b7f0647b03ff
ciqual,5021,nfx_7S9ZT5G2QCV32FJS9BFZ0V5HHN,2938aa64301f1e5ef3e528214508364875e11d05029e36e3fbddec86dbe718e7
ciqual,5022,nfx_0H0S7Y54GSEVPR6GZDF7Y7XV7N,9cd14ecc2a8840755b9c67346516063c5912e73e85fa5199d1fba7e348a12d91
ciqual,5029,nfx_6C5C3VZZQ6XW4FCBFW34RDBBJ9,7196567fdacebf48ed62277a765bb9d7230e5aee0b5efd1a4878266c52a888c4
ciqual,5030,nfx_0FRRW5D5SJNJ7HT6CSF7DH0GN4,1e47fb79dc57ced204d1fd4d42ba760dde5bb0dcb757271a5da53a047964d4a0
ciqual,5100,nfx_3TSZ39TAQERQ99P1A08NWNF9C6,3ff89bfcbcfa3747cef59e96f2cd9193da74b0610db03a5d3305730bd09454ff
ciqual,51500,nfx_1Q41F9WJCJTFES3HT2BFH3HW9E,013dd86ad875569f7ddeff3c7f80a4c34bb4188517f2bf794a1ab33357c89a47
ciqual,51502,nfx_53KR04K71ZSQF6QTXZT7ZH076F,26518dfc7e3a0cd3f38eb58f7f694f1d442d1924b2a91f14c05c705ce48df6a6
ciqual,51510,nfx_37MX1NKZWCA8J0G6B8HBYC4RBB,56df8faebdfa489838fb960a590e079e8e3ab02a5d792649d546d834aa8ded01
ciqual,51511,nfx_2Y99R2C28BXRC9N93J6R1V1EJC,cb53d0ec7cc76880674f1418dc77d9d421d190b822be3bb88ce2a76f3047057a
ciqual,51550,nfx_2KJV129B0Y939K9XS9NZ0XBDYH,1d56f64900c2f2b3d31d98cebb98d296db728ddb3bc82bc0c3d39e4d3937b14f
ciqual,5201,nfx_606WFJP9EK21K2QNS9SWT8X3FC,03efad9a258b701e7f27cf8094cfe790cd901546c5d4032660d3a9a3dff6d143
ciqual,5207,nfx_0KMQENC8BKN7Q14AQHNSGP1H1H,35af09a85102b9d90bb63563b5834a51ec4babe2cc8c20b0ae32348c89540d30
ciqual,5209,nfx_33D5QVMJTTKXDXTPRT9PF13HTR,2adacd29be9e24998899f63675fc27275c57b3b31387c45a9010eabd8e87291d
ciqual,5210,nfx_606W7T2R34X3DCCT8RKX1WAG1R,820f8e93be934dc1fe56eb7a8f079b35005d486cab2e302246aa8589a24d9de5
ciqual,5214,nfx_24KZGSKE223BXTTMNEYTT0NYP2,43e634b47e8520fb67d5bdd79425eddbc3b40ba1c9baeccb6aaf37b39a2978b3
ciqual,5215,nfx_3RCTVFSDHBYS41MZGW7028XD62,f61f60725ab5b45914986c6e9fb13c76fe041d1c9ab75a578db4c390a1c04a08
ciqual,5216,nfx_5T3MREF98N49PHCSE1V43CP053,05146fd9a312e6587f154d0b99a0fe03b0068a4963dce4ffa6ee474f84b6e90f
ciqual,5217,nfx_365AH5547SXZH9JK792GK7QT0Q,1996fca80079db2e4ad5a7fb53b3aa18ebe473bd791d13a0c06cc38452b29f25
ciqual,5219,nfx_6SPCWM2TWP4SAZK21F8CMBJN24,0a236d8b21bca2ae3c9f18c2ac327098bb624d8927746af8451c8000e1c2795c
ciqual,53100,nfx_7R1VCJHBSM512FB92390M25A1D,626d79f581de0112640daf7d4ce165eb9ad0a974742c9df61bfeef8e99f2607d
ciqual,53101,nfx_4JXHFESJ5ZFH963FJYXNRAJRPE,b325f727db3bb65ba09b4c034c836a2f2b3966240786bbf8568af005bfebf569
ciqual,53200,nfx_0Y89BE38VRDA0QX9P1H2VAHK6C,9a16b68e0acdb5e74b89ea787b0048b0437b5c9ce1a3afa8cc7aec0968c77dde
ciqual,53201,nfx_3VTDVJYTWR1H0BQVQMQVBD8MV3,81d45dd86d7eb3db1abe584f0033153bdddabe4f02163b6304f150d37ce94b7c
ciqual,53502,nfx_3Y5WVPP4G6NTPWNHCHBW1BKE04,73de0b0c5f973db2dedb662209ecf6704509355e18a8e6a5c771f621b716c551
ciqual,53503,nfx_37RCCG52ZSBF6PYAJ00RSF1A1X,6fff54d285c8d5c0225ebc548188c9ce8162b5a477f8dac254eaabde01ee12eb
ciqual,53672,nfx_28E2BA00F7V1R1FNRXHNA1HMA9,d20ed0b18536fef8749506a69481580cd02db28e883d979688e16ca5f9758ca9
ciqual,54031,nfx_142Q4GYMSZ3R69K8AZ9P1HM68W,60dd671510ca70980eec045ec03d86177bc8865b02918211ca866415cadfa7d5
ciqual,54034,nfx_3HFHYS6VX2QTX1E7EH1MJVKF5P,3b86a115eb1ff920f3aab169a675466a9aab6640dbadbfc27b9be3198ef5e52c
ciqual,54035,nfx_7JDYFGQ8PV8K5D4Y311NKPRCE2,2cf71f242d7223ebb9b4e077b7d788142157b409fec49443c298a12c2b8a242e
ciqual,54500,nfx_421GC40THSTXWCXEW0P6TDC5BF,37486be6cdad92acf40e1b9385f8dcbcafcfcea86d0c1e5df723db5ad1cdd231
ciqual,58100,nfx_0M3WFMVPQRTS4XSPFB55DWQ7RB,d02feb0b4f08032bf3f9cdb7f80ff3b8c02232c84ee5517e8b2f4f15c42102e5
ciqual,58103,nfx_4BX74XGW9DNS40STXD67MXCQD0,ac40b6f4fdb81773285c324ee9fbc90009800674a5b25140ceb330be6df2e406
ciqual,6001,nfx_4W5CYC787PAVQ1W9778P381Q8Y,c2556d320c3b4d7f0c6872c5a1aa26fd42e1eb989dc73463072f6410055f02e6
ciqual,6002,nfx_4B9FPC9B5CT5A4WJN5PWD9NN5B,db97990eb0c8ffdabed3cda60e17e4ecdc5b2520d3dbf7a9322aead71cf1c977
ciqual,6003,nfx_7CXFMDSFVD3QHTT5ZQXNY81AB2,802f54ef6fa0679d56da5de1b29ad854b90e270a4bd895b6edc3fa60c03247c6
ciqual,6100,nfx_5GHZJJTBP3JD3XN5VYGAN2ARX2,05b500d217f99cf5bc467d3c4002d8ada261f883a0791c6175ccbb38e4c7c88e
ciqual,6101,nfx_3GBGS22TR9SAT3W7Z3S9C1D92V,95812bd1d8dd3ef77feb2e4040e71601fdf66d0471fe8445106571edc3fb41b6
ciqual,6102,nfx_3C0SSB685RAWFJYPVJYN6G7E92,4b7703af942fd123cc258e897e3291e1fd2bbca95d15ee0781cdbe245bd8b793
ciqual,6103,nfx_009D9XRAPBBFHXB9AB78EGYRT0,0eaa628996d8d77b768e9111c3edb678898250a42c537984f3e3f4b771bc307f
ciqual,6104,nfx_0XN7KBD7GQP2G6QFBBE5Z0J7JY,38d0d0ed3bd5b5d8ea5b0a5674cade0eba457bde1a21cafa9b65afbe13fe38bd
ciqual,6105,nfx_6RR12VK8V1DHTEZ2QYJBYEJDK2,7755b90d3d379b001856cfd0c805b16a7a064b6b3943a1b51be558533bdb7610
ciqual,6106,nfx_6K38QVTBXPMVFWDY1DK60Q2E2W,8ef49cd804d070d8b3f076a19c024fdb3ca727cc6ccdcb85767bf89d6588c8bf
ciqual,6110,nfx_2RGKV327E0TCTA8200JKSHEXTW,90cb0151287d438aec3660229d03426d94d0717e10a06d884f6adbf2b279f975
ciqual,6111,nfx_7317KXYWJ9K2QVQ6PFW1NB0TPR,be9982a4a2a61ec820c108045501012fc86c2ae87b0ec125d792e97f091338b5
ciqual,6116,nfx_3QX5F7P5XAKD6K0FV81JRNVRA5,e0f38d5797263626db4c5f1f0afda03e1b4f67ec46525923438d34e57a9d0ab4
ciqual,6122,nfx_6AQYFT1ZSNM51EBNV2BDDBHM24,281ef2066ad6a71bf100f1ea9217a61bf2924ff54b580da543bc3cb322b5b3bd
ciqual,6123,nfx_2ZGWC20VK6S6WX7KJ9931TXERW,a5ed5d8648c110ec36657bd2187c88f01a6476f7d09d555f236a781cb54d6627
ciqual,6130,nfx_344DD3HWB0EGADNXS5F3RS1B0V,e94419bfdc9844d3f2c6ff31665822b68d4b36a21529f606ca87d5e3c065f976
ciqual,6131,nfx_05S2VG414C1VGCXQZ4B2SQMQR0,7baa574e32bff139745f594eaafa477e8e812c4552d9928ea6bc56e6f74519b1
ciqual,6140,nfx_5ZV4MB8XSRVMWHVFNFG0RJ6X2S,70378840a721a4169fcecceb299e5b43245ed267415fa968d2df757f97357b7f
ciqual,6141,nfx_3MNW0WM52Y5Q141ARDRJEKMWFY,eb61a7f80f70fdf0140427169768ab0a022e3754dd3a09350ade73513222f74b
ciqual,6150,nfx_1WEFMQ4G0HXRGGN70P35JC5P11,1ac3f5524f5a1f615223c6224f39b6b670475b12605d3d832be8149fb9c3805d
ciqual,6151,nfx_2NVQM98N4VNHW3EMPSWH5YAMD2,bcb848e668ff4abfc815273d8a7b8029af8f891d46d5d80ae1a81464fe976f4b
ciqual,6160,nfx_6A0XQEN35FZYMRE2Z6DG31AVD2,a3b562d9f71f6277486b5963bb1bbf2ef9926957b95fc91722dd87094edfd340
ciqual,6161,nfx_6G31TQ63A5GGCBZZGFZSB1J282,7301bedbbc62c4b8513170245ff76f59ecaf469ab66cb97e5192864f4ca5e9b2
ciqual,6162,nfx_1P3CF7MEG3Z6NST8T95BZXD6ND,21d26a6ff66b7810a1126af5ab9fd3d79cb26669c85193c8652e252d54b75e92
ciqual,6200,nfx_0Y94N7WPBQ6D5PRVZZ68ZCVG8M,6d450ce3a21f1416eb72e1c7ed8eed276bdf111c67d42cd2043f6b73ad9a3a6a
ciqual,6201,nfx_6EXF5NTAY6D4QJ61R31H0DCYMN,5e51b68517605acdf09c7ca846319669d58da465dfc09da091541f6453402fd3
ciqual,6202,nfx_5VDFE6RKJYSX2TSGNW0HDKRQBH,6c8e6383cae0093836abcd9ea23f6913078391f3f1cb4755e3494dc3b9c7288b
ciqual,6204,nfx_5CANYW0Z81FZ47TSAK1069AB5E,f384995a2299bef12709345aee924cf76d4cbe8b6c555970602b46a2af0147ab
ciqual,6205,nfx_6A04NCPPRYHWGF82Z8M41FJK7X,1ec25c91780c5b9a03dd59a379d98c2d9a7ebdd9f2a10b828aba50006088d9a9
ciqual,6206,nfx_3C0H100VKJ06F9VWZ2D17V149Z,fc44000ae6aed214984ce31010058e5c8573cac5a4d2ef534f600587947ad3b1
ciqual,6207,nfx_5KXV6H98V7Y9JX6XG26ATN0HN7,837586eaacb74f227db0b6d4812bc187724505f9323ee27fe5aaedc2e704848a
ciqual,6208,nfx_5KH3BAJCSQCXF0K9W64NHVXFC2,d8ec98e83c2215d19afd913a84b74416297389ce7a9dc51aad03c5f805eca6e6
ciqual,6210,nfx_2DSJ4H1M3XF1KD872PN7F5RHYC,99aaa62571ec6eb6ad90f45a35cbed7c82bc01530c95e9e18af5d3cdf197f141
ciqual,6211,nfx_78JJ0VADFQ2ZE46KTJT6TGW6RY,06776ec8f4a2e9386f8728b5e28950167bc155aab4c5ff0f6a49a33c296c360e
ciqual,6212,nfx_64JTADFZ0N728YZCS3TR25WC86,570c736b8aa917e3bba9e002440083e910ab296a99c2dbb19ef695e4b42c6729
ciqual,6214,nfx_1EXNGCF7S93Z1E61BE67X7JJXR,0b91c16b4d15707932a73dd88efd499bb337163311ff19ebd1e09626aec13b6e
ciqual,6230,nfx_7S03Q6HM8QS1HVGEMEKCESCSAA,20a882853f2ec773c3f696aad08503497234d4b92b662375c98075670796c8b4
ciqual,6231,nfx_6AE0HSRPXEMHTRFXM5BHCHVDV3,07e0f8ac25d4ae3a1289ab1be640204276d93f70ffe392afd3338cc3a974ca4b
ciqual,6240,nfx_5TEKNN6S5YWM02D0X8ENHC10N0,8fe7c7e524f4cb3527e8311a35b78054fde4d1f579772cd5b7ee5c69b2c54cb7
ciqual,6241,nfx_1F8XM61MPESJQAR8VMPZSMDRRA,6c108df9a9fba6f31ec6e2c5bb6e92ec3c902ae9877036225d376b93e8741cc8
ciqual,6250,nfx_3WYSQ0ZFK0120PP4XAR4JRR86Z,9abc8aa02433778f0893dae84c67c66cfac958fe145355c18d11b1332a4febe8
ciqual,6251,nfx_5E9C7PDBA6BHDZ10DEQFY27998,8db6886a2ec34f473b8788548c938a4689c9cd9e23654204aed416472df76bd8
ciqual,6252,nfx_1A1RGR4X8M3MV60RFWMZ5FHN97,52c2aa12c0c619c634ade25ee92be9e6c3813618119dde8a8ed18ad7416ba4cd
ciqual,6253,nfx_0S5P9HTWSXVGCXMQYDHNC5R9EW,887ce15d027dc9373a6b0716577c6d13ffb81f7dc29470aea2e834e72982631f
ciqual,6254,nfx_18JZJQHAMDMNQ09FM55ZZW7DGE,0701e5ad2be14564260763497eaa7a91ac76d892aab46ed5a012db5b2a7a9129
ciqual,6255,nfx_0XCN8VZ8F9CAH8292BBA6ZXBWW,205692f85a6ef4351819ddf70ced1fc274d799522ba43b34f6a7b5990a2edcc4
ciqual,6256,nfx_2YP3CMGV5MK2TJ4EX79TA1SBNG,c25a452e31ad4baef762b49fca56d2c52097805d204bc26775b8c9093c108538
ciqual,6257,nfx_2CCV1D892CMZ95ER7T6JC05X99,6351dc24fdbc7567f7ea59f6070a06433d702a4b7947e62ca5114ae0a1a67993
ciqual,6259,nfx_78VFQX01369NSTH8BBQ7XJT6XG,4f0f9fd13ebf11193e6cba41b8e8f759dfbcb3a5b4bd026574631b1cf4183bca
ciqual,6270,nfx_7A0TB9DQ2KE33N7C56ENEPCBXQ,41f6f135ea06816738bdfdbc787bf167dfe60902eebb4a9b8c4aa38df9d0a494
ciqual,6271,nfx_2FHFTTZBX9M77QZH61PYDNN419,88a8dadd90c1855b62cb3eb02d14d02ae777450f7049599c1665b481d5f79e47
ciqual,6310,nfx_1NR116BWJJCAATA5H9P67XGBKN,2cc8fafe4e10a2d8ede70536e9b93feb559c0094526877829c2af94f3cd61297
ciqual,6311,nfx_0ZYXEPYD9GRWKNYYAFHDCRX4WV,c4688c82aaf327c4ac61432356df251ca244d876b6a1bf582662369755d9601a
ciqual,6510,nfx_59EFF0QENPZAN03XKWYSPCTVDN,dbfe216d431616721c4af401099d46fc9815ebde281ee87c925f8593ec01227d
ciqual,6511,nfx_1TH1T4FNV3N0TFKNPFHD7WEFCM,0aa6cd976886f6e18ce450e62473daa4ce272d41f3922691f09272b58f4530f5
ciqual,6512,nfx_0PKM67HQACZJ4E71ER6NJ7V8RZ,fe7588ceb3ba169396e02366e82056caeb9570001f6e8deb03df35039a40863f
ciqual,6513,nfx_2G5PG3T7S50K2FYB28Y7DPKC6Y,361bd3f7b55011ded34294f9c4263566ba5e5616a23e6053122461f2d6b8e371
ciqual,6520,nfx_7J1QWEBK5274GQ01XCMQ98J04R,6a76bacd6e74078e95467a771f02f9793fa2d0c9f031b50acd606583848a9569
ciqual,6521,nfx_0K0MNVQM76K5PJE520W4NHTM7Q,a0394e49a2f39b1e2656bc1e445bbf4585e3c7856ef1ec9b61f9e7206a9cc847
ciqual,6522,nfx_77716H0P7MJZPPH003KT97D9PX,01282a5cdde13319548ff6aee8a508317c7d180c3c8737a8c4bfb7752cdeebba
ciqual,6523,nfx_03379F33V7ER86YD0CXVTZC274,670959f5704390709399b06e722cb82262bf13828ddd76d5dcacf028a1a609ed
ciqual,6524,nfx_3V906CECJ0GVFJGV1RMBYF4460,376002374934546062874ed5d58a4fc9e0ecb292de614b3a24a4f17d09990efb
ciqual,6530,nfx_0AH66XX20BGE6GHXWAQ4BJWJBG,ac0277985fd6dec264dfbabc48739ea0caf5bd9266d75a24ee7011793d4b743f
ciqual,6531,nfx_123C5FFC3R30ZGY343RSYHCSKG,f73d53c4a989345c4e2c84cc3e640d6340404da0b18e192f2bdfced53b5a0652
ciqual,6535,nfx_2XJNSDGNPHHDDKNBQA4ECW8PMS,db64a4b4808a1567db0922a4af7ec3bd40eb0b4d4c20d1c494c316f2365572f9
ciqual,6536,nfx_7WVKY3HQ3GZ4TPWM7PSSVAV4C4,4f4dd412b7c182eb10f2133329334d0491aa7ae7c662ef483554a663ae603d44
ciqual,6540,nfx_7DFEDFA1PY42FPTD8M6D6RTYRJ,8bc87130290831a54c4473f8696c465887193faecd18bc132426aabf550de751
ciqual,6550,nfx_1RPND5CR2JP1ZCQ75547GT39F5,5dc012900994ca8ef4270bfab9728576ae729b314ede3f8f1a5dd9012a7a94fe
ciqual,6551,nfx_2HK302JP72AZMN2NN87EM6YB01,78444ce285d0d196c43ef8c766524dcb6d5084662e5f5463bbdd119f31ee5c94
ciqual,6560,nfx_4EF9YFGKM5SH5S8BAK579BY1RG,93889ad91b05f92226cb94e147cf9733df85a20ef5808123e0d56f357135bc46
ciqual,6562,nfx_7DAS05T8RW6PXQ4A5X3KMP068A,823cca8a564d4ed26b9e7800f3084ad469372febe92fc6cc64e7fc8dea8141a0
ciqual,6563,nfx_707BF47VPDB6NNWJ11K73GTA46,daa7a9d8e498ff76df12846ad9fa08426b11aa4cff04db9492db55ead6952dfd
ciqual,6564,nfx_6905380VVY23JMM2MNF11T6EKK,a9c849a12b3b5b915bde66561e926dc2810edf7cf54024a2cf8356b02449dc3e
ciqual,6580,nfx_6NKCDVH7WACW0BWH1EX72KH75W,fb6c5ab07d5ecfbb675f9c680788e115601cae12ac998166208a7f3eafb7a522
ciqual,6581,nfx_72TPNV9D8EA15JZVCXXXEE0NMJ,f0f7f4dcd77b6613a4e5abbfc2c33c373b5c3b1fc7323762bf319fea0ca88222
ciqual,6582,nfx_59RVV4Z8HSBKJ3D57X44Z2H9XB,d50cdd599243110474a7d1c975da8f58de423e2662760e68a8d0dfae844a8c0d
ciqual,6583,nfx_2D5832B5WNJ4H1PD3M60YEGCTE,24dfa2fc19fd98306a2d0c86dfbd319178ee8d78df1121de496dd5ca5611d1a8
ciqual,6584,nfx_1QQ64F24BYMEQKQMS6NXJF2B7K,2ff41b497d91baa38466c22c6b72c669905b6fd33a68aba355d87221e59a9f99
ciqual,6585,nfx_3NJQK9YBS15FXKJG56HX0G4GHD,cd3e851c87a7db02422af810a7b041be524fbf9a1c09a2a3853bf2640b7b29ca
ciqual,6590,nfx_2RRA4P7RSJZ0VZW684QV3P2BJX,5d915f355b67988c29dd654bfbc85e9237628cb90e143c1690e163101554c8ff
ciqual,6591,nfx_63JW89864P6DW3H3B9RYN9SYCR,d2667ad80f42bd8211a093c539b65716e4d870463753c8827aaf123a429d2f88
ciqual,6900,nfx_39BR19QZ72DBS4MXM0WNQX6203,0e9ca587a61fe231efbf0e379333497406a78ab456c7a1aefb62afedcf757f94
ciqual,6901,nfx_4V0D67S7H1GDFANEXX3T3XSY0S,518065e49ad987782974a17108ee9333df87368b0ed26fd146b2f679824e9aef
ciqual,6902,nfx_66TFVPXBF72MZA9SCA914YK3DW,ad532fb200c52d36c52d0c2a5f2244745dab5be006b547a03d98423d08a6a2ab
ciqual,6903,nfx_77T34K43XGGYNCV66CWPA5RH4C,bc2d3f8915ba49710932c3aa9e8ea504e29a173b69b9abc9ba8529931b46bdd1
ciqual,6904,nfx_1XAJYFWXV8NBNF6A3A81F8VN4N,b51630582e949dd36fd92269322334a8dca9efcc4c8b799d7dcb850d2cae21f4
ciqual,6905,nfx_0RQ1SMW0197TEDTRQTHSP2E5FS,7c0bdc8b3f8e87f06de78794fa10854d5f48a637b81b42969cbcc74cd3e671ee
ciqual,6906,nfx_2NRQJK3GC1JKJWYV9XBQ2109E5,250c9bc173af9b180105805360af97c912bda208e5593303a362111ad1374698
ciqual,6907,nfx_665JCT67PMRRP5D0J95F3CR45R,61a356084d25fee905ff73602ccd1a7423cc2043550f2b5caf3c884f75024295
ciqual,6908,nfx_5N0S6C05JAKPCEHXS1Y0ZV3QPA,182e33ee7480223ca7a29fc0d9de580ec606e72d51a1621581f6878e077b2fdc
ciqual,6909,nfx_55519X8DC1MYYCT7J38RV024SX,e331ae6fa108858e159a951c2af9471f332e2697fbf47d38d97a6a4cb858c6d1
ciqual,6910,nfx_109SJ80B3G3ANK5VZZW3362PRN,bd477bbec3014d54dad3d431f6e2e110522fa881c01f86d8c024c9a67a546086
ciqual,6999,nfx_40PWMWJ5NFGBNBYZF2Q66TKEVY,99e225cb128175ee88715c1b477773447270ca7c17a1e5f51c27be978238944e
ciqual,7000,nfx_2P955H3J7NV5QN67M87FFHENW2,8af25c80eb121111a4567594625ee2826a5c7f8672e3675e2e399806b395ea6f
ciqual,7001,nfx_6HFMXAW76VQED6TAHXHEY9BH6P,afeaa278713de5ba9af4052a7cc25a4e4d0792068188e9f90499932b40ff51c0
ciqual,7002,nfx_3XC7T81PCM4GYE9RPCN6NWBAX1,65fc196ccfa7210d60643414481f20e6888a6795626ea955af89903da61b8625
ciqual,7004,nfx_095QAFMSSRN59GB7SV10861BK9,9bd22d1be2009007debf97201eef9544e7403604d1785002fed4766639dd0498
ciqual,7007,nfx_2VMKQPF32BSCRY1TYGYSJSM6KS,7ad02002d389e26276e13a7a686fad4eb9f3116b0285d070afda24253d83a76b
ciqual,7009,nfx_1JTQK8CSRQBZVK8V5QA3ZD5Y0Y,ee11bde580be68a606e2a10c2d686a699d5922f4d1ce4586633ce658a1cbe587
ciqual,7010,nfx_40PD2CW4W2YNBPCDF554SKVBH2,5b4a09fc42e50733d88f90e4d18dce2cb4e89b0067230178c5c92d593f2ca3ae
ciqual,7013,nfx_1483B9C61K0ND3RT1HCKRQF20Y,8172b66222ac388c5fc391d7b54099cf271cf5d0d661648361e7f24c2e95bd1d
ciqual,7098,nfx_17W6YE28VAYFZJ92NCTAS4KBG5,e2d0fa0c8f065cf3651d742bdc134830c17bc25ad23edb42010870c0e6b0f48b
ciqual,7099,nfx_2Q83X5Y63JXVPTGFJ7NXZ5GEFJ,23b95113797afe5e25900d0f626b3aabcc943024e2b578645f23eee88c254121
ciqual,7100,nfx_419076MQ2CBMGZHPNVS0M13K0V,bc4d15233bd45614ddf6117e3ee62f965a76a7864f701a2df640cb9ea1cb6bee
ciqual,7106,nfx_2MQQC5G3T1VAXAYVV3DXSVV429,14a94a831b55e599467ebc69af50e884e6323095805b386e26f873a2fec51e25
ciqual,7107,nfx_2BVSDC22JHP5QYNG8WK41ZVJT9,6146c066a5b1b1ffa6863558637c87ab2ae098b7ae926e7448bbcca0e72e9e9a
ciqual,7109,nfx_2VXKR2VTE8RKH0P2E86RWK1NRF,83503cc62624a894320bedb304df3ec2ac73cae953925e2707792612f921d0d5
ciqual,7110,nfx_3DGHFFZ7YMZ17Z724YM09YEY7P,946fb2a2498cc0842bcf14122fef014c58df405805cb20974693e731ff7b7d72
ciqual,7111,nfx_7A91PCT0Z3Q97FVE8SGEYBSK81,78420e0caa224e4402ac7e98736a81303353a7e769ba7e8e1327325c39b2bbb0
ciqual,7113,nfx_21H9NK6ABZEGQCB42B5ABN6ARX,8fabca67f5edf2824699b942d151904816dbadbed6ae102a755c7069e67a7f4a
ciqual,7114,nfx_0K55X32QGV48MMVB07YFMH4NMF,fecd35c7be6550fc79f047791b2e097a3da58a7fa18c48fa9165ae411ae0db32
ciqual,7115,nfx_409Q02XCEEDESDYH9HK1JW4049,2e6368d88e3ed2292bedb1d372cdbb5f3d7eed79ff3e5fe20495ce332cf1cb61
ciqual,7116,nfx_4PP68PXED5KRADH696ZDTB8R2Q,4fe76317338757c89746c03ec62fdda947dbc858f0b28eaa11aba88d27bc4b55
ciqual,7117,nfx_2A0W8TZVM03J3744381R6G8NMK,1cf15d31f0e8ea54b07ec5a4dcd5633fa8ee824833e42a5061f81aad4e612f89
ciqual,7125,nfx_3EKDPVZYX84V7VMPWRZHBN69EE,ca4c34403e0e73a9efdb9b6792a79cc6bada5e2df5ef8307188140de3001d1f2
ciqual,7130,nfx_7180D4Q7AH4NNF6T5XVFHAK4YD,6bf1e48b61f881f0bb29388570099cc9f8537cf7310f1b7b111c60e4cd83165e
ciqual,7160,nfx_0E04GY5NQ50M09S20XE42F4NA9,1504795b5eddcada8f86683149e5dee15f56be76ccabc791f00c46d9ef290935
ciqual,7170,nfx_5T69FEDME30E1YWJ20MK2FZKVC,2693fe59c4ce3261a237c74b3a9426452b8823fc280d61ba7420d51fae8c8d41
ciqual,7180,nfx_6C2YM6XH0DR4P4ZXQNR9K4CFE6,0b4e0c23bfb567f29660dcdbd1c8b619049584cf477f5366069a0c30350d4f8c
ciqual,7200,nfx_3QZ4WW31FK648TB543HG41PHE8,670cea07076321688966245b7c7691964732bf82fde55738a44342d4028c706e
ciqual,7201,nfx_7J7XCS8NV9K7HSZCWJD7GQF2TY,63fc84aaa3100013e17a882fa1148e40718049901173638140df022f94609010
ciqual,7210,nfx_2PBR758XGM81S2X4JSN47FQR10,d272e4d7434dbd04a9905610eb2b3d5b3be9c68f3df0ad3835b2786ab8b1d8fa
ciqual,7225,nfx_31RCJ632A4G8JAGYVXDNAGW1ZQ,799205106a31e12f51bc01d2249ea583c673e52876ec6e8221a77202032716e5
ciqual,7255,nfx_01RD4HKT2QX0SQDNM0WZN94JEZ,69c850accd20aaa51827a6f9042f9b7a741cab30543026411223cb8f162671bf
ciqual,7256,nfx_3GF2J2BVRMK7H6S008Z15KKBHX,0914c96576cfa70914eaa5d301ad526170a645ea0fa736f26de9cbc82260e789
ciqual,7257,nfx_0PEABTRYJ6F9E0491YKV93HEMF,afd1cd901ea87081230935584c79957957f17838eeddf795b5faa86e6ba090bc
ciqual,7258,nfx_29MQ21SZJDEGB7X5NRCB3RNFZB,ed3910bb9129cd23d817ab8e4e6b56cc8b3988a1e2345e94f6c50c1524052fb6
ciqual,7259,nfx_703CKP1JF62B98HYGM9A93JJPB,477854ffbd17ecbe010b6ee95cd200002088ec7e2276c45f81559bd5c0b00f5f
ciqual,7260,nfx_7T4F32X1H06QDP212AQN5DGAD3,8c6478048806aac2944896c3c993510c2c2f4eaf913a57a5bd411a180b7becf5
ciqual,7261,nfx_3H4MFC1PK709YRM7N3J8V57W36,92fa7d38edfe19b312b2bb7dd966f0115b4cc06ea0561c2a3569f333b2402a88
ciqual,7262,nfx_34XTDW7012M49XG3J3336M1WEV,6c23d069883a891fe60f2277dd8d9363a08a4253eec83f973538a3a4e2e6f278
ciqual,7263,nfx_3KMQKKDQ1ZVZXC75WGSMZB8YXW,84a2dc4c37b997e20071d0c60ba31ef7b3a1ae7da5265cdbdb48d8418e2f13ec
ciqual,7300,nfx_05E8MREHMMWN17787P9SAAHV55,7fe42c2de21da50b6e3018d808c03a11802b63154baf43504305fccbe8f43e4b
ciqual,7301,nfx_5QBJEJ0K8EVDGJMMR8M2YE7BWZ,493e05f8c84ea1566985d77db3e9424eba2b557a3e54c116c0b03cb7d73e6311
ciqual,7302,nfx_4650HX1D05R6Z871WDDX7PG3TH,0158d3c6b2ad540c41bf46df1c30db958dd68f1b7d464157ab3a09ca61ff2e48
ciqual,7310,nfx_57F2713CE9Z1VHY2MYS6B842ED,ddb2465c023c98a5c4d14cf8a404d4ef6efaa7e684832b117470bb6108ce7b62
ciqual,7330,nfx_1GJ21625MHF3SERHCE0S4R9752,70ce9fb7d2bc7b150a05ecb75bc95b1cfe9e0c70eb42311f97ca95fac4ec9319
ciqual,7340,nfx_0R9KZEDSQ44BG41M3AGW8193R4,11b21938000706cc2cea32698e263e80cd06bf8bf79ee998ba940529aa3e3d9a
ciqual,7347,nfx_72DMYE3VY9D0SN5F74TSYA14SJ,4afa5c1afa6e4d692b9ca93443538aa4ba16fb61e8801144a6830fb0ea0ef4de
ciqual,7348,nfx_17SZSHNHGB05VY2VC57MDV84KP,7e861ae74f40d16e704130117ed437044a84f316010ba3de62369d3130d9a735
ciqual,7349,nfx_632MVREEVWV266SYGQ53AQCEG5,ba074e30ba99c5f7c78b2e9a1b5a2fdd48e451ce0ee3a6027d91ff91f25cac73
ciqual,7351,nfx_4AAHKEFZ47TMS5P5VV3WFXGE20,83cb8c6c23f7a990d8127b36a1593c7255e4b7946644e134a36de9b57f265c02
ciqual,7352,nfx_20PM3YQA277DPZS5JMDGJCW9DG,0c636e5bb1bd109129cc538f20347a42404f8bf1397dc9edf2b3febed1fd1fa3
ciqual,7353,nfx_2WNTJKKDMD4V6WC1MDYH4DEJT7,337f3890abaa8526a396cf75110ad2467c0fbcbbbef358034131116a9097d2ec
ciqual,7354,nfx_700RTZ7WC0AA5GC4WG3FCE5QK9,38712b96ce581193e2cbebd4b5886653b630f930a91d0227ef1d86dae741d7f8
ciqual,7355,nfx_69829AR6GNV3G21NGPQ80R7JC0,8d5ece0740e99a1eaf88a91e13f90d1a595c01c7698f9537d94ab7fbf42e07f6
ciqual,7356,nfx_64RAPB00VBYTPNPT1MFBXZKD7J,981c0dfa83b14a6f11ef36fa10f1efc0c1480fbec5963e797de9363cfab0ff2e
ciqual,7357,nfx_3SATFJED3T67KM18NMZH9T3W75,f17cf82aba261484c6381a5eb1717d66936a1f038cbe225058ba6c145975d674
ciqual,7359,nfx_3FDJFT7VWB3NSH0ACJ2P19WNTT,4f4c1c342056ac98df17c58fd27183d0cddabdf43b2c61b0a11a814b427f22b0
ciqual,7399,nfx_4Z0E46H33BV2VMNZTWHTE76D5J,251b4d60100aca041b7d050bff349b192e3327df62e2f365fcb1e2a57d04961e
ciqual,7400,nfx_3KFB92SC6V2W3N7EHPJ44BZMNZ,dee4919a2000232a9997d91b0614c59c4623b758f189aaccea67a3d6621b9d17
ciqual,7402,nfx_582W27VPA79FG2F5EF7P8AABES,a1a23f8d35fef83b25ef9c4dff02ed50aebb885501af8a4398ee03e8a30f3c0e
ciqual,7403,nfx_1NDKRFGEFRZS90EP87C1788GKZ,b35f6cbe202e7b43fcbdfc4b52a29b193779d8c4de72d0cd3bccb26ab037489c
ciqual,7407,nfx_2GPRK7PAVJAGHFPW4VEYTWEQHJ,ddb2a2c4445f19a79b311491801f74f7e8d2fb96c0facaf9b65bb66c1ac65757
ciqual,7409,nfx_62P8YAAT9MF9MC3NW090BFMBRB,8173102cade9272d2fc90126b4cc8a80ddd5bea208cff8a3d85750a2d31eff89
ciqual,7410,nfx_6ZWY78HC8T28BWPFNY4ZW52B23,2fb1c39958a451497660c68452e7dd78aa41c2e80d1e443e229c458b42915429
ciqual,7412,nfx_2ZEQ3EQ5DE4WPBG94HV8DJTNJ9,d4607de8b0371678871937421379f9100b2113e54241bf1ff47817ae13580565
ciqual,7413,nfx_4KCFQK8NJ8FVJ053G57NNZ4B93,a97868f6530dbaf1249e5176e38945dc4d0e6d18e78234f52af1dfc863ad9b2e
ciqual,7414,nfx_42KVWX4ESDT8S36WVBP0MR2CGP,9e32640916f9085f7dc4f7c329fa42d681ce2a024626fb8a5e403d297f93d5c8
ciqual,7419,nfx_4TH9DSNXB2G7XTGFP3K4VTNCRB,e2771c3cce236bbb683d3dfed9b36a5843ec2ea1ca538899f2797726642068a5
ciqual,7420,nfx_197YVY8B3VC03D1Y3EMWVEPXDX,de9d958de391a17b9821f76a28f48684dbe403d03acf765645fcf4c2a249ca3c
ciqual,7421,nfx_5RWPAXCAVS9AAY8SXFK2VVG76A,3e6102d9e316daf903cf3f7f012e876a0daedf812a95fd915d58402599646866
ciqual,7422,nfx_5SJSWW6BXYRAFR8HB6N2736GVY,64f5149a07a09513061d327a06f7875016f50777bbc3d0dea7b0c6ac20bd9e14
ciqual,7425,nfx_1ZXY1T4F590RTPEVJQJV2VH9ZS,218dc1d791eeb1593ab4b9c93304d238a7dbf1f53711a1e83c23f9e7598015a7
ciqual,7431,nfx_5917WQ5KSTJ1RBV4B9G980WZK2,d0ca45f72232eaff335e0a19a72c37e9f54f4fbff9faa91a6ecee9355f7f948f
ciqual,7432,nfx_4H3ACP8SYYAJ0JWAQFEWCB1AFN,51c9436ee323012d16fc09bb8376d1489eba6a4080787cc7f23735465af24e43
ciqual,7500,nfx_3AF74S072BBMXGEA76C2GAWJVD,7b6e9d334948968af432ed1f1fb1539f239c4140ec20d82f7c02f2fa52930af4
ciqual,7525,nfx_1ZTQ1XDB443DTEDDMA1SCSNBD1,e3b1d4945c8a31e709734cf013aa22c37052b5495eb32562b78fa7ae601726e9
ciqual,7600,nfx_53YEV4RBNME51H64GG1TC3KZZJ,c49e1b424387c9efed1644927fdd7d562e40ad0fa09afdca899029dd73c48dd2
ciqual,76000,nfx_4CC4JCW12SF3F8FQRE3B9HSTVM,68c630b37b9c94c14fbd73857818b6ab61d623ad3d1414a2806be3e351b1f84e
ciqual,76001,nfx_0P44VCP2V902FYGW0XWRVG2G3F,d2bbb6c1c5dceb9a23195b7c0b578159bbe931849369fd87f1b8ee53977929e1
ciqual,76002,nfx_3JV0ET6K5STQ06QF7MMVMMBXM2,2387afdfbaaca9959368076403c2b9d0eea53261eb4fda7723c4ac4da2c65f68
ciqual,76004,nfx_0KZGHJTFPFE05AFVXWCVD7BTQS,9456da942b4502068885ca3df52f4fa65ae2f0a1ab06cbd00b9d0b4e132e6b50
ciqual,76006,nfx_1NNZKPZG57BA9Z1Z2N0VF2MEZQ,56155efa666627b43893fe55129ec7f70212ea88fbce063131da6fcd9b13ac30
ciqual,76007,nfx_4NZVHMJA51XVKY6ZPW34W23SY8,03c797766659ee46d2b495c26b7dba66ab5f062e9a2a23377d6e57969af4971d
ciqual,76010,nfx_3FEXT8FN2B4DYDV928Q3THTV7R,f5629c141c74c5138dd9c2a699f304dd960bc7fa7293d4088117fcb59414f575
ciqual,76011,nfx_5DQ4H7XGBYCJ06BBCRPJNKQGAS,a1d6e94e1a9bbc3e1d29a9b3680d70b4239a47bde959c599f542ae935ff17fbf
ciqual,76012,nfx_1V2CZG6NXBFN82JHMCC67QQCHH,49cebe3e8e4a3a1fe1fe949d84b26178afcb74f6b5359248094a68e5534e7f43
ciqual,76013,nfx_5Q2V8HGZJ3089FP2S2N4ADGEK4,e96fc2edb44298c5c6744390c3d6be4c6c24f53182bc900fc8a5c7a408933fa0
ciqual,76014,nfx_3CRFSP376H3R2DXS5P7A5GX0M3,eccc2094dc6b4795b6c46fb536b0214511ae119810e2b1d9325c1cf6a3bfd93b
ciqual,76015,nfx_2Z03D45HMRN5RNGRT4RZ471KEN,1cb4bede33351a6339f7865543085f9b8c155760695d516936a2a1d3cedd3440
ciqual,76016,nfx_4WMNE6J3VSEE5NC5T3JJKAPN6J,c4237588b01c5d8084be2d56b90bb8fa0a1dc699531caa074d6b0741407a9db6
ciqual,76017,nfx_1PSD3SCSXCKCNPV72D984N1ZGZ,4d895e5930b52948f1d0c259c67a3d422664581725bb9ad302be8e25b5d3d992
ciqual,76018,nfx_3CV1Y73AF80RW5S4TZYV3MKWH8,e5245dcb68643035bdf3e4aa4c14ffeebd856f4ec9d027941e8888b3739f907c
ciqual,76019,nfx_53566F46AMAE01A8VBM68D4DH8,00b9de59a131ebb6fd686507f7cdf2c85b42173b584bbcbc01c005a34b5b6457
ciqual,76020,nfx_2CPJ1VZNDBGR3756R3MDKATTT4,a24a898102193df537e0c96ad8534b18d2745c1b5bdd049dd3fdbfab317e419d
ciqual,76022,nfx_39V2VN2GHB6WMFP367E3NM8PNE,ade6b661c8ca736252dad68c8264b427e10b6408b46ff50c60301938fc8a0368
ciqual,76023,nfx_0E4CP1P3YK3RM02TDV27SSCADF,8063f946f8370da5f77723c679c794bc3d5df05ba2ed43118ea466e3ffa6922b
ciqual,76024,nfx_0SSDWR4JZ1Y3P1M4Q70QDEHMWH,69d87daa7abaa173c867bb69437579837bca57a2e5979880734db4dbacd4ad13
ciqual,76025,nfx_50XQAEN97QD1P22Q4CXG2DZA3V,3c38703f20441198a7bb10e5827f666fc6c12ab34b07ab5e2305332bfd3c884a
ciqual,76027,nfx_42SJDSZ5YM7SYDCEW8S5VQYPGT,ffba51c1457725634a6f9ba7eb5cf081427da8ce513743961d273913c9831efd
ciqual,76029,nfx_6TEK5CEYG032Z3DQNH5K2N9HDA,9bb8aac3141ae3512b3589e306e290e0bc7585c8480efa0b89592f01a8776f2c
ciqual,7603,nfx_7VJ24E0FVKVM1YRV1NWMEDKA64,e0458718d402ed6f4c9a5ab0999804bf8a4a673c38039e6d1dca91125cff2f37
ciqual,76030,nfx_07T8ZCP6KC1YCQ03C44K5W2SB4,62d753a9bed5d97ee47a0a92470b5b986ae662dec072a031f0ee6fc9d6be58f6
ciqual,76031,nfx_4PTQ3A96ASQR840ZNMY251XT9G,5b11905e38ac48aa010ae4b67dab062bb1ce3c21fbeef68c7a7fa0bc6cfb695f
ciqual,76032,nfx_67JH2GBRZRFF1QHT0SZA80BB4J,b534cbc544ba024a9305492621136b705d6c04983111826f17a636d5ca8d55c3
ciqual,76033,nfx_4WX49DP199Z9DYG5ZMY8BSVF5E,ee8832b3e02c13278a191a6e6135ce6871dae1c6d135e9092b51d8bec6060753
ciqual,76034,nfx_6S2ENNC75JZQNQ5977HWPCBWKA,b380cd9992a2e623fec201153af2fb1dea4648aec121e08a366d485bb52a6180
ciqual,76035,nfx_208T0R4RB39X48N69K6AZV0KWM,88850b56f0827721cb648e531924fce4db25b008016dc1de3475a16390fc1c32
ciqual,76036,nfx_2VWCVQQE95Y1GHJ1HTNP13D2JW,03322a71829997531d0dddd04a1e33be90cc432c236a05dec65de46c1fa9282b
ciqual,76037,nfx_7VNWA4KTCGDMMW6TB6P395V622,a31d00ebfdb0700c76c1ca090087e46c3d155ae1f58562141ba45a4f7af94012
ciqual,76038,nfx_69M1QAXRM9PPE4DEWDGE8EVST3,5a98b81880e2ce44e9ad41da052034dd4297c78d332826a4bc02c516d4733a32
ciqual,76039,nfx_01K26NP8X1GT4RP8Y6HKH697FY,b38f192b67dc9d0aa2a753cfeb51bf6e5c21a69ab30e031aef1ddf20ed46cd05
ciqual,76043,nfx_6RNS2C9WESJHQ886TP4R1GB2HH,2308d9b8bb773441f52012620bcde8d76d4e19160f77a86961958ddefd039a25
ciqual,76044,nfx_7KJ8YTVK0Z31HTGR8FAJ3R44RH,943284edf2194c337ca09abfca61a46fe1c033e33f95d6ceb598efe28090a5d2
ciqual,76046,nfx_224H6R4MKCF80K9TFJ32X47MR4,4820c556e048ae158c2ccf983b214b328307f5adf2b6065fa734066acec4e34d
ciqual,76047,nfx_7Q7S7FB8DDFQBCYM84QFZTMSTS,2b07e02fe9837024a5bddbff3a3558d86f356865b8d8393c6c2f8170f34d754e
ciqual,76049,nfx_4RAH7A5W0Z0EDQ2N5D4WM02A62,c691c471ae249b4c2b1127fc230115381b642ffcb8a783e330c2fe3b91f781f2
ciqual,76050,nfx_16WD7D8M65EYQEFQDGSVGFM0HR,6abad22ea61d1d6cc8e16dea780009d3d852f23f148b500da6c581068ba8bf0e
ciqual,76052,nfx_6R9RGXK08X4PJQDXFW3EA6G0VJ,be8ac69a20e5e8c42648fe3ff583d3ee435e97e106d02cf77079c650264be033
ciqual,76053,nfx_24S5P4YM867B21PJTWVEXK18VV,2ed8a58a58015bb39223300a7b57a64b935e82446ddd76e5cc19a39a1d3d6f9e
ciqual,76054,nfx_4MH8M6CN7R8SR1VEF1VMTP5374,5fe24f45dbbde84db2f83d27deb060ec7627dc8e659dd6b449ea4f26564588bc
ciqual,76055,nfx_4W8KKM4RQAQ0TN6EEVHQER5ED8,cda79b41040f3d4b15a8b47cf1da51d29dc2bbec37ac16bd7d172eaf9f3c4546
ciqual,76056,nfx_2M670XZJB3S1HBMVHX7EH77A93,253ae7c9735de263b540a5ce34adc4c2adc0c4d7121948ee6a7892edfb9dffd7
ciqual,76057,nfx_1QVKVTRE4N2TZBZHNXJQHMDSYM,d17a0b4edb9695d89589b53d9989408f48baad10a512083562a3a94d592b193a
ciqual,76058,nfx_4958NNCATV0JEKTA3SMJKRJ767,5d8dcabb6be677aba8a5ecceac58efc2b131a8a3f442459fc73c6d733f698325
ciqual,76059,nfx_5AHT2F8N4ECXDFQ4QQW1EK4QF4,fe4beed680b4c910642acd0dcb7fff19a8b8b11a1900f7c56117ba95c3cb02f8
ciqual,76060,nfx_3YJ9CF8ZMFMVBVVH692YB1ET9P,af9c956aa8fbc35fbb4d3861c6af0fb9ebe92b3ed18ee9ca9794bc192aa76c66
ciqual,76061,nfx_7FG32HVP710RSW92V2Y7XJA1TY,c6904a8d36e8b81aa2c3a7416eb8a0fd0d12e23e6b1f78b5fada95a7b8ff6428
ciqual,76062,nfx_1THRSXXA4ECTHCN7QA1M2ZZ52G,c2bc5b4b28952ae77b23a66f55f4c42b385f0163587e739dafe45b77e4f7b35d
ciqual,76063,nfx_2DYNFASNEF34X0KQVWXK8QXDTV,fdea8967b82a1f83b415cebe17032fa5153f8eb022a28721f56b9d485e72c493
ciqual,76065,nfx_1ZQ5XEDQS4CMEJG8VQFHVWX4F4,a3c48695b54c1986854c4f65c3ba9d499a5b62f716a30f18f592c2a71533e4ce
ciqual,76066,nfx_5QY8HRFPHQ9X7A117P6SPVHCAS,9e132777aa9a59908e900ed3155d65e239a3883e2cc3485055904b0db4e1a557
ciqual,76067,nfx_0NT1T69748GB1VW18R3D6GBFCY,cc5f5b619cc2654c2f05bdc712db89bd6905d01bd72a20875eb48176b0390ade
ciqual,76069,nfx_22C000R76RTQQNQ4M9PP1DZEBJ,485a1ef5c03e17703ccd6887719af39adb3e86994d3d737e2d81fcfa918f8a3b
ciqual,76070,nfx_4M3W3FRGE4FSSFQC78B2B2J3D0,71f5077a9ba15eac8c57f88fe896ccf6f7a68f64d1b463abfd675db835654a66
ciqual,76071,nfx_142STKYZKVZXYVA3104K8BJKZM,24aee8da6a6c6a61d85aa240f30e86fbd6aecb7a98d4fe6cf4f3fede62195257
ciqual,76072,nfx_0W4QJR5HY964XP0498P7Z3JSFD,4e24c72057c275c71f547cf9865bf6c6558140c2924945aa9e5000279a6f8818
ciqual,76074,nfx_4N7GETT3GR9XD5SWKMJKAAV73H,99a1eac1658187e6dca91b79791cc0eb0f8132855fe4c6e73d3522a9207e64ed
ciqual,76075,nfx_35C4S5RHSY81JA24ZKXNB692QG,ad933ba23460fc6ee4a5c64d18b71b1a8acaaf55e48ceca09e7c0eceb0f86a8f
ciqual,76076,nfx_1ZN0Q7E8BDQ8D0G5C1VKN5XYZR,1b248a37e9db5bfdec3033ddcb27dd97238d71275fe3c244b5a20b7854d57bd6
ciqual,76078,nfx_6JXY4BQSQ20JM8ZYHRGA00FNA5,3fd1771f5a2107e427d92994459dd1ec18c92ce39e1e7c32abf682938fd1847d
ciqual,76079,nfx_3WACQKZ3TN87YQ17MC2K5BAHGF,633e360a77711084768eef4095eeb5be9ed2aba3b4d2c18b8feaf7af27c911d4
ciqual,76081,nfx_5Y7YT16YCFWFPBWJV7E3ACX8AS,276ec0157962fdcaf5d33505552c177670538726eea7d0cbc7420cfdb2e6da05
ciqual,76082,nfx_0TPWQBK8QZCCTJHRVEDVCQP28F,b90e406c29ae4ffdeece661b96ee4c14a19f6947690e2c896a9526d73260cc57
ciqual,76083,nfx_75NQ3TRJRJFJVGR72R0KHAWZYC,22f355134679011c8705b0e79f74fa8e77b20632d55bb2b6e21eddfb708f4570
ciqual,76085,nfx_1MWY34RHQJF3S4DK7EYRXY5P9W,717b0b7d44f6ead4c83ca5551d7712477cccf76c64ed5adca56532d38d5881bb
ciqual,76086,nfx_10X883F1KPXRCHB319SV61VKGH,c8a39d9c64c973cabb3ad2cc73d96f17e031e7499a3afb24f0e07047deff2211
ciqual,76087,nfx_5B504V470C7ZC3VTA8MRXF4RSR,2ffa116dd162161211ea4b4406a2546d45bf20152dbc65e5c6698288f137e44e
ciqual,76088,nfx_7R5MVTYSR6TC57WNN2QSQSPM53,af83c7ddc730957db26be08c2289c020fe72a51ac8389fdd4f5cc2be577a7275
ciqual,76089,nfx_6KJ4ETM8RN1J70RNQYP0KP86RN,1c58bb102a7f57224f3063abaf71cfc5b9035d737e9fb867cf897e41d1f63008
ciqual,76090,nfx_6QEBHHGW1HCK3ZA4M2XBAEEJQ7,db1969325666a470048aa5b80f1fe84c5117695b5cda0ea085b38e7898612eda
ciqual,76091,nfx_2HTDMQCN96XMG0PRY6KGPW6GYQ,a6c79058b9aa14644a7ec581291060e3cf52dee018c778da557ec2a5c2fb017e
ciqual,76092,nfx_1R57W9HYTH0YHAX6000AT5DGJ0,4ba276bf59f33bd8383c180cd412c11c1a5259c8c21fde51a4026c44d0bb2049
ciqual,76093,nfx_5SWANYQXFFJYR4QVVG02BA9K81,232d69c78e2517babc0f86863840556f4cfcd3429291cf487fe4999dab9f05de
ciqual,76094,nfx_5V5E2BHXATAH94D18HG28GKHME,747397717f40bc8f344670c0bf0cbb3aea36ed20b9bbe2610182a36ac8b5e87c
ciqual,76095,nfx_6JK58GFNP63XH1ZJ069XB277AE,717bc7aba5e4af379452a347ecadf67dcb9b611b1780c7907529a33394762f99
ciqual,76096,nfx_6Y3J7P2Y1X5224E928EYZ932WT,8372e0b177c8f3cb2bf53eaf25f0b0b936b34b38037a5a49ea9159c3197e4079
ciqual,76097,nfx_2GQG2HZ3QWD8CBBSWNWHBRQCA9,b1aef2e5430e390e8d94877f98ddbdc0ce1c64486c07e410ffdb2bb0271ca548
ciqual,76101,nfx_6MCB020FS5BRKZ7948WPATZTMM,1a80bb83aed70f46322b35430597728912f8d106eff36142338d69ea39cffbe4
ciqual,76102,nfx_7MCPX2D54GTY4WHDSNG95WM256,2e7f2dec9afc7630e5ac610a4e2b3820fb4f9dafd81e08fd2fc9619ba942f172
ciqual,76103,nfx_0H8CVB7HB3YMGZJS2C2KFAZRTM,982591c2a254dc8153b057df1271a21bd1312dce31d8403a139bdc00bc8293b4
ciqual,7615,nfx_5VAY2FR0TKHJSE93VGJNNC65RE,e8c50783a17563f239b4b87dff487df1e163f77d5ea9b1593568cd863d8b8ceb
ciqual,7616,nfx_2GAV83S0328WEY6Q4TBY86EFG8,ca828ecbac2716b7426227011f2a5229553b56fd22083a315bfde2786128e20d
ciqual,7619,nfx_1AC6NJQ9ZS8J5Q3Z2CFES13BZD,9a2ae2432ceb2f7c790d90e73162dac51cc193965b36b4c13f05352ae88c0aae
ciqual,7620,nfx_67P0ZZ34ECBABXRVZ5MC5N9E7G,e6531bef3d814f0d833a24027f6ecb52cb2d4d39a69f8cecba9d12d229451830
ciqual,7621,nfx_3JRA6H8ZNMFV31J6VH4EAK5CSN,82ff6fd3f7181d81bbbfad6ab500d93055dea4d1b861ce687363eea63b00dec2
ciqual,7650,nfx_4J3HBJDXTFDEKBRDST8B9XYPKQ,9a67547d037a81c5dfc3cf95e02871d42800c01032245abbfb3030cb235a251e
ciqual,7710,nfx_0VNHMHGMJMGYE950W8B3XEYJBX,c28c216b0c0e967a8e027d019e7c86d48f0cf8e63639b9628ddc4c8625e5311d
ciqual,7711,nfx_4VDY12V4TFZZW3QSMC14BY37MC,c95f92034af19363afdf7b8ac636ca97c6c1b70e9da5bac8f716111f92c2bb3b
ciqual,7712,nfx_0P319JG4E01BJ72NYCFMN3P6RH,079734f8436fc1bdb5dff177fe94ff36f76b71c1d5ab201a4f1bad0156076eb8
ciqual,7719,nfx_50T7N0Z2SPMNCPAHKEGGV5HGSM,b8fba682a4e76ee1ddcd9ecd322e42707f296d621a694fce19f94f580c2a8bad
ciqual,7720,nfx_7ZZBBGWWFE4DD19HHWZZVGCBAS,214fcfce1b9852119ef9f0552fd3620d5ce99bc1db7b79febcb5a2db4a339c9a
ciqual,7730,nfx_5PZ28HAQD33F8FAWG6ZZYMB3VS,9e4fd4ec89c508688e3d03fd3e500f9a7f3913cfae7805d5589cfe8dc7377959
ciqual,7733,nfx_1G5NFB32WTJQG4G9ZVDWMS16ZK,bef7bbec6ef86215c0ca158c82433a9f1cc66a8354b7389794dd0acb8e5985ad
ciqual,7735,nfx_54FKSAVXY8AESRQHWGMQJG2QS7,607d64c82f7cdb3e6f6244b10840285ab30c5489c023e5321f90b2ac09ced6e3
ciqual,7738,nfx_4AMVX3AC3RVJC3JEFT8GJ90FKN,75ff9af65ec73a2cbc02fd5ccc03aa80c6a1d04ba60e111150e76ea9228b2dbc
ciqual,7739,nfx_26JQWT03HYQXVZMJEEAFC8SASB,ef0f58f819ce229bcd4542b39acdc3ae61cef5de467e98e515da72365944c23c
ciqual,7740,nfx_31MEDCHMFV1KP7WT8Q6E0G74W3,0887430ae685ad8fe4e5fa15072482aa7091d621dae96e7353538bc5b4df1743
ciqual,7742,nfx_44AQGJ3KRCDCZWACB59S4DMYQ4,4bae2875f7f761a00ea71d61827b352933386f6d6bccf38307d639206b9ea04d
ciqual,7744,nfx_11P36W25A80ACCQ5A8NZE9XCB0,32ea1f0022e0b3ddad87d8d1caac5a97198daf03fe34e9b2d3efb6c3ab98180a
ciqual,7745,nfx_1XMCM8VKTGFR2CC1H40KZDZAJ4,f09c63724d30fed90a36ee2366bf1e9e405ce426521666d7fb6b72201428ea30
ciqual,7746,nfx_1KYFHTT68CMHS4EM66J9SFR1GM,6ad71cafee16b4f15458cfc77010544465163bcf93b0952ebdfd472bc322a405
ciqual,7811,nfx_5PJTMZB9B4RC6KNB3Q98ADKPJV,97bf0b62be8b53882db2d5638211737daa1aab77a2a8a485f618a7dfe7a23bb8
ciqual,7812,nfx_7MX31ERD3SY2C9D14RCQDYQ4X3,b7a031e8407e2a8c301b74faf45af997f7b8796abf9c556aba3a8edf5919975d
ciqual,7813,nfx_59G1WPRCW5D8YVS7JQXCX4QFR5,329be005786b9410ec1574d53c79ddd40b78012e1892aa80fdad904beda6c4d1
ciqual,7814,nfx_6FKJDVHQ5GZT50YD9VDR6693C4,1d9a8802b8c2d5668a5a2776c60db9f95a577124eac41f3a6c5be8c697a0d8f8
ciqual,7815,nfx_0BV8M9NCWKN519FSTAEPXS0YQK,a7f5354c235b9870130d9189c628103742da88f4cbde9e48571922db3d073a62
ciqual,8000,nfx_0C4HMG6EDSARQ5VG65NG6MMMCC,f1042494f12d6a9236a3cfe2fc031ea362e1481f4267beeadd533fc16f18c679
ciqual,8001,nfx_5ZMV9CS5NDZNP2P4VWQZMTTXMQ,23ca8bb5efd01c413d0fe2e1851d34f0645bbafa49e72a37d9fbcf27d18a6769
ciqual,8002,nfx_37QN74DJTT9B14DCEF5FC6JTQ8,ab33a1d7e2821af7a32c43bff502a1f07cc7ce681bf04a27858b12d3fe662036
ciqual,8010,nfx_47VY6FGNXXHQ306DC3R1M4B1HD,bf5cc575b6f74950c83cb45fd277f75b6547f7a1bf1bb87674bebfb05168e59b
ciqual,8015,nfx_30NFCT5FM5ZWEH3086VEGE4A3G,6672583c00647948920534baec8dbda9bb0ba969e62e5acc1b47026fa4b988be
ciqual,8025,nfx_7SXTT8ECWR3KPNJCS27F6JCSVG,5b56b4ad36b2a1ff840cf71211238baee6bae26d6be095781fada6dae7204251
ciqual,8026,nfx_2J5HA41SSE5732K7YZTGV6W4TN,bf889b001efbdff21d61f59e1aebbc337f7ff42f63866c982dd4f9467b169fad
ciqual,8030,nfx_5KAHS40SVNJ0KMPM4A1CCH237V,d49cbf8eda4233166fcbf93bb95e9add567c192a7083c9099f714dc522b670b8
ciqual,8040,nfx_7VXXDCS15FYKGJ0B6K5BGZGDZZ,b7fdb670f0c010c998b406a38fa1cfcb4edd4aaa00280e283ec1e3a954e778a1
ciqual,8059,nfx_1QMHGQQSEN2Z2DY3ZRRX4WFRYX,4809864ccc140db5df7093f3851fc62afea0aa6b6af68aa16bb173dfb7e5d39e
ciqual,8080,nfx_4S5APPX1HWRZA36NXKZDFK2NTC,53cd6c7da88c98d86f518d7198495df6bef1dee7b755ad5ac55805109839769e
ciqual,8081,nfx_60WHGETDA3X30W1PDWHX9N22EZ,a80d5d0830c9ef190c8e21e72b2cc72010711c9aa4cab973c1f56658a6a4e17c
ciqual,8082,nfx_0SH1ECFVK4MN3DCDCQKBDBHFMD,ff20a37d811d07fb42c659676c271950e70691b3cf4ccda57463cce9c428d518
ciqual,8083,nfx_7S3N24GGMMNYKYYQ0B9F18EG44,458d3e38402774ae930e3f75f6af8f50f5f9fd1fb460fca2aadb8f0c43f64df9
ciqual,8109,nfx_0T8T9Q902TYNGX1KS9SGVREDDY,1fc74879b8f4b1635842951c745dd11544db6ec95a4bdb8835d59f3158aea166
ciqual,8110,nfx_0D6PXKWCEQVPV53HMTRTCRGXHN,032870553ed23a590ab34a2b09092d71aef6c17af34c1c714d854043b0597bce
ciqual,8111,nfx_0NA9MBCJQJ6TWT4CMJ17HGVP7X,0cd25f0f48a71f66edd120870aaa0739aaf1328de92e20a0f490863d876327fa
ciqual,8120,nfx_653ZGZNNZ03WRXQ4EV7ABT7YPH,bc18bde15a01ddcb19874ac74b1dc66368c2aba5a4cb402f3acbd9304c54bba8
ciqual,8125,nfx_1RA1MRRN8NHEKHPGS9SP9PQGEH,43ab9693d36a6dfc462c3cd091a57631396f91c7f4d9799e6a9320a06c158079
ciqual,8201,nfx_3TMMS71QHSBTAZVJGHTWSZPQP3,9980029cd1fb040b82bff81d880b463b2b2713d8eff96a3ded0ac368a32e91cb
ciqual,8206,nfx_7HQS2HAG1CWKH7Y58EY0T7R4T8,d586cde9a0163184696f5a4245a225636f7f9a7ea2d7e8f89427c17c3a6ff9c1
ciqual,8211,nfx_1N77DRDSRKS0DA9R249X7CS3ZE,d7d4a475c472c8035e31e9f264aa7f3efb9a00961d3a86b4481db9ea51feaf13
ciqual,8212,nfx_4626HQXWDE94XPWPH2WTKHYKYX,55b7aaf0800356876096b919c29683fd78d6390b898a3f6cb4d0a52250a4ebda
ciqual,8214,nfx_4AQP4AZ6QSYWZVGVT4EQYXB363,88398bb2e6239697f3a86cc0ed595d23a63277cdecefb604546ce28e3c081fe2
ciqual,8232,nfx_2TC4ZJQCFDDHNRQ9EMK2TMX4S2,dfa0332336cd9389bec19f770eb73eda25c9fdbabe15cace9210d9b5461f511e
ciqual,8240,nfx_1BHGJ95D8W9JPJCZPM55E44VX7,557e0f2ce2a445c2847df3ed9d6d8febc4e48b5ed8a11092ea37aabd1401c35a
ciqual,8242,nfx_3R1X6GZRVS6GF6Y99MS3GSX4PB,197df64d1abee0ffb825e1b3bf7daea6d9e69dac6950cd29dddd3714a9d37ef0
ciqual,8245,nfx_0XQBDZKFEP3HCZSTXYQ5ETM2BZ,e1cd30994bc44d64fbdf1547ef0ade839431257fd5021357a6d45dbcf032e00b
ciqual,8250,nfx_1C0Q7WKA1JVMK7BFNDD6TJ84RQ,fe12125263dbd02e9c524aa7375c3f9d4736384714fb0874a03e5fa7f9de7b4f
ciqual,8290,nfx_5C1AM4FAMK0GTVW613TS8E8QM3,e5cca6ff6e14bd273b4759a93991eed1f70d1f6c413fafee6871a04cff13e5b9
ciqual,8291,nfx_2BX37NPAXYTSEZ9N1M0SKN0QM6,beb835bfe9626cf333b540e9a71c0f8a1abd4b22b390df644f5482d0c463a205
ciqual,8292,nfx_0WRN98S0M5P4TCHV6KD668TDMP,9753c90955a93141aa5c2712e9e4db5c50522a806db470cf0998d88e14406c77
ciqual,8293,nfx_1J7F5DJS2XKWD9WE80HX80KYKH,1e2f6c9dae59a466f1a1d5c3957a0fe39e7c4d69c09fe0a8487eb094f4818b4b
ciqual,8296,nfx_3P6PN7ZWC3XSJPSTP0ZJKXBNHK,29d43da0897ee4dcfac0b7e76abfd104362d6d87ee0c1fb6902233444e430e77
ciqual,8297,nfx_7XG7Q2Z6AJS6DGNDEG8TQYTZB2,660cdfc0c0d5192a79fe5a16384bd997e83b5ce08337c015ee6b6b154524b213
ciqual,8300,nfx_6W0YF07N7AP9HCD39BJYZW15EV,544a64bf0396bbf53521e87d58faf03495210d2d3ed09b02182739c9c090230b
ciqual,8305,nfx_09SFSYRRJF00KCF7BH79MZM3KR,8c253730785391a74aa8ff2dd6747fd54453a440f6ebae070a4bfe3299087686
ciqual,8312,nfx_2J0TX6DQYBBFRXFDYSYDK0R3TN,5ef9e9d29d02edaeba5fdc86cea40c4f910479da7a9b27d1d1147a93d9aa0fef
ciqual,8313,nfx_5JN9B5BCWJF2PMC1RZ30YY8SVA,6edf697a336723ed669e907d9aae3c91c2244a3b4b01c6703db59038ca97206e
ciqual,8315,nfx_036TVS0JYXFMJVRRBB554YNZG5,bb69735167a4b4ea018e97e38f6424cb7d020af9228e8d182d414c422c6937ca
ciqual,8316,nfx_5GN2YTGVEE2TKCV6SD53WY9KVX,af6cca0690378bedbfdfad365b7163fae7a5b94c9580f4e6a1400a4326580469
ciqual,8321,nfx_047T8KSFK4GNKGSMEBSTEMQ57K,3885288d27bdc876496f0e36b9ccfa4931e5be72606087d9fbfe55d1c81c3592
ciqual,8323,nfx_2RMSAJ8V0GCX2GXDFREF624GQP,e080d5a06c6d65a73e05e930df70e1310242c90f5a506ae7a183dbbaa3bc3c88
ciqual,8324,nfx_6Z1E4TJ02FG91YB0VRTYW2T6D4,9f026c76b428ef41d880b38d0da412e26f3a7cf1cba0fb1809629d94f0850006
ciqual,8325,nfx_64PBAN0530P2W6ZCDS7A5EDBWQ,1130d06e8fda686274b11122af21220bb09617509436d26afd298f152c0b2752
ciqual,8326,nfx_69GJH132H6KG81MK69PZSNF3PK,ee13374418e2afb448e49f201c212c4520810de15734a9b0c53e962c2acb9378
ciqual,8328,nfx_47WCB14K0697KEFDSQT2596EMN,07ced1bdd3ba61ed8fa4109cafe69dad11b059f21e653730437ac72c8bc8436a
ciqual,8331,nfx_227NFQPYH0PVDBC260VXJVGQ97,988a05d6cc2d092b87263afd9b7e94159378de0f3a1424a78892f11847e1404e
ciqual,8332,nfx_4BF7ZRYHYKWCES47BSKZTB7KD6,8a173538c53ea76baf6ea5d5f1ade8fe64da8645f106d5323d13b995490b5779
ciqual,8350,nfx_3RXQHV4Z2FM51RBNQKAWYA3RR7,291177ead1e05a702fe364ed074fba86892bd6b12351f894a871fcf699bc1dbc
ciqual,8373,nfx_3WGGPCAQZ2PHJAD7AX2XYTRM2J,0e2b8d098cfc4addf3c42af7ffc11802acb73b74754fb5418aa75fe9e3d35980
ciqual,8380,nfx_6QZ5E7TASA3TKS0H718WGTM08T,714dd10ab18593e448e38b97674d2f5526157486d501c5aa954438bfd4147195
ciqual,8391,nfx_6Y7G5KN7G5JZQMN8YS4H7D8J40,83b91923f28eee8ab903d7bc394d8b2bf98faa09ec91dd2a60b9c6683ee83af1
ciqual,8395,nfx_488B76R4DMY6WHW3DRXR020S8K,c3c2ea7067af7e48d382ee93175b0a40614ecfd9e1df51ee309e76fef73714d8
ciqual,8400,nfx_2ANG2PBGH2R9CKVEVJZ6TRF8Z1,68c405821c8d4fd7a84caa3ce62d4711d15935cb55995aac3814e67d9ce8b9d6
ciqual,8406,nfx_25PNE1MQKA0HAHHZXRT21HQ9NR,9c25116edc434ad7c9a51cf7761058bad98708cfb6ef987ca8575fda63a3304c
ciqual,8407,nfx_3RM4V8TSN12YT2P17XH3G05BCW,7cfa31ce9214040e6fa6a383f4ed07e52e668ce82d4581d2f202537b0fae2d74
ciqual,8429,nfx_7W5YN77V8DR1CJ1Y53DWHH9ZH3,4ea92a5e2ff4df8fd1d1dd155b844fcbb04896c263b749f400ff302cd43e8185
ciqual,8450,nfx_61FYWVSWK4TWRDNK16GKF9NY8N,79753c6fa838a9591679af13f6e306375a09a8fab05bededac53128a581dd226
ciqual,8500,nfx_60F26QZYH4R0ZJHWH8F8YWMNQS,2637ae1a1f50ee2f08254a31f4a54ace71c4932d97aa11b47ebb7159d654483e
ciqual,8501,nfx_5KJ7DT9E84971W4NE6Q18BHVG3,75935bebb917a01286114eedb73263ec02136107edc9446d2bc16d71b0d62e35
ciqual,8504,nfx_7M09AWPT6R0ZDHNYE4PQD31DZM,f25348b2d4adbb3f0411b721019aa23b83b83b34d54baebc59ac54c242b55ac3
ciqual,8512,nfx_7748Y5MEF42074ZEYR0S3AMZHW,af3ed3d00240a93c6a26bbec11385bcc3ac1e72ce54db39bd043c7fea55f76c2
ciqual,8550,nfx_35XVFQJRMBE84FCX45BQ2RKSEC,0cc33b96bddbc4186aae18b62d82e68656e3570eb2ff245b85daa686acdadd64
ciqual,8551,nfx_1B8QF77YH3W6C7JWC93BA5QBA2,954a2fa3135239a6fbf6e63ec4a26ea94bae5a3574a991fff7e77a616be032aa
ciqual,8552,nfx_3KK9GPW0Z69ZAHAR3ADMNKER22,eeb1432080b0bfb12425986e54d038a8e4ba42d629f08dc189c895ea0ae6478c
ciqual,8601,nfx_09SFHSKC8V1SG0WF0F3GJR50JS,48b6e2e8f4ab78502252f7aeb4891d20428c315988ee500e084a969fd9512f25
ciqual,8612,nfx_4KWK368Y8XFC0SBFQ83XC9V74H,3da1df3979ab559020dc7218bea468e19326f06697014ec0fb14b346c103caed
ciqual,8703,nfx_6M9XT2PMXB59MF4QPCAP255QS3,92594cbe5da6b9a6d07a842b96b147e3a6afeb4200ba4f545ca3cb2e39b282e9
ciqual,8704,nfx_4AFP1WD5GSW8A91SE8ZZCNXXZ7,8a0c7ca46c220a6fa20ae9e04d86f33a14b29901a44ac327edf6162670386933
ciqual,8705,nfx_2N1RVJB86MD5W5ZMX3Y2N8W9P5,e1e1d72b42b5aae379aeabf3ec6bbfb4d5f0864d23e1b07e765ca9bc175d1d94
ciqual,8742,nfx_7PETQRT5FD6FHMVN6V0PWW9QRN,698c8cf20fae3fa720b479e7b892d5e2089ec41f779b296003c980709f3b9ca4
ciqual,8800,nfx_13GC11G3HB4M3G7FYMF1WM5R1C,a760b092d28f99b78136a0d27ebeea101e44102658565e1bcefd5c8a2c4a5db0
ciqual,8801,nfx_6Y146DPJ0EHB4RW39DRV8SZR13,02b438222a54b034cdcc059be881a6989e20d24c591fc6896b2fb24f3d072ab9
ciqual,8803,nfx_246NN2D08X55XGM8CSHF4NFZ21,4b45805c835e18da502d7331fd295697fb2542541f773fbad596691ffbe74665
ciqual,8903,nfx_1TY47YTRA1V1PSF890GGNN1E5B,635f232c791b16286a2211ceb4652d132b5ebbee0792e91604a4627afd77fbba
ciqual,8910,nfx_5E1F7CGQBWEPZ03M0QPK2CT9E1,c2d047d9ef737a79b297b1eab9b90841ed2c4e4e929ee9f06ef426be4982c7e6
ciqual,8912,nfx_1X9B8BMAPT7BHMP9ZZMPXQ3AGM,6d93df70195665f328bf1457da27c520983a40237cb550f942a7a17d3abf196d
ciqual,8932,nfx_0B6DY94717DD9A9PXA4YWQA6NZ,9a122f54410a43d6c6b85f5d361fb384dc0eded27e6356a924863264f34bcb88
ciqual,8933,nfx_0546ZE0ACPNGC95F6X8F97XY8N,13b643c7a73ae9e46acdf2043f74de03d334b75c3197c6daa43ab1bb770305d9
ciqual,8937,nfx_08K4QY3HVWRNKYZ4WX7HJZSY3M,a67aed3c4d01e41a40381a66a55b3363e72239ae36eee9c9f4651f54f7d29eff
ciqual,9001,nfx_1S288JB31755G1TRGS1P152CZJ,3005f09c02bdc266c40664f417b32dd3a8662f84488cd4d202fc2459fb26a43b
ciqual,9003,nfx_1GCPDHR5PP10YDT5TDRJ28JN90,19e8c04fa16cb69ff3c94e7e553e1115c5cc36a27f4626c6a31df0b403607cdc
ciqual,9060,nfx_2MAPRS16Z7VKJZGDAZD0RFS8CP,c47f9b8a3b16793bf0b620a31c7c0348a2f9eaff3d48a3c147c9a6dc6e844d9e
ciqual,9080,nfx_6JSHDVAXQA091X3G6GT6E0XD20,20544f876ccc111669a7c410e009f8919e9b3f10b4fceaabc3752523460a0ea5
ciqual,9081,nfx_5KBATZE45Z8RPFEKN7HPRP9G9M,48ddb105241a875ccbb8d225b8d3ddc2e32ced50d5a59abbcaad70ee88283cf7
ciqual,9082,nfx_7Y7K3TFBJHRVF919PWR4CB73WJ,4e193400df66f13db249c4136127702824bfdd7d79ff4c1bc9b58df189ea090d
ciqual,9085,nfx_25ZTGDYQ1GKSBSADC0XXWQNND7,25ec95010cd6c1c187068cdd0ba084fc912116f3a2db14f7bad1540b3b657569
ciqual,9100,nfx_3CG22SS427D3YCY9X1Y3PXQMAA,112ab6d71a028c2a70261818fc4f43ae8c0ca0d751128fbc0683b36e736c97e3
ciqual,9101,nfx_053NBXX8HB2T4WZYJPY2EPC67R,a5c610ef5c0b96559c11c8a50c8a00204636821a893aba5ae8353351e213bc51
ciqual,9102,nfx_7T7Z64TXGZBRDXYTQ98AEJ8R0X,f89e8e98943903188f1017b9bd5d594e9471e7d41b50f1d62ed922d0768f065b
ciqual,9103,nfx_1N4J9T548RTZPZ81W7YR12JMAD,338d04bb739abebaa02a40a96d492e663b96d98f91920f0c4cc7ea50a35b114c
ciqual,9104,nfx_3R21RARYVQMNRBBT6DJY3AH52B,b058efb3c150007e7aef81b357ccd24628ccd075916312492256cdb192248e05
ciqual,9105,nfx_5WTTSG2067K9H8F1T5GMS0NEH4,e788416a6dffa7d3da065425c2c75788208a38597e9fefd723ba03b6ba8c3da4
ciqual,9107,nfx_1RQQJ2Z8YT8B3WNT7X498K1WNE,8e0a4b0d6850a6a0fee220fd8c19ba83ef82602c06f3f6ede5ba04243bbfd5d3
ciqual,9108,nfx_19TW5E58BXWABPGE69E5MR4YMZ,92b039825d2b2147244e4734e0e1973e5203156485cfa171a52e510acf51ecd6
ciqual,9109,nfx_3QQEA1878TH117DQA7WQ3ND2CG,7f976a2bf728f9c186b7a0dbdb8a94ed06fb057ca5c376039972509af102955d
ciqual,9110,nfx_43EWV2Q18FMKAFFZ2X1JNN0S9C,61090ca88323331e11ebddccddfce3f905fd5c2ade5fc7ab4018806d04c7a442
ciqual,9111,nfx_4TV2D1WDKV29NX3KVKK2JBFVB2,193f32818669aa3d891d4c18f021aaea7f082c034bc90aa15988f98d83056b0b
ciqual,9113,nfx_5F3K59R4NYHWKXM8NJ21JQ1EP8,784cbd336e16976649814c8eeae912ea96b9aaf87a5c0b7bcd768c096b2906fd
ciqual,9119,nfx_2VSVB0QE64N7ZPBQD4TG9VCNJC,19bdfaea4668a1d241a010bc87d3b6d268d806b652ec0b45866364b6ce6d1074
ciqual,9121,nfx_7RT2M9GGB4XB93XGSJBH4438E7,6219c0130fa40cbac28707c6d1ca75bb573f8ecc15f6c2c942bfc8e079731ae6
ciqual,9124,nfx_7T6DW8Y7EV0AVER2M4V79BPK4T,49ca7efac93639f23ced6ba92a9de64a4a9faff85d4e21e659f84b059a413dd8
ciqual,9125,nfx_45ZCAY5AA459ZK45VS62NJQX77,18e69b038d2a53e663a0431cef6de85cf7588fbe2c40dfa9b099c694f3c73d41
ciqual,9230,nfx_07RHGHEX0K9VMAS3XE4BYG38B4,f5df69bdbeb04aedf5f548b3f42d0058e84542c11fa383807f504e116ad3937e
ciqual,9231,nfx_3GTVV8WBVSDTG514H8XJY4CG0R,b77c6d554fe1085edbb31750bb55f99861109c8a7ac10902ebd308ab08b12dc3
ciqual,9232,nfx_5YEV3ZD5GXZGDZ0XM2E4NEZMN8,642f2df4dca84e07e72690423b26c7b5f87bba9c8b12aa1b4f015ade4b7fb339
ciqual,9310,nfx_162BN5YZ2QSVWDXA92X14KX0HM,e087c40b38ec9b59f1355d37355287d55be5e19c32a0de7b7fa2a452609cba9b
ciqual,9313,nfx_432BEAB6B0N6T0VK2KBAS4J3QX,e2e0f0aa8a3dbeb639ac3ddfbe60d03bfc319ba46e6d3725b4fc1b4ce342e13e
ciqual,9320,nfx_40CC0F3XN8HK4V39ABYM4YYRQ1,ff520986f9a2c403432bc45449b80763aa2d4367cfff9cdb756637f3f1440a2b
ciqual,9321,nfx_0MD6DSM7RRHAZV9FSW0A6Y1TYH,62797f85edaa656c1c64fe192834b7aed3f7fac9f4d3e6db4c8a8bd89902157c
ciqual,9322,nfx_44MM60JN6RGXR8MY71HX93AT99,c0bde68af36e5f4fbe8c2489ac9534f7e3628e281e8e48289a87eb555444405b
ciqual,9330,nfx_2TXP926QXJQMX25W2384VGGBD2,bbfa585652a9b86d73413e835da29a5b8169549f1dd69c08ef17c9992a0044b2
ciqual,9331,nfx_6MX19RW6H11ZWZX35YAB909R7T,75c030ab77e89bce0f5f230e997258c7df9e5f4d1a9d73e643e16bdded196899
ciqual,9340,nfx_7P41CQNWQJCA4ZB3CHXREG3GRH,f782418366cc070e41db71dd26d15350428a6e78df3f33d9b40ea5c2549772d5
ciqual,9341,nfx_7DJ4SPE5DZJ14543NJEVW36BC5,268bc7a5c28a669189bf7de0880b1c8966981d2969684176c7361f2b9beac379
ciqual,9345,nfx_7MSWXJ4AEJ0HGBGG5NHJ6SKZAQ,568e7ab351a07b44d0236654270ceb65e459cf4450d6f11205082e084ea66e59
ciqual,9360,nfx_0NKQ13HQ81MTS1MS20TQNNCQBW,c7c813b5b7f8d551ad4ee03614d746411be554034b53fcb465f19960d7d29df9
ciqual,9380,nfx_3CBYJ6CM7GYA4MCFGDTYB38E97,bd6b4043d31bc9edb5d48a8c50a45fae96c8e2b039124055ec80228416f0b032
ciqual,9390,nfx_64P2DYSHYA5AQRQ6HKDJJJCSFR,8ca5e7f072db5be3b5ebe3a401992547186b33de7cb2a8b4996a7a60a057ee37
ciqual,9410,nfx_4AEFSQ0XF3CW3W12CHTF1QY486,42fde38c546b17bed8a0536a62a39d4790b91c47ae08c514ecaef4330c1225c3
ciqual,9415,nfx_3DWTZPH4T1NSMWX56951MRM0J2,d703c6b74a91503d0cf92a12f4475e8d89887a496df71c8813e9d7a10349f5c8
ciqual,9435,nfx_6QKC2Z032C241M7A0ANKTXW96Q,42f6904b3bd170802aae6658d18a250cf5ec37e4073256b9f38f324f3e1ffa10
ciqual,9436,nfx_1PH5255GPR7K6CTN4EAHXFRBG0,4d881967c56e687e63c9ec04faa31bc13d27d572c9cd260f89c981736e79abf4
ciqual,9437,nfx_186Y5A41G2XRXAXDGJRP54VJ1K,7ddbcf6f887c76b8f7f4ad9ff1287f5a6465199e257d4565e1a2f2203f399ce0
ciqual,9440,nfx_7CEHT9MZ4WY1YTN728JQ3CGMA8,7f92b707e94926bae6abaacd0037e3f73206b1aed6f0856a5f7b541437f3ab3b
ciqual,9445,nfx_7CQ7N5395JN5T48NZAVBH3BNT0,b3756b9e051b7d64c15aa0a5920b19887ee06a4329840dfd22ff2e3a5f72e7eb
ciqual,9480,nfx_7685WH0QRP5K2TAK30HCH5R5JG,6a5b546ba3f5a161639d6b02302a6c1f18d1f71c3465a8283111afea1a783fd9
ciqual,9510,nfx_6EF4PTYYZ3XC717B6ZEJ07BMEE,6a9e8d32fd9e74c8088edcaf23bdbfffdd17198eaba6433dd7ebb07e133e0faa
ciqual,9520,nfx_79KMQFFNYB3172KNGY4Q1HCZFB,7564654a2c43a216326d9a7239f595c25b7a278f3ffeb9bf63f3b8033375a5d0
ciqual,9530,nfx_10DWRHEZB5PP7MMB01MEM7QHEF,a1edd52de1d833ac71864b1ac415789ad008628adc5d08970f65bc44d9eecb3c
ciqual,9532,nfx_752JQYK4WMYYNRZSQMTE9GZT47,58f373d5f9f6cb1b0aec359eb8dd53e1e50735c2bd6b6e552bfa58fd46d4e6c2
ciqual,9533,nfx_1NEFVADX0JVT0JGHZWREV668G6,8e9f6fc3b10a82d73baaa6eb0f1ca9aa77c6b2954e19b25c6c856f364558b370
ciqual,9540,nfx_5Z3RKDJP0E4K8WS1FY29A0JDCP,4c4ff454ce8be6679083fd052a1ee184e0c527a0fecb7e0f14344cc1999263a0
ciqual,9545,nfx_2B603GV8FVCB5A90JHSQB1JMAG,54862d81c87f4bb396f600458f237416766e7cc1446feb5de2436f0e2d57d933
ciqual,9550,nfx_3BWVFV4AT8YGQ9K5NY7X6M34F3,2ba46899ee8e9bc2a583114f69334309745ec29c5663410ce2cede1e7bff7b7a
ciqual,9555,nfx_02R7A48PGM2EREACS869YEXG46,7da7a48ea8260d2cac7521d65628d0e56b6cbf1308fa8060ef816e74b7b45639
ciqual,9570,nfx_08RHSE6M63RAR0G0TBBB0XR5AQ,4a210aa96e3975963e2a7f1ab4aa8bb0afa7b1aa231feec46926d3f84c39ecdd
ciqual,9580,nfx_4H5HXW0P1TS43GQHQ9QJ9H8BAC,934f2a4df2027e448b1f84d1ea4f89f6488c03e619e93c51f009dda7fe48eead
ciqual,9610,nfx_2X1D8FCEH6D9TY0E7T3VBFGR62,eb53c22081bc02b7e17c69cf39a01bbbff4a4ffa8817e07c047f948136912da3
ciqual,9612,nfx_4NT3K0XVVS3VXFQNMWV054RN77,95c978efb25a6d0f35b5b0cc21b92996991cb39315508569326ee1194e9978fa
ciqual,9614,nfx_2A8TRH72ZCG2BHG8VFZNT9M1S1,e13f5860c4a0bd2e4d952e354d79bd1e9fae407aaf3c9eb0b1895c57f78eb81f
ciqual,9615,nfx_08FFXWGNPZDEW3F9R7C3VSN51B,e61bdd6f4a3a8a1b40d90910bf93ddb5a7cd3edc37da93c5d6816d7473d676b8
ciqual,9621,nfx_4W128GXFADEN9WD1NNYBTN40WV,c492c8ccc706759f4dee76535ef67c79d2e78123c6648d20f49f42fae235a99f
ciqual,9640,nfx_4AJ3XTQM1QFS0RAQAQ6AZVN569,0d1496f909787789d2d16bafd0dead5315d382431c4d409564e452986c328a1e
ciqual,9641,nfx_2ZBAEFC6C5P3HFZM1D955H6NMY,a3860cf6f9738d4f158161e3b95ea5fa65ac5f221f9a9ad607e4d421c15916a9
ciqual,9643,nfx_0GBFKCZ0JJZRBWFMTVHABYW9GS,220a8f48d1d54ae1cec7474cf9b99c1e186df97437168764e3bb62b463445c2d
ciqual,9660,nfx_2GXEQGD917H94PEM4EHW4CVFHW,4f9472cc8bae536734ce43f94535c98ee31de9a824fa4c76ae346628a91d28bd
ciqual,96778,nfx_396F94FAZJZMDS5MEATVWSMK2C,24c7751126cc732b6fc3aaf5f7b2e6b63e6eb6b3f2920416d46c9668c4104cc7
ciqual,96781,nfx_2Q2828MPEJ4M7MDT4AG1EP8ARY,f3e7eaebb30147d8cac0c8c2ec2e5d5192c1efbdbbe4201149bc6a42652097ec
ciqual,9681,nfx_3B4R1TX0Y7XV98ZMP2FVK7206G,62887035b6ad011eedce47406923f3b69a361d33c882269483936c0d83578bab
ciqual,9683,nfx_7MNPJMDB8B4KMZMRXWS1TPR6CK,faa7d13dd8cf97e6e9b86a115c951660014a1e1587e55c3d9e83a36478690dec
ciqual,9685,nfx_2MJKMHFY3ZHZKKX8WSPH8PEY78,c0d1635f1c5276fe24c40eb0cd47b2b62a8a9804463f49a3ba9dceb9c3e5f3ce
ciqual,9686,nfx_6G10A1T734SBGG276JQ9K3AH66,959c7ae03df9201f94966ab42d024742f96d8dcfc190a587087b03319d6fbc41
ciqual,9690,nfx_5D108HE0CEPQ71Q9QDQT73QDQK,6379fe7ad8648bf9e7bd61d078b76d6a3ac68532cf20194a952f52e5fa2d553e
ciqual,9691,nfx_51CCA8SDD3463XS9NK5R39JWXF,372038714163116c94525d5393648bd1691bd42e1a79760d95d36e02275447fa
ciqual,9810,nfx_0Q3SA8HQXP11D9JPY26P6B2KE8,dc7bb0dff7d320e586111bf294be381922df5341c9af9bb7aae9e15e2975ae01
ciqual,9811,nfx_4ERAKRY68052AQJM7MH0DPP8FB,f5555c725de908681ccfbcf03b593412db65f60bf7c5022d72d9929136fdd5bd
ciqual,9815,nfx_0GWPXX65FJ3FYNAY27RESDRC78,3e46f588fb17454726de0c64e6f548dc859a1e68c3d6e717770d6667bf93f7f6
ciqual,9816,nfx_5XK540BYW3MDZ3086P7BAD1HVS,56e1580ae256e948ccf6e81bf38eb0e6912ebc6e2211e09f463fb4c8e74bb7dd
ciqual,9821,nfx_18YSBNTWV01SYZ64F6H5E7WVSG,4b46ebce8233e94d4f7bee20a12b4e0cb7aadeea5aef5595308697bc0c49442b
ciqual,9822,nfx_7KJ1B60FS6P974FRR542H7MTT4,0be2cc179a42943ed5fe18fe6081c75eaee0247103430bb2688789403993972f
ciqual,9824,nfx_64ZFP2ZPMKB0C3WWSDPKACMW5C,52a3406c176e15fb01d0a89b0297133d00540961aea18320a63c558bbda9f0b7
ciqual,9863,nfx_03A6Q8B101VEK67GV9VRSSJHW5,6d567f2ab2c0e3a9a48181c74fc152c4d2c685522a923bfbe71926dd3b543d5c
ciqual,9870,nfx_7EA9XDGB3E5SB37C7FXC5J9SQF,b55f9503afff72a5700029479fff7c83d7656eec00d0252eda80d790120f1331
ciqual,9871,nfx_0FT0F8J4WZQD5AHR2GGYA78MAR,33bb9b83f72976f70e4ad8b3226c696f3d42f3cafe44c198bfe8fab4f46e0fa3
ciqual,9874,nfx_4EG9V2K0XW1MYK12MEQMJRDKQ8,ea914cf82e17e53f7b3e2bcc828aaae8afb63877fe4c8763585395160497d077
ciqual,9875,nfx_3E6JZ6E0R9W274BX8EN97E06Q6,8f0249efcf6170fe1421c439cafdc5fb65ab947a0789ed1e4a58d7d59b4ccbef
ciqual,9876,nfx_71ZCHZYK7X00J3ZG6505J0VXPV,8bcffca088452de33cc90f9b14a5dc263f0d1cbcdc9722ad4fc352182b6b3378
ciqual,9877,nfx_551CQTWZV7PXWEB8DVJRBDJHGR,1b4ee6fd1816f64ed7a5eeafd497bc18916f8c7fc867d80723e2a59b960bbf02
ciqual,9900,nfx_6K1CJBSEWZMGQ8ZAE3TMYPE1CE,f17f47080f24a4d7a5b1ffeed2ff985a9ab9657bf6d19dd045688dc9d4f276fa
ciqual,9901,nfx_3VZP1Y6X51GW5X8Y73AFFTHVNV,db391167d974c6ed2d7967e994ab4eeda9097176b5c964abc9e21198a037e048
ciqual,9902,nfx_7S4W0YN5THZXA8TMSBYGRNK8DC,62fadbfdb8c079675bfe23ce2225dca89b4b09374c84eb2ed2551d9eb6099d86
ciqual,9903,nfx_1K0S4J1NM5XJ3KNRTGMC67B5WJ,a99580710769657248b814e168bfb916fff34d8048bf6d0402855b124402d02c
insa,1,nfx_589A5RCZNZKY4F3TDKSNNY166N,85e12858de456e161284c3d4128eaf25a84453114b727ba17d67bc347dc522b2
insa,10,nfx_35BKT3B4TP5B8ZQN3DC0ZY2CDB,0305e3941627eff6d1286ffca204ed2ef31898da19ef52875d04a49962209f5c
insa,100,nfx_0WX2SZN4NXZG0AMQPDD0NWWNGC,ba7965f0c35a8e29bcbf6f05e556139c5891583bae536a18e9897241840f799f
insa,100300002,nfx_7G4DCPXEAFVY7XHR9BRE257H1Q,99bfaf2157822ab9990ee52ff2e3b22287b6b4b740bffaa81c43f63dd4c0c662
insa,1008,nfx_5T92QS7ZMMTTY2V6ZBGEN1XXNV,30f0ca2d1bc6e3505d2872c7fe7a862bc3261fda3ad7da0e8e8230497464ee96
insa,101,nfx_17BSA2GT2ZWF8RP5A26ZP00B3W,640a9e6bba517d4890e90c09e5f0083cc485fbf82ef1f1c3e929580bb08c9849
insa,1010,nfx_717Z06GEPV5CWRG89D6DMAXGNY,5796c812e8dd44cfed00a2c61af781323bf5ca73d89b1fcb709872b87eb20eec
insa,1011,nfx_771KVKM8JE76PNKWXCMC5R43RQ,c0d458882b30b58ce3b4b2a503c67781b17043224906103289bcf2e5ef2002d9
insa,1014,nfx_4NTF0E45JKPP11VTF3GSWKG44S,7b459f060c3a46c8737d1426a77c43c8616ee72ab254139c8796693b01cbb9ff
insa,1017,nfx_3KYFA4219VFMD81FQ1Q32XM232,f5eacb88cb96353246bfcce4780a9c6bec715053f6ac2041ec474de7788dc360
insa,1018,nfx_5ZWN68PDMXMWJCKHTP6NSBNA17,c5feeb735ba96ce95dba478048e19b86005698b8361e5d7fd34482e63ddfe336
insa,1019,nfx_396NFXN9P40CVNADS4Q1XB477Z,0644eddd72e170ba6fa327653aa84fbecdc49c7df109c7b4141d45fb4efbd6a4
insa,102,nfx_49RJ9814P3VE4W004690Q14N20,bb46d3ae455418bf642016dfa3c54e17b7d60ae2565f60962acac3fb58aef65a
insa,1020,nfx_12PAWTGT7F0911XAG4HZ7GVSX7,342d5787ec935582379ae678b421c72cf7581d6459ff1748878a6f499a6645fa
insa,1021,nfx_1SA1T1WGBGFQDX7NPW6470FR5Q,29c10a85e39994048c9cee6e0718f9b99600ff5bae74814d121107c4e80cc0ab
insa,1023,nfx_75CVNQYSN8EJTBFMZYW7QTF8TX,54ec1de72915469ba24b0071e06c0e9413b31512a6155ac295610735eea886a1
insa,1024,nfx_3SSX9M62ZNB0A2JXMZ6CZKG8Y6,34437e4aea23fae4f90c15f9df22e920e23a63737387c1e14ad7f10458ce86ec
insa,1025,nfx_6XAHR36QKQ92WTW1TN37RH8C5E,5b251774d832f975a3cd4f10dce69d06ecca415c5b2f60f9d818173a8b725ae4
insa,1026,nfx_6X3ZKCPTEY7NYYRZ5CR1204EEK,e5dd5245456f6bf26037a2c9b1b3e8f999ccb06b86969e7a3f29c9147fdbf588
insa,1027,nfx_63J3J6D6PW0MQ685SADJYJW779,ebd495297859863be7d3af8200b88ff499119f5d83c4ebb522ad2c19b05dbd3e
insa,1028,nfx_56C7JMF65DWMDZA432X60JG3N4,e6c4a60192d1820dc9d9ecdb14dca30e64177d4c08ed7c7a4d56dd56de8cc0c2
insa,1029,nfx_1PY1F4K0TT7SV860FTZPM6SXWX,ed8b4503888a0978a7317f641d375bd180ef4139b416b44419455e0f1fbc44e5
insa,103,nfx_23G6EM1CVPEY2CZSXFC8M0ABDG,c5691fec04abd934e26b7f8360ea6835619428a68cfd692b6d1fab8193f3c667
insa,1030,nfx_301J4AZY5D5F6NXNNA1Y5ETG6H,0c3ccd1e6cb8f8a82fc7aa8d873b5a7ed1a56c9860d2a02567f03b084dd3f450
insa,1031,nfx_2KQ73KKA7VXJWQXEZ0WMFMCQ00,0b83fdbaf9b24676d64f1cab8ecfe960196721751d7078524f8783236cd26869
insa,1032,nfx_34XDKZ1XX7CR59HSGM1JCMK2J3,f065b7bc73248192d0da0ee2286ba21426c549b45a1bdb08636460702ee60c18
insa,1033,nfx_32WPQ9MRF9Q4SFBCTT58DAGNM9,734a50778dd0e5ec7e81ce688357d455e960698b702ce0d94fecbb19364ac58e
insa,1034,nfx_6FYPABTCZVERRGBE6KDMNEHP7S,456b3142dd790912385a7a291c008068ef7bc8050f1adf32e5db274413f4c245
insa,1035,nfx_605VEXKSCKFQPE80KK4QZCFAFZ,322e76b182ba2ea8c1f3097b7fa8fa5b9f732f218d25bf72461817eda8866d37
insa,1036,nfx_7YA6XYPZKXSYCSTPE2PCH3ZWBG,c352350cc291baeeb9841e5677160ca734ff3f6be4478b6450ca3f28b0764e18
insa,1037,nfx_2KYYKDM64RJ4RN3M5FS4FEVFG5,dee3a5e6da6ec7820617a73211c9ba490065e832368d91e258517ec165e404bb
insa,1038,nfx_5DF6492N43842VM775H33MABFX,4dba8509b121f90c9d3beb8d26b5dbb2eb77d469a1d876deb526b6dcbd3473e5
insa,1039,nfx_6927S0516BYW74HFEMSM0FGCK3,a7673188182e5692c58bb982e3c3380c895229aca427cdf4c3ad52c4a3c23934
insa,104,nfx_3J5TQX86NB7NW6W3KW22HTXT1W,8f52f9b4a53147dc6996c376a2d906d80448dbdaca995f05afdf6129b5632a24
insa,1040,nfx_03DMTWYV35ZMMMX1AA9SQS963X,866b2a87db179b4593508fbaa3c11098203d6ea10ba949c341b33918ffe28732
insa,1041,nfx_0WR7TEMCD697HKPAQ53M8R15WG,317e473627129a3bc12b7bc419b208699e4e6e148249d08b845e16b6eb7b5bae
insa,1042,nfx_2T08ZGF22XY3EAVP7R1R467TH0,998090d65deadca8bca556d8668a0ce31d144053f6bbc3a1dee3d2ac6de42695
insa,1043,nfx_2BPGBCXJ0484DXF381HYWFN26G,46ef95698d04289a348310cf9fbc05a52a0d989c9653cfc276d2c4114797f1ba
insa,1044,nfx_33F5HQZZFNQR7Q08FBMRB3Q382,42a4453e1e74c59ca57eff83647cc18a628f7c7257ba63b2fd60902eff3c1a1d
insa,1045,nfx_20K3GE39A0AEJC8S1KWTMCD7N9,dd84aa76117383a3813661129635d7c196cf2a206f207b332fd752baf402076f
insa,1047,nfx_6YTJWS8SWTE93W09E42XDEBES2,b848d5ec459b54fe8893d74d4210b2597d38c8fd1ecd218494b5d752227f32da
insa,1048,nfx_47JFR5C35TJMKHNW7DNP2HHHHR,7161cfad5d07fd8d1780d28b5fb67bf50e33a6a4682e60120c2ed3baf86ddf0c
insa,1049,nfx_3M05HR417QNE14E2V80VCY3XD2,4da35eecdfaa614b7ca7c5ebf3737f3235e344aac5ceaebf7459a586d6ad58ec
insa,105,nfx_0K1SXWYVRG2ZZYX1SH3H4E6HWZ,ba3eeb4f0e26a8f850f7e4d2e8453beeac2fe2003fcbf0989cdbed8f2d627231
insa,1050,nfx_21KHA1RCKERNBCNDWJ7YGBRA5C,f409abd5e731eac4d58cc46b5d8ed889c607aff27b21e884e0af7874ec23419d
insa,1051,nfx_60Y6HNEDDPA650223ZQ0YXKJD6,c33df1798495aa8ddc526c044c387a5fbea945066056e4ed7c298c34bffcf217
insa,1052,nfx_1NK77ABK3TMNE1PAEP8VTHR3K5,3296976d90c02e7b75188d095c03396e055d06bf8446e0a51a6c58b5868deacc
insa,1053,nfx_3TMS06MTXYDK1P03BJS67GXJC2,34ef1d39388340841fbe157b4c242cc19de17fdaff64d1782137170f3704860a
insa,1054,nfx_5Q6BCYESTC4Z6SF6P5CVMY3AVH,224c3cba6a73b38a3bea9162a829f12fd98fcf7c5fcadbb5402b47732dbd0193
insa,1055,nfx_21DW3X1M270PX71B60TN4FVX01,f71af8c681d9860c02a56ecb5205893b9f80e667eb49e6f66daa54aff15b7be4
insa,1056,nfx_4MA4CBFKCTRR05BYVVAEM8FRDR,7c4365f2a92c7b95760cf92b0b86622f8862183680b7c1b46927d9af30c0b0c6
insa,1058,nfx_7E9H21QMG6SKKV6Z6JHDN0RR1M,a1f8006406f677bd408a5a38d8b947a573c8f1dbbd8724a6c7aa7cf0e0998ce2
insa,1059,nfx_5S3V99Q50FNREJ033NSEZ7YG0Z,729726e0f6b1be8f47588d32bda318d36ac2c1e1afd1ddea2103aec478e861de
insa,106,nfx_74SRC07G45F9E8XC90RN3E316R,efe5b65f9beb965778c970e7134899115093d46c0ca1615a801ca8ca347509e7
insa,1060,nfx_6VTM4M93AWM1945QNK1J2274XA,fc1323e69bfe55cee2b9ebe3a673ac1fa87578a6b71308f1bef0ce46364d24f7
insa,1061,nfx_5Y1A1YQ94HCJRQJWVQCX5AG8J1,d57d98e379c869711f1266bba4ff9ede26e3a3a727432a0669e1525a17fa9bed
insa,1062,nfx_0HG6PBEQ0H9HGT2R4BQW32P0MJ,99bc37a59a8f9a091409dc5a797a9e59d3a825087ab874a92847020c9c9c49d5
insa,1063,nfx_64BDCYQFGY7HQMWEPM8CJHXG8S,8a08d8e54b888d137709eaa0043a843d0ed51d60ee49dc915b558faabf2b9a15
insa,1064,nfx_6EBDJ3DQH21PT4G75GXDHQ3H2E,a22aa71e99fb3ee1d7b65fe5c25ee9f6d85427091b1fc5105f1ee7074c0a14b5
insa,1065,nfx_7D90Z2G246RZPR2MSRKQJ8AD9X,261b4366a46a31ed7c7c839de33895f0bd0abee34df0d7c376f1da75cc499daf
insa,1066,nfx_3RK6QK9GRPPF4E1S702BJSV7B0,4fcd49184144d350a72c9c156e6800b403d391b7db3e88aab3e8be9c93b551c8
insa,107,nfx_720JB4VK2V2JDGEDKX6Y2CC1C3,87b0e748ed1e1f5c5d0405dc4777ba76cf5e89e83d4be2e4fff6557ca3de4231
insa,1071,nfx_4NA5RG7YNDGFMT2HMFXK7A3C3C,cccd897c747e3daa389ee293ff2785fdd4c748dec28cd8640ee0d6e84a21dcc8
insa,1072,nfx_1TVVZXG1TWVYKJKK4ECQQ7PCBS,b4eeccf993213ee1fa4b561ad075aef6b69b6f4666bb37b0d78e1af749b8dc54
insa,1073,nfx_2J3C6NYMT8PWPX79AY01XFWRNJ,875cdfe6d2c6ea8175a7482ea1a2200664296fdd6661da009973dcf23af533ac
insa,108,nfx_50VXGQSKB3QW43WANR5M2FA7FR,0b4b44b9e68bb07f4c9e8a07cffeb9f414e279a08576ccb575384aa8d3308998
insa,1082,nfx_33RZFGKYDVRW906TSBY3T30QWF,156a79d115fda44e91c38736366cb54d5c1acb8695acc4ac11fdf662ec26a2f3
insa,1087,nfx_7HBK8JQJKH39DM2864E80ZR1TE,380a13a0264e1ba8f694a74daff30eabc30487e1278f5c7a77608ac39d1dd766
insa,109,nfx_287SBZZ2RR8Y176BXQ6ZNTW2GB,c3d2b3c8dd151c5990537b73dce54a604bc46e5ea4289f4c3e095a0e4f4f6ef6
insa,1090,nfx_5HR5ZC2KHX7D1EAZZ2FK8WW03T,893d3384c5bce4a69977d8cbce21c934e34a20009e8594aed502a9450203da90
insa,1091,nfx_7Q4PSTD528THQ21ECBHF0PXV1M,d810bc45614128682a0151ffd45c8a08ac1373983e92c456bba8afc50e485e0f
insa,1093,nfx_58XCW4X15AMWWP7P73TWJG9F6M,2b3d86eb4ecb8e2965e98b0cb187c1d54dd62e77898693cdf06e927df4b5a269
insa,1096,nfx_5N5ZH2H9YCQKPR0MPNX9J9M98E,3758f29ec5c1e1815ac4246bdb9d70544db737ed9ceab00052d609a5b4e56715
insa,1097,nfx_48EW5NAC7WQEYBC9JD19K1DJJ7,9cc9130ffc0049fc462238f9db94b4b32f9fc21983396d959fe4523f4f3829ba
insa,1098,nfx_5KVZY0XGG2G7ZX2AG4KDMD3V4T,33ef2502c2da136cbfc13f726a5bd8af718b2fc554e21d01eb6fd4fdfb5d36a3
insa,1099,nfx_754T8VRP8K89S8DX81Y5PTNV8J,74a47cd4725520a31bab11c58f9f882f83387ba849f221baa670894d55bc1854
insa,11,nfx_2E0F43VEQBJTM1Z82XYQ6374TZ,ef695275fa1dddd22bc258bf002d6c5661e7ea22ea2547815b0a300ccd5dd3b9
insa,110,nfx_4331RQRJN26GNS9RG5GD5ZP384,7901b492cf96a01ce7f544e679ab0ab6f9504eb8304f2b27cfc30856de70b389
insa,1101,nfx_51475WZMJY0KVS5DF3D7AXKYPF,a0c197949057a60b7a25cf417ed97849e5f7a0b3b2cd18841c1f88164a21aa00
insa,1102,nfx_7Z0BQYDJ514K4W1A1Q80TPN6E3,c4e83eec30c8c44971f56cdea8d564ab45b20e2bc29ee0af80a4f3bfc126f884
insa,1103,nfx_3ME551DWH69DH9428EASHC18MP,dffd3e7f1ab0e56d5ee510b9bb1aa5b834905ee9de29dcee7311a261a5346d31
insa,1104,nfx_5C5XY675K46B534688NZNYYFH3,22b862c2ea2b400463d65665fdcc4cc5ca852999a937574ccb5292b243d7f99c
insa,1105,nfx_0D88S2CRT68EC7JK9QGHHT39JV,d4b6f1a85bf869bbc3026017d8de6a136c8d2d431333154c13fa6d52f73ad242
insa,1106,nfx_3YVADZ492JSFW6G2MXWV5WK1XX,ae3a74e631548ea7f0095922b3f2e3ca43bbb00652badc7e062425f3e1649166
insa,1107,nfx_6CQW8DF8EQ6G4Q8B73V6YQNQET,21bb0d19e27c5726ece60ef11bb48f112bbf6921e875da519679656d6f99c947
insa,1108,nfx_711WSZD99739A57FHCV96QMRC7,ee58c63308eda64d0b1fc1a83fa77c68d6a5a3b5dc37046dba4ce9c03e4c8865
insa,1109,nfx_44EY6NA48RQER0CB3T13QAKJBW,c97d978c1fb4b63a55f6e3e59252c085ccbb2f8304303c672daf3275ec351c26
insa,111,nfx_0YXG8YCCB0QNDEP8PE1DN3A37D,d68059a51d74155d1726f32c9081695e39314be470dd4131aa7ea3818edbe016
insa,1110,nfx_1CNEQ3S8RN8VBDKWKZKJHACVEY,97798bfd7e14e05f1a6e200d9e802f00c10456c5be0e546b6835ce348d9433c1
insa,1111,nfx_37M54WHGEAECMM8J9F0FYGSEPJ,a69fd13260119802f55420fe4157175bbe5833c3261d1cdca693e42daf8e0a7c
insa,1112,nfx_2GV298G93P0B0FHT50PZZ5FZ83,09f9299221aa353f1d942b5b2e0a12ba90fe554bae9c6de0459e8acc1b84e3b0
insa,1113,nfx_1CEN53ZPD252SQ7JX61J5JV5PA,eeffba426d399489cfa8d9affbc525e937948a610afd0ae96deaae8aa9d349df
insa,1114,nfx_6D4V185VFQS21TY26G3EYGPV2R,471f1720ae789c97cc20d9226047b8dd9495e8d5f3915a4f029556002936e8c9
insa,1115,nfx_3S7MA4M6Y0T5A9834Q06DYZXJ2,2dc41156955abbdd206385950294d70111d95e89fcec8a495359f15355ebd195
insa,1116,nfx_34A27KG99QW3075K69DRH5Q8VA,8d609e3b5d860ce8494216feba625657c705211ff4089d721a4d7232fd479576
insa,1117,nfx_36R07YD9789MDFCV38727N0YKE,3f14198ba767d3923bc60d9b003b45d33dd8e465a2742cf42156ed5530786b73
insa,1118,nfx_546PF0R51PN6CCWZZM4925G472,5c544ed625837a0b9df5e030450d806feb4e7ac64c3806ae4cf0be9bf2c7fb83
insa,1119,nfx_0FPSCCRWHKRVEP022Z0NVA8DKB,3b1bfaa71fc4ecdb90102eabe0fb7de582e18a7825da2677a84d673984489d74
insa,112,nfx_6EAMQW1A8DH53WQ63SSEVQRXHX,965d83678858dd3eb0571acd2732da895c88977f2bcc1a7465989bec48e8ebf2
insa,1120,nfx_5TEMTV7VV42Y3Z532EX9NXHVPR,78daa75c72b626069458e674487a6de5f1b6b4a23dfc3e13252537c10d2090ed
insa,1121,nfx_7RW2NE5YR6S8HEDKDWZMETRMM0,25a03cb0b6d74fc8fb7c64382d9b8de8bcf2ac4dcb8d8a96aa7d3d5b12b57db4
insa,1122,nfx_3C219WW6HJBFP6SDKSDCWZM701,0ee8a602e5a60f22168ca2a51b798156e3d9dd926c9f87fd9a40d76a40002c5e
insa,1123,nfx_5YM8BT3FFSQXHC8SJ5V6MMFXJM,5009181d34cf393e00723c05490854515dba0ba1a86f7666bb9bf463ccf6a481
insa,1126,nfx_0A15Y6QGXPVY2QGK641F6HX8RJ,4b6e69a133ea72ba117b6f19881908efc04ce44a902e5bafd31096c5f1288d9a
insa,1127,nfx_6YEVQEDNV561V1NNYQ4HSWGJJG,ea6c8af8bcbb27e46f4ed8d58ebe81d3932de2468b98659b9a817708dc7e3232
insa,1128,nfx_3EFFGM3JX8P1RMGGD8N4WXC6ZX,c19fb3002667eb71851ec1baa6f120fd02ca9a97352454289330ac7bb75e15ce
insa,1129,nfx_3C9Z644KYK9NZT16M4TVS2WHDE,44efa110747b693b820c28be2530875534ea50c8760853c1091aa2b4fe0a8d20
insa,113,nfx_69EC20621XEB7EGRKWD9ZTE7QB,9005c62ca988bb72f6823c5612792c575eea3cdade0ddc777aa41682e5cf1402
insa,1130,nfx_0TGMHH16WM1KJJVJJ4M1P51SPN,3484a13ec8b19385b101b0c0ccddde829a6d215622ae6bfe0eacc476e2bf8d70
insa,1132,nfx_2GWSVP26SKRZTD47FC9911B6G7,d7d822460155bed7176012130e6a839fa017fd36266f2aadab7bb9735169ab0f
insa,1133,nfx_2FMZDKE1C38XSGYF5MGX2K444V,9b4700266f3f7e9ad4140cc869a0c393bf02d4b93adb12a300a5b6e0163476b0
insa,1134,nfx_54QGY6MF7GDTGRJ1V2BNX3JFXV,398ef4ec4676347493d8f2da0232d9f548c6007dec8e80d886d0fdb4690b364e
insa,1135,nfx_2XMNEZB46CQNJR1JQ9Q7CH7GXQ,53fe1894ba69a7ed8ecfc68e8d7e8deb89bb5ad4d853f558ffcfe848427f4f61
insa,1136,nfx_6X1SARN3BH81YJXFYR89TNGMVN,bbfffcf59dbac6376ae7fc6c9d68324272258b2ffb4cc32a4bb26dee83db5069
insa,1137,nfx_5NFP53DDDD1D6Q60ZKFEQJD64S,df91485cccf9ab8779f7528d822915e9e89863162cba2c3ab96d94cc90bb5bdb
insa,1138,nfx_515G36Z1KC0RZ22M9C4DX3E1F4,65cf4a5731ac5774766f59fceddd7a83f6f92d862c8e55f0b69beb9bace8371f
insa,1139,nfx_452VEN2Z9JWVZPVARKR1DB9JXY,7644204a6284b34c8025461a0f25f8729994b2e5bee8e98c5e23512cf7ada65c
insa,114,nfx_5RM3V4DFNW3TZB5RM7E0HA537D,4fad3e3eccf5b74ab33e9436b99361b39680bf03437115e4d6a261462e0ac726
insa,1140,nfx_1YJRWD99P1N68VBFD72KDYDKK6,566091f52d2f8e976ebc4a389e1f24e335112b739d3edb31c75bcd647c9715bf
insa,1141,nfx_72EMJ6ZWWPHQ0EQ0WSXVGNN20X,7818d780c414cf7087c6db140b11a3c6055cb79f596a851e351e24eff38285c5
insa,1142,nfx_1ZKY97438SYXTS0K4MRD95BYS9,4d52d25641347f00aa3644fa3dde32dbabbd9817fc7fa250c7ae3d8911070720
insa,1143,nfx_2H5KMJ4ESH0SY0GZTP6MHZ4RNX,0e40f445ddfa687ec3f16662a106321df0224fcb78cd14eb75219dd91c19ad78
insa,1144,nfx_374EA02Z59WEY25668X8X61JF5,8e3eb0ac920776d2aac1966b7a81af3c7cc1c809bdb3cc496ea46aad4c585eec
insa,1145,nfx_4SSBBAFKRH4Z0PGGTWVPD304KC,78360531285f968c5b90f6615e537606da9d3587d27a8f2e9046c722508e60de
insa,1146,nfx_37QSM5FKXS879AW3KX09JEXX9D,d4781cbb2b733a743ee144edcdff1d04ee9ec86958d4d274c5f1d06f2d38c4a0
insa,1147,nfx_48N4R1PF1ZRTEEJ5164G0DT386,c2192bc6ffc5c25567d3ccc6e1e716f73dfa83ff3b9dad36ffc0412f7f3caf83
insa,1149,nfx_2XJDY45BNKE2CEJ86WB577XEZ3,895b9e88f8a7f755764d40edd4a72dc41c0108063ea5bab27d9c632c46e56894
insa,115,nfx_524QRZRTTA08X0C8C77ENY93HV,535bc29d2168804e752864278a2f2984de534ec5172b6bbfca2688ed480f0d66
insa,1150,nfx_562E5WXHZN1TPZVS70EERKD2B1,d3124a9489867b5ffc5c47adccae62cbc397c5549c335ca03ec4ec2b9843ae67
insa,1153,nfx_593C670ZS0S19HPNNS9AYFWEWB,9869c0c60302e944edf844b1c818a56debbdcafaa1e79025ab38a19fda06ef4d
insa,1154,nfx_1JR845XZTX6CS8PMSWZ68WVQQK,a2d6cf8afcc371ba132bf7acce57350f5ccf8f74d138de9c5e365cc790c1ff6b
insa,1155,nfx_600NJ7P52WGWTF5TSY51G1V851,8a44a0e9ee59b7b41fcc62039ed09e4eb1995c153919c81aed23b0ff9e4b9d2a
insa,1159,nfx_71B4B3E65N77ESC4K1RSHYKNGT,66fdb05b690b533063066285a9679023bf006a1a58b16f4068e619ec76a68221
insa,116,nfx_3586RGM3CV5XAHCN4KETY0MRFV,9b89317541f4ba1f3e64a249bcf1444afb375a7de6de24f77ab839e1062b9344
insa,1160,nfx_4WKGN69KSEHVSR69E8K1Z1956N,ed1eaa669e1baab7e34c59ef06e9fe9bfbf43dfa44061edf06258561af4e9d48
insa,1161,nfx_7WT2VXHRH4XK2Q5N7YKERG8FAZ,a49125f6e01b8a6e1dc6f70a28e57b88c1d7f1457a73d229f8bbe0ea386e1f20
insa,1162,nfx_69632V5EPBD395ETWGPCNX3BF7,56f891deb29862dcd658f8adce93c14214819046bb5fdd0f3872c190b61458ea
insa,1164,nfx_3X9PYFAJMXVYZNGZP11GWHRE3F,249e59fa6b28bab6ff6ff9823dfff212290da01b1595027f04cc74a0dc99e463
insa,1165,nfx_4GGYZ2P036W9EMQ3DKX9FHQCRZ,7ffc6aa9b69662b6d8ef7f998fae91bc148afbe541227e1ecede73c609a5da75
insa,1166,nfx_469GADF4Y2GTTP7YHY694JQMRX,a8ddee01e4a5bf5e6a1f4b137de03581382085309b5bc7776afc459b9bed0470
insa,1167,nfx_4WCD53HN7ND474963EFA3YKMXM,3adf66c12f92cc19f6b6a3091a3bcc97b0b39eba83054d19dff517e51a8b41b7
insa,1168,nfx_4J43E6TYGE2GFNPRX6KKPW1CQ7,36716dd5957fa5fd44cb445e4d8a7e3c79d15ec79c3ba67689e4612b66fb9da2
insa,1169,nfx_2P88XDRKNBZHTW2BNCNQPTAZYC,814a2445321caa9d78d1d1576c971e1d0aec979184cf329877bb929a2c7c4964
insa,117,nfx_43H2GMBY1M36DEWM8E99BQH1EA,f357899fb8db69a9ec9b88c4267e09ceae16cb564a18ab90c1c12f24ee520581
insa,118,nfx_19SM01451BR4AH2YYXGX430P0W,8e26c95e84a40e078bd7db208f6e95e1c4443cb57cd9b28e790f0d13b541872c
insa,1187,nfx_6PA7Z7KGEAEGTV9HBS6W1Q19KY,535af1f107ee6e3f1e50c9a7281d371317f12869ae1fa7cdb5aeec88a4dc6671
insa,1188,nfx_3G9JDWW0HME4SP61JC7M9CGMGN,3e7b3165c832c9cf36650351e41fce7df98e0f9cfe084fd31a394523080acf9e
insa,1189,nfx_38G9W9KQPGZKJJE0WQ4A1Z4MZY,dcdda67af0f4b3f9cb0b15726de4a483ab9fbe6c7587920e96ddf4b1da3e7243
insa,119,nfx_6D9NCC32P6DTWFJN5PW8DSV3R6,36a511403649467e1ba029a8f8d8aee9c4b1f74e44ec7350692e643b28bb8ace
insa,1190,nfx_0EE831EN29FS2MJ73V3ZAV83Z0,e409e74a375460717d1769af0ae4453a19c0663a928ccd6c3e060874f5f59e37
insa,1191,nfx_2H19ZH4R9GA2FFQPHV65XA9BE8,bd5b67f1f785053d1fc99f0b60711205bba934edf6d8427410481e504e24eda5
insa,1193,nfx_3PN9FTYY35X2E6MW1FAZDDVPWC,d79ff8e92a7a4fa53dfcb47cfb39a523ee027594a57eb1e288a46c1dee9d227a
insa,1194,nfx_7A2HPN63XY5FSHPSD03W8F3EFF,e8f3cf62d23f06e9a32ee2fe612b5fd3f660d123a212cabb08c159fa3d570ee7
insa,1195,nfx_7RGAKXMY8XM7SN70F4HZ7N3YAQ,2057f66eaa9c33d3d5c09eb35b8a56a62ad26a8c43ef2f85671c247d8a6553c0
insa,1196,nfx_56C1S5RVF3CCB2KHSTHC1AF3H0,0a135eac3076f46ad189867b55c04a433fd2a97d1e0f0940144fc3e2ea1a0ace
insa,1197,nfx_4C3NMTY11Y56VMKZB7FMPWGJ6M,058966632f26b0ec8e53c4281c69b51c5595b7742c6c7e5e6c1d921ed8b798fd
insa,1198,nfx_46WM9YG6E5EJ0YABGSQG4PDWQ4,be700f97a48b40c510d14b42ea39c40ce17e5c4d6f2ea0734d48d9f59484d836
insa,12,nfx_44RQ52EGVMRKBXAC1G68K4MDA1,25deaf7249bd7b6156b870f6e9d09e6dc35953485f7e91b477db79d658fdcb2c
insa,120,nfx_24D7WS471GBJ5FZHEGSX1YBEHW,a42990369494b08906a00719c8db692cf58ecfb4401442657b766416fcbf65e9
insa,1200,nfx_1N6N870VD1ANSKW67E2TZH7M8J,248da775fcdd380b51be182a9adce6fdc8271815200797e5064a892610402c27
insa,1201,nfx_14AMFXP6KN1XARMQF4M3V1XJTN,e93f63a42ff62426c2925239d21eba1377479e7a69898a16cad1afb2eb5dda16
insa,1202,nfx_1A6D8760571Z7F5PS1KY2CDGDP,92fbaea4d32524bde310c8449b2791c39322253ff630fd82463e0c500bd9d52f
insa,1203,nfx_0K5NQP06CPHT8S9FFAP0SGDFNP,22f73bdbcbe8a2a5bd477f44fa536c1242262494cab6ba40bd2c758c3f836da5
insa,1204,nfx_4WQBM714YPH047KA6AB3VPZFC4,d53362be1a9385f45f38cb8df31397b8e00d753b89b1dbcf45c0937de231101d
insa,1205,nfx_5125HHJP6Y42582PKHCXXHTCRC,949a92fafb0ca5eb6c6f5388cf2201d346287755aa0f7b3ed3c592b1f01a9a7d
insa,1206,nfx_5BJ4ZWBWHHSQCEE0KP77EXVFXW,c38c0eb2b245e54eba9b87dbb4b3cd0e261c8a9c315a23fadf16dbd7e2654eb3
insa,1208,nfx_6JD3Z8G1WWREFQ0B6NRPQDB9QS,cf3b5a758cc1035939ab335ccb2de158280af3fc3d0e0b4e54c37e2b16ba7197
insa,1209,nfx_096K9M6Y4DXTKJDAPN9DTSAXMS,2a50e830ca851db45af15035135963389b6638ee1ed25e34e324122b25f948cf
insa,121,nfx_3XBKQEJTXTRJHB6S64W3NMYD23,8d8469b59da97960cc47dd745d7f48413978b3c936a4a216682675762189a407
insa,1210,nfx_3GQTW35JBREEKWE06W619YPCEE,7e2bc5f5dd6c39802dd164b83b805c72465ffc4ad4459471cb2079327263f1e3
insa,1211,nfx_0Y2PA5Y9JV8SBV613Z9QACTES4,ad598681e5a15c94a5e26c5ace88eff1bff7b3748bfd8882f7a3c78d012c2fb2
insa,1212,nfx_63QFWAXBW0D2SF9QE0X7GN9CDT,42c85ecc9b99c0f8ac31dbbfeb5f381eb17bd71fdd008b0f07af1c4ad956f56d
insa,1213,nfx_2CM57EPQ8Q61G5H1CGSB9HVZXA,165df81352fd3b5edad10cbecf9ebf3f5edbc9fb1603d3316bb76f603f18eb90
insa,1214,nfx_2V0W6RKAGYECMCNEBNR2P5VCZN,bf098d2957362a858abf4b1fbf15dd4761115693f88da699b5795e2fac506eb3
insa,1215,nfx_0EG9SVQ3W5K9JEPK8DZBP5BETK,fcd4b157b76f61156f4a01101451172f4a88289b640626a6307015c0499eaf9c
insa,1216,nfx_5X48ND4T7A9B4X8EWBQ5V6HY5Q,093c995643dff6e2eeadfeb29b99cd59456a121c7b453eab8116f7617541eaf9
insa,1217,nfx_2HW7AW6V5AY3YHPR8GAQ7ZHRN1,f9827b751cef725aeb0372805465c06daee5b3113022f4ae4aeaf0609366da2e
insa,1218,nfx_3N5CSQ86H9F7FH2Y8WB8A1WN4C,bff6dedc8e4dbbb3572cfa335746f088dae9dbbd6b18b501846acdb9cb91f7d7
insa,1219,nfx_6F63086VA1XGXZSR8E0CH80Z9E,23f1c3ca2017eb2366f77647e204297c537468b4dff799cd2552b4f72dcde6b3
insa,122,nfx_1P8RFYTX4V20RAFNMB0MH5ATQ7,69711023c29f3f25aa03732c859d38d4e8262228c4c27f04560c549708d4cf8e
insa,1221,nfx_4YHKDCF0K7WTFSA0ZGKSW7W2P4,6f3356f057c114a0d8093b12cd2e57ec089215f22225ec4982f94e7ad6cd6ae4
insa,1222,nfx_74D9RFHSN5PNTT4YJM0BMPQBQ4,5bdfb9953d98adc5025cfcf5bf5654b5e3b74040a12d11cd7b1d1a8136186bb0
insa,1223,nfx_3VB15TAFBQ9C86ZJSWD5ACWZDM,6aa63cdd2e2c06a21a72e4fc6dd5efe19fb634d63a79b39d4f38dfff74324c42
insa,1224,nfx_683S5JH1H9H03Q1TE251345C9J,1357f9ebecfc5cd6866dbfec2a65fe7718e314e051071c43e97095f362072beb
insa,1225,nfx_7THQ2QQDASAZ23SH0JJ7SHEEMW,58578758fb42aa92ff11e3f49a569b44981d0def9ce8f63f632448773f353e0d
insa,1226,nfx_6G1FHJ0157KP66PCVZQAG73HX6,5f8e5b403133c5c6aed235aca86d09c873ee723c1a6fe66f754ae7623354c39e
insa,1227,nfx_56R00S460EF88T68VRQRJ5GE2D,ea9ad8fe56568e90a0b99da727be815c8506ab899e59bbe55bccc35e6b387753
insa,1228,nfx_0RVWT3S170DN2G066ZRP41M27D,4e6798cf245c346099aaff96bcddb0cad6be080b3b311d3f2f56e7c05d103ab2
insa,1229,nfx_61EX0DE3WP382PP455N9K60FK4,c20345ce354871d9ed96e89791bb0df923025900d9fc06818005910f8d711a6a
insa,123,nfx_3R5GM9KGP2XYV8CD6N3PG10P6T,f044c450e48b462725f31e2a3bbf85203b86a446c46f9f415430c6bf0b88e7a1
insa,1230,nfx_3QF5048M1P3E38XE4AGKPVRM5Z,0a56a460de929eee6369d161a87c7c4bc0077ecb39979f341c62422c148cfbec
insa,1231,nfx_6GZX6KX09TTF0QJ51RZ4S62WFA,1d7107ab4121eae4cb61c742b08fcf35ae0f409c30048b904af639d654f72cbd
insa,1232,nfx_0ND8Q2E7TDAS5SETDCHDYEY77J,2c7b3a694c4362335a2199e18e36dcc0b51205cd3e6470c6e3753d4477d082c6
insa,1233,nfx_5ZY5QZ0QMMNW315038B8GESEWM,02a979b455358d62ee5682352ec88510a34ce9291f2623c2c1b9cff6d52d27ee
insa,1234,nfx_31T97QWYND41FN18EWGRG1FRSZ,81beeac8418548a78c58223fdf5102ed31fb5cfc71fb8f8b9f5570eaed267a1c
insa,124,nfx_6P0XBV2CMXFEXGZHD9F4WMTPZN,47bc84abe89b204cef8e9ba61ae9c182bab2cec5615a7e8aa6d0db3f44d842e6
insa,125,nfx_59P6N0EJHMW8XF6DKHPE3S59ZW,351adda848bde0f33c2e63d1165aa48fb11a73a781083cffb013cdab3d6f4bf7
insa,126,nfx_0W8SZTS9BC6WV8S74TVE3X77SY,8c4dfecd7cc8f033ff8856be2a00552c9c96299437824a99ba718b8b09a4ae59
insa,127,nfx_345APVNVT3RXVNGDCGK67K46DF,db28e53e24f2acc1eb662212c676fc3568b3dfe85a73fe9e0ad51b1ca1cfe268
insa,128,nfx_2WDN9BE1HBSH2PT3CKXZBCMY8K,43c1674d9cddf6f9b2591bb57222ea67173c96ce734d7da29fd12f4b4a33e229
insa,129,nfx_68QWP58J0KW9AC30FV8PKEV4D4,87decccd4be240622a61979ee3c6a30914367e1fb5c6f683fc0f85d1c1ad22e8
insa,13,nfx_0CACGWASN09W5YETX9XY4XFHF2,b0a35e1f5028b0e75819c8d432c6124a23da6b3991ad1461488d6cbd75738608
insa,130,nfx_7DJQ0B51CJE745TNYFEK4BTBM3,132260cb2ed9089eb5c0217cdd439560c4e0bc38cc79a2aae5a0f385aafe23eb
insa,131,nfx_681JQBHPFTR2G29SR986ZWMKH9,cf1685c425f5623360e529e3e5978a7a784959c65e93a5863cf605f3111a0366
insa,132,nfx_2QP7CG9A4KFC92FMGF0FETBRW7,9347f6354bc4c098279bb8251d281871ec86d634115383cc7c7ef163b6334f37
insa,133,nfx_0BY85Y9ZM9FB2BBGXGBSYA3A82,2739f715a47c775a87802d9de18c2ae2997b9061c94e4b8db0ea45afee1f0f6a
insa,134,nfx_2Z4XGEF3MKP09TNH23TNSKZPTR,63afaf09c8b1b5570140ac55b26428c9181cf716dfc121ae26592337b0a6807a
insa,135,nfx_3QVZDVFMSB7TX1Q7SSNQZQ9FTD,50e7a72d212d5b2d9fe3b38f5fae2407a2e88322f0a69903fae356a876bf3163
insa,136,nfx_032AAAYT9H8KHVFNA1PCQYM2KP,3207507004ec8578686c7e0ccdf5371a0fd73871c5036dc4759ecc1f3f711bae
insa,137,nfx_14VXAQPY7ZTK3QGKXXX89GBCYM,ab214cdf355ceef4176b3acf321e1e7a90a105bbed6d836057c5b5b2662faf21
insa,138,nfx_6B67BW389E0TNDNCZHDS68NFNB,ccd851da51e6a6b1b7bb515163af8e553aeda2bc385a7942189af23eca223482
insa,139,nfx_52C05ZWQX83X75D3QHM8E79E86,70d3e6c618a23c5c7411ed66c75c96283895e6306fd81cb1fbeb212f8f7f7b57
insa,14,nfx_21TPSQ0PQ1PARQQ4CZ6S53KPPZ,b45ce0c5a6e4e18467a85f5fa36e6f6a14ede9386fe3940bceb5bccaa7dd4d9b
insa,140,nfx_0MHB6MMN8298FCEWZHECBJ6Z09,675b0b139f5634fe839b297876fa404fc769b821a54e9b88f66bbdce4c0bb3d1
insa,141,nfx_4NRX8PSJ6Z9R86GSM6XHD24R4J,1a6b060d099bf06cf2950ff5e1c64847240f970f0c03403f5b8e410e0d185653
insa,142,nfx_43JE7QDQSJBTMRPKPJ5MJKH6ZS,bd9df0011bad0284c9370ae49fbba174d6535077e562e38d99313d2d338b5426
insa,143,nfx_413JHK944492WNBE6D3M6BF58Q,178e110d96c58e229232bc17ed7408a5366f95e0b219d690f17b897c74c2431f
insa,144,nfx_4WBPMDXA4HAZW55Q56FD3MTHA1,010e083c9d742fee703033d7ed16f8c23490cdd2a568120970cbebbbf7c9b2a3
insa,145,nfx_6T24FZE5E5Q0HYE0ZZ65QN4Y9F,2d183e2ca180b22cc2e211c3f06f2d2cb4e860651188a6222af36524e14a745a
insa,146,nfx_6Q0R5BZEA6ANZ4EKZFXGXF1Z8G,4d5ff7138b33ff9acce9e4a99742f9fb9580a23ddeb64082eebf8530e54b664c
insa,147,nfx_6BXP1KG290AGBTN0SN1C0Z00NG,a9b0ed63f4355839fe3b7c1a92a092c0e30a551557bf44213a613b4d417e6344
insa,148,nfx_55QVMMVGKSDC048PVM2JK3T7PA,c9079350c818b7a5e8e731aa27550f65762c191d7bc87e40888bb596e0cb138b
insa,149,nfx_3VZNQEACDWJ37C9RPETQ3274QD,9829648664b9ffec9edfe5c8ee9956a4072a441f6e0013cc69169e1743baaaa8
insa,15,nfx_4XQT32740PXJEND5GBAN5ABAP3,4a65540ece374fa9fe04eecab967a0d531175945850e9552747596099f5ace64
insa,150,nfx_3BB4N29KM9M0QCHCZTDP7G79AJ,ef916a75efdf9239308a7ce1d3f2d1514a04672aca931e5748f2cacebc66961c
insa,151,nfx_0EZMX43BVZ896BNGNFND2WR2DP,df2fcc19e19cc7d04766168b81bb14883d73f8629c3dc38991f2eda3dc872fe7
insa,152,nfx_4VRJG9YXTQS28SEEFEHF6RYJ41,1d79ae882061ef1ca434fac6ee6747a0f6162bf0ad1af60911e939e973a41cb1
insa,153,nfx_0DDV06D56AD7WBS2TJ6ZZDGZ99,ec4bfd66761f0af54ac242f91263763a77f9d46fbaa2b211fd98f62944b1b599
insa,154,nfx_05R6V2GETQDYV4453PJK7VBPVH,93075a63cf1b2421d4d17b483d865e0c6e6b54debc5a57d0e2c0753f50c0d8fa
insa,155,nfx_0FAGV3PGJBRSHKGP0KCJFDWTRQ,b4520e995ce239c225330982456f8f0975712fcf31681ce62a0e06db967ba5e4
insa,156,nfx_6MNPKR1TXVXNQREYP1CAGHR6NF,d9545f3bb6b9cefbd50ec09d5dfa8efdd00d1b0e7dc998294a5d1f97285843c0
insa,157,nfx_7MPZJ6PDWDK3ZQTPQQN28TWPYC,3e0a957b47e5e718d803562e0a60f9383eced27002702be8df5caaa82af3eeec
insa,158,nfx_65HXB8115JPVRJR7R1HA22QTD4,522e095c68a69ed88ff1d02ee06d9348b54e7bf65acb6e4c2ed8b221a96c012f
insa,159,nfx_0Y813PFVWGP4HGBV1PVYK65GZC,684338c09b1d44a4c46df509ca9e96ab49a5a91fd44a84cbc5bb683ea65d373b
insa,16,nfx_0XTDMA0J42149JZS5KZJ7AJSRH,5a6783894608c0b1d9c61162850aee30cb71952f60db3f9465ed79b331678ea9
insa,160,nfx_6KB1GAR4HTR1PSBB74TWP6XTS6,1d200fdf3702f2a4e117b585a16afb0efcf8ddb1d785189e5eb3f70949a751e9
insa,161,nfx_2EMBXFXC41DJ86VDGC9F39PC68,ee8146ef9d25eecd72768ae7c2c4d5e1091bda96bf738f46297c91ebd7887c3c
insa,162,nfx_4B96ZSHHF6VEXYT5S6CY80VXYH,71b9c5254f289fc070d66f65146ae52ef90a4c1917565eccb58fe60ce5ca9a81
insa,163,nfx_7XJKGX2DXY4792X9XFM3PWDJW8,94bc0abdb87db0e593478864fa60600df72fe81fbf20cd48b34ec7aeccca2898
insa,164,nfx_1Q2BDJ9J5NC6HE8RZFKJDFYVN0,ea72f170a00c9900c871bc0e3dde0872a465fad5aa4414a0f3beeb49ff3ccd9b
insa,165,nfx_5EZSDZ3KGBWMZPMQQM4V9712JG,3149527f633ccd72e2c826dce931890a173f3be2ecb2ca3775e639e8deb9d7e0
insa,166,nfx_0SQMRSJKA8CEXDZ3FYHQXAKVHG,51c2094af158dd40c0e04caebdf9132690e14be02b6c3d3fd9668db1191bfffd
insa,167,nfx_6KKDC9985HR59WRV3B1DX0AW4T,6570fadc883ce07d6d87ec7023b6a17a1db73b48daf66a8eee71cd285f8a040a
insa,168,nfx_3WK6RVC00GWMMKRN5PRACV498W,5fcd429c119411fc5ee74594403a86839bd044aa850f0e3da8020ab1841367fb
insa,169,nfx_03PDCFSEG5642J15ZKJ6PNAXVA,427dfe47637c9c93d2f1906bc54f8865a7175b18bcc5d490541dc3a3fceca94a
insa,17,nfx_4QJ4SPEXQEHKMJAT1GAG4FZ4X6,b64fa85818dd5ef85b7a981666c87ff51c2b12a431aaae0023280636fb4ecb72
insa,170,nfx_6K2EX3DJSHT1F57KD7F32J6P9D,2d2f115581e656829b56d8dce5a9d1e4cc0de64a1403388e9644f3bdf1c7e97e
insa,171,nfx_44SYX0CHCVXAW1A9DVTCT23H4H,427ff87851b204816c9ae41b4b916203969be003642193be494ad492d6a73b04
insa,172,nfx_3PR2WZ8ZWDHE959WN9FQKQATBG,8abddecc0317fe1f89797b01e696a3704111f76b37ce74d9dd31b53f04cfcc90
insa,173,nfx_6AYYSMD88NM3TFF4MS58S6B97F,0d0e1358bb9c258bcdbc3a545af3d2ffe91221d5f345001c10c771719a42309d
insa,174,nfx_24FKV1AW711K1W9WQ738K2TX77,b0307aecf5db7ec9f83d1b2ce46bcd5340186e3241c1551a3e80a73aea4b0050
insa,175,nfx_2TFTHTVMBBYD1KJTX3EQHR8247,402f2e5fc886ad97235a6bff30d1d34e196964f804f7f5f25fc9ce2a93e31f9d
insa,176,nfx_3SVS2ESV3BJA0NEC5HRZCF2KKJ,9b5598b6d5f1dac754a3b1a5116f0a2822606c2e81e59cb9a26670bdd18d6e9a
insa,177,nfx_3DHJATZYXRQYZE5J3T29X38HEC,4edd263c7c158919a62687001e45ca97f6e28615c6b34e5116602fac097b27ca
insa,178,nfx_7K22MFA9P0YMQECJEACB7669GJ,b96bc13c09910d82f9bef5a279dfdcead72650a669373fb8459a784c49dac14d
insa,179,nfx_1EPBBR0FWKJF73HWDR7VZRVX2C,8ec6925c40d03b11bcac111c832a922e3ee84ef206a55d93b85f790419fd4f46
insa,18,nfx_58K5NPWBG2W1K3X7JTASNMECMM,b740bf9c742f345d14ff251e717a8981325f8644386fee101580db08321cb5cb
insa,180,nfx_6F6R0V4YKXD8C6PAMX8B7PMGTY,1d484e0a7f0dbc2e8bb0555696fa1260b9b293f98ea9c6773851feb88439fde0
insa,181,nfx_08TAVNZVD7ENTWXBQYJ9WMX9PE,5aabe62350f7096897cb8bee9e585ceca3de0dd2dd8817c07b766bff07218115
insa,182,nfx_794732VC8ME0CS92NRJ9HG58MK,3a08db7cf33c83ed0f6c51331d794bfc2f87c2c823a33cccf8ced501c3768ea2
insa,183,nfx_2ERP8PWCH9ETVVCW163EK0JMQ6,fbade27ca5625c7c07e3de1f05c54c63db852554fa36b38dcb45b6daf3ea901c
insa,184,nfx_2681HRK6BNVTR80R605N3QQKFX,cbfee69b942a6e60d076770039172594c8dfbb03ec5ec9d667b74d738d1e02b3
insa,185,nfx_0P0PXA5YA2EJH2NTM0284NRPBD,48357a6e243ee3eeb4e1d3ec540af3515c36399bea437744e01db3b4fecb4233
insa,186,nfx_699W9BJC015VB2E68DDKBMCJ9P,7215b0fd4d7e571419f36d0b80eb0b5aabf15684341c914e7a80f64152262ce7
insa,187,nfx_1FF59ZYSGV702XXQ692FA56YWM,03b30103cfdd0d1623ea7e542e4b0074d5003aaffab112569085e08fe3755e7f
insa,188,nfx_1ZV4G5FHPVCBRJCY5FB47X5CVD,b9893a21135273e31b7d526ca19147ca2d7649e003709b6e2ece4f594ade7e92
insa,189,nfx_70JEPPBWC9V38C7M8SJDVGY72X,83c02f36dfc6b3741e9f350b3971cea690ddbfd17547e781575834c97c2b7186
insa,19,nfx_5T0BZWD61XPP357RZHM30E7JET,7ac292f880ae6b1bd36e9dc18369e001fd3f240737985691b79cc829c22a479f
insa,190,nfx_1NBCKWXZ2QDW048P6ADGHBWXKC,c8488820818e9a3fe18c3f9722419993fdb98e3fcff9ad683e0974b82546f290
insa,1900000001,nfx_225MYWP5CE3KTWPGSN84SQ60XM,67adc230a56537bd81baf2a8cd429ec92b75761610e0ef361fa3171f8f308bc9
insa,1900000002,nfx_0YCNRZ55963GMHP83FMQ7FGSVR,bfd1b528ab3f6ea33bce4700d11af60c7a9005faff64d76e68ada186fe4a3331
insa,1900000003,nfx_4PADS69D6SVNTBCPB99DFAGSBE,d3f402bc0fa8b005bee1bee5db11d2ae7c4ac40b949db556dafb0d8bdd3d3001
insa,1900000004,nfx_2MT0CYJC86EGCJYT88XX1VFVNZ,0878bf4f3248d64b406d0f9b55028002d3326b94061491f9fb4bcbbd38149c68
insa,1900000005,nfx_68H6YS554RDWBTYPQQP9DJR7DF,21a4c61c5ee9c1305293229b5bf85eb4da4b35fbeb353da159a80e738a25aada
insa,1900000006,nfx_3VZS6K8HABFK3W2NQASESHGK7J,eca0cd3251fd92721a14bc5e1355c169e6a28f5d5b54153cb2e222b5ddce4c09
insa,1900000007,nfx_56S5N32TPEK057G333D5DRYKET,342c73aad5dc5dbd96cd4b8d9adb6a62af9dd3f53b815920fa6af66caf5e8254
insa,1900000008,nfx_059ZVB7RJRKSNST41JFXWQQ5N4,e01130496493d3146ac42ae27cd0a59021ec27340a8e8d7a9bd626cb189e522d
insa,1900000009,nfx_6MY696K1TEQNPHKFJN3SSV529Z,d751f3ab18f30a6ec3a1f7e98dba630726a2776c97b02ce13cc34e0ebe87ef4f
insa,1900000011,nfx_7FNJK8YWQM82X6NH1P3W4E9SB1,eb1d88f73367a5ef72e13fbeb2858605b9eab34b12ceb3202b21c333d37903ef
insa,1900000012,nfx_38RWBJ4FCRSTBDA6W1AF8CKF2X,d690a31ce882bd015cec36852be7c0030ed7975c58bac41c93d894beccc0c6dc
insa,1900000013,nfx_49KVKTDH1ETTEN70C4S574MYMC,edb8f3182981ffd92a30a5fad3286ce464a346d827d94cb8fc3e6a906244f131
insa,1900000014,nfx_5CMD8YZZ4J743W32C5D934F2CT,30fd99d9730432bbe178348b14cc0a50d19acd0ae74a37dd69154559a1629314
insa,1900000015,nfx_4GY4V7968ZD7P4HGH3T1W91V9C,3bac24f7a90ba7d7d9f21a7737edfc5a28ef3c77c453aca6717036511180d764
insa,1900000017,nfx_0RSVX0DQG3FJAECH3GVZ8FGRQY,5599356c70e50490cdf316d010ed1e996340ee0917378d5eab7211913bd71f72
insa,1900000018,nfx_54C59D8CH2SSFMPEAYQK03Z317,bf8b1d1ad9d71c8371dc707aa36f8e827730f3d2edd6ebad24a756e8ed9216ec
insa,1900000019,nfx_2J83Z4YZ75SPG0E59QK9RBKSP6,38a8f8a48b16885546b8c667086505486a46bbb0b27e0709442aca0ea5da2cdb
insa,1900000020,nfx_0JEWJ4DHA7KE5PR2ZP8ZKRZ80T,3a7cddd51e3d19fd14e0ec8185e030822535a16f6a5b34fd31a1b5a468dd5d83
insa,1900000022,nfx_5HHTREBSSFW0J5WKN78B8BG0FA,ff5b3418f3cbf714534b4c390093a49105249971838062cd9365db51196018c2
insa,1900000023,nfx_53X773M461QGHCZF4NST690Y8D,5ff264201a7370878778eaeb85a368f516347968e1098860b6b01e54035b6d93
insa,1900000024,nfx_74SYNPM9N806FW680QG0THG21F,81a8156f3d63bb4f3f760b241670b43400e60d8cc6aab260a0ff3bca9063ddce
insa,1900000025,nfx_3XK0KBESJGSWJGQKKAEWAWBSQJ,510688e60c36725c11d9498e6056fc4c846e1b5e6c9cb5395d8989372fee4c5f
insa,1900000026,nfx_5C735NX2S69WJ674HYAFTH7YWZ,00aa95725d62ce70b36da3d38829dce821d030e6127d6f90b06caea60a7e5fc2
insa,1900000027,nfx_48D69D9K6W80D6Y0MBN8VTWAFN,cbd78f9e483e895d3c7103b97d75e0a669c118aa2bad11148ab5e92865eee43a
insa,1900000028,nfx_0D4PGJTC86J6E3VYC756EJGCHD,e5b33e25f85e0239d24a400ff1993c2f78f0932fb6a6d0f5a9b141f8dc2fe757
insa,1900000029,nfx_5PFAFRRM573T1HS5RD5RCX40SM,7fc8206a447cf24b3e401af29d114d6609a61b128fcce035a600ddee89831dd8
insa,1900000030,nfx_02C5NCSD7XJH7Q0PG8ZPTYBSJK,0036a91797c2200dce03f78bb6164f2496366c346c12fb71c13aecab79562cbc
insa,1900000031,nfx_3W9P7VM1703R99B1285P09N7VK,92e6004be8021d80c3bda42b26b910e41014bcf732f75e45e9d659bb82116500
insa,1900000032,nfx_7B2R5Q3PJWT15JQ9E8H7P5Y3EB,708e3e6adaaf9ccc5361119271b672c1af9ae7dd2103b13a3f44a6a455a5bf46
insa,1900000033,nfx_5JXCK5WWN8TXH2NF3FWJ97D378,9b8a9d09ae42b53283304f625fe3703cc2976f206941250660418424266fd54a
insa,1900000034,nfx_6ADTST2AR9J50Q9QB2AFQ38SP4,3f04edd3c0e699d134676aaeaa4be25e451164ef64f413ff7f350f0ef8a7e08b
insa,1900000035,nfx_49275XNGQFQWM8Y2DQTQ88RPBX,6eb7d0b72de45862e263f72741f13ba4b758ad2642adaca876fbf0500e620507
insa,1900000036,nfx_0J2JFB3X67KD88F29NSAPG1HDB,4263202cc5db3ad751d459a62e1dc6d566ddfd61518cd1d3e2ec341d28020772
insa,1900000037,nfx_7MRCT57V3184TQDP3ZF6W5EAVX,1e90126b4b09bb741e8e2534191bac1eb7b60bb7ef129f38422c01579dbed4da
insa,1900000038,nfx_0VAYP4ZD4HH4QFCFVH3R9DMM5V,9972efadea322647d5336c4226805a69feedbb204eabeba7b9f264c9251b2ad6
insa,1900000039,nfx_3M2H57RGW22M0TXK5G0FQFT310,d5be70afdbd29cbc450744c8e2a92150c9b20da30be9df5f96092c6dd852f5f4
insa,1900000040,nfx_4Q9JCXESMAV7WJFZTYZKYDVB1G,90b6d6f63b050d23dc2795e0357f3ee6636a8dbcee7ef473eeeafc29ee4f4d58
insa,1900000041,nfx_23JN1Y65GVZXRDHTSZ6RSN43J7,3e18700d6888e3d935da77afa24db50010016bbc83773e40dca5629cdfca5b2b
insa,1900000042,nfx_1VG38RJ8VRFPZVK2GF9TS4E8PD,91e53ad2f76f20321755e1833d52b1489f94696196f10021d428b813f0550435
insa,1900000043,nfx_2D9ERD2MBMACWKSJZTPK1C7271,e48b6b0bf4f9d87e9b6f91fce73a8b0ad57994eb7a71137f4dd5a426a8a9db3c
insa,1900000044,nfx_4Y5MQ812G7V804DRA8WA0694TZ,4156bf60711a9f56e0903f5c1fb8105c524e15398c7ccc3cf049d0c31102e0f8
insa,1900000045,nfx_4WQ5J5PACYKF126RQZPMFR7M7X,d99cd5c1684152b2861a55823d54d344a93728f016f992f54c6fbf96372b3977
insa,1900000046,nfx_74KZVS480N32NPW4F23WP5AW60,5f6ae7c48df9585c1b8c96dbcdf1d331fea68b006ca6236425c530738f28c6c2
insa,1900000047,nfx_1M793GD34EAC12M7EE4MJ5BKYY,5295428709f4815fb29d5eefbfa296f7cadfa4898777a0fd3c54b03856d60472
insa,1900000048,nfx_4EF7NQ5SHDHF848PBGYAJDK969,619833a4651b2ff67e9b7f5eade0bda45bde2d204ea3d8272cda5a9d4a64ef90
insa,1900000049,nfx_5H2DMB7A3X5TN7V4RBC26A0P6K,09dd27dedf9b8022512b95853d15c9a65d0d90d82f21b72a6c82b497b19528f7
insa,1900000050,nfx_055YVS5WV5EE1GNK88VFA2HVBZ,d96c262708f8f26b7765b12a0674ed37c24f7b201d18a9e32317a44504d5f274
insa,1900000051,nfx_3XRA6AYJMDZEH3TD95MNCS5ZVS,0dc08625bfa745bcbc8c94d3fc2654ed0b2979d2522bf6092bd30517ab268385
insa,1900000052,nfx_3EKV5S9C6282D6Y48EMGPBPHF4,b34880aaede8031164801e0a02f0e8dcd3e0d73b94667484de19b5d7b2eaca32
insa,1900000053,nfx_3WHNPQQD8E9WS2FYNFP0X8PWT0,2409c9e65e0e3eb6e79cf3bb2b49a7a1417b8ca4de8d7fc558d5407b19d034bf
insa,1900000054,nfx_6E7KX9DP2JCD7TX2C10F3VHV0W,a293e7f05f7d28a56e65b71afff55cd1b4ffe53c5be4a84f035495001548d1f9
insa,1900000055,nfx_0KPW5RCXQKJ4K68SK5QZJNM3FX,4ebad1fc1afd7429b505d1a7d4304517a5ddf8e9d8279d98668a247b25297b4d
insa,1900000056,nfx_26RX5MN4CTCY2EGF18TJA1NQ3T,f61043a75f1e340417e727d129773661793f1f778ea18cf97056336b1b2e5aca
insa,1900000057,nfx_0XAZG31742Z698C71N81F6JXEC,6564aa4d97f5eeafc5860716e12499aa60349bd5058fad2b9fc3db250c10cce4
insa,1900000058,nfx_1376XQPXP4DN2SYQC89S82EZKH,950d17ab5b0e973ed2c480a1b9028ef7015bcd3dbd1a48f4f4b6028d4cba7a61
insa,1900000059,nfx_4410EQF31QF394AC66V42RKJV7,f1471d7566e996b0436c8b182d651a057b7ce83ba4b7a08ba9531cc61c10adfa
insa,1900000060,nfx_325Z66PPEMYHH0WVZ2E9N9MAJX,29e04b7d87edb23ba087b4f460057d732fa1966d0b4cd1d49a009fa53feb79db
insa,1900000061,nfx_2EJQEHFKX6DB687QRHWEHZRS6M,bbf8fb19f3d1d32563386259edfaeccfa7e1e1a055e45a8fe4a7a425413d6d4a
insa,1900000062,nfx_4MKJD1J1V4M3YPTFHT8XVA3Z4K,fc1db8e5e710b9b2697d5dfc0237c48f59f469d2eda6a2ae41a459c72a4feb25
insa,1900000063,nfx_6P3GKWJGCZ433BXD4B8NV76MFY,d0d2484738998675098b939f108da4e89104e4c9b9c2c04a6b85de00fc0f3bcf
insa,1900000064,nfx_0YV15ZVHJMN210TVN9GXV1252M,e86d24eff3930020d5d831e8aca8f58ec4220401ff8e4bbe7de44eb98a9633f0
insa,1900000065,nfx_1GFJKQTQWHHEA8AR74PT90N9A5,58fdd79555ede050e546d8b5c00b739f25e202309c16f7d63147ef25f58dac1f
insa,1900000066,nfx_2M0M1TVYY3JHM2AHG6WBZ7ZCTD,314c689454d13b32d5aa49fe855d2d1b2efafd340a7f14cfe65134ddfe401109
insa,1900000067,nfx_5D3QMVF6NEJXET2FTT5ZNAV04T,757ee227c8fecf0d17b61408551e0128dc9bea6f695b051cac3532691fbfa55c
insa,1900000068,nfx_04X301YBET7HSPDP726XM5W8Z3,eadc2ab0f2c4909ecd442a992d84f3e6d9458af9c7125581f96a5fcc73e449d5
insa,1900000069,nfx_72P2V1XF9KR3606VWN94MFQX0X,d7e30ef01a27d67f412bceea18bdcb59da17480381ea39a9a45ebb5b34748b0e
insa,1900000070,nfx_0F2ZXD3B7RP14R5060J3YHZH36,13cd65da40dea6dc7bbe25bece7b8a3a9aacc2f09cc741c2a96b1eb41f54c874
insa,1900000071,nfx_4E37CS1NFNZ82GSSMVH6SZF4XR,24e0f915a12255c1222d8092f29eb12cd3e07223b25cf483e30aa6629dc7d483
insa,1900000072,nfx_1WQRR8AKZ32408XFE9GQG3YVEF,7c96093944f6a76426ccb4f32421384c9700c8ef47ffa371139bb66ef972a9da
insa,1900000073,nfx_7SQM6WZYCT87SDR6THD29GZ0Z7,362c13b78d66591a65757c570f583ce59d4fb49b6238ba806a1a09bd442d873b
insa,1900000074,nfx_1B2ZAHHJMDDTB1NYY6WDV6BX5H,09d4cf32ea35c77827a6fe0b26575bec5937f38dacd8d89319f5666dbb4c0e79
insa,1900000075,nfx_4M0Q4ZP7SMWSJWKJ3V84TZYQ87,f3c817c333b08ed518b928ffce21bde0d84960471497728bc02b71d90fb292c0
insa,1900000076,nfx_24D3DPX828ZQXCWMTQHDZD3DT8,3fb77c7a92f4eb1974fb4063f4af683684957453f24fa8281e053a8a94dd436a
insa,1900000077,nfx_5HEECHCPN3VCTA0N6KTQSCRHV9,eb19b6e3eb7227c244648a5ba4884e82903a021b401cc5df0d760cebcedc0bdb
insa,1900000078,nfx_3S51AAF6A0ZZZA20FMNSE3HT1H,53c2727d028a57d53e226fab29cd37db16f36c710fa3799e941d9bfacaf0dc5a
insa,1900000079,nfx_3VF3W3Y3JT45YCPQP90CHEYYM1,bd394f3a52d02696646b43f0d89f192f08924d3f3b45ed9d4d72d2979b679911
insa,1900000080,nfx_0VPYY9FRN32N4BYM1YCH42GKDW,be6e9bfd06cacb5c50da1c895ed3466dd897ee0a46ad1cc31d8741a00296f597
insa,1900000081,nfx_43G1CWZW7CZ6PSXQBVMJFNWK90,1b6395bd0997315cf8e0ab5e025b9f9d4165812bc49f7bad31342c31b77890d4
insa,1900000082,nfx_23C6S9GC9QHJ3HV3NDY01YA5BE,1d17073a869a7b0c29a2f8b3d37f311932155748cbd680670a38534a7626e750
insa,1900000083,nfx_54YXE9WH5SZJ27EGTECRNQH7RB,dcb0b13d82f4a6a43ce6d2e950e499a4d7aa18fd585cadb6eade0620220bf3b2
insa,1900000084,nfx_56QDVG817CSS0TXTH55VX0FR0X,98015ebc7fc853a2b9792b537adb5fb69b1a6ecebb942a0fb19b6164705a49aa
insa,1900000086,nfx_7XTXFYYKC2P70DXDHRH50X4KN1,8812d314afbde74bd67f7d7f01eac6cb46b31b507e9f24da77ee54e2e44ed816
insa,1900000087,nfx_69BWWZDTFD89N0RH6W0GT0BV84,4ce8bd97014be546b660bf39e87c9f168b7b749e107b8ad42366664bd1497e3b
insa,1900000088,nfx_7STAEQPJ627JZXGEWDMMEHYNFZ,4a353e59fc44a7887f4ff85a2621e0c431e82478cf143df358d7a50ca21fdce5
insa,1900000089,nfx_0SVDX83MSKBSZZ2X59DECBD4SK,f69fc9dec2ae07507786980c8d7e0389417b20075717126019110d2861d4c55a
insa,1900000090,nfx_2P9E3XZPRR3R6WGXDPY9KCNETB,edc56bef6a507c16e3be5a8657c19487463b022a51e627a714530b7b8bc5e48c
insa,1900000091,nfx_5GSN2801CJX4JA2YPKE8ZS42C0,51e43c9fbe99ddf27d7ecc78dd92718c025f7288cc614d94153a4fd42eb1929c
insa,1900000092,nfx_4ER9QBA1WJWM33FSFXM3BF4QZK,c8161153d5ccded35b973b7cd12e200c0b74d1d39f61769cdceb1ba38025825f
insa,1900000093,nfx_49PCV2MWQKQNE7RGWJMGGD1QEE,c6ef7d4d4055589c38470009a0822a539191d79e66f6127017ec158a52bb4dba
insa,1900000094,nfx_0FGWQQFZH4A98YJ3NX49C9J3YW,ddc8af756bc63181219774af53df1c33b1b19000165ceb2f8145e7ce7ee3b657
insa,1900000095,nfx_0PADNQHRR8FCNMJS5ZYK8YJPJQ,2252b64925356e74f2f560f2aa43f704a16175243391bd83c0cb40c479b86ed1
insa,1900000096,nfx_7QD74NC3P1QQSSYC24G3G2Y0A1,691c73b8e92ac7838c9baef05c5af0ec0cfbeb6f61fc7963aeaec2c09696e0c7
insa,1900000097,nfx_41TGS3P6R9YP5447Q1ZESER4NA,9cc6e7f42b36ce3fe99fc55f1e172c6bf0241b8709a79fdec24bed8bf3bd0be1
insa,1900000098,nfx_1BNVHCKMCWNF7HQFRBSZNFFQ9K,7f539dc1e70afd5e0387ebd01e2045d8b9151a01729195262c9f972e163d0778
insa,1900000099,nfx_1D88PD6YZPKP4MC33H5Y6PH9DG,6e232c3a48b82a7f9845c2b349bbc3b82e14887e3e835acf9e1d3e4f2e823a25
insa,1900000100,nfx_2C77H9AHS3EN5BQN0RRFR9YGBF,c4ea0287921c71786042b1a4ceee93ce90f1171fbb699fcbaa9d193009a0ac6b
insa,1900000101,nfx_2JDBDD6WBAJZTHX7A0FCXX2962,6403fcc6e18669a3ad9af90f2d4da9b3873585817124545113bd7d13ccae6652
insa,1900000102,nfx_5F2JBYAH2JXF1S4XPYPS3RRTR4,7bd9f9ee1a75ce7fb648720d445ea2c335ed25d0e168a61e5c49a9aa94efc619
insa,1900000103,nfx_5Z65395D6G8XMZ8SQ79GR6S10V,b17a9638789cda5372888511733acac48207f85bbdacd0f7b452f2ef20e7f18c
insa,1900000104,nfx_4SGFH91MS6SRZSDB6MB7ZQMJ8P,cc7b05b1cd88816ae07ff4aac113d5cde072f35dbfe8e24159101a90e9b6852b
insa,1900000105,nfx_17GNKMA4417Y9Q9F4666A2XMA2,b520b899a342ccaa6bcbba01e8b261dacc53eb47141d5b2f9b3f6903054b4548
insa,1900000106,nfx_5PJ9K05M2B00AP6BV3FCYAEQDY,be406d1592c831edbc14e366c9251b1c57dc63abaa5dff2a19ec70976d715b69
insa,1900000107,nfx_7RDRZDHMS00CW1QN86ZXMHEDT5,d439d372ccb0426505bd18fb71ed365bf764d1b4668ac37496b224ba44896ce5
insa,1900000108,nfx_7VEGYV3MANV9K90ZAX6GP01PR5,e4eb88f0073a37ffa64f1d6aabd562ad1b04ce940ca1f88a3928cc5370af3e24
insa,1900000109,nfx_6Q0S2KMRA1W0MJZ90WMZ8AY9J7,be680e8f62251514b70fb4acde582e07a7c546de2ab5364dd5c2b7211dfef8c1
insa,1900000110,nfx_0V99VYHVCYCKVR3J2T9HMM9JZ4,d0dbc050b9307be34a886d74fb4f2eb5a48fed53be26e198463e884d4e193010
insa,1900000111,nfx_5YVEADGVV5A7BQGPXM8HJBEFCJ,87a8d3ed719710cb013638061bbbb3ef087652b0f2baf6a5ca6ee2699acb08e4
insa,1900000112,nfx_77Y5D41R21NXSNV2H5S4VPKMNY,c9ec9147050d645e2b1b8b0e1af5c7442d556953e46b1cce6d0ee5928fba46a3
insa,1900000113,nfx_7FKNDPWDDRADC3A0JZJ88CP2NC,fc667caea8127d00423f6625224a9738e1f58a53ca6b09d21d37d480d43cb7b0
insa,1900000114,nfx_2A7SMR0W1TPR13PGWTAFTAF02V,139bd344144acd5d644e3a00adfdf608ccccbc53090163cd739d8e5717ba5733
insa,1900000115,nfx_4Q7D8YSJ9GMDSB563H24QMZDZC,07c7c4532b96649d2d2eaf6e49fc2f23b04a322c1fc1c1c227993da2cad69547
insa,191,nfx_08YTPMR6WQX41238BZYF6A71WE,05b23e712680f6c9fd0ce223d2027786276f6d1669b9364004f32dc1e2176313
insa,192,nfx_741M4F5DQYY41SXMA3BXV1HX7J,3c9a0a092dfa032edd8d54308bbaea114388ee836ebbd1128cf55579825506e9
insa,1920000001,nfx_279Q6XAXG83HNBMM9SRBZV581D,821f2f72c3295de4ef66023c14b86fe659391ef17c2200dc6e8d0550173aca11
insa,1920000002,nfx_7PCFBVT6ZRE83A6JE82Y86AVSV,95c0d6b1a9f45a7bd21814e7f80946bbafcb53f887cf4ec370bfc2039df52bda
insa,1920000003,nfx_1E4H90HY3382P022R0J3GN4SS3,04113c256e115b733ec2afef343751a1da37776ccc14c44e3bc2a893f6be6edb
insa,1920000004,nfx_460H24RG44BR04HDFP7GZ5FASP,0fad0130e3657c22536baf7d7a1917e685107df0b3ed59351aff666d84a0823b
insa,1920000005,nfx_3FX9SES4GVZHYTBVHYCVKSX3X1,5a91169864cbdc1c4d9f8c2d4306b769066f9ea94c124b4730b1425d7f0447d5
insa,1920000006,nfx_7Y2M9M73JBJZX9VC25QCX3R5KY,7d05771aed86367d247b1c66e5135a5dd2ba98a7bc80cd98d82354274f7aaa72
insa,1920000007,nfx_6G91ESDWG57D47983A6XMTJSX1,952153d8f2ea0633ced7c8571a2b9913ebc198f3f36143de9f5b058cb9e32f84
insa,1920000008,nfx_45K2EDGBS9QSZASCD1GRGPB6MV,831d331beaeeb8f2ad42197e2559ca3131293720151ee0065e4f8b91b9f198b4
insa,1920000009,nfx_4CJ025M3P436T8SXF8P1TR6FNZ,ba5a28631c0064213d9d193319cc7a6be02d844660125d2e720461f8f2f53ac0
insa,1920000010,nfx_5VHBVSSBCWNJ2C27ZK43K7Q5N5,477c709dd6876eba72780a18892037440623b0e104c7f957f6bb09231e92319e
insa,1920000011,nfx_6PT6SZ7Q216EZ2RQPPZFRFKJY7,5ea87200cd404a4709a9a50facaad63d4c71c5b8ada7609ac72d6da9b4f38848
insa,1920000012,nfx_5NG6DEN5R5RZZEGGV6K4FG3WDD,c07c6498a9477b949643510ccc0dc8ce1fb15372ba4e0163a7d482321b4f18ca
insa,1920000013,nfx_219Y79A1PN7PBFESSKZ7Y4C5H3,01d0d1f82fe2fb1a0d469e3c19b8accad037ec8e6fcae320c0b8b69f7d286431
insa,1920000014,nfx_3644EQZ8ZQVNHS13B3Z47Y37NV,dc6e7b901aefa8bb051dd5c8f85e1e14ef46b8f83eb0cc602dac1de546849c79
insa,1920000015,nfx_2R3S002X7QE4B537NXZVV6J06B,daed8aae32c6e7ca14b9da279ccb7e5e8839821e5b20fbbfd491a13b5166a2bf
insa,1920000016,nfx_2T6A8ZY6JKZA9VAP7BMGHXEJG5,64c80b20b425651a5027cb6d2379dcbeec4d21649b57f96d67de15c1b91ec3cc
insa,1920000017,nfx_6S9BM03WG3JG471FP9CGCE2XPT,1425f5943609cda304ce7e6d25dc47609ac3a6762995bab72adc3ad7cb6a1979
insa,1920000018,nfx_693MGPEBDS84XXAZ4P71M3R87E,8610e92e457086c1fb84c1c736597a1ddcc82fd14b0399d6d2a9b3cbea64e960
insa,1920000019,nfx_5EFZRF554477WBW2QFX2ZVA3J8,0587fe6631d74e77f37548fa2bc8db64b159e812be2948f2bebe78a873835230
insa,1920000020,nfx_3B9070E34DWD8P8JS19VVDZFJD,99c2dd574bc719578dab5ca4fad22cb7038e2e786b1b6ba2bac033dad2621c9b
insa,193,nfx_4W3AAGTM2J2SWFMX8XQVEH7VQT,7f9b6c2a5fe00bb8eb933cc233b6b772a37eed67205f4f377c82ebe655f90723
insa,194,nfx_1HAYA5REA297FJVM69S5A0F38E,b9d94d5f3a3911940afb71198009a515351d031d83b15dcf6f910dfbb93d2186
insa,195,nfx_423WBQP3F1FVYH1SXHG3WAXBAN,1a6172973d76a289375f31080f348a057efeb757d31bb7d8ef9115dae2680661
insa,196,nfx_4ZWHBNPFZDQT7SHR3875JSAF20,ef853940f42eacf3448865466e591b2544d57a91224093b178eb07a0578c7e59
insa,197,nfx_0GV5N6Q8Y0HB6XRTTNP16MSJ85,3a862dfc846ad98cf9e30b1dfc4c84cdb5dca6f42f758f892939f7d7230e015b
insa,198,nfx_45284X11MNEJB12Q2N33N5WQJP,15d2a7fb27be66eabc87d7ab5468e4b2bd4924ccb2146d59fbf509c7f85c3382
insa,199,nfx_6TXKF58955WZAK3J739FYZ1DJ8,fda4d610132a581087f781ea1ea9b444a0b652dc8dcb67e08856c67aa0e680d6
insa,2,nfx_5BM1CNPAYARY2DYCDM7F6H2MKJ,ab59dded054ff565ac25bcc57dc044f189d0160dbc493d5b24a8ea38f9b862ce
insa,20,nfx_5ZEP7RFJ3ZY44XQDD7WB3APS5Q,216a1ea642b8ab24809727d1c1dec0ea697a6483bc86959051ddaed343c2d055
insa,200,nfx_14ZB7MRFG050R37NMDVHD8VDXG,b731823e3ab708f3b771ecf164cc7b72c08838645f64b33d2e57c06682670822
insa,201,nfx_68NRJDRCJYGGFWWKXS19H9JEKZ,a388e926545061592f28368302fde96b17979e52f6fff84f2e45ecb52a9139bd
insa,202,nfx_5TP0FPT7H3RCA2R3F157X47JDF,68b07807b3464f98ffde8f45f360c8271ea5259ad5a8a6c3d5964dbd061d584a
insa,203,nfx_4Z2ATQ6JXYV8FRPG20G02E0EB9,508fd660adaf064d4db33b74c6f9121de36c38ab8af823d170a278108209a55b
insa,204,nfx_5AS9C36GMGN3P2R7FKJ2CCK0TS,7bccc4925c9cd3be98014bec3049f57e48f15893ba4c1b575e6d3f4c36a3f444
insa,205,nfx_4MTCF50NACX8GTNP9SAC4J493P,30cf5e0fa7b07ec27689537b53204ecb0c1bc5770e8140c199103d6750203504
insa,206,nfx_634X02XQ4ZKFDZ2FR6KRAYZ8A6,00c7bde26a049c626a03dbb5ea408eed4bb6091a85e3bb38eede3b173454308f
insa,207,nfx_6KKXGWRGFYETHM63K58KYPXR9R,47c0df5c7430466e169b7f19787f3d28b575e999a8c21c309439ce1551461bc4
insa,208,nfx_7XXVKD0X5FG92XTYV8TVF23YH1,00cc28a7b3ed3ec8937f1beefef1d0b4d86aa6baf6daf836410f95bde269cb03
insa,209,nfx_5B2YGEJQ58SNEGRAA7Y0ZBYHEM,62dcf81ea69bcfb294851229b3d07cb86bdb61995fdead223a136e8ca1f10eed
insa,210,nfx_07EJV1A3ABVMY9390MRK3RSKFJ,d4e86b4890acebe109848b6b8c4e7f688e43a5807a8500680b8e3af89e855f0f
insa,211,nfx_33NHCCR564XQ4X6JJF22DHRYDA,8200b50a60ad209f6441465d9dc9f9a1dc78eff6b6c200feba664fe8ec8ac97a
insa,212,nfx_3900NJKPZ5ZKHV7BA54B3HA7GB,e4b593c442bf9cce200ed3a67caa66f5a43ef95974127f73d500882e2ff90df9
insa,2120000001,nfx_6DJMK9Y821R4TAPD0P7KMMZ9MQ,e34850370f26bfcaede7e30f2bc0c1e88f6cd620243e52a223677ada91218363
insa,2120000002,nfx_5ZGJNJ1QJZMXHRFZWTWN9XXP6P,ca6a245952d6262ed06f3b01a009aa01ec1e553b968a79fab8fe3118f67cd94d
insa,2120000003,nfx_68GGFYBVHRTP40B7G88P458VXQ,36a74e828747d2d2da09450ba895a34b65e70458b9afbde2ca7efba0b9af4f01
insa,2120000004,nfx_0R3DMVCKH8K5MWSB641CNKCJKR,1a1eb89601132785aaf4ef4e1e7a23a089650af70640f7a97ca84c0a33b5fbfa
insa,2120000005,nfx_6KRWNRM3Y9VP19QP6NEB4ZYMP8,f45a408a00abe54ed6e6f72137ff506c60c0e2528229ad71bffa166058dbe9c3
insa,2120000006,nfx_0K74KAYT1VD3MRMXJKQMSRHNBX,c7f79bc874390cc37ab9ec511d35aefba7841975cfe792c51a47eb3a9fd37060
insa,2120000007,nfx_6NDNY7CP3B392P9S2Y759DABQC,ab46804ad152bdba751de4595d63ed643e18c267559152d2dc40956a48174bd0
insa,2120000008,nfx_1S92K3XF46C89CRKCD88F3KES8,0d97c192abc30e479f9e0e1dbb2f4c4f16a7b4ad9cacc92526c073185a52442e
insa,2120000009,nfx_4DFK6BX3R6Z566VPZP701P4D49,ed2fb0b4bd8633ebdebd80a5b909c464b95e40d51f217ea7ee54a608371226e8
insa,2120000010,nfx_2V8K8SEC5X1SEH7DKSXKJ18N2X,9662f2a17290494b63fa90b46470a2058084a7318b89f22234a3c66090bac6b1
insa,2120000011,nfx_5Q0JGFJ5WYT35C8WAN0XKXJYQA,81c52c53780dae996b917b16740e7b0eafa086a233a2783711bdebb94cdf4d30
insa,2120000012,nfx_0K6A8Y1Q9KN8DFC2NYD2PM02YC,6f07c169d95a195127b24fdd394ec900637a1681ae16703f7be59c18eafe42bb
insa,2120000013,nfx_1J8C1K0JQ5KYP5PAN0CW5TJRG6,9a9718f9013edc493049a14e589d45ef7befcdb08e84853261683fe4580bf9a0
insa,2120000014,nfx_3ZFCE8620AZFCCC85TB9YQGSDA,4b8f32d0c33c30706d78579546ed6de64d495755cc9a004f502c976bb9ec6517
insa,2120000015,nfx_3RZMF0C5FQV3NEKZ0BVGFVDSNF,b969299bccb74f890f7b64b4e6e690284062dd7a298ed708e9484573f1b62b08
insa,2120000016,nfx_4AJVJ7R8K6JK785M2YX4V9FNK1,1bed1718a5e7fa0986d554bda68f9f40cf2310c22778c2b6d3efc53229a60ab1
insa,2120000017,nfx_1RKCX7S4357YCQ3ZWMEP531BHN,c6eaa237b92bcfdf1b0ed403cd00e598cd6cfe0c00e273e632dc8b82f3131ad4
insa,2120000018,nfx_3XSHA5XSEFV3TSP183KFE023RY,9ed1f4d44a54e3a330552ad74db0d30f9b4de85d95abac6549aefd8c6b5c49c8
insa,2120000019,nfx_585SGVMT0HVQ2QZMESNHMY0AH3,611101e63e91016788cd9e523c150bc216245ec2602e129621b3f5951119a79e
insa,2122000001,nfx_7QRFF00F4VP69CPRNNT82VX1MQ,36f8e4355900b79ae268a0fc8163998aeaf783af694bb8444a1983f840663a80
insa,2122000002,nfx_21WAVYFX2GK09GNFSMRCAS5RW2,b750a3e8f5a8295fdb40ccb96c20e6bcad6bbb1e2c626c1728a8f7a55f14301d
insa,2122000003,nfx_47RZC58B0AK05NTD87W5Y02PZE,a6d169a04b7e5324cc9354259609aaa9f0aeadae65439ff64702410ed5b8a1ae
insa,2122000004,nfx_0WJ3TEFQNDRM5QJBVJ2FK0FN74,293b7fa288f4b25302ed8abb206ec081e0b5ba999fc5bfa91b899b310adc3786
insa,2122000005,nfx_38KXXY93ZEAHQZ1RGMTY7ZQN30,79b1bfbbe586d9de420257d071aad5e8bb2ac92fcd2e39fcc7bb4046ecb852bb
insa,2122000006,nfx_6VY2BQBGXBA396EKYM5DKF2J3C,b05762ae1122a2050ab3350355893ef750d367ab9b257735b458a8cb3532fd35
insa,2122000007,nfx_3DVJTK1GJ93GHAMGM9ZFH4J551,783f4cc0f1cbb637ea02291cc5a8aecaa75f2a7f6940fb2f0fe04ace37bbeb1b
insa,2122000008,nfx_6YSGBH5Q647BQQSFN1H5EK2PTZ,9dba83df8eba10f0eeced751249b7caefdfa5d1ea9e0d7c4d4b4c8a1c7168a92
insa,2122000009,nfx_48QQRG5MC8QVHV669HV2AAAK5Z,3af9c6e3deee7fb635df5edf8781514c18f9fb1f23d95896e636c8b966707c40
insa,2122000010,nfx_7JDVE3HX5N5DNZ41B40ETY4B21,d307d1cb57252c24284cf94f0e6714c3951c884b99be4240919aebe8d0b2afb3
insa,2122000011,nfx_3QKN8ZZZC2WJRWASQ9GDBJA1ZF,e3dd27cf17dce92d435145a4e7b6b16d2f09d2456d4ae9e59350eb7f80b39a5e
insa,2122000012,nfx_7BBMC8B4AFW2QBATDE8ZRVN6VH,64228d2f762c72bfa909c0cf5d096373f7186fbf02067b2c2d1f28527e882ec2
insa,2122000013,nfx_1E7RRAR4G2PESJT44WE6YWCK3C,d111d630216ecb2a21fb9a6c2135c1c427839de3b438cfa52d34ca60ebd37717
insa,2122000014,nfx_138T17PAY0V41N5DZMDYPDCAKJ,b28744d3d6743adb5845421484a3994d98fc9e55de6f1f26a7e2309e1f32a69d
insa,2122000015,nfx_79PNYWJ80AA4JD6DRFGSMD4WX6,e59260607899a901835d9036fe568961c22a8ac6dd43424fa5885e62488d3acc
insa,213,nfx_51KARKNRDPJDM89KVGE0N1HX3J,7291de4032bbe25339b340ef8be0b4cd991d8b27eb5cd303d62bbcb85a73ccd6
insa,214,nfx_4XY3C07V5JCMNGFD4HDDNJHWP3,0f041bb856fa8ddd6950150bea5f3a31fa230fcfa7db0bf3cd4cd37d7e4f39f6
insa,215,nfx_25ANQ5ZDFSCJ8B5NKK0Y3FWJBR,113ff0ba79b38942c909e4529cb09c7e701c32305c36d9847b943258a5eb1687
insa,216,nfx_0YJWRR7BQR2N9M7BJAC4CYSZCH,1d2c6c7f812b829e1b5fd46fb46032aac442133945f8cbc25533cb250ab2d3dc
insa,217,nfx_42R54QCBHAVZ30A561YWQD805E,2c538aea9589f0c4570e750a00f06d590daa4952f4592d216267bdd2fd33e80d
insa,218,nfx_197PJBFN0NENFY41Z2AN5S8539,49b38c2abde57d43e627cae397f2524b048f8b2ad5da77f07ca2278f7efb0101
insa,219,nfx_20698W349YVRP1KK70DTQ01PGY,f1ef53cdea84db9c2190ea60328c79bffe7175965723857ac95c92a2922c771c
insa,22,nfx_1448FY71T9TMGPPJ4M1ZQXG3JW,ab9671bc946502c58ac6642ff3f6dcd30e68746a28e26c7cb55faa02cb031a92
insa,220,nfx_2FD9KA2Q7VB06X391NPHG4MMK6,14f284ae39b27980e17f57110c36d03a87f4a5265fc1242ebf19bd564c7c8c74
insa,220001,nfx_0EQB3TJRVSJXYQRF0D40M1QRAG,7a1ec1c5f121f52a644472920bd8da15226033ee234cb7915c09ac2efd68a2e2
insa,220002,nfx_77X0CDQ7QB39Z6X721SVSD20D9,18c1c38862b825ab188064536b4ff28661b4343534dfb9a96b3b13d365b9469a
insa,220003,nfx_2HFVHW3QMX55WS1ZCECMAVE8D1,dbcdab34d6f3f3540deb84ff63a4d3ad5cdc23c7caafe0cb9535db0847c29317
insa,220004,nfx_7YHQ8RTERP4P2S21A6FJEY8D0Y,a07a5f8aec35c030518ded24d7cb398a263b7ce37f104ab305c494f25156bc43
insa,220005,nfx_4MJ80FBZ13GPQC2J7BVPC39EZN,b8647c2e7caa22a4c9cfd267921334b102acac7d34497a2059cb14bfeb38809b
insa,220006,nfx_2QZ026A4H8MHAD3ZKPPFG3CXZV,3f4e85d6f0188cdb1701099b36f36ba96e3210d91948ccb7e8984230dd6927e9
insa,220007,nfx_48QEWPA7ZTTWV9WMNPRX29G72C,2197a0862d22080b84d30bba67c0f43b706e65cc9521f19abdda4c0d8c3c2df2
insa,220008,nfx_1RJXP11YT89YYCBP0HS7NSV5YT,7370858f2a7c21cf0fb9d39ec121a9228eb3b00f8be8075dc04e300f34022551
insa,220009,nfx_61ZEA6XRPT27DR3K7QQMHEBJV6,9c91f40dfdc55d3f936c132c5d7c2483f5bf370abcbfa20b3bbee98991a30133
insa,220010,nfx_3F69VQ58DFZFND1PSAEZ41RD9B,77847d33cac23c4430cec68753a3e0a3a76b9096d7bb6883c7bbf613d33e5b2c
insa,220011,nfx_2VZ95QCMM5JZXNGGE68QWPMSSN,e74a12a8e3175e4af7ca75253de26ae81934a7954a3e3c3e3734d553d4754017
insa,220012,nfx_5MM5QA6NB131NWESFS97NQ0ZMR,8c6a481304f5a8ed81e4bcfc358c0fc2f210ec2917e94818a8ad5b737c76bbcd
insa,220013,nfx_3S1ZE8JX08K9XN8K6JGGMX7QGM,55c29e8943f07a4ddc75622a775c99c84e88afe6b78d2aa2ed818b4f492ad404
insa,220014,nfx_1035QBRPMGJ3KA8Q207A3T4YC7,99a2a7d48cacbac333890d8807a737c5263374e09289f058ac8e209d0d41d631
insa,220015,nfx_231MTP4JM6K2MK8F6N6PM7R7RA,ec2574f5201bf3ea66362d498073fd96928df522761d1329f1776f185f226f0f
insa,220016,nfx_40BWTW0WM161MKMR7DHWWVMCT4,e2904aa4215406c401d04d6639fd10023f1115ad9846ff1926ff5f95c065157b
insa,220017,nfx_791RSMXGTKBNAK2WMRJK2GAYK8,00276cf4605e86c844e626a907820fd02423bfdb9f48f4363afbd9414c59a735
insa,220018,nfx_65H4CTQVR3ENTDTYN8WYJAQWTP,017dab6aa3907f217885e4f0cca59c00cbc45f8b1d06b782219f835d54811f16
insa,220019,nfx_42PNZ4G88S68A5RXZXVNN6SERN,1c005a275b160a43ff70fca4a1415387e821c25e561752776063a5d0ce0fddcd
insa,220020,nfx_68P340ZY1JR7GYBBV5HWMBYCHW,2660f365f11c1be55c92e821b638d983445407dd366868b35a7529404146565e
insa,220021,nfx_0WX4XDXXG6N5BPQSXEZSM75Q67,b93a6826649f07aefc3ac7df5f579c7f45b14653e568e588a0a14714122df62b
insa,220022,nfx_450F9QWN7AKMHNNE3PEY0YZ7ZG,fade793cee278149bc8f06b13001c5fe9f47121b2fb104cc0aef40e434cb8298
insa,220023,nfx_1G4CAK4XAHM35H2BFTVE8RF269,41a96ab9a0d7a5dddac550601c4f40c622cc5bd42b5a480350024921e908811a
insa,220024,nfx_2S1MA14TQT0A6C01KAB51JFWWX,ac1fdbb3608c8f7204c76577810b62914a26d2d1f8a817b02ac87251c44ec51b
insa,220025,nfx_571ABBZ9Z8MKR3S2QKS32N8382,f2b40b19c1cbb30bab1ec50a380cda117896346d02704307d8089e2a9bfee615
insa,220026,nfx_7H2Y62N4EXAFF2208C1ZVWC4Q9,9d9e5c9f60170cb7c5f113c66eca7f866b4b02ce871734d380d24db922371e25
insa,220027,nfx_7Q9VVWQWR4WH7WXMXS2Z1H9MS3,a15caa4ca5764c904b77379da4e1db69ff220f1d2373fc80d0ffb9a38fb60cb2
insa,220028,nfx_06SG3SEFAY0Z31ZX8FYMGVJFRT,c4a4f0db60aa416fb74e080da91e76bc1dd7ab90db2389699e2c5fa568772bde
insa,221,nfx_21HEMEQAM3Z4TRJS0SN7CAH5GN,97524176563253e84c05f397dead215578d3ae077bcc2c37dca94f0ac41c65b4
insa,222,nfx_5RQST4VQG549KNZ01WE4M3Z6MR,4605520af432866856e78ab68d63eb69457d4725805729cfbc2d174534805643
insa,223,nfx_66KX0HP8P720W5QQCMA4YYKAP1,074edb10cd09e83b5fa970713a2b06d9b216dee3c382753043c2538fbe5ce86f
insa,224,nfx_0D2BTWZN12PWV5BFJ84N1441AT,f571f9bb4a379d9b700b7dcd3bf00c429ab145977b9651c17de7b6a17637c815
insa,225,nfx_14V455HVAX0N52PRTTKHE0T2KZ,f54ce260afb19c0241480bc860db08dfb84cf27a70dd100bd9e36be9ea67974b
insa,226,nfx_4N4HNJGC3ZKEAMA3BD175W4Y51,45a03f609f2d42b66f4ac4f7c7b7ddea8c4ca51e414368f22ec1a36089962dc7
insa,227,nfx_73ENBB4AQATKGH1TGXBCW04HKN,d26ed02893fc09f66afa8009d9f8b9f555da00bebf636e1d34143421a640b848
insa,228,nfx_2KMWYHHSA8RVC7Y88VWE86XSQV,c7bfff0c7193d985b997af3a1b02b682053b821b834ca37319d59c3300e84880
insa,229,nfx_6Y6Y12N93DYGY9WYQ3A37PNT6F,075457ce797dea286ed38b6b3384b9751e614eef1e629e6adf1e0bdc7d43a45e
insa,23,nfx_1GCXKYAPB633DT2PB16GH5Y9GF,51abc1fd44e1547e3f05b76084d64ec1c8b9234c5edab26251947d9264027196
insa,230,nfx_4HAMVXM0NT12KZN1FWJCEX8SDZ,665be69a883f7615fdf22064ee17178398b307699a4000d2b535e0310cc44c39
insa,230001,nfx_18FRRMCHS2EEY8J91E781N1SGH,72d6561183b9b3be015629507a5c2738a1f374672a104d510f8862d10ff152da
insa,230002,nfx_01RXP2KXXZPCSX476E4YQMVXWT,a5fe902de0d7a755145ce1c08a467a126370ccb5ef12e4f1e15f5cd73ebb93d9
insa,230003,nfx_4QJC0TK9Z8E25T3A90J7K2JMZJ,f5c549f482b8f08b09993b66960accc215960d521ac064ec688cd84bea6610f3
insa,230004,nfx_7ZK8X8HW5TEHYTHC7XQ81A9S39,d09545834a9e3833674c4c6e849399cb4afd1140a2272b6b1c710725619f8f60
insa,230005,nfx_01EZ0KATVZ1P9FEMCJW6J5NF4C,6e2014f57c19e26588fd9eed0acb04d42d2f97916cc0aed942deac67bbcab973
insa,231,nfx_4KJ4P76GRKECDD4DRD4SAXEKC0,769f3e139c1a0cae60308e7c5225ee470e81011618d0f6d1ad3e0f145b16d942
insa,232,nfx_77411QE0PTV38HP9XJE2FD0CD7,357646a5ac18f0f9225052e0ec9c0b628b014a2c9abeb89d76e4792023963b2c
insa,233,nfx_0M9XSQN5W5MD3EN7DQ1JPH91WF,c1d5566cc4c5f366294e3297f51df7efb77e5711c40370820bf56dd81ec45ebd
insa,234,nfx_7E0N2HSBEYWXCADHT2GVDKWAZH,622c1f2b84fb0d238c7fffeddd059ccc9dc0c0d728e5d33c60125c6f19ea9033
insa,235,nfx_70EBE7E2B240PN6TYPJYPFNTJK,3d8105e95b30a0cd67235095b9ccd6f82fe12166854a2ce9511f1d1649b7a768
insa,236,nfx_2W2C0W6WRX7QEC7CX1RH6WFEJ4,744b501a021217329111c31c7430e698fc860b0d1dd745ddf7dd044212fa017b
insa,237,nfx_1XEWPB629ZRY1SW2CHVD17QQJ7,a7abb72976ff7bdaf5f5141482dc4997b7e9aaf9c676ea5bc244a5537e8c6d68
insa,238,nfx_6WX018XA76TESGCE7SQJ7APF5M,129bf57ff1fd1c8d5eb762e2a87b97b631a7068b39e8d5fb24ee8de17a25bb0b
insa,239,nfx_3R0R7RXVX36WV7EH48JNXCJQ56,9b115d0c12e8b97bea0ab33a7c10000b4259a20f0e8e029a09fb7d3df044855b
insa,240,nfx_4E36R0HP444ZCZFJQ0FTYWM6DN,5a45dfb3b92632409f9bde27cbc34f9e70bb810171e5ce5928b2ff0d341a4f45
insa,240001,nfx_37K1NKWECCAN1ADWTHR85BAWX2,bcea8b9fb07dcd347fa07f70ada6c064e551c4a2630f53c214e0daa6781a7ace
insa,240002,nfx_76H6T4QBEGMWJYY2EKKKFBBK90,a0a9981e15b4f7ab9d4e3a5e1b6c422b79af70158e6d6bc02de8b4f0a32d0768
insa,240003,nfx_5CWBBNBPQ0HWQSMWBXC5VGTMN3,d162bf9dc2270525857356d69a2a25aea7326c7942b8fa89c615098bfb0c7f73
insa,240004,nfx_6R41FD2RGMCV1DF7PA2KNGGZWM,d3a1ceba0342b648e0e415d179527f1778ae2da8dbed804e8af1b5a36348a8f5
insa,240005,nfx_3H6735VBRSHMXAKM785VFEWET2,7c7403a1d6fd2aa7bb37487e4d3d90efca79442bfa555b328963dff86eb55ef9
insa,240006,nfx_3TQFVQKXE9T4EAJK6CS4256K3H,3aa40e0735f5bc87c03cbd974b3b49dc33e0f61a5d00d724eca50e370ea0bb17
insa,240007,nfx_6J99ARZ8N9HSDDP3AH9E42FYS5,3be01655974171c864f9e4625c034f71c6c54482579a8d23b829b9d734194cf4
insa,240008,nfx_18311R5SGK398CBNHJTD6XCH97,599eda5eadeb82d5c074087181207df56309a874da2b04c754f030565503abcb
insa,240009,nfx_17PTSTTKWWAW56FEJJSKDR67BQ,79fe543e9b00aee388ca98b30e739d6633fe537b53c387e96b4529871cc11ee8
insa,241,nfx_30SQYSST5TNMN29BSP58TPNRR3,43c9f6a22ec0ccd37e7b826c18e85ada1b883401653efdbdca5769f6303237a8
insa,242,nfx_52GGW1PYCGZWK1SST1EC6K5MVF,a4b24876d1f9ed58511b9668e2aa50c26fb856e7da49b35dcd0c8c7c7da72932
insa,243,nfx_34FMM21TQ2ZASWPB0SM6Q5RD6F,1c3e7de9de5c3661a2332a84af9d208183df3caf202d62a43703bbc7d2d22642
insa,244,nfx_3JKEESVXXJF1VSSNC81GS4ZNHB,d824c267ee14111465c75e23269669fed18490f8e94dfd63c0187b2a79b07d2b
insa,245,nfx_2F76MPPZ7KZQ13JSMSVAS513TR,0e939b9ce1c020cf8d9f5a2829c3d088a6e19cdd401e1a9b61109e5c441a052e
insa,246,nfx_6RS1NSYD1JMWYJNXJ6A3FB3GVY,b66e107a43ea40a886608c1cd923104ae5241c6ca8ba3dc36dd4fd9e8a50caec
insa,247,nfx_1P8NA088A7J96NW7VSFJBHP7EC,270477873984da7704e62c87fff9d6ddd12eb182833d76454cbcb77432cefebc
insa,248,nfx_775BARGMQY34KWB301PWGSRQSW,323b51c73d5f9d520b22cce1ff27fdb732f29fb3231349d36379146183afdf4f
insa,249,nfx_5AS9406V0B1Q3ZQAQMTPV9B64D,4dd4c8cec3abab63da8aa1881ce3bcb3c7a8a1bc68cb7a0b5f6175fc713016af
insa,25,nfx_2044GB6TK7MBRQX577RT5WHVJT,f76649c35008f69c2371a0ccd55c749043c87da5f7832b7015b9f4872ff518fb
insa,250,nfx_4FTW5ZNSRYJ3GQHXPTQWCEPXJC,b7d7599868b3cd50580241f055e94fb2b45f5e590b7df873d75813299bcfa769
insa,250001,nfx_02ARRP968YZK7Y0XN603T9HH2P,7900bb9a1ca07a56bc9560ba176f155d8149521ef2a2224f3e066ad1c1bd17b4
insa,250002,nfx_0J0AV74N6DEZD1QEKF5AY7V02W,22c4af01436a1bb8c73267513cdce1a9b2404c552312b099b9b53827aeda2c37
insa,250003,nfx_73YVMA8MHTSK8K4RP2QTZKJ03Q,a3769bc62f3db6e03c277160e5a8868dc8636b969898fcff8173fe2ca2631cc4
insa,250004,nfx_44CS1XAHKMW74KRYBB5608HGA5,8f6d3edd6704c1c00125e3bec9b5c5069954da096b842cd8221b1c1a84d00eba
insa,250005,nfx_09NBACAS85GE76VJ1YY67W6N7A,0bd013f0ed71de70946cfbfc760ca73adc28b7eaea3b4b2744ebf16c63122157
insa,250006,nfx_2GM4J9ET7QH1CTNNHASQDJTECS,5610563930390d1a9e267ac1374210d701fe1ef1a94682e642e7a1e44dfb97a4
insa,250007,nfx_6E6F899E9M2VXTXWB9YSQ1YQQT,2ac0091a3f9369acf06ca260df0ec47287fba6aa0e3b0a81bce1516166a06ff5
insa,250008,nfx_19MJNY12F1274CVCQ433JF5CQK,355009698be74a5da746af2ecdb0a8f581593397f9817b795d4ecd7248bdfc9e
insa,250009,nfx_3GBBP0XQ6T1FW0GNQJS0HTRJ9M,edda5d61899b64c545d90ee489dd3a4ac7bb21a72d48dec5fd582d5f913d94dd
insa,250010,nfx_02T0TZ1E6CQXBACC4NZKJBY5M9,3433d978929ee62129db587638b78a7870189855c28ccdd9eb15a4a592073762
insa,250011,nfx_1TXTS14M8KBVWVQ17QVMG12R2X,2583bbc2bbc720710689cc720edcfbc9035dd99c46db44adf7a1ddd54827f79b
insa,250012,nfx_5AVXVXTNCZ73NXSTHQ7F389BNQ,211b8c4b529893e57069628bee1eebaab0790957796069ea65728aa36f334a03
insa,250013,nfx_2ZCG2XAMCWQJMNB351BV7E3AH5,7e48c79b90f3975c04763acd69d0e3de8066f331e436793daa47c45f9ae6924f
insa,250014,nfx_2TAVA5VB8K3ACP3MHCQSNW8YW9,75b86dadb65d404bd9757bc560bac0c362a6c6191e7ac4cf8a97f5bd7636746f
insa,250015,nfx_0ZY51DPD3WFMCAKPA1T71ZX251,1eb631da098dcefb2b20ab128d457dccffa1aae7b0cd54b273f0c90086cf7c48
insa,250016,nfx_5ZT70QYVMKRQCSMT3EK7564ZPT,0dfc392037d66ab46742753303a5e7dd3274eee73f6bdf22c8c467b80541aaf5
insa,250017,nfx_70QNAKJJV3YT8F6D0YGBM0FNTN,c66b3bc379e99af8cdb7805f2513b0bd4c483b7f79132d18804c74849a3eb9b0
insa,250018,nfx_4WKJQ7FVWBM671C5SR3J0YJGAF,d0e410d966a7e6f8e4b2f592e3a17082b998fc06555fb3b0f332502847363a40
insa,250019,nfx_723BQFBMAPS1T65GGR212C6QYC,277260dbb648c99f1d575170e4a574f21b70b350dca6914c8996f1946bc7aeaf
insa,250020,nfx_4Y6RQTY663CM1SE5JMHGMWGDZW,0fdeb4694077f41e8eeb698c310e6133875674a262e9384f87fe0d307836e125
insa,250021,nfx_20PV832PANXZFFDFFV6Y15GTC5,65fd01607ecbcff5e38dd9937c7d8a35456848143a5ba8623edd22f51f6fc222
insa,250022,nfx_0894K27H7SSGB0K5E745YB6VJV,50e99d65ab75d40ed18923239b574817747b81b6b03559bed20a3fbc5e9df9dd
insa,250023,nfx_33YQGZ3S20RTRFPCQE79VT6QM7,bcdd1f633630d5ee1ccf87fece8a12da6a8b8cfbdba651a21169017dfe90602a
insa,250024,nfx_4ZWXBZCGHCQTY392V0Q7YXGYKJ,afebe4e895913974aa9aa30b8ff667335ff5e7faf4a6c7f9d0ddd4e4720731db
insa,250025,nfx_01KMXZPW17C3MH62K9DTTP603M,168d49870ff9a249e9633961877dd1b264d90518fb5506956d03ef9ab427fa84
insa,250026,nfx_2PBHTWSM7BXF4W3HDS9JWB0B9D,4e8cc0e0fc9942b1a5a1c4364dd1bb42c5ed91e22739b0821a73cb7d8d14e1a9
insa,250027,nfx_7MVPSH8QCBPBNJT7RY8Y8A7KXQ,a2c5f0c0ab798e560145738c7f5a9fd5636f1954242be9deef3ba0111e0a57a5
insa,250028,nfx_5WZ187D53CN7RPBCHT6X7DFA0R,5e3d86397ba181630effdc0787f2f0f7efe2bc60dad2a5114c18a3cd110a4343
insa,250029,nfx_4EP3FARX8KVDV5A2PVTVPXDXFF,68b212a1ce4a4117eb8fd1a4854f32d4fdeb6085edf22a98686b117560558ee6
insa,250030,nfx_6TSEPW56J2JKQRQ1NYX08FRS8Z,3b2e2d588fb72a4412336a5f59c9d85cf6bc0c8a8319eb6b1506cb91a3eea194
insa,250031,nfx_1FEJ9XYEWBRRWYNMRW4W9M76W8,2af5864b7fcca69ad1a30a81c5fe11ad3d5bb3ff31c6014d0cc12edcc20e7719
insa,251,nfx_1EJ3YQZHTA7V2VEJ237M569SC2,cd0d793dc66321d839f16cee9a0b5f11e21c517c013224b3d4d0bd68523079e0
insa,252,nfx_495S277JXXX1Q0SB648REV1P94,b5e00501514b592bfa26ff8a5fc1b83f26e494f4beab3284fcfd8ba170e1b10a
insa,253,nfx_22ZCPH6GTVKBR7VJ1WR4CGPSDK,21f764cd23c5f7b825477de38457477bf47ef4096721b9b550d5491028a681af
insa,254,nfx_3Z4256JWM4WQVMYH1KDN2VMBXB,2ad65b3d6fe9e27af7cde0a99fba2a809044bae9dca52e71236d0a8d510300d0
insa,255,nfx_75FJ4WZ11V0NCG3D8CWDW331Q3,d9225b0643d8cf6c030cff39eeedb9692be3f1b9f86ddbd8cd1721b22ff14334
insa,256,nfx_6WBXXSSEN4DB97E60FZKQ6852P,27b0e2c7ceb3509224c5651673d52ac3034ee0938ce836cf40abc66b749deea2
insa,257,nfx_73ZBJH3TN0B0BT4QCH0DKGTWTR,d9703b9f426958aac6c6764f561aaafd3606440d771613d7a26106465929cb15
insa,258,nfx_7XQDA8XTZRBP8Y4CTRG8EBQDV6,54fb5ad649f9c093d5811a86fceeaf710623892c8f6a39580764acef1a2fecba
insa,259,nfx_53TEZ1CMQ6HV31FAEG1D8SBT4G,35643ae929c499077c966f5ba713c4461e4e9bdeabe900e3a5753d118535fdb4
insa,260,nfx_0XWK8R4SXT9E6BZDJ286J5SNVM,13cdefcf754e9986446c60175372e3a232f5190c07bd5f7e4be450ab3d0faa5f
insa,260001,nfx_4H47X5WAQXHDY7N761482N94GP,864ab55abf15bab674dcedec0299080f24b0f6cf0ef941ab535bf2f1c7a4f0bd
insa,260002,nfx_66RYPBMN8BZZ8ZP7ZZ7PGAB3PW,9bb0c40ec5d3cbd8f8e25b2dd7d282f2b91c95e307bb93dbb33ac34570600951
insa,260003,nfx_0N7K01CZQVDW097JP790GHWXWM,381f6ccc8eb73338f02cd1a2348176c36e0649bd4fd988839e1f5c55868f18e3
insa,260004,nfx_2354681K3TVT6H82VQ65XBXX32,e3cf58caf96c33dd4f748eaf18faeeca71cc4a5a2404552547508aacd56daeee
insa,261,nfx_44QAJ8FCT89Q5DNTMKK20DG061,c5353485432ab922a7bb11d545a93a34f112cfedb7ae3fee06f4e243508f2465
insa,262,nfx_1MXWX5DDZ31THJ942V5KPFBQPW,54b579a9a700ab5fc3979e3afdcdf32e68ee9050e38ca3b415552f6bd42269a6
insa,263,nfx_4G4MXRJ5HJ8YEA4ED0T3B01J7W,45058319057c3309ea0bb0e0e3e044aeab9214c6d5bf643298849237c347b008
insa,264,nfx_2W3KDXECCWC95ES1VG7C2CMH3D,1109e55708a68eb2c071ff4c8c8ae5e21dbb7a17a84ba1d0c1c89cf89bfdf03f
insa,265,nfx_39QQD5M489TYKJ715VFF13ZV6Z,2a3bced5970694b18454da56188725fd62ebf8f029dccfdbc6b8cf2d6ec0b3d1
insa,266,nfx_00GMS7XSRXM546SK2CF67YSZ4F,d4eca15d8aac2c30cda54e6278f6e8844c130903b51d50963e5110c26a2484ef
insa,267,nfx_1M1MMYGNRWZ91649XF7WGQNPZE,72b58cbf4dcb9abd47bb0ac27cd37f89d1a1d28db51f9b04fcd7ca612a4c9397
insa,268,nfx_6XMB7D4V8HCM9W71XZP764Y8NY,e933b7576a1ed46830e6b87ef1b6b1609e6bc53f465c595f456e301f1f418ad7
insa,269,nfx_28M6AKVGB3FWV9ZX83S5MZBA34,8ee351fd3893cca1da4a50107e1eb8cf6c41dfb03c8c5315de7cfad72bf3702b
insa,27,nfx_6X2AD8BDX7PQYYQQA20013HF0J,a786eb102e061b6807b3700db9edd9bd7020c98dde12b7b4f9017c58501fe9d5
insa,270,nfx_09AXTMK9Z25DF1HTVXWFNPW2NB,fc0c2c451055f7db030444b242feca499301080ce7475426dccfa97760cb9162
insa,271,nfx_2H3A7KTWXDXWVXY9706XD7EFEJ,54b8dba5a523b7ce611aba44301b56ba577735bfba93652849caabee0ff769a8
insa,272,nfx_0ZQFP65KCQ7PHABHJ7QFD7KNW5,417ebe282ebba66ba64a2ae5ee4bdfd41a1dc4aae1fd7cd78c8feed9c9c3bd74
insa,273,nfx_277MYJRWNN5YDEANBVXYFWA521,99c80992408374883f8f3c997d1421595f99e7e0a5f60a04b9238be330afba58
insa,274,nfx_56T8GDBTJM85072H643MKBRH5W,4e23cb2b01415b8afec9819fe12e451d4945960f3d0a2fbb1f22bf931cd130eb
insa,275,nfx_2Y4XJVVEXS8EDSZ2A49999JG9V,5faf641cebc7c94a00f87f4d2417f3c51a5d89a32cce571d5bfe063cef689a43
insa,276,nfx_3FAB6R07P5YDN55CF5WRN0YYW9,9900ece6d66e972e28f2140b562cc9756cdbf8611a2fc770b846d516b10e4bcc
insa,277,nfx_27PPH6V14R44XGQKZR4AMW1RM3,40c70f42b05c2aa100c9e550983866768d4de641276c26af9d7e4fa5a2b26055
insa,278,nfx_2Z4BDDNA2KEBN1Y6YPBKAF7PFX,3ba00aaec92b906771c76263f6d3256de285a5607e3e2b896839ecaf68891598
insa,279,nfx_56XY9N407P62FE9W8WV77CS9FS,9ba24b8655c93470d3b08c2288d685fc86fb17bd04614ee60e2ab32b4a6cc92b
insa,280,nfx_49V4Q7JSXMTE498PF75QPR334V,8a8a32031f29b7ac4ff32279b6512f19ed9a0ac47e7f3c806d670626a0201898
insa,281,nfx_2SJEPEAJTEPP3HJRXYT7G11B9V,8d3e3eae6d3cb3b70e2cbe18e58b1ccef9253cb232af8b80304d1868837c0b52
insa,282,nfx_7V8R5MFQDSVDBXZZ0608FRV708,4aa3142b344b9eb1984ee14ab4daee0069813591f1880d7306f52589eb0dbef2
insa,283,nfx_52E1KJ3467WPR0QBEY06387EYT,2ae30c813fe56055aceb82c5c7c08725366604e00f2258c6f30fc328b81c6b63
insa,284,nfx_179H247QR4DYKNFN804XGK5A3C,fc55c47866c8aa38e7a2b7bd47867600be2c897a6c66ff70447a0062ae7d0934
insa,285,nfx_0VADPDGE5A0CR8N5TX8QX3HC47,cda59414791acc42f9ddd9f45d49b379235dfe926dba1d878b8708b341ca75ef
insa,286,nfx_72BJ33DRXZ595QPX8GC10N7MVB,33407eba9946f10a6377b6171ff26b0cf2f21c03f5c26782cd282b70cd6d2433
insa,287,nfx_5R2RW1PAAQWKR91DZRM5K643TK,c4c199a83c4c37ed6c0b7126ca4ef803d35d1db23e588ff90c30d39d66d02fc9
insa,288,nfx_3FN5EES8TNH09NT47GAKRGS930,e239c943801927908ec4b2c54f07db4a40f97cbcb45d184d93fdbd6854a2d1f1
insa,289,nfx_4V0HS2PRF6RY5XA8SA1PQ58SX5,118bdf5ea9ea0a7825ca95f630716575df0b0a84ab080c6b66d5c0c5be239972
insa,29,nfx_153TQT5EZSQ07H1YD739YBGXBD,a4da5ea8e13f9b4794857c0001ba013b380cfec08dcf3470da32212f5284c17c
insa,290,nfx_1CNB0NS9Z8TFEFVTZW80T67KRW,e5bc21c077d314f4a2822093fb1662a1c4085404540789486c20065761566388
insa,291,nfx_3529E6FJK6RPANT3X0AVEZYDDY,57e81455dd55640c331766c9f1a0d2c380494e7a257223aca18ee01e51663aa2
insa,292,nfx_6DWB9AD3D624RKX0J2RX9DDMVK,e65e916fb3b363ea20fc684cbd579e019b7784f9992afa24d935ca8b8c322b9e
insa,293,nfx_4RD2SATMEFHEN1AGKCA8NW30C4,bd95a1da64e41f59bdae90a2a131d6c479b5ac71e5796e6aee9b19da69421101
insa,294,nfx_0V5KZPWQK5HENM9RPN19R9ZYHQ,0e3a1fba92e105e1058cbb140946400d716b665dc4b1bd41be734aecd2170a81
insa,295,nfx_46HGFMC8GS6DQC2NDGEV3NK1HH,3065a7655ade4230fe3ef5f67cdb7233d363078c19ab9b2c9b99ead4400cdfab
insa,296,nfx_635GWR9E5MNCNM8WK2M4FRNE5X,0b885956a3de4379f50516f0b2ad9857a38b50011164a900fa9c2ae8d8d8aefb
insa,297,nfx_2RXFH5KDBX7JRMC8613JMMD9X4,61539071e7094e1caf5d1e5d0d64bcc08c702e12ad2d73edac1bdab288b32aeb
insa,298,nfx_4E1EX173AJCY7P379KBMKJSHN4,393714b8c2363bebd7496b408be04fa52c3ceb5294f739aa9d5c91bdad63473c
insa,299,nfx_5SSSNMYWWM75A4NFARRBKQNMRT,823c305a071d42742633436eb89042e3182fb8af09aa33eb25101ed9f9c27cb8
insa,3,nfx_5J9JZ0SDHKVFHD1YFT8T4SKFAN,a853e162177c752c509507a921d7413669366ad0ece1d0f458526bc3ed145e28
insa,30,nfx_6FRFASJMFQ8RBTV7HN3CNCPGF1,046062c44e6e5026337c08fc6c9ad93d2a95a20608748dccd14c6f3c3e924c76
insa,300,nfx_0BD6YTECX9WE05MHKTVWTTJMP7,1888b9b82ddb94b7084d3c6f07b8a44314646adb8dd0546c91b0cbf94a6e7e3f
insa,301,nfx_5PG4GVZ9N1KXR7W2HKGKM3ERET,7a71f3a82529c331b8b773b29b1846bdf5c5c5077568b22a6ccb53aaa5d37253
insa,302,nfx_6KJDK1S5WRXY8VDWSTYCCF8N1Z,7909558500b0a1ac16a3d3fc73f8e3f0e15ee607696e2d17e87b894c25e644ac
insa,303,nfx_2NJYJT9MWTQNFDTH47QSXXZ6A2,7275710837aab2bc58415c54323c1596b99c436e44aed92066dcc45f0f67f2f3
insa,304,nfx_2BERVPXY97TANXZPVQZ4H1WCTA,85927fdbdb5890b885e263b7309e082d5a0290f1483e255bde50228f4efec447
insa,305,nfx_01Y3Z50DTHQ7DVCZHRXAVTPQ5W,d33568c8fe4a33ec6ae8afce7a08fea48855af7618a7b28940048dde23a89dd3
insa,306,nfx_1G0607SW3KD6BVT482EN5S89KA,26495cb6ca30cfcbeed4f6d5221728da79792e1015b459e7b2f6e73b220a52a9
insa,307,nfx_3S32PJMXT1CGXRNR8VQB4MYRC4,1a483648353a5e7a4282274515e5139933e27aa5fdf599785271a599f89b086f
insa,308,nfx_6JGRMRGQ0R379TTGZ1HEFSGPTP,61d693a5ed3530e5abc12e7967461597ac88a79a6012fd536767e0c1a5624c87
insa,309,nfx_5P8BHZD9C83GCF1M1E0YVPKDC3,e587206d0bd66c47346457abb84ba1e9d77585091f71ab56098a2d091dfa1839
insa,31,nfx_26XAPBAGRN4V16Z3N1TPX04TWA,6e5c6b1de12c808602325a3ea3beb0f28206157c21e3611f623bc202d82701b6
insa,310,nfx_3MRX216Y1VXXNB1NNS9ZWJXX59,bfbe5c3c1c3473a06b8eb397f7667b4dbdc419379bd7e71a40e0652f84fc562c
insa,311,nfx_7AJCMNF3ZYV123NMXNKCHFS48N,4f8d2c216dd245a3d559751c7d88e73fced998150e0b273bbd92a432e8535783
insa,312,nfx_2A1MB110J9DDEKGDBA6S7FGF59,4ee7b716c2701c3917e2b15f7fd7a67708cf90a5ba958c2ac0f73d553fd38499
insa,313,nfx_5AE104H1AQ209YZVXQD1QJB43Q,5f954640a33135e140162cf27bfebea7004f7721ca11439b049cdd15fb42fcda
insa,314,nfx_02Z9G3GJ9YSV9SP9241VX0CR7B,6aaca54e7a7607922e7a3e36f483f856a79d9c57e1a5b7e443130ade05e5af2a
insa,315,nfx_3HGDR2F5KVYXDWX0A5QKJ6TR2M,4152b88e754c550a32ac7aa0ace7f4c9a63b961eb1ec719c2bc7b5dd86acbd37
insa,316,nfx_16A8N14JKTBJJ6NE7JAZS5M4A8,6590e599e3500191818208b2c892aaf48fc006e33084f8c2db266f20cbd5ba1e
insa,317,nfx_64K16TP5P23W6ZJ59Y30CHT1FE,5c93e823afa3c32fbe4e18f936b57eb92f13b2425679deedf56a135198ac7271
insa,318,nfx_5D5DFFZFA759C5YEVTMMBVP62S,a5f470e29674f4a111a210cf64453f4cf5b27786bdea2bf82b4b47cbf898fec3
insa,319,nfx_0A2VPJVGND1FG02BYBRB3YZGQZ,f02d55a7369667de993d890ac4497fcaa2b7bfc45bb87dfc2d4f0966045f9849
insa,32,nfx_27TP3SAT00PKYGWQBK49E9WVF9,691017083f08ad58f92105fab18ee9477f80fda1a6000975ec377445860dd8f4
insa,320,nfx_5NDRXFH2HKFMGPCJ8C8785SGBJ,7786e0d881de853bd4d37a4b626f784f7a2f76bb4eba6a08fa16b0b9d7bdb463
insa,321,nfx_4A8BG1QCBQV7PE8N47XBTH43QG,e8ee8a99a0b555d689ad3077104e775630276492a1c18e8684da2feb83dc77e4
insa,322,nfx_0WMQ0YB7F2RA0SE5MJB3FG6NVW,bbbdf7fe088a4bfaa125afaf87069e3f5f9a67423d8ebb21888945296f799757
insa,323,nfx_3ZZYTARJZ7EXFHK83M26VSAX8D,36a5a9aad9510cf610fb45c660ead61f64e4864053aab0384c0cd9231dd96453
insa,324,nfx_5VNFKX9RPG6STY3SC0YM8KNF28,c2a55fbbcca6c18f2f38611bb85eabd49b163527d6982d7cd3347ffef211a40c
insa,325,nfx_2H7ZTHB5YGK6JJ7M0FA0R8MEDA,adc7a431083f0865d35f2598553b9ab2d0ed996f441e383900e8793bd7094caf
insa,326,nfx_418TENQN3AP4NGBWX9DT01FPFE,217090bef02db57395f3090bdbeab5b7e114be56072be0d2b155ed8473992338
insa,327,nfx_6ZHK465DD43A84FD6TBXQ5VS95,be0c5d40672cdfece083ea639e6a1bf410e02d43ba39b3fd3fa0ae07051293cb
insa,328,nfx_58WVQN3VPQDNTCW7M9Y2420ZS0,47ec548bd97ff0030bd4b613abba2d0c30ec5069e14e70cf307c899e31ea4653
insa,329,nfx_3083TM8FN0DNC1T773A1Y8MD3Z,86efd6c32cd9d31232872aca43b09e4a55008829c81e898594ca167948a50445
insa,33,nfx_68HZJDXKQ918H9QGH3NR1WNQRN,51e9ea8fd7dc952689c668347b50144550276597c2afa514f77ee6fb913f2f88
insa,330,nfx_6RQAA222C7XQTGG1XNN8ZBCRG2,54e49bd0a13bbd6e3987b1bc006a47e3129dcf50f365a81b59637a37b6d40179
insa,331,nfx_0AS3DDA71EKS8T14CNAVHWZTFQ,0e5d4ff219d792ad46792643d57bcbc47f9640be269aaa6859132bac09e09ac3
insa,332,nfx_5ECDYE3JKMCJ2F1Y2ZZ49W0Q46,a7c72a7cf4693331dd9e919f5c8e2d8ac4c76f16cc91fbbd043764e34f5e9c1f
insa,333,nfx_7J0XDYMGSCC5XBXKRKXG6032JN,d42aaa3ae2bc17f913af808e4b69954fe4064a3340dbed30b9804b1988c1deed
insa,334,nfx_64MDX8BGET1KS52TVV49F9J835,a77b30ce942f5082fca6c2fa35b2dd23d3cdd76443daaf7446a1f8244ae1bb56
insa,335,nfx_3900PAG8X8PB0MA98WX7EP5PGD,9cd12260373dd17116147e57ee31abbcb16d56fd546e0d87c9460d2d0ef174de
insa,336,nfx_2WAM47VX537NY3BVTRQ7FXX9QJ,562ff32028145d1c9278f105ae640fd3581cbe2950f8a5d4a91f2677b46110fd
insa,337,nfx_7KQ7NDFQ0M6VF92MN945AQD8ES,aea087970f070f79a4f3c55d6a0dce2ee0849ceb135196632acedabcba594955
insa,338,nfx_6SX101BGM4RY6B6P5BG96C048C,cb7fc485a359490fb6f3cff5937032dea7fd363922a81830a6cc6a57188f83fb
insa,339,nfx_6H0C5PEGK5BG20E4XVPRXDJ6T0,1134d9c093c31f4374403cb62728737e5b966a64a250c3b09545c8223e570960
insa,34,nfx_3KZK8MNH9HDD5HGGFC2C3EBS6Z,476e95d5d41edbafbdf32f4ca0b60d31527c07338f2d2995c759af00957d1709
insa,340,nfx_3GXMJMJD6T1WR9BMKB65T0R2WV,212a26adc493714eb9c4d66d6d827a15cf27f952f7e899e88c0a3c819b7df27e
insa,341,nfx_3YFHJQ7X9ZVXZKD66HGKSQCYER,3f0d50a1e13b8fdfd32a82b259c64cf8b81b149769c050e2879a819db1e7e3ed
insa,342,nfx_65YHHH98JCNCS2098NTE02AE60,e1682ec5544f4078da8ac7ff1f403d095f8400fe7fc9556cb96ce30dd27ef5d3
insa,343,nfx_0Z8HVQWA21KDBGB492KJ6MKDHB,4a8210ab61f5fa72afe5f0128d76c9bda671dff8bc9e9c84b6be751db45d8051
insa,344,nfx_5VHSPZE2PE6ZWDXCH026XWYGWM,f8b07f21556736ffb31a0b8c72596c26d07fdc31e44da8cd92b6cecc95e8e799
insa,345,nfx_2REGD2KQ9B8C1EWT1Q6PYXYSMB,f74749285beddac6c8198d48e4b35144347b702d22ee8623921b578a5fc1c09e
insa,346,nfx_160AK3H7025F7GA5N4Z96HXNWY,faee712a49ed4abcb02ed7a356ee8b340aa79aa684ec592328cee5be36c5ca93
insa,347,nfx_2PKSKMP63DJMPTCFK5C2YSPTKK,db116d09b20ca49f777202581f20419bd9c274a8cd05a6fbc0c245f5239b7a14
insa,348,nfx_656WDY2HZ8A510PGR7VCJQAYJR,26a94d2bdb23f0e5d74b62fc80c03be051af6c3b8bbc969334f4de77a32e3b14
insa,349,nfx_0TW557QR0P7TAX379FD5VR6YXS,baa50cb901df944e91c49cd1d72f357338051602e909f5cf05e7aa853abe02d9
insa,35,nfx_22GGBRJZM84D80H4FX8R7HBAYE,b7934e1c8952466a1a0f8507f8a2aaf0eb99b0433065b5c450b681a4900776bf
insa,350,nfx_6C80JPXP9MWFT13VYKR1DZEPRD,cb792f1dcee3c9e2a682d376fae1ee011f2d02e1222a0b5fa6cd558af400f987
insa,351,nfx_457NN3BGHBJSHD50S6SXQ8R773,87a5ea5006bea9f826fbea635e2605a247cae86331d691316d8dd731b2e1e557
insa,352,nfx_5M20V6Q8RJ4ANXFM1MZT73MV38,e4941f27665f2c37f2a797cfe2eab4dda1ef451188e2d5953dbfcfd7091d233f
insa,353,nfx_1QDBPJ8KEWE2B45AQTS7GKJT3D,386375ef9c02b6b26a981e6478e515074168529e5d9d710e0930309346babbe4
insa,354,nfx_3F9R2NQMBA9JJMGMAM22YVDGD9,ce494a979f06f5b8890c8a85c2dbd06493ba618f6ce039ad4b81a128b720bfe9
insa,355,nfx_3067PNPBWH3SV0C14S8MHKES1X,3c4589db3c693673b9aee3237d23934b32ee5e1be2896389cf0564a70e675305
insa,356,nfx_0DJ1F4CSETWCG61GMK5XN4NSKH,ad8e301f8178d9801dde2146b950aaf4b2ecc46db60f2781918bb145bcc2b190
insa,357,nfx_1JPAQDA9PZCT2C0XA70XASN6CQ,988f0a7395dcc258e16236b6fee8181e31d57eb19c67c0dabd7dcac6ba894fee
insa,359,nfx_62N8B45FCNMGGF9DF23ASGB1F0,19984fc8f1c9129a8c9d286224fd3ff691bcb7bc05ec14e314fd99262b38cf8a
insa,36,nfx_3W8DDNB12BFPYS7NPBFYN106VM,e5683bad408176512aea1f007758fc546bc04eccb77cafd2f84c4b0bafb68ff3
insa,360,nfx_54D595GHXFTHEBE6TK298XYN69,6427f4df1c9be4128d101da541cb8d220a4701302a1a7f299d81cf668b00ffb2
insa,361,nfx_1X3WD6DQKG83BM5QJ63KD9X8PS,fe204668ca148194a54ef9eba25f6d8b6918f07b8dedfec75114fb91738e7ef1
insa,362,nfx_4TJ5MEPSQSAVV0W59363W2BNMD,11e7d06bd5b7ea33ccf4aa34edf9bbdc0e46fcc09d1dc6efe29c12879e2a38a3
insa,363,nfx_0M7NDW9X295W661C4DQEFDSF8W,61e12847b29d49fd16d1759cbd6641597d3f63290000536b6113338910eda27f
insa,364,nfx_08EBM27GNABP4XZHQWYWB3QRP6,98eacdb36c16de5057a5c1bd754f1cc3b40d9aeef4166169e7acbb09f2e0b0d1
insa,365,nfx_4DTV6FSGY7BV3XVBWW2E3W7G3N,a208820c88a1e55ac34205108ab8232ef06cda0a3a4bf79b55c383431613215d
insa,366,nfx_52JXJ6RKWA3WJQ8KVR1P6A07G8,937f63a34c9d4828d8a0b119b47390bf1712d1d4290209ea4949a74dc72d3fd4
insa,367,nfx_7MV43Z5T9DYH9Y3QW4DMEJ2PX2,a4405d4a67c0823ecb44fdc53ae2ff9600641f8f9c0b6e3c788652b2d8884f32
insa,368,nfx_5CM8B56XK9K8YHEZZ0MJJNYVG6,b20788627bc22e1ffcfda769ed27d87f7327212fe2d89ea9730d9bac078c972f
insa,369,nfx_14VA4CMRTDGZQ4B71A4PB84NGH,a27a878a0e0b8ec0b0a20993841316f7258269c9ca5f0058cd0b9b041626e095
insa,37,nfx_7KVQ9QC4MKSXWK85BAM9S8KB6C,7de8eb2b1ed3ad3d8a82b1f11439da46dd390238ceab82e1e936a5974fb16fac
insa,370,nfx_58BQFSNWYGD2VG0BHSWB2YZ17D,633051b86ac986b149769c6795b5319766f26d3e5a3a370d5cc0eaf4d35bc44b
insa,371,nfx_40RMQS410BV3DTDVTH8NHTBK5H,941888f8e3ba1ee9b4503c4f9eaa0b4f98b61da14756c6043d148103fbc6b56c
insa,372,nfx_32ZE39YBSKVATJBHAZSQABA1WA,93c7957826828f1f782f4da3234559db9c919180fbfc9e296d41cda22b70a27a
insa,373,nfx_622V2RXFS2TG57S83V7TTQY87R,7fc7f9a1670f9e3b7c2610a0166a80d7346fa36c4faa23a830aa6714974d5b71
insa,374,nfx_5QJ2XRGT3D1HJTKSRB9ZH3K6AF,5207eed26bf029fcf4feed2ff00712d0d91e191eeb808882cb7d0defa0e2ea77
insa,375,nfx_3V7CQPX818DG0TA31430SB66H7,5e464aace3ca67d3a2f64bc89bbe48dfa1c4a25678e4a8171d4cf6b9ce0b58e7
insa,376,nfx_18CF1A8YVWQBQ2B2K7EW716BSF,767211325223d4b3be0b0728742a8d241d39616a21e825eb2f6f74bd4cda5938
insa,377,nfx_4W8P83T11SERDQ0CJSBG3FM9JY,d05d6f3da9452d44d75823131613f8c54979207b374b3fdd3045e106b89d284e
insa,378,nfx_0VN4BHM91KN92M4YT56Y0H15WS,c3befe0248d5da8891fdd04a6ca303060e7adba1f0c0d615efa6d81e35f1bada
insa,379,nfx_6S8WDN8DK0ZVPMJZCWSB2KRY6G,b9391bf91777bedb67be1f088335f9cb7ecfadcfca4a8a194f168deba98ac136
insa,38,nfx_1G879TTPK9J5JREP5572X976D3,187784a8c1fc3274a8ee17d150d5c1640f3303301e4c4af871a15c6ef8ff1a94
insa,380,nfx_3RFZWPC9GZ1EHG0NV4Q6MM2HZ5,de48c67faf6d0bee06d7d1b821e2749a33b7e012a5b07618d96f236d00927dd6
insa,381,nfx_7JRCWZDYFQSKJ5TRA43Q538TFJ,9f18ab95e93348470e810425ee0ae576cca8df34562d38952ba6e4d369ae4c66
insa,382,nfx_4DTDPDK0TMS1HZDWQVV2NBRQ7S,fdc2321cc222902bbb8deb784129c62a1a0260df9f15733203d3c5a26a93ada9
insa,383,nfx_2NRJKA1MQMXSYF3FPZF7584NYY,9a25fea80fca66c8721129b35ed881b5fa4381c45439914755a96109be7f38ef
insa,384,nfx_44W8BRE111RXWVD27KK4099HCX,b0cdbfb0a5bb811f818dbbeffe2118e2c0bb8b897eafd870ceb14c141997b86b
insa,385,nfx_3SWA11EZ9G3TEAW1V425B7RC8K,f87c5b91303976b15aabd01cb8d572a28eda11bd289693ecb971bedc2d707611
insa,386,nfx_3FHJY0HNV231H3QWG8B0GJ219Q,a97e30bdf34ee65cc36e70dcf97d0998997e342599239b81af97d53be226871f
insa,387,nfx_4XTHDTX8ZSJE4792FZ5HARNBJN,d61b9f2a4d6f62d4298ed8beb06112b0ca0115cc235282bf7697d338f01f4a9a
insa,388,nfx_0FBAARS8BAHW36ZR80PCGCR215,9fcdaf0685aa7c42a23720601d5b233621b09bc25372a7e26310dc23ef227368
insa,389,nfx_7YTQFEQ3FEF2YQPDFY68X1N2G4,7f532e71bb033d143305752185bdcfcc44085d0a3f1b54cd29514e669644a7e3
insa,39,nfx_21ENFYH8YQXH0PCH9ME7Q8JQ1D,96fdae1701a0cc502752b73e4ef0eebc44f175d4dd36f577559838da307c0921
insa,390,nfx_0S79BPDMFF3JG5R0WZGVJZETGC,73230a0b3489fb43f7890a893658af745273315d3c6e725161c6dac967cb7eb0
insa,391,nfx_12FTDNESB6P4VMTPFC8AWP8KGQ,9c4d48b71541ceeb20f0c73b17cd4101c56772a7d8c1a658607e6aaa0520b2fe
insa,392,nfx_7E8253HHC5DQ2GGZYDQT9E6B4Q,bb540a0c133df0476b1fc0af75557c3f38bd4e23bff7b23e70500214006eb40d
insa,393,nfx_6K9B91BW9X7ZQ7BK5CF27VBB45,caa1660f316b73371415fbdd9ddd12b05fd9c825362034ef023be32adbb20112
insa,394,nfx_73TQ3J1BJJ9CRW9T5QMM9AYQPW,d66337e77413049bc3a3e6e10a0bc4ab46e045280c5f10692e84ac180f7d8d98
insa,395,nfx_48RFC55GBGDCVKD9ZV7XVED9PT,e83c64f6a3ec3567a8952b4a311523b5bfc8459d7e8077ed245a4ec995953ba0
insa,396,nfx_24846GFYBEAVGS7R99GHZ5Y9YQ,2bf437c37ca3463166738342696a5d757c515ac2f090791908742230ab1ef892
insa,397,nfx_1T1D4AJ74Q9GV856WMPJNQ6V5R,048b3fe239578c26986f5355f55a28c0182f6b8aeaed481a84d37d7de819ea98
insa,398,nfx_2ND3W95R66E56TB0Q0YZMG4PZT,b6c33642f1d4c008a51f79f06e63260411561fa849c2d161086f3fffdef82afa
insa,399,nfx_6QZA2FPGC9VQYZHAT5BEDM8HK1,f02f7d475b28d837c4e8a6593f53261c137dc92f04201102229a9ff91bf38393
insa,4,nfx_0B7CCPN7WYDAFGATHVFS8KS7X4,4d8ab5cc5b3f1037879974f6c6e5fe77156889e26cc3dfd4fb32d744d5d752d5
insa,40,nfx_2WM4G8QZ5EZRR5KBZA3BK7SDRJ,3b328fac21044ce4f65e4779d2f46b1218e7a102665d15972a43e68f2985c407
insa,400,nfx_5QPHJY537K2A0XTEGYT9B810HD,eb1b9cf136f6ca1f08fba68af20dddccfb704cf4f6defa47259e08a91f7fadef
insa,401,nfx_21NMANM6WPKYWQ3FJPM9G0PKT6,db89e4761fd75beff7b039608150903f51076a2b2d68414925055df9342b0dc2
insa,402,nfx_73ACHBMPDNEE9GGS7XGFA18P8Q,b268063691e1640a108217e26d096599820031a4e27b3d7c989e380b7841d46c
insa,40200010,nfx_3H1QEQPW8TRGDJFE9ZW5R0HHQ8,da44b523108e73648c1e1b4e60cb14b38757866d2032f15180ac3a6b10da5458
insa,40200041,nfx_2XDKNZP55MQ2QGPVVXSG7MDS09,4b2ea5e58e97bbddd4a613d8f9f28cc816a5ee0590e51f9bdc535761215f09d9
insa,403,nfx_20KBE2FV1V2XPTJGPFSHGT7S54,c38af1ae498cb620362a17da9591585c313844b3bad648c44f58804e5cc4b5a6
insa,404,nfx_4ZYZQH2TMN5N19T1V8MMW9VDA1,6e51a4bdf14490f1c0d668c792accbe49a201b1c0d091f2d9b9a696d3c28e3df
insa,405,nfx_12M65TYQXJHZBT2C07BR7VQ8DG,481635992b10ae6c0a00fbf1ec17de9c3cd998c53b7ca70656844b6fc92a20c1
insa,406,nfx_0YRHKX0NCYMRF7SY5YPYM5BW7Y,f49f4d5c155cd938ee5d727afe3a907fb496877b5f2c639ffa1d673f28fa00d0
insa,407,nfx_6RC99MZ9RMM9CESZYSSFQD4HTH,4ee8910c9beb1083cc02a67434b3867af9a769bb8a7990350c07c9e9a60f899d
insa,408,nfx_3R8FD9SWXYHGN9G8VRYEVFRKCB,741e3782ab7109dd0cbf420de1ae95aa8e65cd0c9c226fd104f6a1f30a6715cb
insa,409,nfx_66G5RCSHK9VDTD65XEZ0EWDS4V,32cdf2e9e977a2d490275784a725f00975b2533a28f8d9d02ab2bcf4d4dbee4f
insa,41,nfx_1GVTKR4SCWZZB940FQ6HWQ1MF0,22d6c48ddaae5d624cd74fc5b2eb32977bfd350eb58fca93a0bd7ba9b3513881
insa,410,nfx_0AFKMBW3F1VM6TSNZ3QN8EYYCN,100823f31924e9f25ca404342d7436d3f7ee7d0594e8cf61f868ba8e8d4810e5
insa,411,nfx_53J5XP75EJJ6TMV5Z1ZQQT4B1W,f77978536b8052309845dc8518576a61e45d164d1ed27eed1c4a361ec2694687
insa,412,nfx_0GQ1Q680ECPN6MXX08YXDVVMAA,f0b1ba8179e4711c9bfac3cf691a3b34c027c90f01d1ff5b8e7ba90cc916df50
insa,413,nfx_5V23PX6D55C9KSH4VD1SXJG37H,6f8bb9672c09c37c9437fb049c595c50500ed045e826b7ad34d6ace4dc0732b2
insa,414,nfx_4CYJFJRDKXYNQVZJCEPA7TNZ89,880ef961580f6e9ff61d5cde524f34ba0ffd573e1ee6fc047d6053a4ab182a50
insa,415,nfx_4SDTB5G4W36CBKPEN4MFBRD3AY,1a6c68489021d27f7f08aa53bea92aa0636733d9294e4cb250f7c2527970b17d
insa,416,nfx_1HZNZQFZGGB51BGHC6YB0FN5RS,fda48e1d7e5b9dbddff786c97c6d35b73dc3a88afa152ea81cee321a113f5aa4
insa,417,nfx_44ZAGXRZ4ACFTZWKKZG5F6BP0Z,81ee5e91852c9fd71f04cbd462c8bb0b509885d1ceacdc02fb5521b31b8f8738
insa,418,nfx_2QPZK1G2T0GNPKYRA3F8NYAVKZ,2c39771ab36d5cd657208f52feb3d3fdcdfdda327c238de3d50d7b1eaa66d624
insa,419,nfx_4CK0SQT74WVXE2AKXR6ZBZ12BV,f8dfa6ca3708a6e50d84de22cc968fda3377fd71aabafb762af8a373c7997b20
insa,42,nfx_3GG1XCYPDS137XAH1CBM2D4AKB,7ef67edc4ed2261a2bdde1caf382f53f753afa48488caf619e418cb04d18b045
insa,420,nfx_6GQT1X77VJC4P8ZYRAP9VFC9J7,2d150085b8f293a953d380d1a7215926b27867ec747a641c461cefec2631b621
insa,421,nfx_335BFP2BZTBHKJ3Q9M0D000257,616deeffd3f153436e228f963aaac286049a94db1874b448c0ef600d94becba7
insa,422,nfx_3CQ0S6QCHR6P9HS2BCA20WCPCK,c7686ea900922b140b4741d4f4a496cd4280be2f835a4d035e7bd57786deb897
insa,423,nfx_3M701D24V3H7RWD2493E1K8RSK,87f2b19b746b2b2d2b537abeb1da1c23d76a31f8f185780541e38402a22cc68d
insa,424,nfx_1700CTCS9R82WNS341RHKMQ2HV,80fc45063b9172859e26f03bae9af5b8fcb094ace255005e01a81c30e09e8ae1
insa,425,nfx_048DXZ7Y4RQ1YNR4QGV2D7R4GK,a97cd18648b3787129cc1b80ad200dc79e8774d2d8cacdb9e6ad02a0c07c4c7d
insa,426,nfx_4XXC2HB2J5D6G9K9848V6KRP2X,ec3b5f5f3b86759264cd17c076f3a4cd900f8bb9a5dfb6a1819f23e5416593b1
insa,427,nfx_5M5K0A97PKE73960AYT1JB9MHK,1cb319d3a5e095917a6c84ba56f9b714d82b98398c4e5e534305f77f626c9929
insa,428,nfx_1XNS0NTCSX7J4HWZH3M7QGKTRS,72676777492a8c8de279411f0ef887ba2421d8cc942804a044c8d28ae467c37f
insa,429,nfx_3GTHQWKRBX5P7FNW6KSVEFCJ18,8a4f928a3ffabc5a30e730ee2d38e07aaed10a980f0f83a505de83914882093f
insa,430,nfx_6PNQXQR3EKRZ4AVJR0KQC952AD,55cbfeec8405a7c7a5372851d67938734eef3645e7b53c9fe70667100e1eef02
insa,431,nfx_4KV3X28P27V9DRPSB7P5J45A0Z,9a9d103e016ec46b1277d05249b2fdc2fd072dfd46de4ebf754b54e8e492a68d
insa,432,nfx_7C8DCBNX9DEYDQ3EV438R5AJ88,80a1d59157189cb587a959e863d1e9631c7359a8caf5032e03996da27b84b535
insa,433,nfx_6NJ36HSDDD3YQ1G3VDR0K0NG28,3af98f216e834b0bc96d6b545b23e925b2de1bb5aa7aaed60f53603cfa5f55d3
insa,434,nfx_4TCCHCCCQWCFFTTQHES6E4J6AM,feca4651fead18df9b44c4c0626ff9e42e53ad59e3e5d421d5e9f804b05d3f04
insa,435,nfx_4HHYAYWQCPQT97SXM8TYC77PWY,7e4aa3668130fdb4f341e9200585f8ea1c4604710c6c31cdb1c5ee4f0e9e1eb2
insa,436,nfx_4KG4X3CZ7QYX4HTMSBGGV4PRPG,5368e292e433408d70a2195eed5014e3bdc7530d2588dbeff0c2a84ee541004a
insa,437,nfx_5J5BJR4S3X230WRD681ARF3FYM,b56dbefeb613c72634c95f1e19aa536e9bf5c1b505b339804f950ec192fb8d8f
insa,438,nfx_236TZXTD85QQFSN83QJ4B025PM,49050dcd2a9cc3956de68942871c7cb2cf40cf2f46dafa8e0f03f212fb2c1fc2
insa,439,nfx_78J8XJGJFHW6Q27VF5A9CHJNSZ,9495e91bbeb3c9b61445a7eb63b9b333ab49649850c67a2fa2340518ec3cbc04
insa,440,nfx_6X980M55MR65QFMA3AMZ5EV299,29afec38f2e0026845fe5d2a70402d5705ed5fa809befdedf32d5146d6898452
insa,441,nfx_78G5J9R8QXQMB1BJG8B1NRFXEM,d59470ea925528a38c5b641c602833f04af3fc8f2651b46b2c0db60d784b25a8
insa,442,nfx_2AAH7DETHD88TAZSX8ANNXM0Y0,d4270f638383c0fcc2802e88159e99f058c79808906f7d4787c1f1ef30818380
insa,443,nfx_0QV81SVTH1CJKQKYHB8QZF82NF,4754a653b3a5ae051f7709a43a39326919ec3b429493774ec417c1c1ddcc1fd6
insa,444,nfx_48DKDY9QK3AHJQVVH5YSZ5CVSA,9084ebe4d524f2343fbe6fe07983b46c484258d8171076e4676e1d9981d61300
insa,445,nfx_7025RQYHXW3TGXWVEZPX74D3ZH,3ab6f269fa272eb618b51ffc285c9803d01dcf985f7ca0b6bb47701f36d6681b
insa,446,nfx_0YQ1R5X3R3QHCCPVRGFBCC5VF4,f9c32ff58e50d24ab4fea16f2e751bee7baf6c7a2542e67f42b5cd10fa62618d
insa,447,nfx_6ZAJ7S45EX2PGAWGVS1B3RDTFJ,ee3dfee9fbf34fc4ad4805aab7d885d4ddc256dbe75e63d25abbc005bb53e2c7
insa,448,nfx_62BXJJ59H8C08RQ65PQMCGNNYJ,d3bb4e31ec7d91fee9ba3682a8df11242203f2f22b8685961212b3ee01cbff1d
insa,449,nfx_71R6SHVZP5FKN1RPRDS7YBBJPM,8c32c2bafc30fb919dbd74b3c0569c322839d32c1023c7f27502c89f4ac2f5d1
insa,450,nfx_0X7VAP065YBWPZJ2H06M7M2MX9,c367950d1b31a2c5792da5c0fdaaf3695ce644c2c2fc12f4adb75e4c9ae35f25
insa,451,nfx_23B7EF018HVD0KG005D6DE9BDY,21a23ae583c9d3667e03824101c2638aa51cf47e81a7ba4b042e84e259dd598c
insa,452,nfx_6AWHHJC3PHQ0727KSJA4FQGHD9,e3106743d739aec56870f251df89581b48e62259f7c65cfb30b9ddd0f6428904
insa,453,nfx_7XF3WPYKNNE6N28DM9F0HRHJVA,e2dcc17818fcdbc6d157f60be69944bcd96cedab39aa5f4ade74731dba08194c
insa,454,nfx_2VEPXW7D0CWCKC52F3P67HKESC,3925da78f643a3a6cb0057a4665804a57c440ce0a2db607696ec283787080d24
insa,455,nfx_6D8Q4HHYJB4GCHYY7EC7C1FMA2,412bda3462523e75ae8ceca83b6be10d0bef9cb770375fa2ca04927f2e23a351
insa,456,nfx_4QJHAVFB452CR9MRN2AX08XXF4,ccdd03ea04094e242911990e34548f1b3a6e6a66b1b73c073de270daf688949f
insa,457,nfx_03RAE6GPS218J8JYZFGDF18PC6,b18503360449ba6fb49d0ec7a3b29e454088209c9602081bc5fe6849c33e8a6d
insa,458,nfx_1WWC6W3HG54ADPK334625BW559,5b5997ef0b4b76065efff701b374c53e92e784522db8f6fa69067a3f440b6b5d
insa,459,nfx_4KE8K8591SYRGFSDQVPJ0ZVZEW,5add7bed67d113c7ca9f52aec6ba423a91131425dc26a7838a30f577ce0df98d
insa,460,nfx_6T6N2XYC8W4W1VFTW38BS4FHFW,7299793b362f525b275b39128d8d02fb64ab8a75f29bbfc569fc566d12ddb5f9
insa,461,nfx_43SRZCKWF39ED9WR0QQH20A13Y,08bf39436f74eb0e5348f209d85bea310f13cc00b563536ce45ae5d754c06fce
insa,462,nfx_2JBV074APRWMMGSN15Q02GRXWT,71be1abc35e61e3b5ba254f525f5ec00322dda2865182e3d79501a7d35c4295a
insa,463,nfx_41EHWB3EJ8SKZ4QQBDNK0PATY0,cf6ad6a7d70c0a9c7d83501f74219e3a14e6bb83912e0bc09759b69909ff44bb
insa,464,nfx_1ZGQM3G78AEDV1BNJGPK5YKK5E,8f8080b6c908211ccf3de0a45298ed4b59a89f865e77ed1cd1107fab649efbd0
insa,465,nfx_62B89DGX2NYHQ1SXV3GBSSNC19,cfb86a7b3da464b11ecb9613a525613db3f04ef8105e672b2d1281d636e58003
insa,466,nfx_200TFPFF8V4BEJXHA58T7PVDYD,4794718d04cfd95099c1e4e37a83dbc3843991b93d0282841be923cc5f6b678a
insa,467,nfx_3E6TRQTW6JS13GKVNY66979HF3,1c7e827bbdfbfe6637d09969a6543a66445ea0af483204f7ed090408b1a8d5c5
insa,468,nfx_2F2AB00NZ9G3NC3W81M0X3CJTT,e4804639676f8dafac89fc9f4e110566e4d4d4d981f159c09f298df489df005e
insa,469,nfx_4RX4P3A5RR8661MMKE5WY3F081,b6cca65a1f934caba6fc734ecbf5816cce75abaf93e7ef70e603d9a5ede027b1
insa,47,nfx_746J85A8R59WVGJQT8QWT00GFS,7fb90c3ebe6718e12437534c72af78848653a77808c00fa93909f31da6fa574a
insa,470,nfx_3HNGJNM822RJF79PC5PN8JZWHX,10bc765f797f4ab1b33a67ae37ea445455919087b66da6260f74762cfef03c3a
insa,471,nfx_4PRYTXTYXA4SX67A6W897Z7YF8,fdbd783564eb89b655c5c77c3e43ac1df5e14f59b89300997d85b58caf05da41
insa,472,nfx_1S7MKH1CSHRP2WTVM8MY782X2E,7b017f5990229a92d08b6069ad3caa29491719b789f62322178edd7f408af19b
insa,473,nfx_5PKFG08JJE7Z1ZVYESET0CSV4B,6cd778738b5f6bf13ee91ebd5ac18575995d9d7a6368e77b879da29571409529
insa,474,nfx_6Q1K4Z7JYXARAXJGX0XXJV5VS7,c59b3b5c8e7b75db831aae960aad151a1cb4eb114964834cede454f5927ecbc4
insa,475,nfx_35QF9HQKEHVJ7Z63486Y80MZX0,a8bd2ebf14c611d5089edcbb65facc191f97e54fbc3a8b363264a07c2401378e
insa,476,nfx_1BKWXH08CDS2BJYB4XFG6TGTTS,7350f7ea6c548342d8a8229603eaf0de204715359279611ade1f3ca344e7129a
insa,477,nfx_3WV73ZK9S3ESG77GPP6QS745CM,1302a3e2ad35c14786e53733665d694c29e73b958d5900ed90be0678f225b0af
insa,478,nfx_671R15AJE1MK2QD7F4QC8GAT0M,7e34b30ff34f5932db6f8b561a10e0d995b23a9d3f1223666153155d8f2ca519
insa,479,nfx_2AJ5AG0DXRYVCWY4G38A38BTCY,5671d96f7d8b53e73348ccca8ef05743dc7132ede6b67a460544328da71d56b2
insa,48,nfx_6VYQTN3VKSRA9Z3QKMS96EZD52,c7c455f0ef4f4c55e9e7647335481c880c805b9b0f141a67edb7e4eed08fca91
insa,480,nfx_0CF5FY33TWA2KWDMHGDS2BN0XP,e45755d24a65c1a34ca793d0d1b8a7879d3e8dd970207481f3dcf14cde199b13
insa,481,nfx_6Y2V7HHE7ZTTWA9APMQY91RXFS,682ff36ad9c249e2e6e2584c9f682516dbc4399ddb5f75770ab883bc34149ac6
insa,482,nfx_416DAJSCH0J7KDNKN8F089EQQ4,699754609f03e43124c673e0dc19baebfbf8f59e80d522bbd4d432c8e489c64a
insa,483,nfx_4P6Y11PJSY0MAM0H0NKMNDR6RN,467c3691ac3d07da9f932252737108f6f300dff451023eab81afafa95cf7ed65
insa,484,nfx_6EDCYZST02MDS8K8XJX0Q8VAM2,0c071abed1fe90a7d1cd77ab82741bbfdeb12eed62fe793d125d3da2093e4a2a
insa,485,nfx_652D82Q2WW5CWFDWSDRKF1F8BC,7903c3626f0099857f0bc73ff50cf781dcf452856280eeb9b2c01eb49600b5b2
insa,486,nfx_0EPBY0CJDTCAG30TTZ1DMWK3FT,fc997043ddf7ddeedec01de02458ad4d2f1daa0fe6345d3cb50c7e2882035a42
insa,487,nfx_6XTYDGJBZCHHBZD07DDPD19QJZ,a96e05cf6d520689e6f11fa937e4b3781ee5c2063771851508d1fad9082820cb
insa,488,nfx_6GFRXC12R1QMPNPDWKHM2E038E,6bbb27beed1816ca20f1102731ea01ce94461b9e6e58453f39589ec70fce4c8c
insa,489,nfx_36PQWNR4MM8EMRD5N8ZG8HDDCJ,f2da92dc43fbf806430f52ab245f3b639a842f5571d69f7e2fbeaeb9b9b5ef6e
insa,49,nfx_055GY7X9YTS474EH8MRDMMYR8N,e6e73bce05b133da4d25ede9119ee882e3591f13805bd05bd7bacbea45b290b1
insa,490,nfx_14CWQPAY7F0V4R0MXXWK3MMB66,80ab3e15ff5a96483c7efa90c826e067bcdd8d84c0d46ba1720a39cf991e32ca
insa,491,nfx_7VECHBMT6ST56BKHQGEJWJ02ED,ee76cfeeb1aeed2cd83dfbbc17515ec1bdb3235198aaef25517d664b7f32bae7
insa,492,nfx_2AEKJFBP04W14CA8ZEJ2YDZTTF,9463f8315c6d93d85b51d14de0b94029fbd974bc59482a1d3af1f15904aa1cfc
insa,493,nfx_599E45W1YJMH3A8ED1429PHR0K,567abc74806d8b62ce84725cf12841115008357de592874c05785862fdfda5b1
insa,494,nfx_6MVZNYDXRGGYJ0FG31YF7J6530,2c64adc299e1e742277dbf5275429a23b4e7b7c87fa3d6ff10d404de667a4d9a
insa,495,nfx_24S3K8AH3SSZBC5S7G7EEHCHD2,34fd12080d2a299723c1456673e771d0b0089abd4274c8f375f5a94be1edac0b
insa,496,nfx_2WS7GNBAVSP45S9NA18ZDJJ05V,54bf8812e8a8d877bdbc7ab45f5b5a5571680ac2a8fdf0bf32f14d2a0153a66b
insa,497,nfx_7T5257DWDCBJ8KC68FD7TFGSE1,0b1ae503980f302c980190c86a34c9bf31aa2a408043819cfe5eedaf27247241
insa,498,nfx_4HN95XQ4GA43TSCKDQDQ9CQPS5,d2c26519a03831e0d3854dca22f5b94bfe5a748dec080668a62fb4a6e0f3d7ae
insa,499,nfx_17K89J93RBDQBDB00DSCPGP0VY,2c675a9f38b06908db5abdb44a87d5b8ef6e18813b494e7f7d8c791ef0b4270d
insa,5,nfx_4TZ4F7CHWJV5KWMZPV7BS695RB,e4cd1a8213748261789b9a6b14eea020cd4cba91618a9bcefd79bcc5c12d383a
insa,500,nfx_7A72Y35S9GZW1DNVHX4KE5AVPN,96ba9280bf22fcf42c8c4dee60c54e2b1b588b858771f2796ac82470cfdf39b5
insa,501,nfx_0S8X38DMV9SMYF31A02PASVRN0,4326f110007014e5db5d0cc9a1999dc1e99193c3b02e2eb36659ba465c695205
insa,502,nfx_1GVRYA7T6NJBXBRVCDBNFSK1SJ,a4c14e4cb42e42828e8b7d519d14955b84fea3c2ca5b0678db42d73b9feee2ab
insa,503,nfx_2QGF8EJMQ2842GNZN88GBT1PSJ,4b98f9a62ded9efb7dfebd0e538b46a3d4d0d19b2597be02b8e2266ff5f5bdf3
insa,504,nfx_7DYY9E08S3HBPSF015FEARYEEC,a672f46763d326957d035584da23fe3bd1de900102bf58fdf172535b03186d07
insa,505,nfx_71WADA0ZE216G2MYZX5BMXEVM4,2c7aaedca5cb623aca8d64a0a2311af771cd9aecdcc4ff81f667ff5ba56b5ed3
insa,506,nfx_2D671J7GFH813FZS1K4EVPSE2E,1212e74e4131374025f4ff24b3d0cfbe4e83bd93b1344e21e51499f1f1ba24c9
insa,507,nfx_6T05C0P2259FB174XH2XHZNJWD,1fcfcbdbebdff8e49b1a22cce0dfd585373382e631b3a75f064b19a25531acbc
insa,508,nfx_0004V81X5V2DGXWRDDRCF70JXP,cc24bb5b206abafd1b6ee97caf69ab3ba6daaa283fe0ac1946fdbb108d47cba3
insa,50800016,nfx_39JXBAEPW0FJ5Q2KM1D257264S,05757f3fbc641c9ea491e6d68b6020e841fd9b5237ac1fc6a4e95f39b73c8ef5
insa,50800020,nfx_7Q3EM0B2MCZF7M1CQFZWM8ZSSP,20d9df521de7764dab2794420924af318ebb98ac1a0179f08627fb536e1829d8
insa,50800022,nfx_1M1PED7487YVVPR5BFQW76NX8W,285e90cf91dc7c25c961fc3750c0c81e6f1c20265476bc647ce9b9fa05ae530f
insa,50800024,nfx_79PP6PR0FND8C2KQGHBCH2SKK4,3b5ba2f32cb0efc261b55f8b94731a9c88a8a602b382ba48d945937df305d9d7
insa,50800032,nfx_7CCP95WF1G6N47399HNPQYBN7W,b3b926f73aa505ec62a95a90fa3a257282654130f692efd707a60d5287e7855c
insa,509,nfx_2A4ZYY61VPJNVXC108ZAKR27YJ,c002b95df1571404542b23822a503cd08062d80567238dc0f5534bcef7c1fc26
insa,51,nfx_4YRMTK1CHBPBZY0EWF9EHQ17WE,f3c9553eace0a3ba1e524817657e1babc9627de38ca4dae61fd6773165bef59d
insa,510,nfx_3PH9PBFR40YBYNKV7P5MYE9PPS,159699b971c71b03e82ed5882c65f32fdef12f9dd7ea76f47f7eff9664680c1a
insa,511,nfx_1M3BY6MGZ8PEFBWVEA00PKDG2Z,53c0bb4a5e1fc510d43efd394b0c4ca738ba48e7feac5c39de197d6d602a87e5
insa,512,nfx_1WT7NNJXGDQSS7R5ZZMQ9EA56C,24e862f15296b91d27b2d049d9680082a344c0122f6d32ae4ddab3097904f721
insa,513,nfx_04E34T4BXBM8E8NT1VKPQK0KE1,efa0cf92936afb74acbb000fac637056716e2000fa8a5035121b34c668e43d17
insa,514,nfx_1TY451CXCZ3XRE1F7NJ606T79S,2bcdf56986b6744dd48b91ce84ff94609f0d2b80d99fc82c54ee23d670adb255
insa,515,nfx_72M8V9E16D7B8T49P6EPJW63TC,2e2013e69ee085a353ce761aaf9cc6b724ee375fa8a974fb6a181c1db5205a96
insa,516,nfx_5RSQ3S72V7XM00ZSKMV18Q4E40,2ca409849fbcd578887929426eca90b97846ec79af9b8eb5a5449d8a6123168f
insa,517,nfx_1DSS18XXN3H91ADSRYY57KZJ69,995772c525484f63b924d7ff86ea395f416f2c43a8d9c3c87e76207186a162de
insa,518,nfx_348NDP7M4KG3CC5D4WZZSBVW2G,d715313e8b627db011250007b5fa40c99e8140e73dfc5faff6be1f76fa890b2d
insa,519,nfx_422M4NH9KFMHE95EDQVH7WWSME,7d4999febfcf1bd9733f153bffdec79263c78c6c46f13e68407ad1aa42dc4374
insa,52,nfx_6KK7BJCREMW5ZMNDSTDXJBY9BD,f00efae0fb83e9ee60d10fed56248fecb234c1be50194f921d0b8b4c4633679f
insa,520,nfx_3CRN4ZQ1BCMPP2GSXTYR2Z92P4,9badb72fdffc6122b8e1e976a8769956a42f01aa90e3a25907944f95ebe04a18
insa,521,nfx_0CWETM287G2KFB29HWZPCD0YDG,ae5cadc34ac94ddc51d1148ef501be3a8d99046474bf8bae4475e1822c390b86
insa,522,nfx_72ZBFSA223E7Q30ZJ2BSMRBYDM,c59f9b1f11968732045607efe3801c6787a608c0f7c1538b43e9aa20b8c0fe67
insa,523,nfx_47EZE8DQQ58W95VVA5J3FE8EF7,b8ba408be8d378bd3bf640eba94fbf7d5fae2fc4ef72be158a188cd92ac15204
insa,524,nfx_1997AHFVJNB7NQGGWN1D01H3QN,bcf597654f306ccce04d1b000bb21c8b5587aca470052fde8a2e2c8f133d91f4
insa,525,nfx_7H76HBFYTAB40AWW2G0F2XXZ41,a9a6723d97cb293d8efeb4dcd5d4ce8eca4c8875c6125a137659e625b79057c4
insa,526,nfx_1MZYBPD1RKRPD7RHJZECPM3XRK,825e0c74c65867710a3225fa40045bf273b24858acbe7f3d8a8e498b44a9e78a
insa,527,nfx_01Y21N7ETB33YDA85KSMF0KCNQ,1db9f579cd5a2682705b3564764998e73714e21dbc26112f2180001683f6dabd
insa,528,nfx_2ZGWZCMKCPM630240P1C6JFF35,55087f1966c8b153b27a2b336f79c19055a39e2cbf811a068037fc5ce5e4d4b2
insa,529,nfx_7D4ZWBCW1YY9H4DC562WA197AK,2f8611bac5ae72a3a7e9d75f49163ddaab80c9f14d6f3aab3674a04e536f8839
insa,53,nfx_3PHJ4FD0G24RXW60NJ58VW06ED,6a90b8019436a758b459d77bdc2baa781e51223697ec7dbbb9128d814f258a9b
insa,530,nfx_6Z8G8TEPP9SBBZM0T0JFEY5B9X,cec816ce2fae76dc2247878e542018fe3e1f1cdf60ab31a48f040c7c5dd15236
insa,531,nfx_348J0KEGSRFVCRP7R7TPAEV9B7,c4279aa9e74dec5ff0f04ccee042b51e558d771190ffca31072b77396645df2a
insa,532,nfx_2N8T3FTHTR42H5F6KWHKVED95V,0b039f81d9f99b85e1e060c45fa4420029fd6a90ebdcf9c1f2bcfa4566271aa6
insa,533,nfx_2NKWMVFRG579VV056RVXC137BX,27f70208965112581520fa752779924aa9c760719f2146c69536785273b9b562
insa,534,nfx_2QQG2EP3EPZY87AC0YN3660ZAF,6c8168678df52a1a8bfbecc110fc936d0c299a7ff43c989ae34c6d6f8bf8d87a
insa,535,nfx_0CEF75NVQSNGZPZ7CGV4PBQ6K0,b477f45776bd0a58dae738530200533f091b1e3233c040862dfbc7fff32a8028
insa,536,nfx_0D81RTD0JHRYDY2JZZZ728MTMN,aa65bc869b8e8eb12bd9881f4dc73e3e4fa78337b1d30a76d2354c58385b676d
insa,537,nfx_6QWSF87J5NPB40VW3YJ1Y5Z05X,d13a331fa0fe0b69c78d481becc1630fd9ae0e6428475485add6b38f42d33506
insa,538,nfx_5H5D4MWNAF9G7JQR5RDZENCA3C,630688d8c47f4b8f1f03a598e5a0e854993ee413abffc9f3565ad760f0bbd551
insa,539,nfx_78HKPQ067KW48WH3ADVZKD3VNZ,a3429de5ab55c718ab1f43b7af423517029e18eb4273a691e31cc9951c953705
insa,54,nfx_6GR35G4VY6DVHJ35T42XZXS2MA,5b21d0db3b3c8075423b6ecb9808126fa55332ccb47a3a8eab8f2341389b7d6a
insa,540,nfx_5Y67TG3H57GQWBZT1SKTBA9WSD,2cc908ef8c7998fb4b87b27fd2e30fd19fea4a1d2e50048e550d4ad22a1b475f
insa,541,nfx_3VF7B4HHVMEW05H7GWY1AHGX55,081b3864f3f49bbd76869a6053a8dc0cedeb173858744fb0298323e9d7461062
insa,542,nfx_1522TS7BY1YW7KQY61KXHTNGQ9,d6ef77773194136238d0655f50af5b808ea86a50980275c8b4f05e82651a01c3
insa,543,nfx_4SJP26JWWVS9YGPXR0ENV0DFT6,4158d280d562ffca9a21af683d86aeca19cdda10597edf24979c8ff4aa2a158f
insa,544,nfx_4CTHFD03T5JKZ8P0647QRFPCVM,ffc03ed6cf9ddac37cc39e3b0822dc15e6d4f2e9001aac040c0498ef4eda8a10
insa,545,nfx_1ZMF3477W9T67TEBA86J9D0WY9,a55ba19316555a8140ca2547ec37b67a6d3d597b9218936e5e628bd4abd4bcf3
insa,546,nfx_5HJEZJGTF4RRTWNK0TYWM3CGR1,0fe0d43826618c1f361e23dc6ac83a5685fe586a251230a9066e4688089818cd
insa,547,nfx_029DGZV2GYXBCV2CTRN5YV88MJ,0e2f68fa6eec7d7580a87034b80a94e3666d8c6465036f19f42258214954bef3
insa,548,nfx_7ETAFYSVGYPFVHP7GVD72Y4TSJ,61af7cdce836b60eb2d60740245d178c7ffce020016f9cda5ad771216fca6b3a
insa,549,nfx_0ENDD75X97616P0K2NBJKVSP4G,83a9a3eb0cc8ffebdbb6000030c86917098fbc4d7704860581ca32359c611881
insa,55,nfx_2TAM20WQPC7TDKGNZ0CEQ391VH,275fbce4d0f98e78e9058fda9d78025c221589f24175edf737c4d0f081ec53d6
insa,550,nfx_46FF4FQ3BX14262CEEDSSYSK41,90a2190bf709c6c246c3cf393a8fb4321cd214edc55bd0e235d79aaa4c9cad7d
insa,551,nfx_5ZCF6VE11E6VG0VFJNZ95X83YR,b657fe989fda0452fbe01a3bc4079b82af8242eb5f791c86124103e0e86ada67
insa,552,nfx_5NX1AEH9ADAV8TG7VT5JERFC8Z,16e19683cf8c3a934bd3b6c1f90414a1df7039e773fabaf22e93b9b936ac31b0
insa,553,nfx_45EDPJTBJ07E0MQHWXTK3R0QYZ,7f4e033d39a0804678ab94d6a00efacb57a343e33600f4d32e67125afcb28604
insa,554,nfx_6ZH45Q4KY7Z9XZ9FSPVGJNWYNQ,16d69bd84cc7c1ccd0249b507898937ba22eb7ba903a03f83e29a6cc5a42488c
insa,555,nfx_1NEHEKNZ62FENR8DC4745D4DGD,fdd2d430693e554b2e21a8513878cfaa3c01e1414fe1d9e70b45e867ba29e417
insa,556,nfx_3B6884FKGMBH6H85HY3G5W7MJZ,ecb7429f3daa7a6608b0a4a7c00cf572f695fc258b44cda8629044af59a87cd6
insa,557,nfx_0QMGV159DRBS3W526XQ7SAK4WE,69811a0c3578982062bcd1be991463a940df7c1aed718aa1c1332becadd2304d
insa,558,nfx_74R48ZZR6GRW90XGSDGS8Y1P88,b73150d022f683244b23a1be1ab4f71ec28c9c2791a5d75e08cd90c9244ca45e
insa,559,nfx_0QAGDYR1AN5PSWHEC3Z073CEN0,a5a4157383f4e875c293d6b057858949a84872599a3ee3c25f4d1d9b42363c81
insa,56,nfx_3EG3XR9ASHYGXTC0D3M2WFDN6F,49d4d8b31a131cba8e1554cedf137a7c27048013a00c1c4086c431c5654be9d7
insa,560,nfx_17M25HX31F05XK2JX0YDCG79T7,14242c8182f1556989bb40ab8832cdd47caf2bdf2b2f9dfea311adde27d838ed
insa,561,nfx_53NB11DMS496VFEXV0PB4A8FKE,4b513cc4d52cb13523e68a15f36db70e608080efaf91ee165673857cb2b776eb
insa,562,nfx_39X2695EHD60D4QYH274DX4S4B,0fc5b18fcc50f9dd69f40de1000be906612fa008124ce6a8224a0086bb8fd7b3
insa,563,nfx_5VVY9BYFJD06ZM9VY7MRWFYAYV,337c1f0395dc8bb399820215036d8537d83b4b296f56204375c6a5db9027479d
insa,564,nfx_37340HX36J4E1P0VW3FTJ43XSE,096202c7bb7010e3a563c14629e96a88c85f31552edf1507b71a4069005839cc
insa,565,nfx_59P49Z90W7ZWA9M946CKV6P2E7,e3a6603f77f47431f705d90c9346835bbb11af932bc7544e256ce2d98e945209
insa,566,nfx_731K7DBV0YQW9PS787J4EQHY38,cf82a44c00f0d330f677c0c14913a2eeea57705304c5fe0f3eabb270078d25b6
insa,567,nfx_2YHZWM7SFZDH3P407SJ74SA5Y0,688c9a66161b5517dce7aa2320f73a235f4251081362fe71590962ac6c1270c6
insa,568,nfx_2V801MG6A286MM5RNGSJM0ES0P,67cbfb0d36b31827355dd713307ef448f002bb512065ae71412e082dc12dadae
insa,569,nfx_766ZBA23RVG6EP1TRPB87ARWY6,f6a4a0a464fa5fde4e0ebde1eb186d6a8c8cda2d035b77bde119864002f975fd
insa,570,nfx_66YKCJ8G7WPEH52HQ8RW7XCT9M,1e73319a6b37892d5d1fa2865fd480429fa9598b433beb86f0f5f623b390fcf9
insa,571,nfx_43GKZ1T2D4YZMYY85E9P4M7ZA1,6ed51351aaa6d5e2d5dcf9f6b96e30b048ded8ebb20396d39742d8054ded5b36
insa,572,nfx_1C876QH48RZQJYN351EWCAPGS8,349a991441dee33e4c7fd1906cb39b4e09c743536f24211373c780e5a8a4339d
insa,573,nfx_5B575KCH9WYMP1KPS3Q7PNBKB1,d98f7adf3b75d4107e0262b3eebf61d39f98a1ffa64540e652638d3270f76552
insa,574,nfx_5NZA3SXFDH60FNPJX49SMZ90A3,92f92e06e83ae7a065b4e055f59435ddab814b2499fdf59dd79ea1b6b0912a22
insa,575,nfx_5G0YGSXWJM0N2QRWD1W129TTFP,1bbf4676aabf520d49f16fd99f117693b20a8f77f5312179c270ddf3bc1c2a14
insa,576,nfx_1HC7QDFD74RNT54X51GAB5KBH4,56004e3f92e5f9274d5b3730c93ff1a56fb95ca7b022a5948cca1438e3f4aa13
insa,577,nfx_7MJRR70BBVCJKZ1697XPKP6YYG,81953e2e827bbfc88d00b39934cd1ec3145b4a784b9ce40016c02a0dfc62f1af
insa,578,nfx_4VMKVJ2SRZDRM8CXFFFHG136KP,491cce46ed67c45cb6a53065561796b63bd6b8a9492be44bc3cad477966a87b4
insa,579,nfx_6KHKZ6RNHJ2989RJDCZ1MTRR3G,02d2d88e1aba47f6be90d9630b26aaba6355fb7983448534af4532cda18fcc00
insa,58,nfx_2CNZ8ND49Z947E6DAY29ZH0ZMM,31c0173af62b862907d3ca574c1c517915bef40902907421c52902c2e1713d1d
insa,580,nfx_3RA361RM9WV8MGS5CF4GJPKS2P,93e6ec56e7d8f9eb6bd353d318099cc9dce19d97aa1caff5fcad540989bd9f0c
insa,581,nfx_2HXE0RFEYHZTH22A9KZ686CNZQ,31854638c370ec03a45dce9efc003701c2d09e0e49d47b549dbc6ef2e0156ee6
insa,582,nfx_220VHWJ8CE67FEZE54PMAQ7FD6,290ea48d873db2f43b3c3917c44c5bbe36da75d06a13ababb5064602911692c0
insa,583,nfx_2R0GZ6V7D5E8857MPR0VZRT3VH,e5e9382ac7384ec46288d6807e947d86fc22cbb9f5e3fed4b68ea7c34849e536
insa,584,nfx_6V1Z7ECQGAT71BXMB4BQBFG97R,8e2794361c7d5ca4d08f4b751afd8df4ebf248da702d6a4783cd7a80342c38e9
insa,585,nfx_77RP5301Z0TDD5T12EB7V8V7KS,be1b5edb49ae01423d74ac6d12725dc4da9ee7ea8808e16405ec5211ed6c8af2
insa,586,nfx_4HXHZ4TJ95ZVBPTRTZZK91R397,66f4bad4684ed23427035e2f6ee818d60b4135667a9e8df663c6784e2cf6f5b1
insa,587,nfx_1D57Q6506X6ZDP59Y1WKSRDPJK,3a473ca3a5b627d7ec0dd040139249ff8f1fe0ea8a8245edd25ed189d61d76e3
insa,588,nfx_0C3C739493E4GQZW1D2ZVEN2QH,155f33294d4edcb05e3a5a27cf6ac77558fe8d744614dc66860d46a986bb5ce3
insa,589,nfx_7YFHVG73DN8B3WFYBJ0KFPHVXQ,254ce21b02ac9de15b20366525f0dce47ef9ead9300a4a34bb8391d338712580
insa,59,nfx_50JPHSWX70FMQ8602QCNY87J73,c87b4c36a031fbb6d4ba9be07898c23d7818ad914f72077ccb0f88608223147b
insa,590,nfx_423VQGZ46TWH7JF73SDT91H0DN,3ac89f5c12db93af6e473bf995319a88efd64749d5bd6e22541ee96f8a554665
insa,591,nfx_62TF441ZKSFSQKD716S3ZC584E,8c06a427012d618700b330ddb9fa0285394ef6ca5b16f6c412f09512ca4545aa
insa,592,nfx_2FDZ5D2B4DHM2HNXEX298TR07F,c58e5eaf55180bbe835ed5baeb8eaff872c4d5ad84292b2990d9a1365edd8304
insa,593,nfx_18B94DGZR8X2V11Q25RASS02B2,6ac2ea3f7d5d7fdcb52d529746a6423cc4cfaa254eebda30d2e4ee4dbf4bda85
insa,594,nfx_3NRPY2D8DR4A0ERH33T6GHEE1W,28b6ef818c33cad64228dabd85aa4f10d9a4a5862d5dc9af67c38a9f9213042f
insa,595,nfx_058S83FA7RRPSPY3BB69A7XAND,1eecefb54599b8ea6df0463682e3e3738d556d684d0cf6f1f63b5358c589185d
insa,596,nfx_2EMZY34VMVFXF3S0835CBGJEKS,04ebe5838e97ac75f319a7a55454fdc610bf6235c2cc5c590e2b2b5064757268
insa,597,nfx_2KQ0RGSJYD1043D0K8CAA3B3BM,02b5436aebdde318418894ad189bd8f75cf33805a2e792e99a3abd0a45f944b9
insa,598,nfx_59ZT8MZDZ4TBD3C1FHM23RF9FY,e4fa968b06f8e04653a905791d38deacd8e79823915bae40e35bec993a05ede9
insa,599,nfx_270AVJ2KGTX5MZ46XPJ32893AX,20a0b0c4b2086c07ba8b70614800acadab87d5522eb5219be796ce54c567c0ca
insa,6,nfx_0SC9ZGJKS1JZH2PHB236T17FMA,ef00b0a9876c7c97d9bf7e85c5e5d8deef83a4fc8c586cfedb3b6f32b93bb457
insa,60,nfx_0NAQ1V8W5XTQ09BW6HTKD84NJJ,af5b70c0fd0a045bcc01c04dbebaca9651d1d90abeffc6f03634c8a7dffdd220
insa,600,nfx_5X5EQXA98WB7GC6X547QXYW1AF,e46ab0628a20596c65e33f468e9c65a3c0731a262f0c0c05f126fc6dc6f09154
insa,601,nfx_5EJ1RCHJPCNK1XM3PAGG5XD1ZN,efbba8a31a85ee4b8f2bba8ce92bc0da1fb392d16992aa52285e04ccd9949e62
insa,60100002,nfx_25CAP2D9RD8MAT47AACNMQ6KEE,a6b20720758520e619355a157d2906f8781c9cfd058c0530573215492d579e31
insa,60100015,nfx_1N4JGQFNTVT0F9FJ7PBWZZ8NY6,dd5f7756808a25473d72139c038f21f4f4c356e486652d00bb3342dc074fc0dd
insa,602,nfx_652CEC7WJ66QX2FR8YP2A7MMF5,9ca2bf911ce55380e17685555664f35bb1f767723b92b71072ad33c8df0b1a0c
insa,603,nfx_305A0VD6R8YTBYK9K7714X7NNM,51ba1d70f6c526eb0b16443dc5a0ae1dbe04212308d6355078f06ba8ea7875c6
insa,60302002,nfx_2463J9SSY3NXPYJERA117Z8XQ4,d5e8d5e8578135528b9f1c5d355b1bf1f323a66ebadbabd9a11e3064a5413579
insa,604,nfx_3WVK66YWQ1VH9PJH5HW7G9J5Y4,32766acb2de26245d929d43a08799d0dffacb1f65a4642cf43e50ca8eb0726b2
insa,605,nfx_3Y2TWW8TRFHRCEHMRX03C4CD0B,23b5049f937e137ef482b7b3045510831ead648265c98c8dff71d5668fac9341
insa,606,nfx_19B5KSTQWXPKX5SBGGRAR4Q25V,07c92191506c6e680059a80e8db7addf05ad8aa97f64e531abec038016798122
insa,607,nfx_6P6EYJHDWY3TXTVA2ZX0D2V0N7,181334a987545eab8890791fa536e0bbb36b64d83e12ed286e8458b055795166
insa,608,nfx_56P0NMH9F770DJEC1BG0Q2TPRQ,0b33b0d80b1fe96ea4fd238357dd69d27ee94f46352ab576ccd18a53e3386ec6
insa,609,nfx_53NR35FBFP5GJ64NTTR23WMYWD,d647a9e3c333c4183d7a755fa71694eb8500ed6cdd652f2d922df18f9b78c3d5
insa,61,nfx_67WQT70DD15NPPD2E0DTHCXM83,e61ccc35138a4d31160c6cf5e8c493544a31c0537aa0cf70570b657abf2f887b
insa,610,nfx_3YHZJTNS9WVBA9K98AS4GM8MTT,2c5670ad96ff66f711f3667ce51db9816d137d4c7573e11d47a6d51143269a70
insa,611,nfx_2M2ERNJES0EE44AZVTP6KZD40K,95af15887895a0be490a8bed2930fc3afed8becba5d69c0177ac2c551a31c9d0
insa,612,nfx_1S1H82SRQXTJ04XHNBPS64NWC1,4f00a2929274e0f8ec246bdd6177cce2516a043cbfac99f23d95a24c56feac66
insa,613,nfx_5D10SBJSE2P14TYKV06WR5MHCC,d19ea0eab5842a55a01a60c24a80b7e9066d1319771fc2ca19d06a8bb7e1d394
insa,614,nfx_1TVJZ1AD0FH5K4EZC2CYXP0YBE,d09ff0224fb2a442380821c5c70d5ab475d8cf52a45211fe00602bfa5bb2a295
insa,615,nfx_301HCVZM885XRPH3H0HM2A6JTX,3806ebcf8557d7f6b126ccc66025fa476776cb3f460b33f38602f2518eb5bacb
insa,616,nfx_2GGKG5HT4XCT04RBESTD0XBN85,75704a60b3023c9f6ffa30691bb160fb3274bf22f4cd58d3842085399477d8b1
insa,617,nfx_3YQFDXG1XKATCKVCRHEC5HNMHW,10690f834d5b0feeed56db1975619de1cac07759311bc09dd210d48684f682e9
insa,618,nfx_63P30TQ61S96B7K4QQEATMDS0J,26419b270ad53b8ca954597616332a543c7ca573ebe2a7a446542420c2a46918
insa,619,nfx_592JCTFNWYH4XN4KNFX5KKEDWF,90346f3499a347b794d75cc15c9323de68db17706a6326846153fbb0d4a8b050
insa,62,nfx_7W5ZDVM3E8DZRHMBMSQ7PFTDN6,a228f62e05a7b58e442703614bf88d0681ab79df105bfb94408859a0df5d5254
insa,620,nfx_3J1AYT663XB39J7DN65TFHSV3R,1508b4df844dd76c994be5d5bf1b401662edabeff01a24f7b96621186f97c5c5
insa,621,nfx_6R7T1WXC93M4NP6XP5S4TWDBAS,6528a596b47b09d2375ab84c847059e7a2f11f0499400a8f629dfb2f23ed1117
insa,622,nfx_0CK3ZYG0MRAYE3RBG109YXEXH8,a01b839e054f53ad2e2e1acae4b9320c13a4602c053811fa0eee3e271be6c6b6
insa,623,nfx_6PW4CGSRDEJHP6050W2RE8RHR9,36286a900a7eedc778f94dd968003d804ccfff77d850a5a88ca8177776ca0d11
insa,624,nfx_56F06PA44ECV17AK72J3KCDA7X,082035a711c2d8f5fef1784db0d076887427b20a42afce67521fab138ee0cd52
insa,625,nfx_6E8M7AFBJV2DRR4NY2GGNRMVKA,9777930bb61bddc9ef3bd649fe4610ac9e6a52a88646f47f4645ee21e840358b
insa,626,nfx_5S3CBBQNA7HV0GGHHWF9E0MJK2,5532f17b7b6c812a3cb75d81e181485fc6a5e0a89f95144f937f7ad343d1aec6
insa,627,nfx_7BZQDMQNXAFWHT7G45QY8J67ZX,97539c25bde3ae6cfbdf2e2ef133b48c6fe1ea720f9aa2cb7b483c7f4b720f75
insa,628,nfx_6275VK28XJ9XY4CFXAK8AHSK4K,5c746da2cd25ba2bb706907c4206be6f3c45f9fc478279b7022d07fd66d3964f
insa,629,nfx_7H7A1V1RCEK3EV7Z6D0GAEK97N,e22ff70f6abf99269e50b8d82b3686cab9534f1d5f76810784f25154edd60c89
insa,63,nfx_2BPS6C85XEREQKKH4JPAW63RJM,23092855ad3dcc63bf83f09b296f2fd0c5b115aa9500ca737d67fd5bd55c3be7
insa,630,nfx_7NA066H6C1ZGP5E2M2Q6V6XDAD,3eae49702490f1421b57b149e7ae0d301b85d80283f367d48f3f9ef0935c2f1b
insa,631,nfx_2P25NW3ZG740HBT0275WZWQN40,051f8d46652f1ab59c8f4de6eadcccf75d10e019635d09b8352369409c9e3257
insa,632,nfx_6T8J03C92HJ896000XH5T12ECF,6e872ba84e360173093568973150a9baf13e8702d1ff76398dd7eb03464f1713
insa,633,nfx_2QDCPQ419B18J0BN8WK7241ES8,408ed4e63c994b8d7550a299d011dc6a62d71aed8f32230f3e515458e9b16252
insa,634,nfx_0ZTX6KXA0ZPZ5T9W9E46E64K70,75e132b5896df10134699f2cd9c3a4bf27a74a54df7464c18c208052669161d9
insa,635,nfx_51S7V6GF1TMWVTMJFJXP48MYQH,df49aedb4d2de9aec5aa816e592644e868d95ecebd7a187ea290bb408168bc3c
insa,636,nfx_0PZB19TK0WWM8N3MMB2EZ7HMTT,3cc683d6bea804998eda1fc30a9350f7824a1d98d3e5c096d262109c9f1190d7
insa,637,nfx_57B0B0WJ7ARP314T79DSW0MACV,4c5cc2d2a9830b61e3cb944991e0e4278eee70f21527896f57f39d32de61bfe4
insa,638,nfx_6P5JX3NS8QNF8Q0HTVYSK393Z0,a3c543aeb716de3031a739182079ce3c043d952b3a07a9ce26e6dac6f8db4ddb
insa,639,nfx_64X4VKM3ZANVMVHB15K2Z85K4K,5016c743bb1fc7ab0985473ef25567f260c07ca149906440d9b1643fdd3d228e
insa,64,nfx_79NKA0WZ8KTZTF6PREG0SATY0W,5ae1a89a54c0e3508ee5e03380ce6ead9f80d2f16fd60a175bb98329e9315c35
insa,640,nfx_26GCTJEKSHRHYHQNS9HGQGXVGD,a02b051bccef2a4e29bb1855f0f179ea7f2076b160d4e899682e506494f77c95
insa,641,nfx_4W6E215XXR5VAB46663483QA6N,334af66a6ce3aca451cb2a2a3b48b7de882981bf3af44ea0c90cd2601972f50f
insa,642,nfx_14EY06ZA7YD1CSK870RT9P67CA,558b4ba33ff0952b7e8bfbfb1dc951ef44cbb9ad9cacb801e9fdda95ae8d92a9
insa,643,nfx_6T2BX7XA28DE9RFVA80YD9CBK5,66bf59ae83937ea909c5008291b5f36a2013b15b0089cfa892d75e237841798c
insa,644,nfx_295BW7A6M5FQMAFZ7EKSFG5ZHE,2f2a625e9fb7fca853863cbfb2932d6d96df2afae2ccc0eefc7b6863b2640538
insa,645,nfx_22HPPVBZWQ5GAWFD56XTEYDCSR,f4a90561456e870778ebea22096a5b10d59f948014ef53eb24be74c24a93fbfe
insa,646,nfx_6N0CBJJX4D6324BN4VRR3VBPN7,53d212d8f414852ea71462105e17b11e8eb1612d75c9201c743eaa6d886fbd7f
insa,647,nfx_154THW5TJWR35JAJRD19175A86,37bbb67ed67273d4dce13427f35804b5c16ba1eaf29ee25e51404fc45edf275b
insa,648,nfx_75QVKHC42397CXCYM11V9RQQF8,9010b6fa81a831c0ced5a06afcb64f0abcac38754f1f048bfd5b6cc1e5b66953
insa,649,nfx_161DCWH9MQ1CJGHHBV040AYSFF,763d1cc76f4623c317a429474c9f2a3cbd458972778aa3b6d9f33beee50e5671
insa,65,nfx_6A776Z5ZXKWSZ37T972R0DZR3M,f9116cc037fbfd4af1268ca5093e4ef219a17b6e55e35da305c1c16b2d9f09b2
insa,650,nfx_1BHB5F3FVDESVSA3HE8973FJ4P,ff5ac06c4236d200f0421a3adbaa5449b22c8f6dc4364dccf93f3a49589de908
insa,651,nfx_6N6T5N8Y66CRR7RZ9BM4EV4Z8S,7a2a8d9c598b3ad2500fe01c78452b80376f4730c283ff5f32acbc06f75e9f33
insa,652,nfx_0TBCJ2WBVMJ8BPNDFHD22N1XP7,0a5a3b52b209c21eac49d811ac4f3f62308f96a584fac9fe5d08dfe58b32c222
insa,653,nfx_30GZSNAMR34SEN7XHPZSGDGPN8,fe2c8bddeb86ae68646546e9d14a38b6129ece0ed8f70e49e07509f459568c81
insa,654,nfx_6VXYR6EVK61V85SJSAQ8T2RDWN,42bf5d1a0163d76172ca18ad4fa26f0c0c087addd8ce01729986a5110f45b018
insa,655,nfx_3PW5F99EWNMCFTT1XY5KG9YSM9,e0d5ee17519ff6f1cbe3fdb98421bc2e1deac568a72eba2423e527612221d165
insa,656,nfx_1HKB4NSEG4NT0DM1FYBXEFTEMB,6cd0677ac15f8edad8698c7038b7e33a95f89aefedff3f8b26dbe56af543fc5d
insa,657,nfx_567G9P9K21YFHM8ZH8H0VA6J6D,b24d2b744dce94762d00c626b1e36e3184ab9fe2ee2321db4efcd07aeb7fd71d
insa,658,nfx_21987AHKEQ1QYA7QSBSHY8KPW1,d20123ae9f85e573a6a17dd4403a776c64b18a40cf23d38907ec0101e63ce952
insa,659,nfx_1ZQK06GC147HX5YMRPTMRFWZ4D,25f98b51778b7530fd8588cab66e6a62f93b93a6495a97238770b50d9c3c3bf5
insa,66,nfx_0TD8WPS424Y4053SWYG1E6ZFZV,badf8395c769b78f6416c5588c8736f81a6167c42bb444bc82c36d33234e5d17
insa,660,nfx_2ZVC8PAMC7N1JBYND33FNGTCEY,bb2ed9634dec71db0a79bd4cfc0e0daeb93905954bc5cb91bbd723a95ad1ddb0
insa,661,nfx_08SQZJSV6WFSZBK8XT3N0CGQVF,a1e20ceb8f23fd8cb25dd3594834ed9de351e016e9d87f8eac6ade6da48493e2
insa,662,nfx_034R57TWGEXD57AKVRD12SNDGH,4581e7fc84686206cb8546713e265d2bff037e528426899580d853ed95fb564c
insa,663,nfx_7JX39Z7CDF3PX65M22P5C9VJDH,b8d9a7bba2b76bf7547e6addfd2d01970ab7ec2cf261d3814f0e2973a07cfdf7
insa,664,nfx_32Z1MWWN2H06BQS89QHAFN7E9V,d1de9359ceee2d336d4ccd883e2108fbc4c4b1580f98097d3fae8d3ca04a48b0
insa,665,nfx_5Z077GW5584V3PAW9BGHN9E59Q,6a1ec45173d184713fb4f75cee1d50c8a22b45aa098685ecb4e55976f773b1ed
insa,666,nfx_1TYMCVZMZV4SZ6K0Q3H2EHNAB8,67d25f5d30b907c8a1b1a8ef36b9e7bf33c389d7db22ef09d29b72286f60dd69
insa,667,nfx_7QNEWXF537Q12CDHC58WWW3NBA,2d71a25aa697c1b6b177cc86f1ceee8c87e8e3a5b956d61a2650b5c58969e2e9
insa,668,nfx_0CFWAM5181AKMJ85B8GS7SHFS5,307f312a9d004e015e891af15ecb36c9530b3fc3240a4e84b062dc8ae631268e
insa,669,nfx_5MEKEYK47S6FVNDNFAQNR914AQ,b75233e26c48a0ff2b5d327d9005f7135c64869c2e4846cd65af23f1d4a45af8
insa,67,nfx_3NVCD79MH7Z1YF0A078MAHCECJ,fedd9c859c208e8d5b2fb89f740a23bd0ee3628b9eb9b4034d5f7813a5504ab7
insa,670,nfx_54ZE45BYS2W500NC9JETEJ8T2D,4939d7035ac39db2442c0068cdef9a02e98c7e8e4a3ba611eb4913a7c90619ac
insa,671,nfx_3J5GSA68WSMXK176919WAT0CZC,71009cbcc8d448f19f2cb866d72104f8f31873d9f41db7c501117c9799802644
insa,672,nfx_2QGX3TFRMF7YVXA8C59DGYD6JH,a65e2f313f51a3bd72fbf4bbe4e94264c3ff4b70add86544c7013e8f7a1b5142
insa,673,nfx_5414MF9PW8KFXGZSG7K9FB246R,2d3d63d3647992fc5d1aba904847ed5504c83480c393f5d92b6ef450025fe1d8
insa,674,nfx_4Q2CQ3PWXVTWZX683DWSABTMGC,dc405fd835dd7e92d24530f445e56b5ac98868ba8c24c8b7f6b2d1618f366af9
insa,675,nfx_2B7Y5H452AH38RG3PBTWZZZ638,f3668406e2d4ee00a5d95bbc0e95e7a807ab82c8e0cb36456adbf9b369f06421
insa,676,nfx_170F5G1CAXZA62WZRTBQW2W7TX,23e9681a7582a68f0e383e1d4118f34ce11f626b96b37e497d8bbdc53532118f
insa,677,nfx_0W1QNXHCWQZ0T0FSFGHDQWPWHG,70122bd5aa98076bc7f321cf7c0ad1c1225a7c0d80395b954f7a48df660e362e
insa,678,nfx_5G0YX1EB5H6MH0Q8R7YM1YVT26,3c0e629ee1179d0b754f2beceabb6e1a2c8fd45dd88aee27b5b0ac2f6ccc7a0d
insa,679,nfx_7A77HY28ZFNPMM7ZSS1DCXXSN8,eb1fa20ec4184215f2ed2eb311332ed9a9dceb34766ea37b7db34059be9d7f6e
insa,68,nfx_1QXZF92RV00KFF09HSD36ZM3ZC,b8cfba556ec5bb04e8d1b527f17580b04f1f5d16afac901297f4a8eec9393603
insa,680,nfx_4SC13ARYNKGK9R1XSQM9GQ4CE5,a30921fa69a9bf94e447561a2962f55ada874cbd5d1bd117540430e2575cf93e
insa,681,nfx_11PZKE5VSZCS5HXXCBZ3YR5MRF,6a43e23535cfe08aea921f4cc51e5c3a6f04355cc9c7789a573529034dc97eca
insa,682,nfx_28J2Q222MASP0QFEECJS0XK5FE,8ac81dacb93f461984b800e30c703c74897188ec31aac955155b60d43ea55233
insa,683,nfx_0QXVXGV7T0051D5682YASYQK9A,4cbbfbcee3610a327cc1dc1afd916891cbef87db96327397a27ef69e20d9b051
insa,684,nfx_40PZG64GBEDK0029YW8976AHSM,4c95c7f95b365c86fbda701a6e12539bc914abb4c25eba158fde2ee29dee62c8
insa,685,nfx_2CAZYDHPXWFYDF6458544FH2RM,82c7c3fb9c28de48efbedda828d525280479353974e9ded8567a91f678ba50ea
insa,686,nfx_246QBES96TFE9ZRNVQNA8KFVXX,98911a2dca6a58b9be38126f721520a63e26cbd9a6d19e2257b7ff1213dcc213
insa,687,nfx_2TWHZHCYXN1EVEY4S9MDVKCW45,b9cbe6f59e42304c9a9eea671e0e0492618c94c3bc6fd7b39ae5ddad7522341c
insa,688,nfx_72FRN46TEMHDEPXP4760XFPEWQ,c8029139efb522303e980ebab0334cc2d0a4870b36fba00d27fdd4d530138aa6
insa,689,nfx_15XP7Y2C5E7B0NJF065RN6CRE6,35ba071881ac4f0d896d35f2115ccc6a5d286082aaa3e5baccb0b76378803cb0
insa,69,nfx_201A3J767RNCAAF5QZK1H82BTM,ac868ba0bac11f8751409de8e500a444e947fcc1bdbccec243974dac9285fad4
insa,690,nfx_3SSRDN0YY40QNWQE9HMKJKX821,bf7e6bc8078846c4c1b82372cc8350a7028e931012943d31cf3a4c0a81410bc6
insa,691,nfx_0N4B8DE09G6TXV8R9G7ARR0B9K,74083b40294ba51f19de3c321e4f242308d9d013375c97f87c7a96edf5242150
insa,692,nfx_518MGAXWT8M4JMZXZFRQMMX3Q1,dce40b242d2385936799b5e148e40dfe9b8b0dc3ef99839797bb7cd4c08fc63b
insa,693,nfx_6VNN6C9BAHW3YM33P3WGM018HN,af3939f0e5cbcc67934cd3cd55d286bacc38fcd260d1c6d51293594213d507df
insa,694,nfx_3AWXJH670DX0Y568PZKG27DBXK,aab38f6001346a24559831c60080b931a9fa7d7ba140b5dfa2cb3f4840dc790e
insa,695,nfx_4V9VXK5A0QCRN6MK9CV2DY6XHZ,2fef6bff5b2a59e2dc663122a904cb943971acc73c11f3b4d9bd8d1719da7412
insa,696,nfx_5H6GN3888DSW2MFXF2NX00EG18,9c85016cf22ea123c9d080ecfe58edef422ab2bde2c5a41016a3170a7d922b3e
insa,697,nfx_3STQXPBMAT3T71RMPHY47NJH93,4aae9bc0ed06f1ff63c1d3e2b7044ec3d388f8e389b2d48462084d7b55413d3c
insa,698,nfx_1SFHDV82RMAWKPS790VXDH79GW,131ad9c2e6376d956360b5d7dbbf99693dff871cd466b14b6baea8c09631f022
insa,699,nfx_572CR6BGRNDKJZRMNVPWPFH02K,6922eae5fb17f64125591a9cf72a837404f41ccb9072374d6265d4fb402a7dbc
insa,7,nfx_56Z2CFEEVWP7FRY4B9EEX1VASP,0fec2c8264767e0e716f367cd81e43c25acc7b3844faee8d620e034f94a30390
insa,70,nfx_10XMQ7QEEZAV6AY3PXKP2DZYBQ,35cefc0654a5ceb900ee7da8535c3de6c7f8875c4821739c53737cfd34982218
insa,700,nfx_014451MXM7WERYY5PQ3X13FBDQ,b8585f6d96d03d06c889b39ea826b826d0fd9d4505ca1d226a6fac57e9ca0848
insa,701,nfx_20NVX0ZEDC25H2Q48V17W3CYYA,738d87560c47221959f01b8177178f68beb98b4dee3c1ca5e830b7da7131198a
insa,702,nfx_5VC9JSVDTCP4RGXKZ58EKV10JJ,46b0cabcc1d10bfa27c856a644a26be660c9ba70c7cf858b41502583d15168d7
insa,70202028,nfx_27MVMJMGNMP1W495XAW7ZY7MDF,92734d9b5a42a5aeacd00e29e7cd80928e7d01eabbebbff39b6dcf89763ddfef
insa,70202033,nfx_69H7CPWM95JC5C6MNX5H6CB7CE,fca5a87c2d12f078882a6a3acd03158b04f5b8b9dd6b479399bc573abafffcaf
insa,70202039,nfx_25EEVFYZ1M750EJZ25QPNA48VS,0b78343212b3e032f7fed5e7e8d28e9aa102bd6de666004328355cbbd87414ca
insa,70203037,nfx_0JWSFZ6KJ7SW35EGTJCKZF9NJX,0e77dbba49d795d935c16afb20c420606d0c7c88221edebae29b3d0ec8c1c0a4
insa,70204038,nfx_1W43A5M0Q6QJ8ZSSPPKPKC06QS,24afb029648a9e868c3064362350de493b1f0723b73d3b367b7670b5ecb3c0b5
insa,70204048,nfx_6T6D3J7EZX2EAFADME2B64EQYG,051353e309050551f8779e2874e88527346cf3d5ca671b89f7a411889bc07b1e
insa,70204054,nfx_63GP9YG77D0CSFPYMPAM5E5P0Y,a4ed471309dec36af5170f8d262eb4fb123b1d735aeab456d8df135911c1d50f
insa,70208006,nfx_7997N9FPDX8ZX124ZVYK6B4DM5,b91c014f9ab646cc21f32d0e35bc2f158ed7ee98bee3ce1f9ef337e52c2f7309
insa,703,nfx_5A1KMN2TAT19YBCMSXTPM7F3V5,ea54f43f217f078f0810dfb7b9d5097ff9cf63715e9f4ffdcc18a3f2cc0b156b
insa,704,nfx_3Z5J4YHB676QNM73HXR70WFFEN,e3f4d5eba7478842da759d375f76cbb221924e9088340c76c5602686568c6a91
insa,705,nfx_2FW8BK8A3CSP12QB995QSWMVWK,5f4a3e6cecca4005592f1935c7ca37ef2a380392ac2207a4e6779b2b6c7af226
insa,70500004,nfx_6BTTGHZRWB0Y3JJTXAYGAJJYJQ,b07c09396c4e39b0a76b6ec17eab2ee42f7e47b12820226263c27133bf5cdac0
insa,706,nfx_3YNVPZX3277WQ2CH6PP48BDN5Y,b75dfac0cb9e55cb495139170b92d2554096ac8f0c48d417d20566903bfd93a8
insa,707,nfx_3961KPGSBJD1S2MCTRVXCP180Y,e2e174eb3de3aaf4f9ffa84e94685b51de72866ebfefe1f3c511e15f67d26cc4
insa,708,nfx_1F17EY93T33SK2Z8X397XY5ZBR,792208fc125cc1c5483b3fe5733b30834eb8872d71c04e0f709239bb053f1be4
insa,709,nfx_477D8R2SMWNW9R39YBEQ7QJ39C,e760640a7111ebdb4edec695bc68e92ca70e133f656a4437df7284ea4e654ab7
insa,71,nfx_20Q4VQBE9VW7GN1PX4EDW9JJRY,e555bbbc378bfb7ee92783bf2493ad0f00400b51066e81dfcb7759e881e57b4f
insa,710,nfx_35Y79ZQT779ATYA8M5EW6V8N99,047a63309fd155e5ddd34a980a1551b1985e8a8185aa139b52277f7b2ca05da4
insa,711,nfx_69JM0YB5XWCW25K6R77QM3NVPZ,1c5906c42e59aa90fc7fe3743022647981beb0ababde8aa68e8f0180e910cad0
insa,712,nfx_135N873QVPCK61XMEWHREMMCJ1,58c0f7f27f2d2b256f9bdf39413212841baf5668fb6b3c06c8c50058fdf38f75
insa,713,nfx_6B25T01B66ZXN4BSWRATWSQEGK,e2ec2a1abd89f0e595b21124cc063935dab03ef2358b7ebcfa0b7b91d27509d9
insa,714,nfx_6E0AX3ZHM0F3TSYS9MTD3NW6HR,853094ddfe5fbd3f353ecb37b4a853e41d0f66b968ff0b09c942581141f762ce
insa,715,nfx_6CQG50DV2VDVRNPJB3HC4Z4RFK,cbc2d2e7c22eac2d288a0e8228ee7a9f9c046c6a952fe99324cb8bf19a017411
insa,716,nfx_6AGA07T2ST96Q7VYWF155R8EQM,1d45fe3c7575cefe5919bc93d6322c846214a6921f4b722d8df9220196ec2f22
insa,717,nfx_7GR82YDDGKYTVMZFA98Q2KSXNX,ebbe453e5062413970b52b8b3b71eb1f1472638d5d8d1f4cd92c0c05ea63010e
insa,718,nfx_6A56A5D7FQ61CCDZJKAHEN52TS,aa6c29adcc609ebbd8ad60d352fd086240fcad5edbb2fb8158aab7101c59bcef
insa,719,nfx_34J3M2PG2HEXKAFMK4D9RP3NYM,50ced9a423d4ffc7479cbe492a942a5ab9080975ff094a8bdd29de3860919cf9
insa,720,nfx_2HBP4YTP81DJ5S3MXF4PC87380,1fc2c54b6e61e993241c4db559ef0bf0c9b50325cf65e00a8cafad6058cd15ad
insa,721,nfx_3SG387Y5TNB2T1K128TSEMVEKP,a763b4148a52b9feb3eb34792c5c7b65ab69903fa377b83cc0e6ab2fb56b7672
insa,722,nfx_5EAVM8R6GGFQ43E91993SXQBY8,9ea7dd3f04344a63aa3d1c8e90e8620eeb7fe1bb1eb589e5a034a2982590d77b
insa,723,nfx_0RAT37F1CH18PXVS1P3PVYES0J,47e0f219f3ded220272089b0e3e30a5b9c7b3ff7315f2ae21ab8b3308f656ada
insa,724,nfx_2EQ555V15YYAW0MRMSAD2JHKYX,4bc74769f6f0b270b8d9348eb5883457e03641e4f31bcce31db5a49e94649c26
insa,725,nfx_7DQA5SEV5NXWK0Q6FSK7SES9ME,22945276fed53b4f4fa0fd93174e7253b0e28bd51bece37475add27956244c52
insa,726,nfx_6Y0PJE8GXA9PAN749V7E23PTWV,64377799ce674cc6341b96109798c15423b14f124b6e01e10c1cd8699221bbd2
insa,727,nfx_28TH73D2RN1RB22KWBSCNRHB58,47259bd19112638c767c5611f614e2ef46a8b6fd9a020042d2ebc935b2854664
insa,728,nfx_41BDX8XZN26G4BXJHF09Z1CHDJ,9929a4ec70cc0edadbe227355f261bb1c223ba7f112530b01b3b547b698fd92f
insa,729,nfx_7YP7A3G77TN7VT5Y95BJ6TPZMZ,e2a487c4bb1c24eee8f792b404bb0027018c4d2dc2be58ed98c0f03c5134ad78
insa,73,nfx_1R025WQ45H1R8FMAK3NCXMAH76,fa3a5401311c0fa88538c1c9b126143468cc8fb9cae79473186845a5489640df
insa,730,nfx_65R83HFTF2DF11MMB67H58AVC5,19b6ac20f240cf79a6343996017fb32016b05512508acca9700d7c90e90f3c40
insa,731,nfx_4JZJWQ8VK1ZQBMFGNTJVNH5MWC,2415def2a6e29c3283169c0fc47561a61b18d76b6cc48d8f21da122e5fcf3975
insa,732,nfx_5JH6887ZSAE0RPNTJCXKVKMGFJ,af62b2055732d4188455f2a32c5f017c6d42157a9b982443598c8057f50ea4b4
insa,733,nfx_2FJXPJCVSX58S8CQ7QV1YKG4G5,a657e901d5ea227900ca5ae23af9f3d28815f5a5f894e818629738b432e71a67
insa,734,nfx_6F4ANNC4PV21DFC7G0WQWRHF9M,5e07be5cb5426e5dd19323f7cd7aab41cb0c25b893371aeed2ea76c89668de57
insa,735,nfx_64BET0P70A0NJ1BB60TQYR1QHR,4c67b1f663fea11cde591d0ed4edaa9353d5dafa96952b21573ac1509bf0261e
insa,736,nfx_7AB35BMVXJH26PRWQ63QA70GQB,c307e0a6190fe00ce06f7f1f9ce3945fc5c014566c2cd254d06e81d5513c92e5
insa,738,nfx_25BXMPC6GN7ACBQ4V6JD2FA7E4,f66d1d67be60ea9f49d3d229ac1d8133cc02fe580003cb73858f21b22bf25026
insa,739,nfx_6B329SSYMFFKQQVA0GEPKGE8N5,0d11113e90cabdf69db9bc69be34c35f0913ebabc574a9de093af5d976309ead
insa,740,nfx_0X9X42G02M28G1JYKWA6XSFACE,bc8214fea47e2b37c0b495c476823ad98353f7c98e2621fef9067a9abd61cb63
insa,742,nfx_11MBKG5GKQR370ZT4G06PSFGZ9,7f12a482221356a2c6ccf62ecdf03b09f307a6e52b66b41095046e1d4d4bddf3
insa,743,nfx_77Q9FHDG8VH19YZ6CE0644EYND,2a82e8f5570c14ffbc398496f36d9a149c3cce8d5f044ae8076d4f57a58f37ec
insa,744,nfx_2C4H1S8N2HYQW1ST2ASFE15GXN,4f1a20dd878f3c6d410b6467deafd60fbe1b8bde1564e5e65e444ed410952092
insa,745,nfx_3WRCK433YS907MHJRZ0YMJXK00,c927e13042b1e32349cefcc440a78503fd6a97c6a3631af0251d6ffe53c81cce
insa,747,nfx_7WJAW0DMV69W9VJ5K6HAADEJYN,ff1b6914398ed7cb02c197aa32780da229eed9c2d62bf4d4050804f5bf61cda7
insa,748,nfx_0Y7AVSKFCYMWN1A88Z4A9PHSWC,c130a59169782939a2aec76d8099689dab03871144067bfadc719d032f9f0fc6
insa,749,nfx_2XAR2SN41YFADY5GAWMBN1PMV1,93a712bff7475938a1d1b8c569f8afa5702b3cf85102805631b98210f9afbab7
insa,75,nfx_218D37BE01AEWWRC03ZM13946Z,7ea1510e17b0596371aab86119dc163f562467ed77363c5863ad529501364ea9
insa,750,nfx_5ZAN6W1710BWGWG1H79SBDRACJ,975701a73b801ad9c749b9189a961b93e0a588c64dec94ad942a56e6361ddc38
insa,751,nfx_23NGDPS58G3WJB0Z8QD8569B03,b675bb4dc0ab2613e9caf70ed6f4e5f74f6d37af861cbef5360d756b202cc410
insa,752,nfx_1M7K906AG3EKY68282QW1R8CTJ,909839c04f743860cea87bce821941fcf7b1290ae10f79b4b432410dc3271d98
insa,753,nfx_0X1MVF1BJXK9ME8TNF6RBNBMD4,c1ddd796d125c473d48937c2c7bfd8f822dd2e711e6f77c9d255e94803b65623
insa,754,nfx_4AW59PSMV6C9V0C4YY3BYA31VY,0d093bf08b7d2e79ab941b4293479e522d1a5063ec7d0fe5ee19865b128863ee
insa,757,nfx_4P8RJVR86NK2MS3NAFC2J0E5E3,1b38157f779f49e0e665904176f3d8cd9742e25344877f12dc97cc0946e86979
insa,76,nfx_151SWN645WPAHETRH499VSP5ET,7b6346ce920550296b726764e3e577afa1fb203e23c04b115dfc34fd280c0178
insa,762,nfx_1KDJVBQ87JNWHGQ8TS5NDT6GFE,c61a82974aa3bc145aa55b81d9cbe7c5aa903ee5fbcdb42147d9aaa5143fbede
insa,763,nfx_6G67D4GXZ2CBVCVTKYARHE4XXX,7a969b69e61de6e93b0d4d11c7fabcdd750fd72fe9a14f7895abaccfd8d45f02
insa,764,nfx_43CC2VM6SV4JF6ARNE70H793T6,1c8c3bcff698b59c0a9434313e79b315cc3e4a4764901852b37dbf070ad01f9c
insa,765,nfx_1VT4GKSR5EQ7AGEAZS1EM466V4,414691e9370c5e4947219b2102bec9b79758fa26748be940efdbcd5335e5528d
insa,766,nfx_4HSY9CYXYN0BX1D8CD2CN1SKDM,463558b951abde71ecafc4e3b5fd1ad361a1284ee16d87c78e55079119020dcb
insa,767,nfx_22WH926PKCDSW8FYW78EZR2THW,49c61dcdc88dfac17b778517782722f5a007151d229a6468c9d0e6bf4aac3469
insa,768,nfx_0TP8RP5185G0R1F4V7QB1CKAG9,26cddd8a9530d773b1415af55687bd7b8f8d04d530035cf14ed022d28173eff7
insa,769,nfx_3MH1T89QE8NZMD1P1J6SWDEXNJ,22b92fc6055760858a1319813fbc17235becc44d53feb9e32eaf39dfcec0d2a5
insa,77,nfx_1S2CMQVW2PBXQ1E6TMAZEW69JS,5753e7b7bc00be0430746c6dd132efbaf2668bd30bdbf15aab27a67c91a6342c
insa,770,nfx_3PVB7HX1EYJW8XGV1RAF263JEH,511339ce46560dd6935e66fc56a06e819392d97d4d844277c12d944642428d2a
insa,771,nfx_0ASY7KNQDNBJEG14D9Z9K7TMJ1,95bf9c31846d23562edb1af1a283f3b47ddc1bcfdddf5a09a61d1e618424c01b
insa,773,nfx_0Z7KZ6VRCK55RK7V1DG50NKR2J,3d53554b410902f792b4551d03849fd74eb5f511156b320d268536122d9ee660
insa,775,nfx_0DC8Q3E56JMJZJTWZQKCCV2N8K,5863e8f2f586704a3719a23b693c164fd42e625a60665bfc040ed2c3231709c8
insa,776,nfx_6D4V17WPAERJSRHTTSGBZ4DF1K,0a5e910ae6e9e5e57b1c737285dc743cac9182b930e5b08dc41c63b8dd969f53
insa,777,nfx_78CW7XNM8CZECJHHCK4CEH7V2F,b8905bb888034ae55b96db5725cc799de55ac2c7a5a1cb746293e6d534e25e2b
insa,778,nfx_1Y1BAY1QTXZBHB1NY72CTBWK27,7ebf9bfe57fc917cd428fb4e279854c7af8110bbf91e8961a2d21ee4939d02d5
insa,779,nfx_7H6XVCR64FE5V1BY3RH21Y6HDA,f9580b12779871eab66276463ff7094a3301c49d345da80d25cf40f946526853
insa,78,nfx_73P8XW78101TWWMCAFFXSWCF8Q,1ef6feb979327586535cf917b8a6cbac096428bc091f132ed12e6dbe610abd74
insa,780,nfx_2S38YEE07Y4GQQ3AAK50XC3K12,6b5e02f00248837808dd191507eb718a1e1d8e2719e823b041c8cf5458606110
insa,781,nfx_5HECTWP1ZAYZSFT6R5RQGCAKD2,98da905a13e317066d86ba29f7a5522a17e6d4bd41266d88dcad369b9bf8681d
insa,782,nfx_5CXB17DQV5RT0FWPB5B0VNAXJM,8974286751ccdd19fc641ea13768db35572da3e7d6a43acc64bc26bdc1b4b297
insa,783,nfx_4HCS5290PBT0FHZ0Z2CCWJSQDX,b03d62e6a3bea10a12d91b4947dc0465bfa0de43b023a72c2c19a20341368429
insa,784,nfx_7EBP4MR3JBQGK9X9W00JVXF3CH,5ff1bdb62c2cff5cc6c726646597ba753f23bfe83d611e6cd22a6b33f9e7f680
insa,785,nfx_2XV15VZNFD4BHKJ9YQZABB4KME,a21d44bb9515dc48808cd8ef2eefe9db72fcdbbbba6651c8d98e4fce887e0e4e
insa,786,nfx_5JAVPJ5NX7P1BP343F11JBFVG1,b2732d0af170d570f4b4f83cf3b2dbe5c05e3850b92f234955cc0c4613be8611
insa,787,nfx_6YPEV53QEWSSSD2MMARFTHCMTB,160e89458f44d1ddc2c5b9d5c7c2e9dee78bf00ca886fd6d463e1d2465a027b1
insa,788,nfx_0RMXTYT0XGJS4WW4S2CBRS42NB,c646c0914beb856938ef6ec4c5720d5bc9c368329c458ca1338e28605f69e88c
insa,789,nfx_18HDM6C5FHCGXE7TT8VC8E1MFH,e61ef977cb65fb6a1a0c4c5eec20b94fd7e465cc592ccd8d98e098fed2cc1c36
insa,79,nfx_3BP86XYFH3YXW8PA1B95S7YDD7,293f316a339301c4a10cf6bb2f8ad4e42e12afcfdfb3dd794054ed6bb28be3d6
insa,790,nfx_1A5S8HEM3M4NQ8R6PQQSK7PWHN,2af454e6f5d14e7d9a4b9dd4f655f32b0b71cd039b09a6b7d801952900ffc0f8
insa,791,nfx_6SE37TXCA5Q9XN71RV7TQ4JGTR,e024bd6af586777a42b2d5ada231784926159170bc49bd8a642e6f4bcae4d6ab
insa,792,nfx_4S0WN4BDBWS0QFMC9263MHP3PM,64317c512245cbed1cd59c7b84ae07477994520eb4e7dfa46859e41c4eb7bbe9
insa,793,nfx_46M6RHRYQ010YT13FZD0MV30KZ,49926b44303e1a0851c9593fc0404235d5f3511aaf1285a2bc23c001dced4d89
insa,794,nfx_0XRAH59HGW7PH8FS00MTXA0S1F,b1001b47d2657f735bf6650904baa391200b71c6e58676cd7e4d7156c99d0b1f
insa,795,nfx_04BETHFQXME45470JY8SVAYZW7,be17bd8c88c3109f77b23b42399b693787614c979d005bd47083654230e6d7c4
insa,796,nfx_2RCCNJECPH9H6SN8C75QYV25DD,b7a5a24922f2c18d8fd49fe099e230f3cd669f047d13784666e919570096266e
insa,797,nfx_20MCJEHQ6WV8TTR0YM2XVXMJ93,b7fd501853327dd32c035ca4808c707259e7e615e399fc6f9fb2861241e4e6a2
insa,798,nfx_2YC9N156JB04KF37QMD5M9NS5C,fcb807f8e3c58c99c486562380b6bace52bd2024dee4f0c6a42edacb41e428e8
insa,799,nfx_5ZPMC4B30C35ZXPD0R44DHQ50W,3d546a267794dd8d599507655a8a23bf2edbbf4ecec6105d58a79547bb7c382f
insa,8,nfx_3E47FEG1X3A5Y5WW1N8V3Q3QY2,74069f034edcba92fbabe534f430fbb91a90578baf351a6b0ebab51f46e38f43
insa,80,nfx_7WKXMRY3WX9BVQ76S5ZS5BK2AJ,6aa695daa639b38930af602e96b3ce09ea7a211a83d9d5e679c484b608303abd
insa,800,nfx_2B8JCNETQXJBWSG47R9RF9BMBW,a393485f7a3b07e1faaab58fab916788e3fab3c71a3f660bd16f38e5854f01a2
insa,801,nfx_5X0567PX7KDCZRZMCYCMVN3E1G,a325e4f31c2f8037ac86a16ed0e4cc3ba378e29ae8f303933c148997f0b527a3
insa,802,nfx_6ADK28HZPQFHR3XRTBSNH5JW1X,f617b79df0343cd870d86497b4a25e5a0a6b207762a505a3e81dcbbe62fe133c
insa,803,nfx_30XT8DEGMZCPBV3G6X8C28BK1Q,d5e512eba896fdf326780443c84e262d540cab0200368e9a1cb3dbdce2ef8129
insa,804,nfx_3G1PV77FQE8FTVD1ERQHKYKGD7,f01e88f49645b9c630729894d84b1d9092dd038563cd501ff8e4b27dc6efe0e8
insa,805,nfx_294A2714B5PX7T8PZP66GKCEJP,ccc28347d9774769587709c88bd56b8bb955fad4eaf5de2a27486d7bd0551451
insa,806,nfx_6NQ9Y69NQ4YW2Z8FE3H0AJSP5T,87a60c721b56c199e74c8f448372278d560537492f6426e2297315210f124e91
insa,807,nfx_6CCB3SAMV6FJARVHMHE4XWGFQA,0c4c921ce7607e88862e0bbda279cc3db767317a0116838e0496c7587bfc444d
insa,808,nfx_4CD5VJPWPP5RQF8B8B46AVSRZ6,c6f64a98d52ec3c972411dab0c356dfe977b736c55e0474ac70be51af3957f0a
insa,809,nfx_30WVWXZM6C7BQ1799NB6WAW8RT,37dcf2035a4b7ee0db470b7488b552d4067d8a7ab1b318d81187d0758c1afb1b
insa,81,nfx_2ENCDTV3WPZ9YWT6HC9KVBZNMW,bd972cc361e50b628374d08b551ea396a3a6f4412a59b686b3e786ea0829549c
insa,810,nfx_5ZFGA701VNMAKBJZM0X6G9J5X2,08351e5083a6a16fe8742876c41b0daf51c8da6ede1c1f65e8110e9d28e247d8
insa,811,nfx_1W6MMYE47R46PCX40CJD0G68Z9,c2b5ae4365484469c1023676ef99ba30fbf69c80a23baf9781d1dd8883342457
insa,812,nfx_089Z42DNCVK37WXATTEMKKN4T3,da1e7451ebf6b20d5fdd25de9dc5ac9a5507e1f47537bd621569625d577678d0
insa,813,nfx_0BTM3VJ6Y88BCZAMF9EZ1C6VXY,b6c4825395ea680c642b8f6bcca55c84ab28c98307ddeb6209b04c047df39021
insa,814,nfx_2QMT396YPS157KHS4SA5SMFD6W,510339b72c58b5c08964ae6e17f477ae3b8a33e16fbe60599b9c2212bd87f4f6
insa,815,nfx_1ZJ0HJACBAWJWV97DP7CYD9EVQ,6d621b363f82576f42bb92dd5250adaf7bc0d410c46064792c1ecaf60b625478
insa,816,nfx_77CVR7JPKKNT4ABQDAMX5YZJ6V,06a88d418747d8866e1d1d333a4a078e25d7f0cf33a06aa59b1f59192d56b29e
insa,817,nfx_0NGZY8J495ZSWVNYP819BYC530,891e17b28e6624e7b170df4098eb1b9a8a038f0ef410bba3e8b503d513379d0e
insa,818,nfx_0H6V4TQHV96R92NXN04PZ5Z495,00b0646b25256f85cd84a293a83b4d1ab7c6a6952104bbadf8145a611071e66e
insa,819,nfx_77MH72FDJ2KNJ6CK2T109JZB5T,f405d260c03c8e00b1fe32e338c940b1a28583171e540c5dcb49be8f0fec810d
insa,82,nfx_2GCQTVQ3V0F283TR28V1TNRJJT,aa5e3375f30806485413ded631292781fe734ea05af74e82e3049c08d40534c1
insa,820,nfx_29J0SK3ZX256JNZZZ3WBW8ZJH3,bd285bf2a6c064ad9fb657616c34a33edbb24d2e188d3864c10f01347c629b28
insa,821,nfx_0FCR7Q8CMRNH3JG93SQBE727JD,2921e3dc4b4af3153078f498a78db41bd9c0b89fef833b201099e5dc207a8dcc
insa,822,nfx_7D7FDHMGVMJ9JMM5V194FYMG5A,616bb831fe055bde6937db1e9debdd5fb668d4aa9afa3e3a3d83ba520b390044
insa,823,nfx_0EM9CQXPA8PJG5EKSTQS3BJPTE,0856d3d96e464d52604e934ae23740013f82f30d7903dfc2dfdd8910e093eaa1
insa,824,nfx_1P5B83VVRCWXCGVE8H1JX47X79,64b26194ad2d483f8e49d1c6cc68290454b3f862a66a09a7255a910669d30e13
insa,825,nfx_646YC336W5CE3CRQZKJWDQEK8M,841156c3f883057ac55b4ec12fc3d473a5259e85a72239be56180d80e486f600
insa,826,nfx_49QZ8B8AWXMD70RTYR9KPK9QCT,92a06d3ccac82861454395f6ab2a37a0e0d284cc3962151affd6cf1e3fc43438
insa,827,nfx_2F7EDPF3X9F0RD2HWE7X7G260A,52fdb3528368e77c45466c7b7c61fbe6b86833848bda31dacd5a7e771c05ee25
insa,828,nfx_7TMNFMSYQTCCT5D65X12SEVF3G,2226acc8aaac901a867f3f648abb8ce820dbcfd0c4c1379a14a0fbaedc0409a8
insa,829,nfx_7EX43988PV7ERBQMMTBS3D2XB7,dc5a8ff0a1eeb39cae4b3e2bd4132da942231bb88181c6a62595771e88509adc
insa,83,nfx_32XY86T71HQ9JVBFJSAXFB4BGX,33a358ac101834cd0e55caeac7092b2e3ecec3eb8f8a8c88717655b1482e51fe
insa,830,nfx_2Z7M9DF2YW19J3T536HV6AJFKW,00618d9857a003f5d5262af230f20d4054ddf7e9b8aec21800da539ef752a671
insa,831,nfx_53NA65V2T35PY3YZB9AX1T28ZQ,0e1e1b686c30464b870d95a6d511b3227af4e7ec9ec9bf5a20f3f5190fb3009a
insa,832,nfx_2JSG1ZNXTC5QBF7CDYF6TVHHDA,51726074bb9fa648d82519f15d5b48c005854a382eed86176b2b3bfa47447c58
insa,833,nfx_592HPWXEPGH6430BFJP9GSX0KV,8448d42d355c4abb6d16663f0bb1b6e9ead858f7f539085a3ab5acca5f07431a
insa,834,nfx_5415GZ85KJD5KPS6GEHYW7PJPR,d518976be99b399b557346a69183f51c58fcfeb726905b74be44a4e7fe6c4d88
insa,835,nfx_7A4QPY8AWCH15T12S8JW6CT85H,411249d5e2e08bbf89ca4968c04a56a61f41c156b09d0c929609138a3adcc548
insa,836,nfx_4R70FVP17KV4HHN3K7J9R1NXAW,09b7d94b618335d3ea03011fb27b83919ff2d80b107f45444fff4a18888deed4
insa,837,nfx_77PA92GSSWV7E60VP0GTVMSR5P,728784f2c1ac018fd97bd3a54188980a83cd7b793831f707f8ff344412ba9028
insa,838,nfx_35JGT3BSXQD5BQE0FJCGBZ6N2F,42d066ea9c4b85c5a38f202bd74b3b59e66ab8fc1c18f751f732c31d26fcf7b1
insa,839,nfx_61G9FXCRT67229H8G0HDFWF5V6,fbba7cfabdc958898e227664d54aa331235d79943f02f689d38bcf9d369cb4c6
insa,84,nfx_03VVFC74TK0T5W9C6XX4X9JKWC,e73cfd1425bcbe3780d6c81926359b70b16796c17006c68b63906e3a6c8af3d6
insa,840,nfx_3KS71T933SKVB9N0Z4Q0N4SV1B,cde85bb42759aee1d8f79b04bb53198f0e90097a734e59cda457ab2a1fe7f904
insa,841,nfx_6EQPFJGS9PP3JS5FAJFACK63JW,28f5ad6fbaa5d5f4ee140c5bb278193d7c7d68a8b9e074da8b338236ccccaa36
insa,842,nfx_3909PYV3DQDWX7FYMEZARPM6KZ,9022dea896a75445e8b4e82a8261fdd93c22203957ec921882dc30c71a7a554e
insa,843,nfx_18VJSHYS0RV78ZRAQK9ADH4Q7X,9dc7f7c47d160cd2967b9b8b9ed0fb81869ab6c95f17bc2d4cd3f07e37e1743d
insa,844,nfx_2EGPXGCMX24GA4CZKD60Z7MDQ2,db8bd3a9fb00315ab184193dccae8388cc1abed6c2520f3f8c60db392bd9391a
insa,845,nfx_0Y5ABKY06DFQ7AD79D4YJ7DS29,fffda9019a18e6cacaf9cb8f51188ee75c5e007771e900a3bc9832c36041207a
insa,846,nfx_0BCBAPXNQ6MFWC4K8KVDCAXXE7,f54eaa2ee047df766166caf9337326c24b40bac67847a557705755e6318955fa
insa,847,nfx_3GPA0PSPJY3MDNJ86VJFVH419V,b3454f83e2ad9334220b26ca298d7172b8b90b46c9c2b98e8d987638371da5a7
insa,848,nfx_6GBS5ZFW89SG6RTGH2HNH30Q3C,460bb2ab67db5a870f9918c5fa8599511c2a929726d4956b28587c84ec73ceba
insa,849,nfx_12PK5JC8H3E5GXB4T13PS4H6JK,65bfde2900fe158c9539bea2a75642bb05e3be0793588e84c0aabd58e8f6d716
insa,85,nfx_0C9KJVNE0X04JRXK2D109WJ6GJ,91192e1302de5e81936df0bc08a54faa50e0ef64c92f5cd02b4e54ee840ddf58
insa,850,nfx_5AYGJ21ZY3GXN24MTP4E5AVEVT,e11fd7ebe8662e28ee3ae90c7c928f4a056a24a50d9b240c032357c91ebca8f1
insa,851,nfx_4FM2M2XTGQWC1GH3MFZAX7X2ET,aef5175dda6bd434807919bdb2b75a05e27c6cce17ee3d2ef09ead2bf09b032b
insa,852,nfx_5FPN1KCWNDS3GJDH7YWD2XGZBC,9ef6b06e9a39c7549c8d5be1c96aaca389f58c31ed847cf02f30ce1b43971c5e
insa,853,nfx_17EBD9XQKAKVHZ5EYF8QC5EAMT,8b9ea50b0a6e3826dd8b017d2a47243aab355bd891e1e9af4f5940c222d321b1
insa,854,nfx_1FTEEX0NK712NNB8YZ6D5T3KTZ,8f6cb9c9a45e70b52f4936c42711b0a97b4bcee7ee430f2a39e364b6036a3d7c
insa,855,nfx_2Y6CGVJV5A3A0EQQPKHM7K28WE,f9c7458ba0161ae7aac2ac0d8e49ea87963a6140623e60f93d61fb76ebdb566d
insa,856,nfx_7BKK7KYMNVTJK1EQWXJTMVG3Z2,542bb2b42a73cf3b5754f79ba5303810b01b95fcf15ccd3e8b8d5ef2de6cd82c
insa,857,nfx_2SBNSWKS7AJD2DGKAPTK2JQ1GS,086bd074b8e9354ca06dde51771413581002afeede37190b021582c87b34cedc
insa,858,nfx_6SAAWJZVQN210CZ2GKNRY1BZ8K,31a346752ad7ad7e52da9dde1e98b030a89ab8895fd3ff0398d8dd269767d3e4
insa,859,nfx_06X0Y6BDEF41NWXMDK566S7GHS,e5a2753c32e220b7a81779692beb8700a487c325d65b16e5c6bc068ba1a19d92
insa,86,nfx_2FHDP1KQWBY6E8M3ZEA0G6KWXD,a0b7685d2d48df2e60c8d7053247f167216068fda601a96f890953108351ecc5
insa,860,nfx_115P5CHBEKV94Z9Y5AVX0W8SJK,d3ee8529295c636507214e8de551e4a45e9f1c5145b57cf1224239df23c0d2dc
insa,861,nfx_0BBP43MEW3CC6VF2F7DFS2VD5D,07b5bfe465ba19b42b35ea525f067d955e2275d2d49ce7c3bbcc2ef05823a3b1
insa,862,nfx_5NDWG89DXVJ0RZ21FPY90ZEKXX,19eb900a76e768074c27e91442dcea8ca548ba228c145acc6f106d3fd079ee1d
insa,863,nfx_5Q71J2D3ZS7J9EPCHMM66HEGH8,0034ade716f2ab97fa65e1b729dc04ca0f44ad792d4b196273426f90464dcc6e
insa,864,nfx_63VCDA1504XW58VSX5VZG50JT4,c7e76bcce43e54aee1bacd5b1301939d4c9ada4ee24a978da5302d9895aeec37
insa,865,nfx_6MXWMVG1P702B05PM5D46SM7SR,c12f9d931b5232b49fbaf2254125386ac65c69f75f74aea122f886d05c76ef23
insa,866,nfx_7YNQK8F66Y85ZKEQNBS5AV64Z0,b877164b9ac0cba886552b994895b3bdbadd2a61d93c78c7f4d47e443c4aafd6
insa,867,nfx_3TKPPTCXR01ZD8CFQDM46CSQ83,468c2e97beeff6ba682eb1c9c691dacd4ee128f6f39a0092c722a756cd5e9e28
insa,868,nfx_7XXXBN5508SRPSDZD2FP8XS153,e64834fe25cfdea5de27335a330563d5a5a863dbfb298f88d4e3a2a12b432e6e
insa,869,nfx_3SF88M0D8Z64CM7RY3W7KE4NBV,9a55610719542e0305b81d7be3208badcd83d4ea55c1fb840c35e3bd0bbd26f2
insa,87,nfx_66ERFG7H4CFJDBKDAPAQ9B98JW,dfc58a4d64ccfcabe610ead36193687c3b647ca89c78a2e905162ec9d5dd6c8d
insa,870,nfx_2EYAQYGY0WRCYAMRJXK7CVSCBT,d32fb87a62d6bcd014435f20a0ace8490e1131cc2647bf99aee1ea36c11ad36f
insa,871,nfx_3NHGQHPP1QDXMV1SNCNJZJDWZ3,1d70870431efbadfbedbe304f0679a66fdb0502a84c1a28121cbe9520736b327
insa,872,nfx_08GM00V2CSSKV2NVB0ZM739GBG,5aa7daff7a74dec3cc5434a18509382712df710f2ee2ec9039ced3418fd4fbff
insa,873,nfx_378FQ9HE8YNBR7J2ME7B7H21YH,035865908c4e5b07a97f2034576e04d52ae88bc7f249d0d6594f62b740e470ce
insa,874,nfx_4AJ0SW928AG25NVVTA9KTVWB7F,1ecee66b06d55cf2e55197cb01ab4ff6ed0c75987d3f1ede7358d43690a33106
insa,875,nfx_2JP6FCHHGTZF1XX1ZVR56T7W2F,abd37e81f442695e9ff9fe34c3b243a13f7d0d594a91a369d6b094fdf4e150d2
insa,876,nfx_7DH35087Q8G0BBPHPBC3XS7MHF,d87c1b41ef32b63a98dfbb6820e7a47ca7edc811ae3f616a582af85be8756ae8
insa,877,nfx_4RFY0726185MEPF3APMYF2NHND,c959a430efe8b8665a1331e3dfad47531db9591d022a1a54eebdd7d0f8b6a0f3
insa,878,nfx_1F1Z8KG8RPVNJNE429HMAPYG08,79ba703af9c1035c4698d6a98d66243fce1bce149a9834a3cf28d88fa6d8c96a
insa,879,nfx_00DRCHZAWKQPCTD4GYEG5ZE7B1,69222b6edbc40cf4827c577bb288b279f5702071fdb92215f1f6845bfa02b6dd
insa,88,nfx_5JWKQTEF7JEEMC8PDB6N3H2W07,18c9393391bbac3d246f18eb0535eb192677ead5635802408b86c6c6b4f0c01e
insa,880,nfx_62QW60Y87DHSG7X8THM9ZC4HKR,ad0ec22e175a27c24a39c45e75e10911819a90e05a0549be55b345dc142a9121
insa,881,nfx_4KAZ5S1NJ66MFM1Q1JWMKKEBKW,3202241403a1da7bbd67555272021e03c98fa096973794b70355e1a7d41cbd0a
insa,882,nfx_5R7YQ04J87XQ89ZWDZMDJC7VY4,8228c663d7d98b802bbb1dcb9cdd3a5893b419462b2d37087a56685e140ef88d
insa,883,nfx_7SXN6SC13Y9G0F8DVJKE20Z0VE,e0a51cf93a5625750cb5a4a10419420343239ae9bc775a5b3ce0df2dfff45457
insa,884,nfx_1JYX8H6WB6HWXSPSFQCXB27XPW,f396e890d5a5def0bf168f66768f4f63b2dc72e97082ada073fc320cfd509eba
insa,885,nfx_6JES140YN7SQH0CX9HFBAVT5Z2,576f4f93b022ff030a6d26a62f00f56730b3f0b5a56ceee77072becf0ff5b76c
insa,886,nfx_6644VD4337CSAR0G6GFAQ46QWG,4853f962125b00b7186687c87fc36f58d7a029b64e0540060a0c10211f030de4
insa,887,nfx_03FATRJ5JX6P9YKBT7Z8M45447,bbf265264409169940ed8a0b4195b10961757a471994f522d9817077bf727c7b
insa,888,nfx_583Z45MK1EXBVGW9HN21MK32QM,1802b48500c57391f8fc95759abb743d131beb01eb113a119f99a2d5a5e8b19c
insa,889,nfx_71YJ48VN2BMBYF6MZB4WMD0JFM,76ee9f02f4cfe4f43c52be230bded37f4a01e0da9895257c10dd119c4f642210
insa,89,nfx_6X61M4W83GR08VD7J69DX2GQAS,6894341ec9e950084845f568a1427f0410af2cc9cffbd16eadd1098cb834ec48
insa,890,nfx_0PJT8HNBTS2QES6K5XRK25Z0B2,b977972203c8b219339ecb4b70755b4e4738d5291e4fa558676f28de4b47cbd9
insa,891,nfx_2G4JNY6KM124DXMWWSBPXZQBWY,9af3a8330b90c28b62c92c26eff0c2f53e263d1bdb4ccde77365e8e5b42454fe
insa,892,nfx_5YGMGD8HFR2YNB8KPFZXY54JCZ,0b0de311341e0fdf780eb4d31a2dcb036265af63a4ab74b4818d61b4c7ccd913
insa,893,nfx_18JW077QCXPSNW6EPC78JMHTEB,0abbcb23c6244ba9de46a3f2535ddce75a349347f23c93a9d83d7c2919f3c549
insa,894,nfx_6X0TMCDRG6J23BSDRR21P29WXT,3e2f87ea6619897325c970721c67fdd89944c8c04fc616ee2f58bb2c48babc11
insa,895,nfx_07QGMWBV0WTKN3T366HJ5SCKYD,19743c2e2fc1f37270062334cf859b62fba654207c38d625ac9bb5e9348ef4b3
insa,896,nfx_6S88P605EFQBYPVBGQA2AYG8DZ,cbecaaba2c77d3d0b90b17b04eb17b10b9b7e096e162504957c0f8bbe5273ff8
insa,897,nfx_4A5K8A11ZJ2XVB3X3EQKB61VMD,cb379800e6c8e87238bc1a87c257bd29570b92e8f2a27f8761558940b27e7ec6
insa,898,nfx_5Z8CAW2WKWNCQM3W2RJFERERYR,24411b93a37035e9ba53907b303022dff0b959746cb1026880c71d5eb7de3f29
insa,899,nfx_2QTQXMFPP39MRYA6G1EESEX8SM,279d66d6877d194ab38e6781ab045533078a421a28c74b74ba4b86fed6f8064f
insa,9,nfx_1CD9NQYTVVTDPJ9F16BHQ9D1WH,49caa7031bd51d7816c589a954e9c52c0f922d6cacb17b87956f720b2b047ff7
insa,90,nfx_189F4NCGF2DTQK7SHVZCH7BAAF,b94dc47a9c2d36e853801f56a85e5abba4adf709f03b65c6b13e9755b0c84568
insa,900,nfx_69FGZ7F9B7Y2WW9CPBT7CMC12Z,567a14f72ec3c799808f4ffbdf30508afbd8aca825745e6586d496dc6c37bc03
insa,90000015,nfx_6EQTD72AAX0JEWAR12E6Z6X73G,7ab35aacf5fba045ce98aa937b388c276e7e273031211f1a6f92b4ff851e25e9
insa,901,nfx_3XYENASAVJYMCJJ8XBVCKC18Z2,d9e27ab621b54a428e6c18cf3a4e05a3e08ea01cc590458489660df478f3ba5a
insa,902,nfx_4BJ6BDZ3XEWYVYWNMDQ6GKFW02,22c7571835f74d4028da68f0d46cea44e3e3771570f525ef79e23ca6d61cda77
insa,903,nfx_7XQEJ099MW39W86NDF31W1G88J,7548effd95e2e12a663c5d65b4fe630366ff3db6f3e1322c192623917c19c92a
insa,904,nfx_3FJAYDD2QM9DPWH1HCX60RRY10,08e27ce10dc0bced85c5c041c058619e903b8ad459ebcb7276b7b9c7fbd47f54
insa,905,nfx_3SFFPQN3XZTVAE32BT327THN9W,70e9419a7eeaced5b3121f4021b128ebe8483c7ce4de13fc41b14facc0276369
insa,906,nfx_2EFY9SHHV7TKA2FW9A5WSTP0H6,b81da3a1aaa7baf730dd4018d5be2aa6dcdabfc45b78160fc18f806b8ae48917
insa,907,nfx_5GZAMWMHRSG59P9XNTBWTMGTB9,9e3a3ebfda1cfe6783eb0bbe6decd9c7478f815aed9d1b9b5998794e0cb921e1
insa,908,nfx_6HZWE89T9DWJWDHVXCZJRR0S08,1d0262a5b76c6013461d1af2b64853e393fd1abdc3164949434fd720b831091b
insa,909,nfx_70HM3N9N4J0P7F2WEWEP45EA7F,9748fedebfd68247bc3b5aa010b951eb61e0259d79fdb75373bf66a714ebdc1c
insa,91,nfx_0EF71KR5N0V9H6YYTK5190173R,f2c1b1102ac6bfc434cecdbab6aaad65a70848c3d588533f679758e44eb6a35c
insa,910,nfx_79SWQ6PW1Y5XXE6FARA0WZ40CE,180cee9765c12fb735c812e02ffeebfc92228f06b6603a94e231ccd6d27fe816
insa,911,nfx_0TYEQW1HNFX2Q8E2B00DWTGDQR,9f33680d2c98268a21744f09ff75dfd69cdf3b4cd3f6f69fb77db6819026944c
insa,912,nfx_6A4730AVE5D4RAT2HH82ZCH1N4,1fcdd63cf257025f122e2fbf689c250f11fe6f2277fd29b0e0fb7f13ee61a3ed
insa,913,nfx_720G0SYH9WJ92H6ZJKCZK5WDY8,5646c8808dcb7325931a9e153d46cb9672c193750abab8d44915095f7d7a40a9
insa,914,nfx_5YC3TZ9M2WQ7CV85ZJSE4XTV3M,9dc25d7333239c15b814f5815f6886ac561754108eba75d1a81761a4c5912264
insa,915,nfx_1DHQ9FHY97VANG2HNYPRGMX87B,250b14d8153688edd89f4bf0acf6f66cea790fb3e046ab9131578b2638c7ed03
insa,916,nfx_2PWHVZR2PYYSR4B1RZZXCXAAZ0,bd6b4b3b7329936fae1fa0bc3c478a6e4e7f7a1cf241c5aa691fd5db2dae0e40
insa,917,nfx_4A0CZD96Q8J81WARDGP0F946CC,0c57af29de8dbf2ae80b153f971de301aaf078857dc8f3be93a62ab63534f84a
insa,918,nfx_6T7DTXSHKEJWMB57SXMCF0H4AW,7ffe00590b500acac138624f5bf449ae5317f5f0006abbc336bf6a2bbe9a996d
insa,919,nfx_7QQ5B1Q36QAPYC0KFYKTP5D7QX,c2e66b6a05a27e15576e2e4b7b4dd7af97999b6d12c6a1688641a0366c1f8e5e
insa,92,nfx_31EC3G3CEAGRBD3WHXZYB7JSKK,cef3e772173d54eed0e292fd3213ba4480b0148d9f2c1388ef1510aabc1e65ef
insa,920,nfx_04H2WP8XG0VYRFEAE61CXYXFCJ,8705196910a8d8adb3c14c08df405d78b220065ba4a90c20ccc1f1d0a8ae9a25
insa,921,nfx_3YVW47PQRD5TJ2X2EF19CZ4ZG5,43106086d7edea010e772aa9f60c2e6e0ffe8c10780d46e4caa0e4642776b89e
insa,922,nfx_1BK2Q2H3F00CE2575ZZ8FEB77J,2ea922a88f944595241ba6903b7c72f16052173bc0823acea1fd18ce90a0cc19
insa,923,nfx_16SV866BYW08W65PC7WAKBETK2,96249569e2cca6efa84183d6db0c20fd437a4b91c2255d7472b8934254582d7e
insa,924,nfx_30JN9X4H6SMDHQGJNVT3B8GC0C,11fac65c666d52664e2e53331a9277c605ddbcb17206548e671becaeeceb0816
insa,926,nfx_5KPPSX4BZBXTJCW683V4HTNY6P,c10225f6a6a63caaa61125d8de9c889830f835f073d9b0079003c4aac57de273
insa,927,nfx_23VC0J7FQVXVT4N3Y2X8RVE4JW,e2b2e5443174cf411e1983dde6bfffaffa84bbd258e0be4af4ff300fc3641fdc
insa,928,nfx_2JRZRW5T68BGY7BXK0E819AZF4,d33ff3e8d11464da0a96ccb7d0fdc1a9a1ce93846216ecbb7de5324c422ff728
insa,929,nfx_1VWVY2KHCZXCPG4NGR515V3C1Y,9be536d6bc8dd001837f0ae3d48b9b8a179e1f97561804e68f6e5935c42dccb3
insa,93,nfx_65XYV3S8TC0SRND8VTTZS1Z7ZX,ee0b64e0d4333b7dda1d7695924fc5d4e4be8c27d4f58327c2bc40aedd57aef0
insa,930,nfx_5QFPAN62DVDZZ3R3VMM52E5FEK,3f9fc78637fce2a09111f6f1f4ad5ce6589f531de41d097f164283f2c3d2b246
insa,931,nfx_60VPZNDC9V00KHHHV71M2W87J3,f5f160df9125d9e21926ca14615cb193b8e48433a2c67e7993322fb12c2a3494
insa,932,nfx_1AAV2CZ74JAQ47HPZGJNARAX2C,97e96d6d0080a777443199fabff47c1e4a4f7cbec9a8642f590c4861a7a1f34b
insa,933,nfx_6EBD6WD7HMP7W0VD9K0V83D4T6,23762b8c851a5c00425afaa7bfb0a0bd99b5a8744adb8478b9998a10db8be19f
insa,934,nfx_0F7JBMJXYXZP91BE9CMGX0DNFQ,dfb49d216a50b559924b6dcc7eec35a52619da96b86c02d836f5505e75d2b909
insa,935,nfx_4KK31A1W6K3W5086JTNXPJX77E,94f1215b595354cfe99e174db4501b24d371133b020d12ec53667189fd980a92
insa,936,nfx_4RK1KZHDPANGWDN45DZ45GASRR,5c1f04c88458d09fb9415479a59f98b15e923135aade0daad4563abe26e8ade2
insa,937,nfx_72ACXWY858TN4V38K3JHS3G1QN,2393cc32952c29ea7ee7f2c1480d1ef3128ca0910dd6006ab4e0c4ec52b039f9
insa,938,nfx_2VFYSFF9CTQH7BZ5X8NJBKY60H,9ae0cbfa8ce1826fb582904b55f2bd2b6d61782b61b828d659743dff60b63a8e
insa,939,nfx_3J74ATKEEK6H84FQXWKF4XG734,88994efaed63171f40289569ec79b60cfe60e78553cd2af0101a56dbf6376861
insa,94,nfx_1W9VXJ2CWWAHHFEJNNG6SYHS0P,d1d69228d5fb7505337807586b605900119591a34eca7ac9f3a527f5a482cef9
insa,940,nfx_1E5B1NNTWE115A6RVF8HF1S38M,ada76c1a6a01959d0bd046c6a7931dd9ccec30171d8dbe62422f1298d13414d6
insa,941,nfx_3G1SYYSCJ8MC7AADTC8SV45C8F,f192a168d8dc3892262d16a21268ed35378cb649c284204214a9aa7b960b6c88
insa,942,nfx_3S63BTTTNCW71VXBZ2DDQKN2MV,ad3a43e263fd4c4ec25b468c93dfa8c7292c0f279d47f276eaaca7659ee693e8
insa,943,nfx_3NEQXJDSZHB5MW0MGRBMNB42H4,25438f7379079fd6b3b1301b074dd909d8f571edf9cef07e8bc89963109d025e
insa,944,nfx_0YMB868Y2ZE17TXXHKBD3BEXFC,c93286c0eb80bfa0c30e1283f623ea98365c7d56f307332f077e25de75af973e
insa,945,nfx_7DFNJV7RQ0M1T23TG9PC29YVBR,0beb49976fe2a19927f0b48827ef51555440f12060e3bc9a855f4e4e27dc3e73
insa,946,nfx_4NM2TVN5D3TCTZ6C1DDKZFW4V0,bd95d8d64dc8f999ce3629cbe0c451ecf99e8dcdb528e40f8eb7736428bb4d34
insa,947,nfx_36VPFZ1W3Q3JYM9V0DR28CK4VR,4869be5a3e8e05643d65eb60b2790f8f57f7a6804931039136301c94df7bb72f
insa,948,nfx_6SYXEJKRQFA49DV2NJGMX9NB53,fccfc05e48fe721af86e80ee177d92ccac802b401ef4d32c5245e9fc145bfb7e
insa,949,nfx_22JMRS865AR4928QMKQRK976QH,f7a56c1d8325c8bae7b8f9a31c8eca59fc11ff38309283f1279a3246573642c0
insa,95,nfx_3FBFWPQ6Q0Y8CQD288A49DH9EC,18f493a1c57ce666a8b52c9af198f825418262cd0de8b093c652dd38a41a5ec6
insa,950,nfx_0D2ZFVRDK13CCM53QWF27YGMAX,b3e6dcf2efa8853464f93db2e4ca7ad1e502af51a40d79afa92b65d81be388d9
insa,951,nfx_2G3CMARYM0SZ0AV7Y4SDP3MRJ4,9851efb0a35a02e2e6aac6fa8cb7480cb0cff0999a3c00fc47a527258a492152
insa,952,nfx_060XD7XRJ473TNJ83K268DNYD2,0a6e2c57c19fbd7209dd60b4b66172ee754a8e9fb46f7f78a719358fc9f3e9cc
insa,953,nfx_2K0W4JBWXEJT3ATPHVARN5AQ1W,ab0164633f9fbc4c639446412d46e279ad449ed089a668ef92ab61f5a38327a8
insa,954,nfx_6X5FHS4RR5Z10ACJXCSZBAW7V2,29842be3b122f02f8c536a3188b7aefd0024ccbe1e2886e82e7448333607a3d0
insa,955,nfx_5Y5JH3VHNGTE18YQ1FSQZ8S8F2,3b9858c036c716e37dd201888bdb74f75fd52957a24b5e8f0b9a26e94e8a5f5e
insa,956,nfx_35VP6DS1K8QND5PJ03W2RFWSVN,b9844e0feef7d283f516e292940e0275dff5b5feb4772f00c19a587c9117a3e3
insa,957,nfx_6TF709GBZP1604QGQHWXZG0H90,4332b6988f0e6f1f532553a106ef2de341367a1c761aacd9c7c594e29f45254e
insa,958,nfx_751MAVWES38BG0FJFV6PGMN7B6,97545840f23f73ae4c080c4abb896ef080a85046761e33a950ad04026550e28b
insa,959,nfx_4MPRKJ08C6PA6Y2FGRRG90YB6N,210be6daefb10dc358532d608553af1ce61e5894618f388aae14251ae003b155
insa,96,nfx_6YCZGDAWD028MF26AD6VTQBX4W,3ae0bff3cfac7802d41b500765b0e615c76e0ad062a063946c84040376d3d8ff
insa,960,nfx_7BP645ZBZ19NRWEWWBC7Y62MAX,e27c225f477f85a4487f81452a0b33d332fa2959e0460e854bd01bb06887f0f1
insa,961,nfx_455J0B3VC0N2Z0AS2ATNVTE3NB,27409c78e338e790c01352b7e94f1121d1794f5509744efb6b590188e5a6cbb8
insa,962,nfx_5N2VV41DM3YWF7HSFJNCBM3RV6,869ed3308796f433666aa244cf2d3e2ec04fbc0134e9e18666ff8ac5c585c7a9
insa,963,nfx_23SQSMEBYR8GY4GV2KNTB48VC4,1677633f254b1023ec6478ee7424a9ae4296fb19fbd0f43579589664b202050e
insa,964,nfx_1R7C23BCYTT2NGWK53AW7KF0CN,58186a7a9caf8470ccd1f91436c233d73e2907e04f2e56a994d4b91f2271be82
insa,965,nfx_2YPRK6NBE7XWD4K48YK5YJT3W5,4043f7e502ecbffd054cbf68a364e82cef4bd44963d20859539b5f4a0dd18b34
insa,966,nfx_3MW7NRKDR4D5KT96AK5AGTBQTR,ce4c1be6c593a55c3703f96944b67b7eda2657a7bb0cbe974f7b885fe6595e24
insa,967,nfx_4W7BDGDS6YXQGQJQAD8MZ2BTYS,d2925f079113db530ef459cb78359e2de0e287b966ebe945d5aae2c14ba074c4
insa,968,nfx_37F20GFX28ASC7Q77R78SRVJAC,c43246dca127f1f0bf25e862536782a59f28602063b93c3863f797f7baf6fd5e
insa,969,nfx_0QC2WTAP7H5XS1Q4TJ453KQPQQ,95f43f50a9d94f8accb2710f071754383bd9c50d6ca85291cef88ba812c45a87
insa,97,nfx_1FTJF57J34B2D5JH8HX6GZKASS,8cd6354aa3e1eda1732339e8208823fae4dde4ea00b7408cdafb31630b21b66d
insa,970,nfx_5B15DSKXJC28FRMHZ88QC66HTH,8528d9ece40c2d0dd18e09d83333b4f58d52fe6dbeb9bbeb0466fe467af4085e
insa,971,nfx_050Z6MKRHXP54X0GEGZDK0PRSC,fda4421bfe4c53ca138bd2a5b1d3d71aa6c8aec74f2d7f12dac3c6f3a178dbba
insa,972,nfx_42FH1RQNHQK0YSZ1CRWBG8MDSZ,230d9d39cb370d074167a81d8bd2b9836fbb36f9ea9b8e33171fdd2ad1a797fd
insa,98,nfx_5F64NMC68A9QH2QH6D92B2JYYS,ae53fa208f09f69376ab79b54b5e6ebd59eb2a9bf1be71da035bec27cef7dd07
insa,99,nfx_18RV452YWHWARGHAWHYMKKPD3G,9f742dbabbd005c9d9fce76f8e0da80027be52aeb7284550b9db29c65daf0003
