concept_id,source,source_code,status
nfx_0004V81X5V2DGXWRDDRCF70JXP,ciqual,31000,review
nfx_0004V81X5V2DGXWRDDRCF70JXP,ciqual,31001,review
nfx_0004V81X5V2DGXWRDDRCF70JXP,ciqual,31004,automatic
nfx_0004V81X5V2DGXWRDDRCF70JXP,ciqual,31009,review
nfx_0004V81X5V2DGXWRDDRCF70JXP,ciqual,31010,review
nfx_0004V81X5V2DGXWRDDRCF70JXP,ciqual,31018,review
nfx_0004V81X5V2DGXWRDDRCF70JXP,ciqual,31020,review
nfx_0004V81X5V2DGXWRDDRCF70JXP,ciqual,31040,review
nfx_0004V81X5V2DGXWRDDRCF70JXP,ciqual,31041,review
nfx_0004V81X5V2DGXWRDDRCF70JXP,ciqual,31042,review
nfx_0004V81X5V2DGXWRDDRCF70JXP,ciqual,31066,review
nfx_0004V81X5V2DGXWRDDRCF70JXP,ciqual,31073,review
nfx_0004V81X5V2DGXWRDDRCF70JXP,ciqual,31080,review
nfx_0004V81X5V2DGXWRDDRCF70JXP,ciqual,31084,review
nfx_0004V81X5V2DGXWRDDRCF70JXP,ciqual,31093,review
nfx_0004V81X5V2DGXWRDDRCF70JXP,ciqual,31120,review
nfx_0004V81X5V2DGXWRDDRCF70JXP,insa,508,automatic
nfx_0004V81X5V2DGXWRDDRCF70JXP,insa,508,review
nfx_0004V81X5V2DGXWRDDRCF70JXP,insa,508,review
nfx_0004V81X5V2DGXWRDDRCF70JXP,insa,508,review
nfx_0004V81X5V2DGXWRDDRCF70JXP,insa,508,review
nfx_0004V81X5V2DGXWRDDRCF70JXP,insa,508,review
nfx_0004V81X5V2DGXWRDDRCF70JXP,insa,508,review
nfx_0004V81X5V2DGXWRDDRCF70JXP,insa,508,review
nfx_0004V81X5V2DGXWRDDRCF70JXP,insa,508,review
nfx_0004V81X5V2DGXWRDDRCF70JXP,insa,508,review
nfx_0004V81X5V2DGXWRDDRCF70JXP,insa,508,review
nfx_0004V81X5V2DGXWRDDRCF70JXP,insa,508,review
nfx_0004V81X5V2DGXWRDDRCF70JXP,insa,508,review
nfx_0004V81X5V2DGXWRDDRCF70JXP,insa,508,review
nfx_0004V81X5V2DGXWRDDRCF70JXP,insa,508,review
nfx_0004V81X5V2DGXWRDDRCF70JXP,insa,508,review
nfx_009D9XRAPBBFHXB9AB78EGYRT0,ciqual,6103,review
nfx_009D9XRAPBBFHXB9AB78EGYRT0,ciqual,6103,review
nfx_009D9XRAPBBFHXB9AB78EGYRT0,ciqual,6103,review
nfx_009D9XRAPBBFHXB9AB78EGYRT0,ciqual,6103,review
nfx_009D9XRAPBBFHXB9AB78EGYRT0,ciqual,6103,review
nfx_009D9XRAPBBFHXB9AB78EGYRT0,ciqual,6103,review
nfx_009D9XRAPBBFHXB9AB78EGYRT0,ciqual,6103,review
nfx_009D9XRAPBBFHXB9AB78EGYRT0,ciqual,6103,review
nfx_009D9XRAPBBFHXB9AB78EGYRT0,ciqual,6103,review
nfx_009D9XRAPBBFHXB9AB78EGYRT0,ciqual,6103,review
nfx_009D9XRAPBBFHXB9AB78EGYRT0,ciqual,6103,review
nfx_009D9XRAPBBFHXB9AB78EGYRT0,ciqual,6103,review
nfx_009D9XRAPBBFHXB9AB78EGYRT0,ciqual,6103,review
nfx_009D9XRAPBBFHXB9AB78EGYRT0,ciqual,6103,review
nfx_009D9XRAPBBFHXB9AB78EGYRT0,insa,141,review
nfx_009D9XRAPBBFHXB9AB78EGYRT0,insa,195,review
nfx_009D9XRAPBBFHXB9AB78EGYRT0,insa,196,review
nfx_009D9XRAPBBFHXB9AB78EGYRT0,insa,197,review
nfx_009D9XRAPBBFHXB9AB78EGYRT0,insa,198,review
nfx_009D9XRAPBBFHXB9AB78EGYRT0,insa,2120000002,review
nfx_009D9XRAPBBFHXB9AB78EGYRT0,insa,2120000003,review
nfx_009D9XRAPBBFHXB9AB78EGYRT0,insa,2120000005,review
nfx_009D9XRAPBBFHXB9AB78EGYRT0,insa,217,review
nfx_009D9XRAPBBFHXB9AB78EGYRT0,insa,293,review
nfx_009D9XRAPBBFHXB9AB78EGYRT0,insa,317,review
nfx_009D9XRAPBBFHXB9AB78EGYRT0,insa,324,review
nfx_009D9XRAPBBFHXB9AB78EGYRT0,insa,330,review
nfx_009D9XRAPBBFHXB9AB78EGYRT0,insa,336,review
nfx_00DRCHZAWKQPCTD4GYEG5ZE7B1,ciqual,26051,automatic
nfx_00DRCHZAWKQPCTD4GYEG5ZE7B1,ciqual,26087,review
nfx_00DRCHZAWKQPCTD4GYEG5ZE7B1,ciqual,26102,review
nfx_00DRCHZAWKQPCTD4GYEG5ZE7B1,ciqual,26186,review
nfx_00DRCHZAWKQPCTD4GYEG5ZE7B1,ciqual,8083,review
nfx_00DRCHZAWKQPCTD4GYEG5ZE7B1,insa,879,automatic
nfx_00DRCHZAWKQPCTD4GYEG5ZE7B1,insa,879,review
nfx_00DRCHZAWKQPCTD4GYEG5ZE7B1,insa,879,review
nfx_00DRCHZAWKQPCTD4GYEG5ZE7B1,insa,879,review
nfx_00DRCHZAWKQPCTD4GYEG5ZE7B1,insa,879,review
nfx_00HYEF0QB6HQP3Q0FM3CVA30G1,ciqual,20009,automatic
nfx_00HYEF0QB6HQP3Q0FM3CVA30G1,insa,600,automatic
nfx_00XTYFZ3TQGW338P2NP3BVACS4,ciqual,32040,review
nfx_00XTYFZ3TQGW338P2NP3BVACS4,insa,431,review
nfx_012PM1QASXWN31G6G9C4633VV4,ciqual,11207,review
nfx_012PM1QASXWN31G6G9C4633VV4,ciqual,11207,review
nfx_012PM1QASXWN31G6G9C4633VV4,insa,932,review
nfx_012PM1QASXWN31G6G9C4633VV4,insa,960,review
nfx_012VPJBN0KTQ4WYKQXP7727RST,ciqual,19575,review
nfx_012VPJBN0KTQ4WYKQXP7727RST,ciqual,19575,review
nfx_012VPJBN0KTQ4WYKQXP7727RST,ciqual,19575,review
nfx_012VPJBN0KTQ4WYKQXP7727RST,ciqual,19575,review
nfx_012VPJBN0KTQ4WYKQXP7727RST,ciqual,19575,review
nfx_012VPJBN0KTQ4WYKQXP7727RST,ciqual,19575,review
nfx_012VPJBN0KTQ4WYKQXP7727RST,ciqual,19575,review
nfx_012VPJBN0KTQ4WYKQXP7727RST,insa,1900000102,review
nfx_012VPJBN0KTQ4WYKQXP7727RST,insa,1920000003,review
nfx_012VPJBN0KTQ4WYKQXP7727RST,insa,1920000007,review
nfx_012VPJBN0KTQ4WYKQXP7727RST,insa,73,review
nfx_012VPJBN0KTQ4WYKQXP7727RST,insa,77,review
nfx_012VPJBN0KTQ4WYKQXP7727RST,insa,78,review
nfx_012VPJBN0KTQ4WYKQXP7727RST,insa,82,review
nfx_014451MXM7WERYY5PQ3X13FBDQ,ciqual,15001,review
nfx_014451MXM7WERYY5PQ3X13FBDQ,ciqual,15053,review
nfx_014451MXM7WERYY5PQ3X13FBDQ,insa,700,review
nfx_014451MXM7WERYY5PQ3X13FBDQ,insa,700,review
nfx_018257PRTN53TWX4BJGSB4HDRY,ciqual,10011,automatic
nfx_018257PRTN53TWX4BJGSB4HDRY,insa,911,automatic
nfx_01AGGSZ9WAAM3DK81S3J081VK1,ciqual,2076,automatic
nfx_01AGGSZ9WAAM3DK81S3J081VK1,ciqual,2076,review
nfx_01AGGSZ9WAAM3DK81S3J081VK1,ciqual,2076,review
nfx_01AGGSZ9WAAM3DK81S3J081VK1,ciqual,2076,review
nfx_01AGGSZ9WAAM3DK81S3J081VK1,ciqual,2076,review
nfx_01AGGSZ9WAAM3DK81S3J081VK1,ciqual,2076,review
nfx_01AGGSZ9WAAM3DK81S3J081VK1,ciqual,2076,review
nfx_01AGGSZ9WAAM3DK81S3J081VK1,ciqual,2076,review
nfx_01AGGSZ9WAAM3DK81S3J081VK1,insa,748,review
nfx_01AGGSZ9WAAM3DK81S3J081VK1,insa,749,review
nfx_01AGGSZ9WAAM3DK81S3J081VK1,insa,750,review
nfx_01AGGSZ9WAAM3DK81S3J081VK1,insa,751,automatic
nfx_01AGGSZ9WAAM3DK81S3J081VK1,insa,752,review
nfx_01AGGSZ9WAAM3DK81S3J081VK1,insa,753,review
nfx_01AGGSZ9WAAM3DK81S3J081VK1,insa,754,review
nfx_01AGGSZ9WAAM3DK81S3J081VK1,insa,757,review
nfx_01JJR055NZGFQCACXES60QRNWW,ciqual,24631,review
nfx_01JJR055NZGFQCACXES60QRNWW,insa,475,review
nfx_01K26NP8X1GT4RP8Y6HKH697FY,ciqual,76039,review
nfx_01K26NP8X1GT4RP8Y6HKH697FY,ciqual,76039,review
nfx_01K26NP8X1GT4RP8Y6HKH697FY,ciqual,76039,review
nfx_01K26NP8X1GT4RP8Y6HKH697FY,ciqual,76039,review
nfx_01K26NP8X1GT4RP8Y6HKH697FY,insa,2,review
nfx_01K26NP8X1GT4RP8Y6HKH697FY,insa,3,review
nfx_01K26NP8X1GT4RP8Y6HKH697FY,insa,4,review
nfx_01K26NP8X1GT4RP8Y6HKH697FY,insa,5,review
nfx_01RXP2KXXZPCSX476E4YQMVXWT,ciqual,7351,review
nfx_01RXP2KXXZPCSX476E4YQMVXWT,ciqual,9410,review
nfx_01RXP2KXXZPCSX476E4YQMVXWT,ciqual,9415,review
nfx_01RXP2KXXZPCSX476E4YQMVXWT,ciqual,9435,review
nfx_01RXP2KXXZPCSX476E4YQMVXWT,ciqual,9436,review
nfx_01RXP2KXXZPCSX476E4YQMVXWT,ciqual,9437,automatic
nfx_01RXP2KXXZPCSX476E4YQMVXWT,ciqual,9440,review
nfx_01RXP2KXXZPCSX476E4YQMVXWT,ciqual,9445,review
nfx_01RXP2KXXZPCSX476E4YQMVXWT,ciqual,9540,review
nfx_01RXP2KXXZPCSX476E4YQMVXWT,insa,230002,automatic
nfx_01RXP2KXXZPCSX476E4YQMVXWT,insa,230002,review
nfx_01RXP2KXXZPCSX476E4YQMVXWT,insa,230002,review
nfx_01RXP2KXXZPCSX476E4YQMVXWT,insa,230002,review
nfx_01RXP2KXXZPCSX476E4YQMVXWT,insa,230002,review
nfx_01RXP2KXXZPCSX476E4YQMVXWT,insa,230002,review
nfx_01RXP2KXXZPCSX476E4YQMVXWT,insa,230002,review
nfx_01RXP2KXXZPCSX476E4YQMVXWT,insa,230002,review
nfx_01RXP2KXXZPCSX476E4YQMVXWT,insa,230002,review
nfx_01Y21N7ETB33YDA85KSMF0KCNQ,ciqual,20518,automatic
nfx_01Y21N7ETB33YDA85KSMF0KCNQ,insa,527,automatic
nfx_01Z60KQQ2DC6PTW9NDWSF071ME,ciqual,20304,review
nfx_01Z60KQQ2DC6PTW9NDWSF071ME,insa,550,review
nfx_025KKBYMXP4B8CAVN2F04R7G1E,ciqual,39209,review
nfx_025KKBYMXP4B8CAVN2F04R7G1E,ciqual,39209,review
nfx_025KKBYMXP4B8CAVN2F04R7G1E,ciqual,39209,review
nfx_025KKBYMXP4B8CAVN2F04R7G1E,ciqual,39209,review
nfx_025KKBYMXP4B8CAVN2F04R7G1E,insa,62,review
nfx_025KKBYMXP4B8CAVN2F04R7G1E,insa,63,review
nfx_025KKBYMXP4B8CAVN2F04R7G1E,insa,65,review
nfx_025KKBYMXP4B8CAVN2F04R7G1E,insa,66,review
nfx_02ARRP968YZK7Y0XN603T9HH2P,ciqual,13160,review
nfx_02ARRP968YZK7Y0XN603T9HH2P,ciqual,19013,review
nfx_02ARRP968YZK7Y0XN603T9HH2P,insa,250001,review
nfx_02ARRP968YZK7Y0XN603T9HH2P,insa,250001,review
nfx_02C5NCSD7XJH7Q0PG8ZPTYBSJK,ciqual,11033,review
nfx_02C5NCSD7XJH7Q0PG8ZPTYBSJK,insa,1900000030,review
nfx_02QA9ARRPD8VEMCQ4YARZDP98D,ciqual,4048,automatic
nfx_02QA9ARRPD8VEMCQ4YARZDP98D,insa,586,automatic
nfx_02R7A48PGM2EREACS869YEXG46,ciqual,9555,review
nfx_02R7A48PGM2EREACS869YEXG46,ciqual,9555,review
nfx_02R7A48PGM2EREACS869YEXG46,ciqual,9555,review
nfx_02R7A48PGM2EREACS869YEXG46,ciqual,9555,review
nfx_02R7A48PGM2EREACS869YEXG46,ciqual,9555,review
nfx_02R7A48PGM2EREACS869YEXG46,ciqual,9555,review
nfx_02R7A48PGM2EREACS869YEXG46,ciqual,9555,review
nfx_02R7A48PGM2EREACS869YEXG46,ciqual,9555,review
nfx_02R7A48PGM2EREACS869YEXG46,ciqual,9555,review
nfx_02R7A48PGM2EREACS869YEXG46,ciqual,9555,review
nfx_02R7A48PGM2EREACS869YEXG46,insa,1900000070,review
nfx_02R7A48PGM2EREACS869YEXG46,insa,1900000071,review
nfx_02R7A48PGM2EREACS869YEXG46,insa,1900000077,review
nfx_02R7A48PGM2EREACS869YEXG46,insa,230003,review
nfx_02R7A48PGM2EREACS869YEXG46,insa,410,review
nfx_02R7A48PGM2EREACS869YEXG46,insa,411,review
nfx_02R7A48PGM2EREACS869YEXG46,insa,413,review
nfx_02R7A48PGM2EREACS869YEXG46,insa,414,review
nfx_02R7A48PGM2EREACS869YEXG46,insa,415,review
nfx_02R7A48PGM2EREACS869YEXG46,insa,60100015,review
nfx_02YA7E271CNC7WQFCEEKW5WXQQ,ciqual,10006,review
nfx_02YA7E271CNC7WQFCEEKW5WXQQ,ciqual,10006,review
nfx_02YA7E271CNC7WQFCEEKW5WXQQ,insa,970,review
nfx_02YA7E271CNC7WQFCEEKW5WXQQ,insa,971,review
nfx_02Z9G3GJ9YSV9SP9241VX0CR7B,ciqual,11004,review
nfx_02Z9G3GJ9YSV9SP9241VX0CR7B,ciqual,11018,automatic
nfx_02Z9G3GJ9YSV9SP9241VX0CR7B,ciqual,11040,review
nfx_02Z9G3GJ9YSV9SP9241VX0CR7B,ciqual,11055,review
nfx_02Z9G3GJ9YSV9SP9241VX0CR7B,ciqual,11090,review
nfx_02Z9G3GJ9YSV9SP9241VX0CR7B,ciqual,11091,review
nfx_02Z9G3GJ9YSV9SP9241VX0CR7B,ciqual,11220,review
nfx_02Z9G3GJ9YSV9SP9241VX0CR7B,insa,314,automatic
nfx_02Z9G3GJ9YSV9SP9241VX0CR7B,insa,314,review
nfx_02Z9G3GJ9YSV9SP9241VX0CR7B,insa,314,review
nfx_02Z9G3GJ9YSV9SP9241VX0CR7B,insa,314,review
nfx_02Z9G3GJ9YSV9SP9241VX0CR7B,insa,314,review
nfx_02Z9G3GJ9YSV9SP9241VX0CR7B,insa,314,review
nfx_02Z9G3GJ9YSV9SP9241VX0CR7B,insa,314,review
nfx_032AAAYT9H8KHVFNA1PCQYM2KP,ciqual,21501,review
nfx_032AAAYT9H8KHVFNA1PCQYM2KP,ciqual,21509,review
nfx_032AAAYT9H8KHVFNA1PCQYM2KP,ciqual,21512,review
nfx_032AAAYT9H8KHVFNA1PCQYM2KP,ciqual,21524,review
nfx_032AAAYT9H8KHVFNA1PCQYM2KP,ciqual,28101,review
nfx_032AAAYT9H8KHVFNA1PCQYM2KP,ciqual,6511,review
nfx_032AAAYT9H8KHVFNA1PCQYM2KP,insa,136,review
nfx_032AAAYT9H8KHVFNA1PCQYM2KP,insa,136,review
nfx_032AAAYT9H8KHVFNA1PCQYM2KP,insa,136,review
nfx_032AAAYT9H8KHVFNA1PCQYM2KP,insa,136,review
nfx_032AAAYT9H8KHVFNA1PCQYM2KP,insa,136,review
nfx_032AAAYT9H8KHVFNA1PCQYM2KP,insa,136,review
nfx_03379F33V7ER86YD0CXVTZC274,ciqual,6523,review
nfx_03379F33V7ER86YD0CXVTZC274,ciqual,6523,review
nfx_03379F33V7ER86YD0CXVTZC274,ciqual,6523,review
nfx_03379F33V7ER86YD0CXVTZC274,ciqual,6523,review
nfx_03379F33V7ER86YD0CXVTZC274,insa,1142,review
nfx_03379F33V7ER86YD0CXVTZC274,insa,234,review
nfx_03379F33V7ER86YD0CXVTZC274,insa,235,review
nfx_03379F33V7ER86YD0CXVTZC274,insa,327,review
nfx_034R57TWGEXD57AKVRD12SNDGH,ciqual,13038,review
nfx_034R57TWGEXD57AKVRD12SNDGH,ciqual,13111,review
nfx_034R57TWGEXD57AKVRD12SNDGH,ciqual,23490,review
nfx_034R57TWGEXD57AKVRD12SNDGH,ciqual,23493,review
nfx_034R57TWGEXD57AKVRD12SNDGH,ciqual,23496,review
nfx_034R57TWGEXD57AKVRD12SNDGH,insa,662,review
nfx_034R57TWGEXD57AKVRD12SNDGH,insa,662,review
nfx_034R57TWGEXD57AKVRD12SNDGH,insa,662,review
nfx_034R57TWGEXD57AKVRD12SNDGH,insa,662,review
nfx_034R57TWGEXD57AKVRD12SNDGH,insa,662,review
nfx_0355Z7APY11CZECPTEK1VJVTBQ,ciqual,25601,review
nfx_0355Z7APY11CZECPTEK1VJVTBQ,ciqual,25601,review
nfx_0355Z7APY11CZECPTEK1VJVTBQ,insa,1043,review
nfx_0355Z7APY11CZECPTEK1VJVTBQ,insa,1159,review
nfx_03A6Q8B101VEK67GV9VRSSJHW5,ciqual,9863,review
nfx_03A6Q8B101VEK67GV9VRSSJHW5,insa,422,review
nfx_03DMTWYV35ZMMMX1AA9SQS963X,ciqual,25088,review
nfx_03DMTWYV35ZMMMX1AA9SQS963X,ciqual,25188,review
nfx_03DMTWYV35ZMMMX1AA9SQS963X,ciqual,25456,review
nfx_03DMTWYV35ZMMMX1AA9SQS963X,insa,1040,review
nfx_03DMTWYV35ZMMMX1AA9SQS963X,insa,1040,review
nfx_03DMTWYV35ZMMMX1AA9SQS963X,insa,1040,review
nfx_03FATRJ5JX6P9YKBT7Z8M45447,ciqual,26136,review
nfx_03FATRJ5JX6P9YKBT7Z8M45447,insa,887,review
nfx_03RAE6GPS218J8JYZFGDF18PC6,ciqual,23027,review
nfx_03RAE6GPS218J8JYZFGDF18PC6,ciqual,23050,review
nfx_03RAE6GPS218J8JYZFGDF18PC6,ciqual,24000,review
nfx_03RAE6GPS218J8JYZFGDF18PC6,ciqual,24001,review
nfx_03RAE6GPS218J8JYZFGDF18PC6,ciqual,24002,review
nfx_03RAE6GPS218J8JYZFGDF18PC6,ciqual,24009,review
nfx_03RAE6GPS218J8JYZFGDF18PC6,ciqual,24011,review
nfx_03RAE6GPS218J8JYZFGDF18PC6,ciqual,24016,review
nfx_03RAE6GPS218J8JYZFGDF18PC6,ciqual,24019,review
nfx_03RAE6GPS218J8JYZFGDF18PC6,ciqual,24038,review
nfx_03RAE6GPS218J8JYZFGDF18PC6,ciqual,24071,review
nfx_03RAE6GPS218J8JYZFGDF18PC6,ciqual,24300,review
nfx_03RAE6GPS218J8JYZFGDF18PC6,ciqual,24313,review
nfx_03RAE6GPS218J8JYZFGDF18PC6,ciqual,24320,review
nfx_03RAE6GPS218J8JYZFGDF18PC6,ciqual,24370,review
nfx_03RAE6GPS218J8JYZFGDF18PC6,ciqual,24371,review
nfx_03RAE6GPS218J8JYZFGDF18PC6,ciqual,24441,review
nfx_03RAE6GPS218J8JYZFGDF18PC6,ciqual,24614,review
nfx_03RAE6GPS218J8JYZFGDF18PC6,ciqual,24615,review
nfx_03RAE6GPS218J8JYZFGDF18PC6,ciqual,24684,review
nfx_03RAE6GPS218J8JYZFGDF18PC6,ciqual,24689,review
nfx_03RAE6GPS218J8JYZFGDF18PC6,ciqual,38106,review
nfx_03RAE6GPS218J8JYZFGDF18PC6,ciqual,38107,review
nfx_03RAE6GPS218J8JYZFGDF18PC6,ciqual,38399,review
nfx_03RAE6GPS218J8JYZFGDF18PC6,ciqual,38404,review
nfx_03RAE6GPS218J8JYZFGDF18PC6,ciqual,38405,review
nfx_03RAE6GPS218J8JYZFGDF18PC6,ciqual,38411,review
nfx_03RAE6GPS218J8JYZFGDF18PC6,ciqual,38413,review
nfx_03RAE6GPS218J8JYZFGDF18PC6,ciqual,38416,review
nfx_03RAE6GPS218J8JYZFGDF18PC6,ciqual,38419,review
nfx_03RAE6GPS218J8JYZFGDF18PC6,ciqual,38420,review
nfx_03RAE6GPS218J8JYZFGDF18PC6,ciqual,38421,review
nfx_03RAE6GPS218J8JYZFGDF18PC6,ciqual,38422,review
nfx_03RAE6GPS218J8JYZFGDF18PC6,insa,457,review
nfx_03RAE6GPS218J8JYZFGDF18PC6,insa,457,review
nfx_03RAE6GPS218J8JYZFGDF18PC6,insa,457,review
nfx_03RAE6GPS218J8JYZFGDF18PC6,insa,457,review
nfx_03RAE6GPS218J8JYZFGDF18PC6,insa,457,review
nfx_03RAE6GPS218J8JYZFGDF18PC6,insa,457,review
nfx_03RAE6GPS218J8JYZFGDF18PC6,insa,457,review
nfx_03RAE6GPS218J8JYZFGDF18PC6,insa,457,review
nfx_03RAE6GPS218J8JYZFGDF18PC6,insa,457,review
nfx_03RAE6GPS218J8JYZFGDF18PC6,insa,457,review
nfx_03RAE6GPS218J8JYZFGDF18PC6,insa,457,review
nfx_03RAE6GPS218J8JYZFGDF18PC6,insa,457,review
nfx_03RAE6GPS218J8JYZFGDF18PC6,insa,457,review
nfx_03RAE6GPS218J8JYZFGDF18PC6,insa,457,review
nfx_03RAE6GPS218J8JYZFGDF18PC6,insa,457,review
nfx_03RAE6GPS218J8JYZFGDF18PC6,insa,457,review
nfx_03RAE6GPS218J8JYZFGDF18PC6,insa,457,review
nfx_03RAE6GPS218J8JYZFGDF18PC6,insa,457,review
nfx_03RAE6GPS218J8JYZFGDF18PC6,insa,457,review
nfx_03RAE6GPS218J8JYZFGDF18PC6,insa,457,review
nfx_03RAE6GPS218J8JYZFGDF18PC6,insa,457,review
nfx_03RAE6GPS218J8JYZFGDF18PC6,insa,457,review
nfx_03RAE6GPS218J8JYZFGDF18PC6,insa,457,review
nfx_03RAE6GPS218J8JYZFGDF18PC6,insa,457,review
nfx_03RAE6GPS218J8JYZFGDF18PC6,insa,457,review
nfx_03RAE6GPS218J8JYZFGDF18PC6,insa,457,review
nfx_03RAE6GPS218J8JYZFGDF18PC6,insa,457,review
nfx_03RAE6GPS218J8JYZFGDF18PC6,insa,457,review
nfx_03RAE6GPS218J8JYZFGDF18PC6,insa,457,review
nfx_03RAE6GPS218J8JYZFGDF18PC6,insa,457,review
nfx_03RAE6GPS218J8JYZFGDF18PC6,insa,457,review
nfx_03RAE6GPS218J8JYZFGDF18PC6,insa,457,review
nfx_03RAE6GPS218J8JYZFGDF18PC6,insa,457,review
nfx_03VVFC74TK0T5W9C6XX4X9JKWC,ciqual,22000,review
nfx_03VVFC74TK0T5W9C6XX4X9JKWC,ciqual,22001,review
nfx_03VVFC74TK0T5W9C6XX4X9JKWC,ciqual,22002,review
nfx_03VVFC74TK0T5W9C6XX4X9JKWC,ciqual,22009,review
nfx_03VVFC74TK0T5W9C6XX4X9JKWC,ciqual,22050,review
nfx_03VVFC74TK0T5W9C6XX4X9JKWC,ciqual,22060,review
nfx_03VVFC74TK0T5W9C6XX4X9JKWC,ciqual,22070,review
nfx_03VVFC74TK0T5W9C6XX4X9JKWC,ciqual,22080,review
nfx_03VVFC74TK0T5W9C6XX4X9JKWC,insa,84,review
nfx_03VVFC74TK0T5W9C6XX4X9JKWC,insa,84,review
nfx_03VVFC74TK0T5W9C6XX4X9JKWC,insa,84,review
nfx_03VVFC74TK0T5W9C6XX4X9JKWC,insa,84,review
nfx_03VVFC74TK0T5W9C6XX4X9JKWC,insa,84,review
nfx_03VVFC74TK0T5W9C6XX4X9JKWC,insa,84,review
nfx_03VVFC74TK0T5W9C6XX4X9JKWC,insa,84,review
nfx_03VVFC74TK0T5W9C6XX4X9JKWC,insa,84,review
nfx_03W323EDMKD5T0AYX6KVEARG91,ciqual,10062,review
nfx_03W323EDMKD5T0AYX6KVEARG91,ciqual,10062,review
nfx_03W323EDMKD5T0AYX6KVEARG91,insa,970,review
nfx_03W323EDMKD5T0AYX6KVEARG91,insa,971,review
nfx_041QJ3D0RZ08Z0EF64BTXXC5K0,ciqual,2375,automatic
nfx_041QJ3D0RZ08Z0EF64BTXXC5K0,ciqual,2375,review
nfx_041QJ3D0RZ08Z0EF64BTXXC5K0,ciqual,2375,review
nfx_041QJ3D0RZ08Z0EF64BTXXC5K0,ciqual,2375,review
nfx_041QJ3D0RZ08Z0EF64BTXXC5K0,ciqual,2375,review
nfx_041QJ3D0RZ08Z0EF64BTXXC5K0,ciqual,2375,review
nfx_041QJ3D0RZ08Z0EF64BTXXC5K0,ciqual,2375,review
nfx_041QJ3D0RZ08Z0EF64BTXXC5K0,insa,748,review
nfx_041QJ3D0RZ08Z0EF64BTXXC5K0,insa,749,review
nfx_041QJ3D0RZ08Z0EF64BTXXC5K0,insa,750,automatic
nfx_041QJ3D0RZ08Z0EF64BTXXC5K0,insa,751,review
nfx_041QJ3D0RZ08Z0EF64BTXXC5K0,insa,752,review
nfx_041QJ3D0RZ08Z0EF64BTXXC5K0,insa,753,review
nfx_041QJ3D0RZ08Z0EF64BTXXC5K0,insa,754,review
nfx_048DXZ7Y4RQ1YNR4QGV2D7R4GK,ciqual,9811,review
nfx_048DXZ7Y4RQ1YNR4QGV2D7R4GK,ciqual,9824,review
nfx_048DXZ7Y4RQ1YNR4QGV2D7R4GK,insa,425,review
nfx_048DXZ7Y4RQ1YNR4QGV2D7R4GK,insa,425,review
nfx_048QYW4DTK1AJXX60FTG9E591C,ciqual,24070,review
nfx_048QYW4DTK1AJXX60FTG9E591C,ciqual,24070,review
nfx_048QYW4DTK1AJXX60FTG9E591C,insa,459,review
nfx_048QYW4DTK1AJXX60FTG9E591C,insa,460,review
nfx_049C4PBWVQJ9K6VM3RPMT9VZ3T,ciqual,36019,review
nfx_049C4PBWVQJ9K6VM3RPMT9VZ3T,ciqual,36019,review
nfx_049C4PBWVQJ9K6VM3RPMT9VZ3T,ciqual,36019,review
nfx_049C4PBWVQJ9K6VM3RPMT9VZ3T,insa,1900000001,review
nfx_049C4PBWVQJ9K6VM3RPMT9VZ3T,insa,1900000007,review
nfx_049C4PBWVQJ9K6VM3RPMT9VZ3T,insa,70500004,review
nfx_04BETHFQXME45470JY8SVAYZW7,ciqual,25900,review
nfx_04BETHFQXME45470JY8SVAYZW7,ciqual,25901,review
nfx_04BETHFQXME45470JY8SVAYZW7,ciqual,25903,review
nfx_04BETHFQXME45470JY8SVAYZW7,ciqual,25904,review
nfx_04BETHFQXME45470JY8SVAYZW7,ciqual,25905,review
nfx_04BETHFQXME45470JY8SVAYZW7,ciqual,25908,review
nfx_04BETHFQXME45470JY8SVAYZW7,ciqual,25910,review
nfx_04BETHFQXME45470JY8SVAYZW7,ciqual,25912,review
nfx_04BETHFQXME45470JY8SVAYZW7,ciqual,25913,review
nfx_04BETHFQXME45470JY8SVAYZW7,ciqual,25914,review
nfx_04BETHFQXME45470JY8SVAYZW7,ciqual,25915,review
nfx_04BETHFQXME45470JY8SVAYZW7,ciqual,25916,review
nfx_04BETHFQXME45470JY8SVAYZW7,ciqual,25917,review
nfx_04BETHFQXME45470JY8SVAYZW7,ciqual,25924,review
nfx_04BETHFQXME45470JY8SVAYZW7,ciqual,25933,review
nfx_04BETHFQXME45470JY8SVAYZW7,ciqual,25945,review
nfx_04BETHFQXME45470JY8SVAYZW7,ciqual,25953,review
nfx_04BETHFQXME45470JY8SVAYZW7,ciqual,25955,review
nfx_04BETHFQXME45470JY8SVAYZW7,ciqual,25956,review
nfx_04BETHFQXME45470JY8SVAYZW7,ciqual,25958,review
nfx_04BETHFQXME45470JY8SVAYZW7,ciqual,25962,review
nfx_04BETHFQXME45470JY8SVAYZW7,ciqual,25963,review
nfx_04BETHFQXME45470JY8SVAYZW7,ciqual,25965,review
nfx_04BETHFQXME45470JY8SVAYZW7,ciqual,25967,review
nfx_04BETHFQXME45470JY8SVAYZW7,ciqual,25968,review
nfx_04BETHFQXME45470JY8SVAYZW7,ciqual,25969,review
nfx_04BETHFQXME45470JY8SVAYZW7,ciqual,25973,review
nfx_04BETHFQXME45470JY8SVAYZW7,ciqual,25974,review
nfx_04BETHFQXME45470JY8SVAYZW7,insa,795,review
nfx_04BETHFQXME45470JY8SVAYZW7,insa,795,review
nfx_04BETHFQXME45470JY8SVAYZW7,insa,795,review
nfx_04BETHFQXME45470JY8SVAYZW7,insa,795,review
nfx_04BETHFQXME45470JY8SVAYZW7,insa,795,review
nfx_04BETHFQXME45470JY8SVAYZW7,insa,795,review
nfx_04BETHFQXME45470JY8SVAYZW7,insa,795,review
nfx_04BETHFQXME45470JY8SVAYZW7,insa,795,review
nfx_04BETHFQXME45470JY8SVAYZW7,insa,795,review
nfx_04BETHFQXME45470JY8SVAYZW7,insa,795,review
nfx_04BETHFQXME45470JY8SVAYZW7,insa,795,review
nfx_04BETHFQXME45470JY8SVAYZW7,insa,795,review
nfx_04BETHFQXME45470JY8SVAYZW7,insa,795,review
nfx_04BETHFQXME45470JY8SVAYZW7,insa,795,review
nfx_04BETHFQXME45470JY8SVAYZW7,insa,795,review
nfx_04BETHFQXME45470JY8SVAYZW7,insa,795,review
nfx_04BETHFQXME45470JY8SVAYZW7,insa,795,review
nfx_04BETHFQXME45470JY8SVAYZW7,insa,795,review
nfx_04BETHFQXME45470JY8SVAYZW7,insa,795,review
nfx_04BETHFQXME45470JY8SVAYZW7,insa,795,review
nfx_04BETHFQXME45470JY8SVAYZW7,insa,795,review
nfx_04BETHFQXME45470JY8SVAYZW7,insa,795,review
nfx_04BETHFQXME45470JY8SVAYZW7,insa,795,review
nfx_04BETHFQXME45470JY8SVAYZW7,insa,795,review
nfx_04BETHFQXME45470JY8SVAYZW7,insa,795,review
nfx_04BETHFQXME45470JY8SVAYZW7,insa,795,review
nfx_04BETHFQXME45470JY8SVAYZW7,insa,795,review
nfx_04BETHFQXME45470JY8SVAYZW7,insa,795,review
nfx_04E34T4BXBM8E8NT1VKPQK0KE1,ciqual,39500,review
nfx_04E34T4BXBM8E8NT1VKPQK0KE1,ciqual,39526,review
nfx_04E34T4BXBM8E8NT1VKPQK0KE1,ciqual,39529,review
nfx_04E34T4BXBM8E8NT1VKPQK0KE1,ciqual,39533,review
nfx_04E34T4BXBM8E8NT1VKPQK0KE1,insa,513,review
nfx_04E34T4BXBM8E8NT1VKPQK0KE1,insa,513,review
nfx_04E34T4BXBM8E8NT1VKPQK0KE1,insa,513,review
nfx_04E34T4BXBM8E8NT1VKPQK0KE1,insa,513,review
nfx_04MDC2RABH16M62TZ9Z3H3MY11,ciqual,18075,review
nfx_04MDC2RABH16M62TZ9Z3H3MY11,insa,764,review
nfx_04SR5HMD0NSJ2G4JVM6XXN99VK,ciqual,26035,review
nfx_04SR5HMD0NSJ2G4JVM6XXN99VK,insa,889,review
nfx_04X301YBET7HSPDP726XM5W8Z3,ciqual,31067,review
nfx_04X301YBET7HSPDP726XM5W8Z3,insa,1900000068,review
nfx_050Z6MKRHXP54X0GEGZDK0PRSC,ciqual,10007,review
nfx_050Z6MKRHXP54X0GEGZDK0PRSC,ciqual,10033,review
nfx_050Z6MKRHXP54X0GEGZDK0PRSC,ciqual,10061,review
nfx_050Z6MKRHXP54X0GEGZDK0PRSC,ciqual,10064,review
nfx_050Z6MKRHXP54X0GEGZDK0PRSC,ciqual,10086,review
nfx_050Z6MKRHXP54X0GEGZDK0PRSC,ciqual,10089,review
nfx_050Z6MKRHXP54X0GEGZDK0PRSC,ciqual,10100,review
nfx_050Z6MKRHXP54X0GEGZDK0PRSC,ciqual,10101,review
nfx_050Z6MKRHXP54X0GEGZDK0PRSC,ciqual,25110,review
nfx_050Z6MKRHXP54X0GEGZDK0PRSC,insa,971,review
nfx_050Z6MKRHXP54X0GEGZDK0PRSC,insa,971,review
nfx_050Z6MKRHXP54X0GEGZDK0PRSC,insa,971,review
nfx_050Z6MKRHXP54X0GEGZDK0PRSC,insa,971,review
nfx_050Z6MKRHXP54X0GEGZDK0PRSC,insa,971,review
nfx_050Z6MKRHXP54X0GEGZDK0PRSC,insa,971,review
nfx_050Z6MKRHXP54X0GEGZDK0PRSC,insa,971,review
nfx_050Z6MKRHXP54X0GEGZDK0PRSC,insa,971,review
nfx_050Z6MKRHXP54X0GEGZDK0PRSC,insa,971,review
nfx_052PPP9DR6W55987ZYGGNT5R2X,ciqual,19713,review
nfx_052PPP9DR6W55987ZYGGNT5R2X,insa,1900000067,review
nfx_053NBXX8HB2T4WZYJPY2EPC67R,ciqual,9101,review
nfx_053NBXX8HB2T4WZYJPY2EPC67R,ciqual,9101,review
nfx_053NBXX8HB2T4WZYJPY2EPC67R,ciqual,9101,review
nfx_053NBXX8HB2T4WZYJPY2EPC67R,insa,400,review
nfx_053NBXX8HB2T4WZYJPY2EPC67R,insa,401,review
nfx_053NBXX8HB2T4WZYJPY2EPC67R,insa,402,review
nfx_055GY7X9YTS474EH8MRDMMYR8N,ciqual,12010,review
nfx_055GY7X9YTS474EH8MRDMMYR8N,ciqual,12021,review
nfx_055GY7X9YTS474EH8MRDMMYR8N,ciqual,12031,review
nfx_055GY7X9YTS474EH8MRDMMYR8N,ciqual,12034,review
nfx_055GY7X9YTS474EH8MRDMMYR8N,ciqual,12038,review
nfx_055GY7X9YTS474EH8MRDMMYR8N,ciqual,12040,review
nfx_055GY7X9YTS474EH8MRDMMYR8N,ciqual,12049,review
nfx_055GY7X9YTS474EH8MRDMMYR8N,ciqual,12051,review
nfx_055GY7X9YTS474EH8MRDMMYR8N,ciqual,12052,review
nfx_055GY7X9YTS474EH8MRDMMYR8N,ciqual,12059,review
nfx_055GY7X9YTS474EH8MRDMMYR8N,ciqual,12060,review
nfx_055GY7X9YTS474EH8MRDMMYR8N,ciqual,12061,review
nfx_055GY7X9YTS474EH8MRDMMYR8N,ciqual,12105,review
nfx_055GY7X9YTS474EH8MRDMMYR8N,ciqual,12111,review
nfx_055GY7X9YTS474EH8MRDMMYR8N,ciqual,12121,review
nfx_055GY7X9YTS474EH8MRDMMYR8N,ciqual,12122,review
nfx_055GY7X9YTS474EH8MRDMMYR8N,ciqual,12123,review
nfx_055GY7X9YTS474EH8MRDMMYR8N,ciqual,12300,review
nfx_055GY7X9YTS474EH8MRDMMYR8N,ciqual,12356,review
nfx_055GY7X9YTS474EH8MRDMMYR8N,ciqual,12524,review
nfx_055GY7X9YTS474EH8MRDMMYR8N,ciqual,12716,review
nfx_055GY7X9YTS474EH8MRDMMYR8N,ciqual,12743,review
nfx_055GY7X9YTS474EH8MRDMMYR8N,ciqual,12761,review
nfx_055GY7X9YTS474EH8MRDMMYR8N,ciqual,12828,review
nfx_055GY7X9YTS474EH8MRDMMYR8N,ciqual,12999,review
nfx_055GY7X9YTS474EH8MRDMMYR8N,ciqual,19584,review
nfx_055GY7X9YTS474EH8MRDMMYR8N,ciqual,19585,review
nfx_055GY7X9YTS474EH8MRDMMYR8N,ciqual,25020,review
nfx_055GY7X9YTS474EH8MRDMMYR8N,ciqual,25444,review
nfx_055GY7X9YTS474EH8MRDMMYR8N,ciqual,25646,review
nfx_055GY7X9YTS474EH8MRDMMYR8N,ciqual,38501,review
nfx_055GY7X9YTS474EH8MRDMMYR8N,insa,49,review
nfx_055GY7X9YTS474EH8MRDMMYR8N,insa,49,review
nfx_055GY7X9YTS474EH8MRDMMYR8N,insa,49,review
nfx_055GY7X9YTS474EH8MRDMMYR8N,insa,49,review
nfx_055GY7X9YTS474EH8MRDMMYR8N,insa,49,review
nfx_055GY7X9YTS474EH8MRDMMYR8N,insa,49,review
nfx_055GY7X9YTS474EH8MRDMMYR8N,insa,49,review
nfx_055GY7X9YTS474EH8MRDMMYR8N,insa,49,review
nfx_055GY7X9YTS474EH8MRDMMYR8N,insa,49,review
nfx_055GY7X9YTS474EH8MRDMMYR8N,insa,49,review
nfx_055GY7X9YTS474EH8MRDMMYR8N,insa,49,review
nfx_055GY7X9YTS474EH8MRDMMYR8N,insa,49,review
nfx_055GY7X9YTS474EH8MRDMMYR8N,insa,49,review
nfx_055GY7X9YTS474EH8MRDMMYR8N,insa,49,review
nfx_055GY7X9YTS474EH8MRDMMYR8N,insa,49,review
nfx_055GY7X9YTS474EH8MRDMMYR8N,insa,49,review
nfx_055GY7X9YTS474EH8MRDMMYR8N,insa,49,review
nfx_055GY7X9YTS474EH8MRDMMYR8N,insa,49,review
nfx_055GY7X9YTS474EH8MRDMMYR8N,insa,49,review
nfx_055GY7X9YTS474EH8MRDMMYR8N,insa,49,review
nfx_055GY7X9YTS474EH8MRDMMYR8N,insa,49,review
nfx_055GY7X9YTS474EH8MRDMMYR8N,insa,49,review
nfx_055GY7X9YTS474EH8MRDMMYR8N,insa,49,review
nfx_055GY7X9YTS474EH8MRDMMYR8N,insa,49,review
nfx_055GY7X9YTS474EH8MRDMMYR8N,insa,49,review
nfx_055GY7X9YTS474EH8MRDMMYR8N,insa,49,review
nfx_055GY7X9YTS474EH8MRDMMYR8N,insa,49,review
nfx_055GY7X9YTS474EH8MRDMMYR8N,insa,49,review
nfx_055GY7X9YTS474EH8MRDMMYR8N,insa,49,review
nfx_055GY7X9YTS474EH8MRDMMYR8N,insa,49,review
nfx_055GY7X9YTS474EH8MRDMMYR8N,insa,49,review
nfx_055YVS5WV5EE1GNK88VFA2HVBZ,ciqual,15027,review
nfx_055YVS5WV5EE1GNK88VFA2HVBZ,ciqual,15043,review
nfx_055YVS5WV5EE1GNK88VFA2HVBZ,insa,1900000050,review
nfx_055YVS5WV5EE1GNK88VFA2HVBZ,insa,1900000050,review
nfx_058S83FA7RRPSPY3BB69A7XAND,ciqual,20091,review
nfx_058S83FA7RRPSPY3BB69A7XAND,insa,595,review
nfx_059ZVB7RJRKSNST41JFXWQQ5N4,ciqual,28001,review
nfx_059ZVB7RJRKSNST41JFXWQQ5N4,ciqual,28002,review
nfx_059ZVB7RJRKSNST41JFXWQQ5N4,ciqual,28009,review
nfx_059ZVB7RJRKSNST41JFXWQQ5N4,ciqual,28100,review
nfx_059ZVB7RJRKSNST41JFXWQQ5N4,ciqual,28102,review
nfx_059ZVB7RJRKSNST41JFXWQQ5N4,ciqual,28104,review
nfx_059ZVB7RJRKSNST41JFXWQQ5N4,ciqual,28204,review
nfx_059ZVB7RJRKSNST41JFXWQQ5N4,ciqual,28300,review
nfx_059ZVB7RJRKSNST41JFXWQQ5N4,ciqual,28302,review
nfx_059ZVB7RJRKSNST41JFXWQQ5N4,ciqual,28400,review
nfx_059ZVB7RJRKSNST41JFXWQQ5N4,ciqual,28460,review
nfx_059ZVB7RJRKSNST41JFXWQQ5N4,ciqual,28470,review
nfx_059ZVB7RJRKSNST41JFXWQQ5N4,ciqual,28471,review
nfx_059ZVB7RJRKSNST41JFXWQQ5N4,ciqual,28472,review
nfx_059ZVB7RJRKSNST41JFXWQQ5N4,ciqual,28474,review
nfx_059ZVB7RJRKSNST41JFXWQQ5N4,ciqual,28475,review
nfx_059ZVB7RJRKSNST41JFXWQQ5N4,ciqual,28476,review
nfx_059ZVB7RJRKSNST41JFXWQQ5N4,ciqual,28477,review
nfx_059ZVB7RJRKSNST41JFXWQQ5N4,ciqual,28479,review
nfx_059ZVB7RJRKSNST41JFXWQQ5N4,ciqual,28480,review
nfx_059ZVB7RJRKSNST41JFXWQQ5N4,ciqual,28502,review
nfx_059ZVB7RJRKSNST41JFXWQQ5N4,ciqual,28507,review
nfx_059ZVB7RJRKSNST41JFXWQQ5N4,ciqual,30051,review
nfx_059ZVB7RJRKSNST41JFXWQQ5N4,ciqual,30052,review
nfx_059ZVB7RJRKSNST41JFXWQQ5N4,ciqual,30153,review
nfx_059ZVB7RJRKSNST41JFXWQQ5N4,ciqual,40005,review
nfx_059ZVB7RJRKSNST41JFXWQQ5N4,ciqual,40060,review
nfx_059ZVB7RJRKSNST41JFXWQQ5N4,ciqual,40119,review
nfx_059ZVB7RJRKSNST41JFXWQQ5N4,ciqual,40202,review
nfx_059ZVB7RJRKSNST41JFXWQQ5N4,ciqual,40204,review
nfx_059ZVB7RJRKSNST41JFXWQQ5N4,ciqual,40205,automatic
nfx_059ZVB7RJRKSNST41JFXWQQ5N4,ciqual,40207,review
nfx_059ZVB7RJRKSNST41JFXWQQ5N4,ciqual,40404,review
nfx_059ZVB7RJRKSNST41JFXWQQ5N4,insa,1900000008,automatic
nfx_059ZVB7RJRKSNST41JFXWQQ5N4,insa,1900000008,review
nfx_059ZVB7RJRKSNST41JFXWQQ5N4,insa,1900000008,review
nfx_059ZVB7RJRKSNST41JFXWQQ5N4,insa,1900000008,review
nfx_059ZVB7RJRKSNST41JFXWQQ5N4,insa,1900000008,review
nfx_059ZVB7RJRKSNST41JFXWQQ5N4,insa,1900000008,review
nfx_059ZVB7RJRKSNST41JFXWQQ5N4,insa,1900000008,review
nfx_059ZVB7RJRKSNST41JFXWQQ5N4,insa,1900000008,review
nfx_059ZVB7RJRKSNST41JFXWQQ5N4,insa,1900000008,review
nfx_059ZVB7RJRKSNST41JFXWQQ5N4,insa,1900000008,review
nfx_059ZVB7RJRKSNST41JFXWQQ5N4,insa,1900000008,review
nfx_059ZVB7RJRKSNST41JFXWQQ5N4,insa,1900000008,review
nfx_059ZVB7RJRKSNST41JFXWQQ5N4,insa,1900000008,review
nfx_059ZVB7RJRKSNST41JFXWQQ5N4,insa,1900000008,review
nfx_059ZVB7RJRKSNST41JFXWQQ5N4,insa,1900000008,review
nfx_059ZVB7RJRKSNST41JFXWQQ5N4,insa,1900000008,review
nfx_059ZVB7RJRKSNST41JFXWQQ5N4,insa,1900000008,review
nfx_059ZVB7RJRKSNST41JFXWQQ5N4,insa,1900000008,review
nfx_059ZVB7RJRKSNST41JFXWQQ5N4,insa,1900000008,review
nfx_059ZVB7RJRKSNST41JFXWQQ5N4,insa,1900000008,review
nfx_059ZVB7RJRKSNST41JFXWQQ5N4,insa,1900000008,review
nfx_059ZVB7RJRKSNST41JFXWQQ5N4,insa,1900000008,review
nfx_059ZVB7RJRKSNST41JFXWQQ5N4,insa,1900000008,review
nfx_059ZVB7RJRKSNST41JFXWQQ5N4,insa,1900000008,review
nfx_059ZVB7RJRKSNST41JFXWQQ5N4,insa,1900000008,review
nfx_059ZVB7RJRKSNST41JFXWQQ5N4,insa,1900000008,review
nfx_059ZVB7RJRKSNST41JFXWQQ5N4,insa,1900000008,review
nfx_059ZVB7RJRKSNST41JFXWQQ5N4,insa,1900000008,review
nfx_059ZVB7RJRKSNST41JFXWQQ5N4,insa,1900000008,review
nfx_059ZVB7RJRKSNST41JFXWQQ5N4,insa,1900000008,review
nfx_059ZVB7RJRKSNST41JFXWQQ5N4,insa,1900000008,review
nfx_059ZVB7RJRKSNST41JFXWQQ5N4,insa,1900000008,review
nfx_059ZVB7RJRKSNST41JFXWQQ5N4,insa,1900000008,review
nfx_05DTXZ120FFVF3FN42P8T384AD,ciqual,23804,review
nfx_05DTXZ120FFVF3FN42P8T384AD,insa,498,review
nfx_05E8MREHMMWN17787P9SAAHV55,ciqual,7300,review
nfx_05E8MREHMMWN17787P9SAAHV55,ciqual,7300,review
nfx_05E8MREHMMWN17787P9SAAHV55,insa,440,review
nfx_05E8MREHMMWN17787P9SAAHV55,insa,60302002,review
nfx_05ET1WFR4S36C9Q6GGT6FFGF7D,ciqual,2069,review
nfx_05ET1WFR4S36C9Q6GGT6FFGF7D,ciqual,2069,review
nfx_05ET1WFR4S36C9Q6GGT6FFGF7D,insa,739,review
nfx_05ET1WFR4S36C9Q6GGT6FFGF7D,insa,742,review
nfx_05NVR85XYD51H24942DH0VPQ8D,ciqual,36403,review
nfx_05NVR85XYD51H24942DH0VPQ8D,insa,70500004,review
nfx_05R6V2GETQDYV4453PJK7VBPVH,ciqual,21006,review
nfx_05R6V2GETQDYV4453PJK7VBPVH,ciqual,21502,review
nfx_05R6V2GETQDYV4453PJK7VBPVH,ciqual,28001,review
nfx_05R6V2GETQDYV4453PJK7VBPVH,ciqual,28002,review
nfx_05R6V2GETQDYV4453PJK7VBPVH,ciqual,28009,review
nfx_05R6V2GETQDYV4453PJK7VBPVH,ciqual,28100,review
nfx_05R6V2GETQDYV4453PJK7VBPVH,ciqual,28102,review
nfx_05R6V2GETQDYV4453PJK7VBPVH,ciqual,28104,review
nfx_05R6V2GETQDYV4453PJK7VBPVH,ciqual,28204,review
nfx_05R6V2GETQDYV4453PJK7VBPVH,ciqual,28300,review
nfx_05R6V2GETQDYV4453PJK7VBPVH,ciqual,28302,review
nfx_05R6V2GETQDYV4453PJK7VBPVH,ciqual,28400,review
nfx_05R6V2GETQDYV4453PJK7VBPVH,ciqual,28460,review
nfx_05R6V2GETQDYV4453PJK7VBPVH,ciqual,28470,review
nfx_05R6V2GETQDYV4453PJK7VBPVH,ciqual,28471,review
nfx_05R6V2GETQDYV4453PJK7VBPVH,ciqual,28472,review
nfx_05R6V2GETQDYV4453PJK7VBPVH,ciqual,28473,review
nfx_05R6V2GETQDYV4453PJK7VBPVH,ciqual,28474,review
nfx_05R6V2GETQDYV4453PJK7VBPVH,ciqual,28475,review
nfx_05R6V2GETQDYV4453PJK7VBPVH,ciqual,28476,review
nfx_05R6V2GETQDYV4453PJK7VBPVH,ciqual,28477,review
nfx_05R6V2GETQDYV4453PJK7VBPVH,ciqual,28479,review
nfx_05R6V2GETQDYV4453PJK7VBPVH,ciqual,28502,review
nfx_05R6V2GETQDYV4453PJK7VBPVH,ciqual,36014,review
nfx_05R6V2GETQDYV4453PJK7VBPVH,ciqual,36703,review
nfx_05R6V2GETQDYV4453PJK7VBPVH,ciqual,40005,review
nfx_05R6V2GETQDYV4453PJK7VBPVH,ciqual,40060,review
nfx_05R6V2GETQDYV4453PJK7VBPVH,ciqual,40119,review
nfx_05R6V2GETQDYV4453PJK7VBPVH,ciqual,40205,review
nfx_05R6V2GETQDYV4453PJK7VBPVH,ciqual,40404,review
nfx_05R6V2GETQDYV4453PJK7VBPVH,insa,154,review
nfx_05R6V2GETQDYV4453PJK7VBPVH,insa,154,review
nfx_05R6V2GETQDYV4453PJK7VBPVH,insa,154,review
nfx_05R6V2GETQDYV4453PJK7VBPVH,insa,154,review
nfx_05R6V2GETQDYV4453PJK7VBPVH,insa,154,review
nfx_05R6V2GETQDYV4453PJK7VBPVH,insa,154,review
nfx_05R6V2GETQDYV4453PJK7VBPVH,insa,154,review
nfx_05R6V2GETQDYV4453PJK7VBPVH,insa,154,review
nfx_05R6V2GETQDYV4453PJK7VBPVH,insa,154,review
nfx_05R6V2GETQDYV4453PJK7VBPVH,insa,154,review
nfx_05R6V2GETQDYV4453PJK7VBPVH,insa,154,review
nfx_05R6V2GETQDYV4453PJK7VBPVH,insa,154,review
nfx_05R6V2GETQDYV4453PJK7VBPVH,insa,154,review
nfx_05R6V2GETQDYV4453PJK7VBPVH,insa,154,review
nfx_05R6V2GETQDYV4453PJK7VBPVH,insa,154,review
nfx_05R6V2GETQDYV4453PJK7VBPVH,insa,154,review
nfx_05R6V2GETQDYV4453PJK7VBPVH,insa,154,review
nfx_05R6V2GETQDYV4453PJK7VBPVH,insa,154,review
nfx_05R6V2GETQDYV4453PJK7VBPVH,insa,154,review
nfx_05R6V2GETQDYV4453PJK7VBPVH,insa,154,review
nfx_05R6V2GETQDYV4453PJK7VBPVH,insa,154,review
nfx_05R6V2GETQDYV4453PJK7VBPVH,insa,154,review
nfx_05R6V2GETQDYV4453PJK7VBPVH,insa,154,review
nfx_05R6V2GETQDYV4453PJK7VBPVH,insa,154,review
nfx_05R6V2GETQDYV4453PJK7VBPVH,insa,154,review
nfx_05R6V2GETQDYV4453PJK7VBPVH,insa,154,review
nfx_05R6V2GETQDYV4453PJK7VBPVH,insa,154,review
nfx_05R6V2GETQDYV4453PJK7VBPVH,insa,154,review
nfx_05R6V2GETQDYV4453PJK7VBPVH,insa,154,review
nfx_05R6V2GETQDYV4453PJK7VBPVH,insa,154,review
nfx_05S2VG414C1VGCXQZ4B2SQMQR0,ciqual,6131,review
nfx_05S2VG414C1VGCXQZ4B2SQMQR0,ciqual,6131,review
nfx_05S2VG414C1VGCXQZ4B2SQMQR0,insa,1134,review
nfx_05S2VG414C1VGCXQZ4B2SQMQR0,insa,1141,review
nfx_05X1MNYG8DCPP8K5NSRYPBWH8N,ciqual,12072,review
nfx_05X1MNYG8DCPP8K5NSRYPBWH8N,ciqual,12072,review
nfx_05X1MNYG8DCPP8K5NSRYPBWH8N,ciqual,12072,review
nfx_05X1MNYG8DCPP8K5NSRYPBWH8N,ciqual,12072,review
nfx_05X1MNYG8DCPP8K5NSRYPBWH8N,ciqual,12072,review
nfx_05X1MNYG8DCPP8K5NSRYPBWH8N,ciqual,12072,review
nfx_05X1MNYG8DCPP8K5NSRYPBWH8N,ciqual,12072,review
nfx_05X1MNYG8DCPP8K5NSRYPBWH8N,ciqual,12072,review
nfx_05X1MNYG8DCPP8K5NSRYPBWH8N,ciqual,12072,review
nfx_05X1MNYG8DCPP8K5NSRYPBWH8N,ciqual,12072,review
nfx_05X1MNYG8DCPP8K5NSRYPBWH8N,insa,20,review
nfx_05X1MNYG8DCPP8K5NSRYPBWH8N,insa,230004,review
nfx_05X1MNYG8DCPP8K5NSRYPBWH8N,insa,29,review
nfx_05X1MNYG8DCPP8K5NSRYPBWH8N,insa,34,review
nfx_05X1MNYG8DCPP8K5NSRYPBWH8N,insa,35,review
nfx_05X1MNYG8DCPP8K5NSRYPBWH8N,insa,36,review
nfx_05X1MNYG8DCPP8K5NSRYPBWH8N,insa,37,review
nfx_05X1MNYG8DCPP8K5NSRYPBWH8N,insa,38,review
nfx_05X1MNYG8DCPP8K5NSRYPBWH8N,insa,500,review
nfx_05X1MNYG8DCPP8K5NSRYPBWH8N,insa,514,review
nfx_064H0EB2PD1K9866AJ5S3SBQSJ,ciqual,31084,review
nfx_064H0EB2PD1K9866AJ5S3SBQSJ,insa,506,review
nfx_06A8PP0SKTJV81JV65JR453R93,ciqual,30115,review
nfx_06A8PP0SKTJV81JV65JR453R93,insa,361,review
nfx_06CBR6PGTEBVKMHHXZ0AN3NS8P,ciqual,21517,review
nfx_06CBR6PGTEBVKMHHXZ0AN3NS8P,ciqual,21517,review
nfx_06CBR6PGTEBVKMHHXZ0AN3NS8P,ciqual,21517,review
nfx_06CBR6PGTEBVKMHHXZ0AN3NS8P,ciqual,21517,review
nfx_06CBR6PGTEBVKMHHXZ0AN3NS8P,ciqual,21517,review
nfx_06CBR6PGTEBVKMHHXZ0AN3NS8P,ciqual,21517,review
nfx_06CBR6PGTEBVKMHHXZ0AN3NS8P,ciqual,21517,review
nfx_06CBR6PGTEBVKMHHXZ0AN3NS8P,ciqual,21517,review
nfx_06CBR6PGTEBVKMHHXZ0AN3NS8P,insa,102,review
nfx_06CBR6PGTEBVKMHHXZ0AN3NS8P,insa,113,review
nfx_06CBR6PGTEBVKMHHXZ0AN3NS8P,insa,126,review
nfx_06CBR6PGTEBVKMHHXZ0AN3NS8P,insa,151,review
nfx_06CBR6PGTEBVKMHHXZ0AN3NS8P,insa,152,review
nfx_06CBR6PGTEBVKMHHXZ0AN3NS8P,insa,223,review
nfx_06CBR6PGTEBVKMHHXZ0AN3NS8P,insa,96,review
nfx_06CBR6PGTEBVKMHHXZ0AN3NS8P,insa,97,review
nfx_06J2G3SM11F3F6Y2XA1B6KQH5F,ciqual,17850,review
nfx_06J2G3SM11F3F6Y2XA1B6KQH5F,ciqual,17850,review
nfx_06J2G3SM11F3F6Y2XA1B6KQH5F,ciqual,17850,review
nfx_06J2G3SM11F3F6Y2XA1B6KQH5F,ciqual,17850,review
nfx_06J2G3SM11F3F6Y2XA1B6KQH5F,ciqual,17850,review
nfx_06J2G3SM11F3F6Y2XA1B6KQH5F,ciqual,17850,review
nfx_06J2G3SM11F3F6Y2XA1B6KQH5F,ciqual,17850,review
nfx_06J2G3SM11F3F6Y2XA1B6KQH5F,ciqual,17850,review
nfx_06J2G3SM11F3F6Y2XA1B6KQH5F,insa,1900000092,review
nfx_06J2G3SM11F3F6Y2XA1B6KQH5F,insa,2120000009,review
nfx_06J2G3SM11F3F6Y2XA1B6KQH5F,insa,388,review
nfx_06J2G3SM11F3F6Y2XA1B6KQH5F,insa,389,review
nfx_06J2G3SM11F3F6Y2XA1B6KQH5F,insa,391,review
nfx_06J2G3SM11F3F6Y2XA1B6KQH5F,insa,392,review
nfx_06J2G3SM11F3F6Y2XA1B6KQH5F,insa,393,review
nfx_06J2G3SM11F3F6Y2XA1B6KQH5F,insa,394,review
nfx_06RS96DPXH5J2HHHE0FAMMGQ9X,ciqual,26037,review
nfx_06RS96DPXH5J2HHHE0FAMMGQ9X,ciqual,26037,review
nfx_06RS96DPXH5J2HHHE0FAMMGQ9X,ciqual,26037,review
nfx_06RS96DPXH5J2HHHE0FAMMGQ9X,insa,876,review
nfx_06RS96DPXH5J2HHHE0FAMMGQ9X,insa,877,review
nfx_06RS96DPXH5J2HHHE0FAMMGQ9X,insa,878,review
nfx_06RYK8314EFV9WKAWXSBGBJ0Z2,ciqual,18066,review
nfx_06RYK8314EFV9WKAWXSBGBJ0Z2,insa,1,review
nfx_06SG3SEFAY0Z31ZX8FYMGVJFRT,ciqual,20359,review
nfx_06SG3SEFAY0Z31ZX8FYMGVJFRT,ciqual,20535,review
nfx_06SG3SEFAY0Z31ZX8FYMGVJFRT,ciqual,20585,review
nfx_06SG3SEFAY0Z31ZX8FYMGVJFRT,ciqual,20586,review
nfx_06SG3SEFAY0Z31ZX8FYMGVJFRT,insa,220028,review
nfx_06SG3SEFAY0Z31ZX8FYMGVJFRT,insa,220028,review
nfx_06SG3SEFAY0Z31ZX8FYMGVJFRT,insa,220028,review
nfx_06SG3SEFAY0Z31ZX8FYMGVJFRT,insa,220028,review
nfx_06V7AE03ZEHW8WN4Z1HSAPT8S3,ciqual,11068,review
nfx_06V7AE03ZEHW8WN4Z1HSAPT8S3,insa,1189,review
nfx_06X0Y6BDEF41NWXMDK566S7GHS,ciqual,26153,review
nfx_06X0Y6BDEF41NWXMDK566S7GHS,insa,859,review
nfx_070TQ48M5HJNY5YEJCWW6ZJQZH,ciqual,20232,review
nfx_070TQ48M5HJNY5YEJCWW6ZJQZH,insa,582,review
nfx_071ESDSS1NF9NJCEB9KQCADCNQ,ciqual,20591,automatic
nfx_071ESDSS1NF9NJCEB9KQCADCNQ,insa,2122000005,automatic
nfx_072GNFJZPR5AGPZWB95EYJWV8X,ciqual,26053,review
nfx_072GNFJZPR5AGPZWB95EYJWV8X,insa,811,review
nfx_072WSB8P428HBW6WN743K7Z5PW,ciqual,5002,review
nfx_072WSB8P428HBW6WN743K7Z5PW,ciqual,5002,review
nfx_072WSB8P428HBW6WN743K7Z5PW,ciqual,5002,review
nfx_072WSB8P428HBW6WN743K7Z5PW,insa,726,review
nfx_072WSB8P428HBW6WN743K7Z5PW,insa,727,review
nfx_072WSB8P428HBW6WN743K7Z5PW,insa,728,review
nfx_079JKH3GBC0V2M13ZZ6G5VCZ0Z,ciqual,23027,review
nfx_079JKH3GBC0V2M13ZZ6G5VCZ0Z,ciqual,23027,review
nfx_079JKH3GBC0V2M13ZZ6G5VCZ0Z,ciqual,23027,review
nfx_079JKH3GBC0V2M13ZZ6G5VCZ0Z,ciqual,23027,review
nfx_079JKH3GBC0V2M13ZZ6G5VCZ0Z,ciqual,23027,review
nfx_079JKH3GBC0V2M13ZZ6G5VCZ0Z,ciqual,23027,review
nfx_079JKH3GBC0V2M13ZZ6G5VCZ0Z,ciqual,23027,review
nfx_079JKH3GBC0V2M13ZZ6G5VCZ0Z,insa,455,review
nfx_079JKH3GBC0V2M13ZZ6G5VCZ0Z,insa,459,review
nfx_079JKH3GBC0V2M13ZZ6G5VCZ0Z,insa,460,review
nfx_079JKH3GBC0V2M13ZZ6G5VCZ0Z,insa,463,review
nfx_079JKH3GBC0V2M13ZZ6G5VCZ0Z,insa,464,review
nfx_079JKH3GBC0V2M13ZZ6G5VCZ0Z,insa,466,review
nfx_079JKH3GBC0V2M13ZZ6G5VCZ0Z,insa,469,review
nfx_07E3TFBQ7CGF8NPER0FJ82CNCF,ciqual,11248,review
nfx_07E3TFBQ7CGF8NPER0FJ82CNCF,ciqual,11248,review
nfx_07E3TFBQ7CGF8NPER0FJ82CNCF,ciqual,11248,review
nfx_07E3TFBQ7CGF8NPER0FJ82CNCF,ciqual,11248,review
nfx_07E3TFBQ7CGF8NPER0FJ82CNCF,ciqual,11248,review
nfx_07E3TFBQ7CGF8NPER0FJ82CNCF,ciqual,11248,review
nfx_07E3TFBQ7CGF8NPER0FJ82CNCF,ciqual,11248,review
nfx_07E3TFBQ7CGF8NPER0FJ82CNCF,ciqual,11248,review
nfx_07E3TFBQ7CGF8NPER0FJ82CNCF,insa,1164,review
nfx_07E3TFBQ7CGF8NPER0FJ82CNCF,insa,1211,review
nfx_07E3TFBQ7CGF8NPER0FJ82CNCF,insa,1229,review
nfx_07E3TFBQ7CGF8NPER0FJ82CNCF,insa,2120000007,review
nfx_07E3TFBQ7CGF8NPER0FJ82CNCF,insa,928,review
nfx_07E3TFBQ7CGF8NPER0FJ82CNCF,insa,929,review
nfx_07E3TFBQ7CGF8NPER0FJ82CNCF,insa,932,review
nfx_07E3TFBQ7CGF8NPER0FJ82CNCF,insa,933,review
nfx_07G1SFDW921086WB6966704A53,ciqual,26099,review
nfx_07G1SFDW921086WB6966704A53,insa,828,review
nfx_07G6WMGEARW5XF51FKQKSD67R8,ciqual,19646,review
nfx_07G6WMGEARW5XF51FKQKSD67R8,ciqual,19646,review
nfx_07G6WMGEARW5XF51FKQKSD67R8,ciqual,19646,review
nfx_07G6WMGEARW5XF51FKQKSD67R8,insa,220007,review
nfx_07G6WMGEARW5XF51FKQKSD67R8,insa,59,review
nfx_07G6WMGEARW5XF51FKQKSD67R8,insa,60,review
nfx_07K1NNR7QGRS70RC4AVXQYH0J1,ciqual,20537,review
nfx_07K1NNR7QGRS70RC4AVXQYH0J1,ciqual,20537,review
nfx_07K1NNR7QGRS70RC4AVXQYH0J1,ciqual,20537,review
nfx_07K1NNR7QGRS70RC4AVXQYH0J1,insa,1202,review
nfx_07K1NNR7QGRS70RC4AVXQYH0J1,insa,220024,review
nfx_07K1NNR7QGRS70RC4AVXQYH0J1,insa,529,review
nfx_07T8ZCP6KC1YCQ03C44K5W2SB4,ciqual,76030,review
nfx_07T8ZCP6KC1YCQ03C44K5W2SB4,ciqual,76030,review
nfx_07T8ZCP6KC1YCQ03C44K5W2SB4,ciqual,76030,review
nfx_07T8ZCP6KC1YCQ03C44K5W2SB4,ciqual,76030,review
nfx_07T8ZCP6KC1YCQ03C44K5W2SB4,insa,2,review
nfx_07T8ZCP6KC1YCQ03C44K5W2SB4,insa,3,review
nfx_07T8ZCP6KC1YCQ03C44K5W2SB4,insa,4,review
nfx_07T8ZCP6KC1YCQ03C44K5W2SB4,insa,5,review
nfx_07YDZF0BJ8HY9F0NYDXCGPW3SF,ciqual,38416,review
nfx_07YDZF0BJ8HY9F0NYDXCGPW3SF,ciqual,38416,review
nfx_07YDZF0BJ8HY9F0NYDXCGPW3SF,ciqual,38416,review
nfx_07YDZF0BJ8HY9F0NYDXCGPW3SF,ciqual,38416,review
nfx_07YDZF0BJ8HY9F0NYDXCGPW3SF,ciqual,38416,review
nfx_07YDZF0BJ8HY9F0NYDXCGPW3SF,ciqual,38416,review
nfx_07YDZF0BJ8HY9F0NYDXCGPW3SF,ciqual,38416,review
nfx_07YDZF0BJ8HY9F0NYDXCGPW3SF,insa,455,review
nfx_07YDZF0BJ8HY9F0NYDXCGPW3SF,insa,459,review
nfx_07YDZF0BJ8HY9F0NYDXCGPW3SF,insa,460,review
nfx_07YDZF0BJ8HY9F0NYDXCGPW3SF,insa,463,review
nfx_07YDZF0BJ8HY9F0NYDXCGPW3SF,insa,464,review
nfx_07YDZF0BJ8HY9F0NYDXCGPW3SF,insa,466,review
nfx_07YDZF0BJ8HY9F0NYDXCGPW3SF,insa,469,review
nfx_080R6TXJJYCBH59GPQEC3NDDZR,ciqual,28475,review
nfx_080R6TXJJYCBH59GPQEC3NDDZR,ciqual,28475,review
nfx_080R6TXJJYCBH59GPQEC3NDDZR,ciqual,28475,review
nfx_080R6TXJJYCBH59GPQEC3NDDZR,ciqual,28475,review
nfx_080R6TXJJYCBH59GPQEC3NDDZR,ciqual,28475,review
nfx_080R6TXJJYCBH59GPQEC3NDDZR,ciqual,28475,review
nfx_080R6TXJJYCBH59GPQEC3NDDZR,ciqual,28475,review
nfx_080R6TXJJYCBH59GPQEC3NDDZR,ciqual,28475,review
nfx_080R6TXJJYCBH59GPQEC3NDDZR,ciqual,28475,review
nfx_080R6TXJJYCBH59GPQEC3NDDZR,ciqual,28475,review
nfx_080R6TXJJYCBH59GPQEC3NDDZR,ciqual,28475,review
nfx_080R6TXJJYCBH59GPQEC3NDDZR,ciqual,28475,review
nfx_080R6TXJJYCBH59GPQEC3NDDZR,ciqual,28475,review
nfx_080R6TXJJYCBH59GPQEC3NDDZR,ciqual,28475,review
nfx_080R6TXJJYCBH59GPQEC3NDDZR,ciqual,28475,review
nfx_080R6TXJJYCBH59GPQEC3NDDZR,insa,1219,review
nfx_080R6TXJJYCBH59GPQEC3NDDZR,insa,1221,review
nfx_080R6TXJJYCBH59GPQEC3NDDZR,insa,1222,review
nfx_080R6TXJJYCBH59GPQEC3NDDZR,insa,1223,review
nfx_080R6TXJJYCBH59GPQEC3NDDZR,insa,151,review
nfx_080R6TXJJYCBH59GPQEC3NDDZR,insa,152,review
nfx_080R6TXJJYCBH59GPQEC3NDDZR,insa,153,review
nfx_080R6TXJJYCBH59GPQEC3NDDZR,insa,155,review
nfx_080R6TXJJYCBH59GPQEC3NDDZR,insa,156,review
nfx_080R6TXJJYCBH59GPQEC3NDDZR,insa,2120000011,review
nfx_080R6TXJJYCBH59GPQEC3NDDZR,insa,307,review
nfx_080R6TXJJYCBH59GPQEC3NDDZR,insa,308,review
nfx_080R6TXJJYCBH59GPQEC3NDDZR,insa,315,review
nfx_080R6TXJJYCBH59GPQEC3NDDZR,insa,321,review
nfx_080R6TXJJYCBH59GPQEC3NDDZR,insa,334,review
nfx_08727GCKPMF6XBRB2X2KHN74PK,ciqual,36023,review
nfx_08727GCKPMF6XBRB2X2KHN74PK,ciqual,36023,review
nfx_08727GCKPMF6XBRB2X2KHN74PK,ciqual,36023,review
nfx_08727GCKPMF6XBRB2X2KHN74PK,insa,13,review
nfx_08727GCKPMF6XBRB2X2KHN74PK,insa,1900000001,review
nfx_08727GCKPMF6XBRB2X2KHN74PK,insa,1900000007,review
nfx_0894K27H7SSGB0K5E745YB6VJV,ciqual,1006,review
nfx_0894K27H7SSGB0K5E745YB6VJV,ciqual,1007,review
nfx_0894K27H7SSGB0K5E745YB6VJV,ciqual,1015,review
nfx_0894K27H7SSGB0K5E745YB6VJV,ciqual,5210,review
nfx_0894K27H7SSGB0K5E745YB6VJV,ciqual,5214,review
nfx_0894K27H7SSGB0K5E745YB6VJV,ciqual,5216,review
nfx_0894K27H7SSGB0K5E745YB6VJV,insa,250022,review
nfx_0894K27H7SSGB0K5E745YB6VJV,insa,250022,review
nfx_0894K27H7SSGB0K5E745YB6VJV,insa,250022,review
nfx_0894K27H7SSGB0K5E745YB6VJV,insa,250022,review
nfx_0894K27H7SSGB0K5E745YB6VJV,insa,250022,review
nfx_0894K27H7SSGB0K5E745YB6VJV,insa,250022,review
nfx_089BJQWBWGGXWQG4JPKC92JKBD,ciqual,20162,review
nfx_089BJQWBWGGXWQG4JPKC92JKBD,ciqual,20162,review
nfx_089BJQWBWGGXWQG4JPKC92JKBD,insa,1900000025,review
nfx_089BJQWBWGGXWQG4JPKC92JKBD,insa,602,review
nfx_08EBM27GNABP4XZHQWYWB3QRP6,ciqual,1034,review
nfx_08EBM27GNABP4XZHQWYWB3QRP6,ciqual,30104,review
nfx_08EBM27GNABP4XZHQWYWB3QRP6,ciqual,30105,review
nfx_08EBM27GNABP4XZHQWYWB3QRP6,ciqual,30125,review
nfx_08EBM27GNABP4XZHQWYWB3QRP6,ciqual,30130,review
nfx_08EBM27GNABP4XZHQWYWB3QRP6,ciqual,30134,automatic
nfx_08EBM27GNABP4XZHQWYWB3QRP6,ciqual,30743,review
nfx_08EBM27GNABP4XZHQWYWB3QRP6,ciqual,30746,review
nfx_08EBM27GNABP4XZHQWYWB3QRP6,ciqual,30780,review
nfx_08EBM27GNABP4XZHQWYWB3QRP6,ciqual,8500,review
nfx_08EBM27GNABP4XZHQWYWB3QRP6,ciqual,8501,review
nfx_08EBM27GNABP4XZHQWYWB3QRP6,ciqual,8504,review
nfx_08EBM27GNABP4XZHQWYWB3QRP6,ciqual,8512,review
nfx_08EBM27GNABP4XZHQWYWB3QRP6,ciqual,8550,review
nfx_08EBM27GNABP4XZHQWYWB3QRP6,ciqual,8552,review
nfx_08EBM27GNABP4XZHQWYWB3QRP6,insa,364,automatic
nfx_08EBM27GNABP4XZHQWYWB3QRP6,insa,364,review
nfx_08EBM27GNABP4XZHQWYWB3QRP6,insa,364,review
nfx_08EBM27GNABP4XZHQWYWB3QRP6,insa,364,review
nfx_08EBM27GNABP4XZHQWYWB3QRP6,insa,364,review
nfx_08EBM27GNABP4XZHQWYWB3QRP6,insa,364,review
nfx_08EBM27GNABP4XZHQWYWB3QRP6,insa,364,review
nfx_08EBM27GNABP4XZHQWYWB3QRP6,insa,364,review
nfx_08EBM27GNABP4XZHQWYWB3QRP6,insa,364,review
nfx_08EBM27GNABP4XZHQWYWB3QRP6,insa,364,review
nfx_08EBM27GNABP4XZHQWYWB3QRP6,insa,364,review
nfx_08EBM27GNABP4XZHQWYWB3QRP6,insa,364,review
nfx_08EBM27GNABP4XZHQWYWB3QRP6,insa,364,review
nfx_08EBM27GNABP4XZHQWYWB3QRP6,insa,364,review
nfx_08EBM27GNABP4XZHQWYWB3QRP6,insa,364,review
nfx_08FFXWGNPZDEW3F9R7C3VSN51B,ciqual,9615,review
nfx_08FFXWGNPZDEW3F9R7C3VSN51B,insa,1900000074,review
nfx_08GM00V2CSSKV2NVB0ZM739GBG,ciqual,27030,review
nfx_08GM00V2CSSKV2NVB0ZM739GBG,insa,872,review
nfx_08K0BD61TJ9ZGMSJKC7G40XAD4,ciqual,11179,review
nfx_08K0BD61TJ9ZGMSJKC7G40XAD4,ciqual,11179,review
nfx_08K0BD61TJ9ZGMSJKC7G40XAD4,ciqual,11179,review
nfx_08K0BD61TJ9ZGMSJKC7G40XAD4,ciqual,11179,review
nfx_08K0BD61TJ9ZGMSJKC7G40XAD4,ciqual,11179,review
nfx_08K0BD61TJ9ZGMSJKC7G40XAD4,ciqual,11179,review
nfx_08K0BD61TJ9ZGMSJKC7G40XAD4,ciqual,11179,review
nfx_08K0BD61TJ9ZGMSJKC7G40XAD4,ciqual,11179,review
nfx_08K0BD61TJ9ZGMSJKC7G40XAD4,insa,1164,review
nfx_08K0BD61TJ9ZGMSJKC7G40XAD4,insa,1211,review
nfx_08K0BD61TJ9ZGMSJKC7G40XAD4,insa,1229,review
nfx_08K0BD61TJ9ZGMSJKC7G40XAD4,insa,2120000007,review
nfx_08K0BD61TJ9ZGMSJKC7G40XAD4,insa,928,review
nfx_08K0BD61TJ9ZGMSJKC7G40XAD4,insa,929,review
nfx_08K0BD61TJ9ZGMSJKC7G40XAD4,insa,932,review
nfx_08K0BD61TJ9ZGMSJKC7G40XAD4,insa,933,review
nfx_08RHSE6M63RAR0G0TBBB0XR5AQ,ciqual,9570,review
nfx_08RHSE6M63RAR0G0TBBB0XR5AQ,ciqual,9570,review
nfx_08RHSE6M63RAR0G0TBBB0XR5AQ,ciqual,9570,review
nfx_08RHSE6M63RAR0G0TBBB0XR5AQ,ciqual,9570,review
nfx_08RHSE6M63RAR0G0TBBB0XR5AQ,ciqual,9570,review
nfx_08RHSE6M63RAR0G0TBBB0XR5AQ,ciqual,9570,review
nfx_08RHSE6M63RAR0G0TBBB0XR5AQ,ciqual,9570,review
nfx_08RHSE6M63RAR0G0TBBB0XR5AQ,ciqual,9570,review
nfx_08RHSE6M63RAR0G0TBBB0XR5AQ,ciqual,9570,review
nfx_08RHSE6M63RAR0G0TBBB0XR5AQ,insa,1900000070,review
nfx_08RHSE6M63RAR0G0TBBB0XR5AQ,insa,1900000071,review
nfx_08RHSE6M63RAR0G0TBBB0XR5AQ,insa,1900000077,review
nfx_08RHSE6M63RAR0G0TBBB0XR5AQ,insa,230003,review
nfx_08RHSE6M63RAR0G0TBBB0XR5AQ,insa,410,review
nfx_08RHSE6M63RAR0G0TBBB0XR5AQ,insa,411,review
nfx_08RHSE6M63RAR0G0TBBB0XR5AQ,insa,414,review
nfx_08RHSE6M63RAR0G0TBBB0XR5AQ,insa,415,review
nfx_08RHSE6M63RAR0G0TBBB0XR5AQ,insa,60100015,review
nfx_08SQZJSV6WFSZBK8XT3N0CGQVF,ciqual,13125,review
nfx_08SQZJSV6WFSZBK8XT3N0CGQVF,ciqual,13410,review
nfx_08SQZJSV6WFSZBK8XT3N0CGQVF,ciqual,23485,review
nfx_08SQZJSV6WFSZBK8XT3N0CGQVF,insa,661,review
nfx_08SQZJSV6WFSZBK8XT3N0CGQVF,insa,661,review
nfx_08SQZJSV6WFSZBK8XT3N0CGQVF,insa,661,review
nfx_08TAVNZVD7ENTWXBQYJ9WMX9PE,ciqual,28473,review
nfx_08TAVNZVD7ENTWXBQYJ9WMX9PE,insa,181,review
nfx_08V0HCQZCMBSFWDXX3GKNBTTXE,ciqual,23022,review
nfx_08V0HCQZCMBSFWDXX3GKNBTTXE,ciqual,23022,review
nfx_08V0HCQZCMBSFWDXX3GKNBTTXE,ciqual,23022,review
nfx_08V0HCQZCMBSFWDXX3GKNBTTXE,ciqual,23022,review
nfx_08V0HCQZCMBSFWDXX3GKNBTTXE,ciqual,23022,review
nfx_08V0HCQZCMBSFWDXX3GKNBTTXE,ciqual,23022,review
nfx_08V0HCQZCMBSFWDXX3GKNBTTXE,ciqual,23022,review
nfx_08V0HCQZCMBSFWDXX3GKNBTTXE,insa,473,review
nfx_08V0HCQZCMBSFWDXX3GKNBTTXE,insa,474,review
nfx_08V0HCQZCMBSFWDXX3GKNBTTXE,insa,475,review
nfx_08V0HCQZCMBSFWDXX3GKNBTTXE,insa,476,review
nfx_08V0HCQZCMBSFWDXX3GKNBTTXE,insa,477,review
nfx_08V0HCQZCMBSFWDXX3GKNBTTXE,insa,478,review
nfx_08V0HCQZCMBSFWDXX3GKNBTTXE,insa,479,review
nfx_096K9M6Y4DXTKJDAPN9DTSAXMS,ciqual,23425,review
nfx_096K9M6Y4DXTKJDAPN9DTSAXMS,insa,1209,review
nfx_09GTEMD72VWG0Y9AHYNNHV77F8,ciqual,26696,review
nfx_09GTEMD72VWG0Y9AHYNNHV77F8,ciqual,26696,review
nfx_09GTEMD72VWG0Y9AHYNNHV77F8,ciqual,26696,review
nfx_09GTEMD72VWG0Y9AHYNNHV77F8,insa,876,review
nfx_09GTEMD72VWG0Y9AHYNNHV77F8,insa,877,review
nfx_09GTEMD72VWG0Y9AHYNNHV77F8,insa,878,review
nfx_09JSRBY8PFWQVH3R55SYS8JDXG,ciqual,12049,review
nfx_09JSRBY8PFWQVH3R55SYS8JDXG,ciqual,12049,review
nfx_09JSRBY8PFWQVH3R55SYS8JDXG,ciqual,12049,review
nfx_09JSRBY8PFWQVH3R55SYS8JDXG,ciqual,12049,review
nfx_09JSRBY8PFWQVH3R55SYS8JDXG,ciqual,12049,review
nfx_09JSRBY8PFWQVH3R55SYS8JDXG,ciqual,12049,review
nfx_09JSRBY8PFWQVH3R55SYS8JDXG,ciqual,12049,review
nfx_09JSRBY8PFWQVH3R55SYS8JDXG,ciqual,12049,review
nfx_09JSRBY8PFWQVH3R55SYS8JDXG,ciqual,12049,review
nfx_09JSRBY8PFWQVH3R55SYS8JDXG,ciqual,12049,review
nfx_09JSRBY8PFWQVH3R55SYS8JDXG,ciqual,12049,review
nfx_09JSRBY8PFWQVH3R55SYS8JDXG,ciqual,12049,review
nfx_09JSRBY8PFWQVH3R55SYS8JDXG,ciqual,12049,review
nfx_09JSRBY8PFWQVH3R55SYS8JDXG,ciqual,12049,review
nfx_09JSRBY8PFWQVH3R55SYS8JDXG,ciqual,12049,review
nfx_09JSRBY8PFWQVH3R55SYS8JDXG,ciqual,12049,review
nfx_09JSRBY8PFWQVH3R55SYS8JDXG,ciqual,12049,review
nfx_09JSRBY8PFWQVH3R55SYS8JDXG,ciqual,12049,review
nfx_09JSRBY8PFWQVH3R55SYS8JDXG,insa,220006,review
nfx_09JSRBY8PFWQVH3R55SYS8JDXG,insa,220008,review
nfx_09JSRBY8PFWQVH3R55SYS8JDXG,insa,220009,review
nfx_09JSRBY8PFWQVH3R55SYS8JDXG,insa,220010,review
nfx_09JSRBY8PFWQVH3R55SYS8JDXG,insa,220019,review
nfx_09JSRBY8PFWQVH3R55SYS8JDXG,insa,34,review
nfx_09JSRBY8PFWQVH3R55SYS8JDXG,insa,35,review
nfx_09JSRBY8PFWQVH3R55SYS8JDXG,insa,36,review
nfx_09JSRBY8PFWQVH3R55SYS8JDXG,insa,37,review
nfx_09JSRBY8PFWQVH3R55SYS8JDXG,insa,38,review
nfx_09JSRBY8PFWQVH3R55SYS8JDXG,insa,40,review
nfx_09JSRBY8PFWQVH3R55SYS8JDXG,insa,41,review
nfx_09JSRBY8PFWQVH3R55SYS8JDXG,insa,47,review
nfx_09JSRBY8PFWQVH3R55SYS8JDXG,insa,50800024,review
nfx_09JSRBY8PFWQVH3R55SYS8JDXG,insa,50800032,review
nfx_09JSRBY8PFWQVH3R55SYS8JDXG,insa,53,review
nfx_09JSRBY8PFWQVH3R55SYS8JDXG,insa,54,review
nfx_09JSRBY8PFWQVH3R55SYS8JDXG,insa,55,review
nfx_09P2KK21P03VQRR8ZZ4B5B8FRV,ciqual,37002,review
nfx_09P2KK21P03VQRR8ZZ4B5B8FRV,insa,932,review
nfx_09QYK1MQ3RHDF76F8ECHTSJVXR,ciqual,23937,review
nfx_09QYK1MQ3RHDF76F8ECHTSJVXR,ciqual,23937,review
nfx_09QYK1MQ3RHDF76F8ECHTSJVXR,ciqual,23937,review
nfx_09QYK1MQ3RHDF76F8ECHTSJVXR,insa,477,review
nfx_09QYK1MQ3RHDF76F8ECHTSJVXR,insa,478,review
nfx_09QYK1MQ3RHDF76F8ECHTSJVXR,insa,479,review
nfx_09R9CZ0K353VHC6G774Y5Z94CT,ciqual,20169,review
nfx_09R9CZ0K353VHC6G774Y5Z94CT,insa,616,review
nfx_09SFSYRRJF00KCF7BH79MZM3KR,ciqual,8305,review
nfx_09SFSYRRJF00KCF7BH79MZM3KR,ciqual,8305,review
nfx_09SFSYRRJF00KCF7BH79MZM3KR,ciqual,8305,review
nfx_09SFSYRRJF00KCF7BH79MZM3KR,ciqual,8305,review
nfx_09SFSYRRJF00KCF7BH79MZM3KR,ciqual,8305,review
nfx_09SFSYRRJF00KCF7BH79MZM3KR,ciqual,8305,review
nfx_09SFSYRRJF00KCF7BH79MZM3KR,insa,2120000010,review
nfx_09SFSYRRJF00KCF7BH79MZM3KR,insa,2120000011,review
nfx_09SFSYRRJF00KCF7BH79MZM3KR,insa,321,review
nfx_09SFSYRRJF00KCF7BH79MZM3KR,insa,322,review
nfx_09SFSYRRJF00KCF7BH79MZM3KR,insa,337,review
nfx_09SFSYRRJF00KCF7BH79MZM3KR,insa,355,review
nfx_09VGPPYW760FFZQ56W6A1KHD6M,ciqual,2035,review
nfx_09VGPPYW760FFZQ56W6A1KHD6M,ciqual,2035,review
nfx_09VGPPYW760FFZQ56W6A1KHD6M,ciqual,2035,review
nfx_09VGPPYW760FFZQ56W6A1KHD6M,ciqual,2035,review
nfx_09VGPPYW760FFZQ56W6A1KHD6M,ciqual,2035,review
nfx_09VGPPYW760FFZQ56W6A1KHD6M,insa,617,review
nfx_09VGPPYW760FFZQ56W6A1KHD6M,insa,736,review
nfx_09VGPPYW760FFZQ56W6A1KHD6M,insa,740,review
nfx_09VGPPYW760FFZQ56W6A1KHD6M,insa,745,review
nfx_09VGPPYW760FFZQ56W6A1KHD6M,insa,747,review
nfx_09W5ACD59EQWAKVSNW5T33ND0E,ciqual,21525,review
nfx_09W5ACD59EQWAKVSNW5T33ND0E,insa,96,review
nfx_0A6E6T0AHMZW3TVT94H8TBTX6C,ciqual,24654,review
nfx_0A6E6T0AHMZW3TVT94H8TBTX6C,ciqual,24654,review
nfx_0A6E6T0AHMZW3TVT94H8TBTX6C,insa,462,review
nfx_0A6E6T0AHMZW3TVT94H8TBTX6C,insa,465,review
nfx_0AFKMBW3F1VM6TSNZ3QN8EYYCN,ciqual,9410,review
nfx_0AFKMBW3F1VM6TSNZ3QN8EYYCN,ciqual,9415,review
nfx_0AFKMBW3F1VM6TSNZ3QN8EYYCN,ciqual,9445,review
nfx_0AFKMBW3F1VM6TSNZ3QN8EYYCN,ciqual,9520,review
nfx_0AFKMBW3F1VM6TSNZ3QN8EYYCN,ciqual,9530,review
nfx_0AFKMBW3F1VM6TSNZ3QN8EYYCN,ciqual,9532,review
nfx_0AFKMBW3F1VM6TSNZ3QN8EYYCN,ciqual,9533,review
nfx_0AFKMBW3F1VM6TSNZ3QN8EYYCN,ciqual,9540,review
nfx_0AFKMBW3F1VM6TSNZ3QN8EYYCN,ciqual,9545,review
nfx_0AFKMBW3F1VM6TSNZ3QN8EYYCN,insa,410,review
nfx_0AFKMBW3F1VM6TSNZ3QN8EYYCN,insa,410,review
nfx_0AFKMBW3F1VM6TSNZ3QN8EYYCN,insa,410,review
nfx_0AFKMBW3F1VM6TSNZ3QN8EYYCN,insa,410,review
nfx_0AFKMBW3F1VM6TSNZ3QN8EYYCN,insa,410,review
nfx_0AFKMBW3F1VM6TSNZ3QN8EYYCN,insa,410,review
nfx_0AFKMBW3F1VM6TSNZ3QN8EYYCN,insa,410,review
nfx_0AFKMBW3F1VM6TSNZ3QN8EYYCN,insa,410,review
nfx_0AFKMBW3F1VM6TSNZ3QN8EYYCN,insa,410,review
nfx_0AH66XX20BGE6GHXWAQ4BJWJBG,ciqual,6530,automatic
nfx_0AH66XX20BGE6GHXWAQ4BJWJBG,ciqual,6530,review
nfx_0AH66XX20BGE6GHXWAQ4BJWJBG,ciqual,6530,review
nfx_0AH66XX20BGE6GHXWAQ4BJWJBG,ciqual,6530,review
nfx_0AH66XX20BGE6GHXWAQ4BJWJBG,ciqual,6530,review
nfx_0AH66XX20BGE6GHXWAQ4BJWJBG,ciqual,6530,review
nfx_0AH66XX20BGE6GHXWAQ4BJWJBG,ciqual,6530,review
nfx_0AH66XX20BGE6GHXWAQ4BJWJBG,ciqual,6530,review
nfx_0AH66XX20BGE6GHXWAQ4BJWJBG,ciqual,6530,review
nfx_0AH66XX20BGE6GHXWAQ4BJWJBG,ciqual,6530,review
nfx_0AH66XX20BGE6GHXWAQ4BJWJBG,ciqual,6530,review
nfx_0AH66XX20BGE6GHXWAQ4BJWJBG,ciqual,6530,review
nfx_0AH66XX20BGE6GHXWAQ4BJWJBG,ciqual,6530,review
nfx_0AH66XX20BGE6GHXWAQ4BJWJBG,insa,142,review
nfx_0AH66XX20BGE6GHXWAQ4BJWJBG,insa,153,review
nfx_0AH66XX20BGE6GHXWAQ4BJWJBG,insa,195,review
nfx_0AH66XX20BGE6GHXWAQ4BJWJBG,insa,2120000004,review
nfx_0AH66XX20BGE6GHXWAQ4BJWJBG,insa,2120000005,review
nfx_0AH66XX20BGE6GHXWAQ4BJWJBG,insa,2120000006,review
nfx_0AH66XX20BGE6GHXWAQ4BJWJBG,insa,222,automatic
nfx_0AH66XX20BGE6GHXWAQ4BJWJBG,insa,223,review
nfx_0AH66XX20BGE6GHXWAQ4BJWJBG,insa,224,review
nfx_0AH66XX20BGE6GHXWAQ4BJWJBG,insa,234,review
nfx_0AH66XX20BGE6GHXWAQ4BJWJBG,insa,236,review
nfx_0AH66XX20BGE6GHXWAQ4BJWJBG,insa,320,review
nfx_0AH66XX20BGE6GHXWAQ4BJWJBG,insa,326,review
nfx_0AKVKVTP24WHT5SM5GDFTNA3AC,ciqual,30732,review
nfx_0AKVKVTP24WHT5SM5GDFTNA3AC,ciqual,30732,review
nfx_0AKVKVTP24WHT5SM5GDFTNA3AC,insa,2120000010,review
nfx_0AKVKVTP24WHT5SM5GDFTNA3AC,insa,2120000011,review
nfx_0AMXE57J9625JFY1M9SG5BVCBR,ciqual,15054,review
nfx_0AMXE57J9625JFY1M9SG5BVCBR,insa,1900000052,review
nfx_0ASY7KNQDNBJEG14D9Z9K7TMJ1,ciqual,18003,review
nfx_0ASY7KNQDNBJEG14D9Z9K7TMJ1,ciqual,18004,review
nfx_0ASY7KNQDNBJEG14D9Z9K7TMJ1,ciqual,18005,automatic
nfx_0ASY7KNQDNBJEG14D9Z9K7TMJ1,ciqual,18069,review
nfx_0ASY7KNQDNBJEG14D9Z9K7TMJ1,ciqual,18071,review
nfx_0ASY7KNQDNBJEG14D9Z9K7TMJ1,ciqual,18073,review
nfx_0ASY7KNQDNBJEG14D9Z9K7TMJ1,ciqual,18150,review
nfx_0ASY7KNQDNBJEG14D9Z9K7TMJ1,ciqual,18160,review
nfx_0ASY7KNQDNBJEG14D9Z9K7TMJ1,ciqual,18163,review
nfx_0ASY7KNQDNBJEG14D9Z9K7TMJ1,insa,771,automatic
nfx_0ASY7KNQDNBJEG14D9Z9K7TMJ1,insa,771,review
nfx_0ASY7KNQDNBJEG14D9Z9K7TMJ1,insa,771,review
nfx_0ASY7KNQDNBJEG14D9Z9K7TMJ1,insa,771,review
nfx_0ASY7KNQDNBJEG14D9Z9K7TMJ1,insa,771,review
nfx_0ASY7KNQDNBJEG14D9Z9K7TMJ1,insa,771,review
nfx_0ASY7KNQDNBJEG14D9Z9K7TMJ1,insa,771,review
nfx_0ASY7KNQDNBJEG14D9Z9K7TMJ1,insa,771,review
nfx_0ASY7KNQDNBJEG14D9Z9K7TMJ1,insa,771,review
nfx_0AVK5W7ZNK0PKBSJ12T8GDX4TE,ciqual,11158,review
nfx_0AVK5W7ZNK0PKBSJ12T8GDX4TE,ciqual,11158,review
nfx_0AVK5W7ZNK0PKBSJ12T8GDX4TE,insa,928,review
nfx_0AVK5W7ZNK0PKBSJ12T8GDX4TE,insa,934,review
nfx_0AWW0SS40SXP3VCVDMB76N5G07,ciqual,12726,review
nfx_0AWW0SS40SXP3VCVDMB76N5G07,insa,50800016,review
nfx_0B7CCPN7WYDAFGATHVFS8KS7X4,ciqual,18009,review
nfx_0B7CCPN7WYDAFGATHVFS8KS7X4,ciqual,18044,review
nfx_0B7CCPN7WYDAFGATHVFS8KS7X4,ciqual,18045,review
nfx_0B7CCPN7WYDAFGATHVFS8KS7X4,ciqual,18046,review
nfx_0B7CCPN7WYDAFGATHVFS8KS7X4,ciqual,76000,review
nfx_0B7CCPN7WYDAFGATHVFS8KS7X4,ciqual,76001,review
nfx_0B7CCPN7WYDAFGATHVFS8KS7X4,ciqual,76002,review
nfx_0B7CCPN7WYDAFGATHVFS8KS7X4,ciqual,76004,review
nfx_0B7CCPN7WYDAFGATHVFS8KS7X4,ciqual,76006,review
nfx_0B7CCPN7WYDAFGATHVFS8KS7X4,ciqual,76007,review
nfx_0B7CCPN7WYDAFGATHVFS8KS7X4,ciqual,76011,review
nfx_0B7CCPN7WYDAFGATHVFS8KS7X4,ciqual,76012,review
nfx_0B7CCPN7WYDAFGATHVFS8KS7X4,ciqual,76013,review
nfx_0B7CCPN7WYDAFGATHVFS8KS7X4,ciqual,76014,review
nfx_0B7CCPN7WYDAFGATHVFS8KS7X4,ciqual,76015,review
nfx_0B7CCPN7WYDAFGATHVFS8KS7X4,ciqual,76016,review
nfx_0B7CCPN7WYDAFGATHVFS8KS7X4,ciqual,76017,review
nfx_0B7CCPN7WYDAFGATHVFS8KS7X4,ciqual,76018,review
nfx_0B7CCPN7WYDAFGATHVFS8KS7X4,ciqual,76019,review
nfx_0B7CCPN7WYDAFGATHVFS8KS7X4,ciqual,76020,review
nfx_0B7CCPN7WYDAFGATHVFS8KS7X4,ciqual,76022,review
nfx_0B7CCPN7WYDAFGATHVFS8KS7X4,ciqual,76024,review
nfx_0B7CCPN7WYDAFGATHVFS8KS7X4,ciqual,76025,review
nfx_0B7CCPN7WYDAFGATHVFS8KS7X4,ciqual,76027,review
nfx_0B7CCPN7WYDAFGATHVFS8KS7X4,ciqual,76029,review
nfx_0B7CCPN7WYDAFGATHVFS8KS7X4,ciqual,76031,review
nfx_0B7CCPN7WYDAFGATHVFS8KS7X4,ciqual,76032,review
nfx_0B7CCPN7WYDAFGATHVFS8KS7X4,ciqual,76033,review
nfx_0B7CCPN7WYDAFGATHVFS8KS7X4,ciqual,76035,review
nfx_0B7CCPN7WYDAFGATHVFS8KS7X4,ciqual,76036,review
nfx_0B7CCPN7WYDAFGATHVFS8KS7X4,ciqual,76037,review
nfx_0B7CCPN7WYDAFGATHVFS8KS7X4,ciqual,76038,review
nfx_0B7CCPN7WYDAFGATHVFS8KS7X4,ciqual,76043,review
nfx_0B7CCPN7WYDAFGATHVFS8KS7X4,ciqual,76044,review
nfx_0B7CCPN7WYDAFGATHVFS8KS7X4,ciqual,76047,review
nfx_0B7CCPN7WYDAFGATHVFS8KS7X4,ciqual,76049,review
nfx_0B7CCPN7WYDAFGATHVFS8KS7X4,ciqual,76050,review
nfx_0B7CCPN7WYDAFGATHVFS8KS7X4,ciqual,76052,review
nfx_0B7CCPN7WYDAFGATHVFS8KS7X4,ciqual,76053,review
nfx_0B7CCPN7WYDAFGATHVFS8KS7X4,ciqual,76054,review
nfx_0B7CCPN7WYDAFGATHVFS8KS7X4,ciqual,76055,review
nfx_0B7CCPN7WYDAFGATHVFS8KS7X4,ciqual,76056,review
nfx_0B7CCPN7WYDAFGATHVFS8KS7X4,ciqual,76057,review
nfx_0B7CCPN7WYDAFGATHVFS8KS7X4,ciqual,76058,review
nfx_0B7CCPN7WYDAFGATHVFS8KS7X4,ciqual,76059,review
nfx_0B7CCPN7WYDAFGATHVFS8KS7X4,ciqual,76060,review
nfx_0B7CCPN7WYDAFGATHVFS8KS7X4,ciqual,76061,review
nfx_0B7CCPN7WYDAFGATHVFS8KS7X4,ciqual,76062,review
nfx_0B7CCPN7WYDAFGATHVFS8KS7X4,ciqual,76063,review
nfx_0B7CCPN7WYDAFGATHVFS8KS7X4,ciqual,76065,review
nfx_0B7CCPN7WYDAFGATHVFS8KS7X4,ciqual,76066,review
nfx_0B7CCPN7WYDAFGATHVFS8KS7X4,ciqual,76067,review
nfx_0B7CCPN7WYDAFGATHVFS8KS7X4,ciqual,76069,review
nfx_0B7CCPN7WYDAFGATHVFS8KS7X4,ciqual,76070,review
nfx_0B7CCPN7WYDAFGATHVFS8KS7X4,ciqual,76071,review
nfx_0B7CCPN7WYDAFGATHVFS8KS7X4,ciqual,76072,review
nfx_0B7CCPN7WYDAFGATHVFS8KS7X4,ciqual,76074,review
nfx_0B7CCPN7WYDAFGATHVFS8KS7X4,ciqual,76075,review
nfx_0B7CCPN7WYDAFGATHVFS8KS7X4,ciqual,76076,review
nfx_0B7CCPN7WYDAFGATHVFS8KS7X4,ciqual,76078,review
nfx_0B7CCPN7WYDAFGATHVFS8KS7X4,ciqual,76079,review
nfx_0B7CCPN7WYDAFGATHVFS8KS7X4,ciqual,76081,review
nfx_0B7CCPN7WYDAFGATHVFS8KS7X4,ciqual,76082,review
nfx_0B7CCPN7WYDAFGATHVFS8KS7X4,ciqual,76083,review
nfx_0B7CCPN7WYDAFGATHVFS8KS7X4,ciqual,76085,review
nfx_0B7CCPN7WYDAFGATHVFS8KS7X4,ciqual,76086,review
nfx_0B7CCPN7WYDAFGATHVFS8KS7X4,ciqual,76087,review
nfx_0B7CCPN7WYDAFGATHVFS8KS7X4,ciqual,76088,review
nfx_0B7CCPN7WYDAFGATHVFS8KS7X4,ciqual,76089,review
nfx_0B7CCPN7WYDAFGATHVFS8KS7X4,ciqual,76090,review
nfx_0B7CCPN7WYDAFGATHVFS8KS7X4,ciqual,76092,review
nfx_0B7CCPN7WYDAFGATHVFS8KS7X4,ciqual,76093,review
nfx_0B7CCPN7WYDAFGATHVFS8KS7X4,ciqual,76095,review
nfx_0B7CCPN7WYDAFGATHVFS8KS7X4,ciqual,76096,review
nfx_0B7CCPN7WYDAFGATHVFS8KS7X4,ciqual,76097,review
nfx_0B7CCPN7WYDAFGATHVFS8KS7X4,ciqual,76101,review
nfx_0B7CCPN7WYDAFGATHVFS8KS7X4,ciqual,76102,review
nfx_0B7CCPN7WYDAFGATHVFS8KS7X4,insa,4,review
nfx_0B7CCPN7WYDAFGATHVFS8KS7X4,insa,4,review
nfx_0B7CCPN7WYDAFGATHVFS8KS7X4,insa,4,review
nfx_0B7CCPN7WYDAFGATHVFS8KS7X4,insa,4,review
nfx_0B7CCPN7WYDAFGATHVFS8KS7X4,insa,4,review
nfx_0B7CCPN7WYDAFGATHVFS8KS7X4,insa,4,review
nfx_0B7CCPN7WYDAFGATHVFS8KS7X4,insa,4,review
nfx_0B7CCPN7WYDAFGATHVFS8KS7X4,insa,4,review
nfx_0B7CCPN7WYDAFGATHVFS8KS7X4,insa,4,review
nfx_0B7CCPN7WYDAFGATHVFS8KS7X4,insa,4,review
nfx_0B7CCPN7WYDAFGATHVFS8KS7X4,insa,4,review
nfx_0B7CCPN7WYDAFGATHVFS8KS7X4,insa,4,review
nfx_0B7CCPN7WYDAFGATHVFS8KS7X4,insa,4,review
nfx_0B7CCPN7WYDAFGATHVFS8KS7X4,insa,4,review
nfx_0B7CCPN7WYDAFGATHVFS8KS7X4,insa,4,review
nfx_0B7CCPN7WYDAFGATHVFS8KS7X4,insa,4,review
nfx_0B7CCPN7WYDAFGATHVFS8KS7X4,insa,4,review
nfx_0B7CCPN7WYDAFGATHVFS8KS7X4,insa,4,review
nfx_0B7CCPN7WYDAFGATHVFS8KS7X4,insa,4,review
nfx_0B7CCPN7WYDAFGATHVFS8KS7X4,insa,4,review
nfx_0B7CCPN7WYDAFGATHVFS8KS7X4,insa,4,review
nfx_0B7CCPN7WYDAFGATHVFS8KS7X4,insa,4,review
nfx_0B7CCPN7WYDAFGATHVFS8KS7X4,insa,4,review
nfx_0B7CCPN7WYDAFGATHVFS8KS7X4,insa,4,review
nfx_0B7CCPN7WYDAFGATHVFS8KS7X4,insa,4,review
nfx_0B7CCPN7WYDAFGATHVFS8KS7X4,insa,4,review
nfx_0B7CCPN7WYDAFGATHVFS8KS7X4,insa,4,review
nfx_0B7CCPN7WYDAFGATHVFS8KS7X4,insa,4,review
nfx_0B7CCPN7WYDAFGATHVFS8KS7X4,insa,4,review
nfx_0B7CCPN7WYDAFGATHVFS8KS7X4,insa,4,review
nfx_0B7CCPN7WYDAFGATHVFS8KS7X4,insa,4,review
nfx_0B7CCPN7WYDAFGATHVFS8KS7X4,insa,4,review
nfx_0B7CCPN7WYDAFGATHVFS8KS7X4,insa,4,review
nfx_0B7CCPN7WYDAFGATHVFS8KS7X4,insa,4,review
nfx_0B7CCPN7WYDAFGATHVFS8KS7X4,insa,4,review
nfx_0B7CCPN7WYDAFGATHVFS8KS7X4,insa,4,review
nfx_0B7CCPN7WYDAFGATHVFS8KS7X4,insa,4,review
nfx_0B7CCPN7WYDAFGATHVFS8KS7X4,insa,4,review
nfx_0B7CCPN7WYDAFGATHVFS8KS7X4,insa,4,review
nfx_0B7CCPN7WYDAFGATHVFS8KS7X4,insa,4,review
nfx_0B7CCPN7WYDAFGATHVFS8KS7X4,insa,4,review
nfx_0B7CCPN7WYDAFGATHVFS8KS7X4,insa,4,review
nfx_0B7CCPN7WYDAFGATHVFS8KS7X4,insa,4,review
nfx_0B7CCPN7WYDAFGATHVFS8KS7X4,insa,4,review
nfx_0B7CCPN7WYDAFGATHVFS8KS7X4,insa,4,review
nfx_0B7CCPN7WYDAFGATHVFS8KS7X4,insa,4,review
nfx_0B7CCPN7WYDAFGATHVFS8KS7X4,insa,4,review
nfx_0B7CCPN7WYDAFGATHVFS8KS7X4,insa,4,review
nfx_0B7CCPN7WYDAFGATHVFS8KS7X4,insa,4,review
nfx_0B7CCPN7WYDAFGATHVFS8KS7X4,insa,4,review
nfx_0B7CCPN7WYDAFGATHVFS8KS7X4,insa,4,review
nfx_0B7CCPN7WYDAFGATHVFS8KS7X4,insa,4,review
nfx_0B7CCPN7WYDAFGATHVFS8KS7X4,insa,4,review
nfx_0B7CCPN7WYDAFGATHVFS8KS7X4,insa,4,review
nfx_0B7CCPN7WYDAFGATHVFS8KS7X4,insa,4,review
nfx_0B7CCPN7WYDAFGATHVFS8KS7X4,insa,4,review
nfx_0B7CCPN7WYDAFGATHVFS8KS7X4,insa,4,review
nfx_0B7CCPN7WYDAFGATHVFS8KS7X4,insa,4,review
nfx_0B7CCPN7WYDAFGATHVFS8KS7X4,insa,4,review
nfx_0B7CCPN7WYDAFGATHVFS8KS7X4,insa,4,review
nfx_0B7CCPN7WYDAFGATHVFS8KS7X4,insa,4,review
nfx_0B7CCPN7WYDAFGATHVFS8KS7X4,insa,4,review
nfx_0B7CCPN7WYDAFGATHVFS8KS7X4,insa,4,review
nfx_0B7CCPN7WYDAFGATHVFS8KS7X4,insa,4,review
nfx_0B7CCPN7WYDAFGATHVFS8KS7X4,insa,4,review
nfx_0B7CCPN7WYDAFGATHVFS8KS7X4,insa,4,review
nfx_0B7CCPN7WYDAFGATHVFS8KS7X4,insa,4,review
nfx_0B7CCPN7WYDAFGATHVFS8KS7X4,insa,4,review
nfx_0B7CCPN7WYDAFGATHVFS8KS7X4,insa,4,review
nfx_0B7CCPN7WYDAFGATHVFS8KS7X4,insa,4,review
nfx_0B7CCPN7WYDAFGATHVFS8KS7X4,insa,4,review
nfx_0B7CCPN7WYDAFGATHVFS8KS7X4,insa,4,review
nfx_0B7CCPN7WYDAFGATHVFS8KS7X4,insa,4,review
nfx_0B7CCPN7WYDAFGATHVFS8KS7X4,insa,4,review
nfx_0B7CCPN7WYDAFGATHVFS8KS7X4,insa,4,review
nfx_0B7CCPN7WYDAFGATHVFS8KS7X4,insa,4,review
nfx_0B7CCPN7WYDAFGATHVFS8KS7X4,insa,4,review
nfx_0BCBAPXNQ6MFWC4K8KVDCAXXE7,ciqual,26248,review
nfx_0BCBAPXNQ6MFWC4K8KVDCAXXE7,insa,846,review
nfx_0BRP5GEWJ063ZXB0K08A43PYNF,ciqual,22050,automatic
nfx_0BRP5GEWJ063ZXB0K08A43PYNF,ciqual,22050,review
nfx_0BRP5GEWJ063ZXB0K08A43PYNF,ciqual,22050,review
nfx_0BRP5GEWJ063ZXB0K08A43PYNF,insa,1900000057,automatic
nfx_0BRP5GEWJ063ZXB0K08A43PYNF,insa,83,review
nfx_0BRP5GEWJ063ZXB0K08A43PYNF,insa,85,review
nfx_0BT1MHAXPNVJGQ3F4SGZNP2ZQY,ciqual,19675,review
nfx_0BT1MHAXPNVJGQ3F4SGZNP2ZQY,ciqual,19675,review
nfx_0BT1MHAXPNVJGQ3F4SGZNP2ZQY,ciqual,19675,review
nfx_0BT1MHAXPNVJGQ3F4SGZNP2ZQY,insa,1920000005,review
nfx_0BT1MHAXPNVJGQ3F4SGZNP2ZQY,insa,1920000012,review
nfx_0BT1MHAXPNVJGQ3F4SGZNP2ZQY,insa,1920000015,review
nfx_0C0NVKYN5KJX0SEQMFMYB7TD3Z,ciqual,24300,review
nfx_0C0NVKYN5KJX0SEQMFMYB7TD3Z,ciqual,24300,review
nfx_0C0NVKYN5KJX0SEQMFMYB7TD3Z,ciqual,24300,review
nfx_0C0NVKYN5KJX0SEQMFMYB7TD3Z,ciqual,24300,review
nfx_0C0NVKYN5KJX0SEQMFMYB7TD3Z,ciqual,24300,review
nfx_0C0NVKYN5KJX0SEQMFMYB7TD3Z,ciqual,24300,review
nfx_0C0NVKYN5KJX0SEQMFMYB7TD3Z,ciqual,24300,review
nfx_0C0NVKYN5KJX0SEQMFMYB7TD3Z,ciqual,24300,review
nfx_0C0NVKYN5KJX0SEQMFMYB7TD3Z,ciqual,24300,review
nfx_0C0NVKYN5KJX0SEQMFMYB7TD3Z,ciqual,24300,review
nfx_0C0NVKYN5KJX0SEQMFMYB7TD3Z,ciqual,24300,review
nfx_0C0NVKYN5KJX0SEQMFMYB7TD3Z,ciqual,24300,review
nfx_0C0NVKYN5KJX0SEQMFMYB7TD3Z,ciqual,24300,review
nfx_0C0NVKYN5KJX0SEQMFMYB7TD3Z,ciqual,24300,review
nfx_0C0NVKYN5KJX0SEQMFMYB7TD3Z,insa,455,review
nfx_0C0NVKYN5KJX0SEQMFMYB7TD3Z,insa,456,review
nfx_0C0NVKYN5KJX0SEQMFMYB7TD3Z,insa,458,review
nfx_0C0NVKYN5KJX0SEQMFMYB7TD3Z,insa,459,review
nfx_0C0NVKYN5KJX0SEQMFMYB7TD3Z,insa,460,review
nfx_0C0NVKYN5KJX0SEQMFMYB7TD3Z,insa,462,review
nfx_0C0NVKYN5KJX0SEQMFMYB7TD3Z,insa,463,review
nfx_0C0NVKYN5KJX0SEQMFMYB7TD3Z,insa,464,review
nfx_0C0NVKYN5KJX0SEQMFMYB7TD3Z,insa,465,review
nfx_0C0NVKYN5KJX0SEQMFMYB7TD3Z,insa,466,review
nfx_0C0NVKYN5KJX0SEQMFMYB7TD3Z,insa,468,review
nfx_0C0NVKYN5KJX0SEQMFMYB7TD3Z,insa,469,review
nfx_0C0NVKYN5KJX0SEQMFMYB7TD3Z,insa,470,review
nfx_0C0NVKYN5KJX0SEQMFMYB7TD3Z,insa,474,review
nfx_0C4HMG6EDSARQ5VG65NG6MMMCC,ciqual,8000,review
nfx_0C4HMG6EDSARQ5VG65NG6MMMCC,ciqual,8000,review
nfx_0C4HMG6EDSARQ5VG65NG6MMMCC,ciqual,8000,review
nfx_0C4HMG6EDSARQ5VG65NG6MMMCC,ciqual,8000,review
nfx_0C4HMG6EDSARQ5VG65NG6MMMCC,ciqual,8000,review
nfx_0C4HMG6EDSARQ5VG65NG6MMMCC,ciqual,8000,review
nfx_0C4HMG6EDSARQ5VG65NG6MMMCC,ciqual,8000,review
nfx_0C4HMG6EDSARQ5VG65NG6MMMCC,ciqual,8000,review
nfx_0C4HMG6EDSARQ5VG65NG6MMMCC,insa,1035,review
nfx_0C4HMG6EDSARQ5VG65NG6MMMCC,insa,1216,review
nfx_0C4HMG6EDSARQ5VG65NG6MMMCC,insa,1217,review
nfx_0C4HMG6EDSARQ5VG65NG6MMMCC,insa,1222,review
nfx_0C4HMG6EDSARQ5VG65NG6MMMCC,insa,1231,review
nfx_0C4HMG6EDSARQ5VG65NG6MMMCC,insa,2120000010,review
nfx_0C4HMG6EDSARQ5VG65NG6MMMCC,insa,2120000011,review
nfx_0C4HMG6EDSARQ5VG65NG6MMMCC,insa,355,review
nfx_0C9KJVNE0X04JRXK2D109WJ6GJ,ciqual,22000,review
nfx_0C9KJVNE0X04JRXK2D109WJ6GJ,ciqual,22001,review
nfx_0C9KJVNE0X04JRXK2D109WJ6GJ,ciqual,22002,review
nfx_0C9KJVNE0X04JRXK2D109WJ6GJ,ciqual,22060,review
nfx_0C9KJVNE0X04JRXK2D109WJ6GJ,ciqual,22070,review
nfx_0C9KJVNE0X04JRXK2D109WJ6GJ,ciqual,22080,review
nfx_0C9KJVNE0X04JRXK2D109WJ6GJ,insa,85,review
nfx_0C9KJVNE0X04JRXK2D109WJ6GJ,insa,85,review
nfx_0C9KJVNE0X04JRXK2D109WJ6GJ,insa,85,review
nfx_0C9KJVNE0X04JRXK2D109WJ6GJ,insa,85,review
nfx_0C9KJVNE0X04JRXK2D109WJ6GJ,insa,85,review
nfx_0C9KJVNE0X04JRXK2D109WJ6GJ,insa,85,review
nfx_0CACGWASN09W5YETX9XY4XFHF2,ciqual,25647,review
nfx_0CACGWASN09W5YETX9XY4XFHF2,ciqual,36008,review
nfx_0CACGWASN09W5YETX9XY4XFHF2,ciqual,36016,review
nfx_0CACGWASN09W5YETX9XY4XFHF2,ciqual,40700,review
nfx_0CACGWASN09W5YETX9XY4XFHF2,insa,13,review
nfx_0CACGWASN09W5YETX9XY4XFHF2,insa,13,review
nfx_0CACGWASN09W5YETX9XY4XFHF2,insa,13,review
nfx_0CACGWASN09W5YETX9XY4XFHF2,insa,13,review
nfx_0CANFPX3V68HVF7EMC1PDNHDJ4,ciqual,15048,review
nfx_0CANFPX3V68HVF7EMC1PDNHDJ4,ciqual,15048,review
nfx_0CANFPX3V68HVF7EMC1PDNHDJ4,ciqual,15048,review
nfx_0CANFPX3V68HVF7EMC1PDNHDJ4,insa,1900000036,review
nfx_0CANFPX3V68HVF7EMC1PDNHDJ4,insa,1900000038,review
nfx_0CANFPX3V68HVF7EMC1PDNHDJ4,insa,1900000041,review
nfx_0CAWJX53EF906DW0RN9AJVS80J,ciqual,1019,review
nfx_0CAWJX53EF906DW0RN9AJVS80J,ciqual,1019,review
nfx_0CAWJX53EF906DW0RN9AJVS80J,insa,734,review
nfx_0CAWJX53EF906DW0RN9AJVS80J,insa,735,review
nfx_0CDCN8XK8SZWEGR4XM6DD7TMDD,ciqual,23082,review
nfx_0CDCN8XK8SZWEGR4XM6DD7TMDD,ciqual,23082,review
nfx_0CDCN8XK8SZWEGR4XM6DD7TMDD,ciqual,23082,review
nfx_0CDCN8XK8SZWEGR4XM6DD7TMDD,ciqual,23082,review
nfx_0CDCN8XK8SZWEGR4XM6DD7TMDD,ciqual,23082,review
nfx_0CDCN8XK8SZWEGR4XM6DD7TMDD,ciqual,23082,review
nfx_0CDCN8XK8SZWEGR4XM6DD7TMDD,ciqual,23082,review
nfx_0CDCN8XK8SZWEGR4XM6DD7TMDD,insa,473,review
nfx_0CDCN8XK8SZWEGR4XM6DD7TMDD,insa,474,review
nfx_0CDCN8XK8SZWEGR4XM6DD7TMDD,insa,475,review
nfx_0CDCN8XK8SZWEGR4XM6DD7TMDD,insa,476,review
nfx_0CDCN8XK8SZWEGR4XM6DD7TMDD,insa,477,review
nfx_0CDCN8XK8SZWEGR4XM6DD7TMDD,insa,478,review
nfx_0CDCN8XK8SZWEGR4XM6DD7TMDD,insa,479,review
nfx_0CEF75NVQSNGZPZ7CGV4PBQ6K0,ciqual,20516,review
nfx_0CEF75NVQSNGZPZ7CGV4PBQ6K0,insa,535,review
nfx_0CF5FY33TWA2KWDMHGDS2BN0XP,ciqual,7603,automatic
nfx_0CF5FY33TWA2KWDMHGDS2BN0XP,ciqual,7615,review
nfx_0CF5FY33TWA2KWDMHGDS2BN0XP,ciqual,7616,review
nfx_0CF5FY33TWA2KWDMHGDS2BN0XP,ciqual,7619,review
nfx_0CF5FY33TWA2KWDMHGDS2BN0XP,ciqual,7620,review
nfx_0CF5FY33TWA2KWDMHGDS2BN0XP,ciqual,7621,review
nfx_0CF5FY33TWA2KWDMHGDS2BN0XP,ciqual,7650,review
nfx_0CF5FY33TWA2KWDMHGDS2BN0XP,ciqual,7733,review
nfx_0CF5FY33TWA2KWDMHGDS2BN0XP,insa,480,automatic
nfx_0CF5FY33TWA2KWDMHGDS2BN0XP,insa,480,review
nfx_0CF5FY33TWA2KWDMHGDS2BN0XP,insa,480,review
nfx_0CF5FY33TWA2KWDMHGDS2BN0XP,insa,480,review
nfx_0CF5FY33TWA2KWDMHGDS2BN0XP,insa,480,review
nfx_0CF5FY33TWA2KWDMHGDS2BN0XP,insa,480,review
nfx_0CF5FY33TWA2KWDMHGDS2BN0XP,insa,480,review
nfx_0CF5FY33TWA2KWDMHGDS2BN0XP,insa,480,review
nfx_0CFWAM5181AKMJ85B8GS7SHFS5,ciqual,13212,review
nfx_0CFWAM5181AKMJ85B8GS7SHFS5,insa,668,review
nfx_0CK3ZYG0MRAYE3RBG109YXEXH8,ciqual,20264,review
nfx_0CK3ZYG0MRAYE3RBG109YXEXH8,insa,622,review
nfx_0CN4YH48G25YD0SE5X7PCKN4BN,ciqual,25626,review
nfx_0CN4YH48G25YD0SE5X7PCKN4BN,insa,1073,review
nfx_0CQ02QFV46S27QF4HA33T42TEW,ciqual,40058,review
nfx_0CQ02QFV46S27QF4HA33T42TEW,ciqual,40058,review
nfx_0CQ02QFV46S27QF4HA33T42TEW,ciqual,40058,review
nfx_0CQ02QFV46S27QF4HA33T42TEW,ciqual,40058,review
nfx_0CQ02QFV46S27QF4HA33T42TEW,ciqual,40058,review
nfx_0CQ02QFV46S27QF4HA33T42TEW,insa,1900000007,review
nfx_0CQ02QFV46S27QF4HA33T42TEW,insa,315,review
nfx_0CQ02QFV46S27QF4HA33T42TEW,insa,317,review
nfx_0CQ02QFV46S27QF4HA33T42TEW,insa,320,review
nfx_0CQ02QFV46S27QF4HA33T42TEW,insa,96,review
nfx_0CQSNNZX7KCZR4A0Y79V5B2DWK,ciqual,26081,review
nfx_0CQSNNZX7KCZR4A0Y79V5B2DWK,insa,894,review
nfx_0CWETM287G2KFB29HWZPCD0YDG,ciqual,31054,review
nfx_0CWETM287G2KFB29HWZPCD0YDG,ciqual,31121,review
nfx_0CWETM287G2KFB29HWZPCD0YDG,insa,521,review
nfx_0CWETM287G2KFB29HWZPCD0YDG,insa,521,review
nfx_0CXN9SKCTVYD2ZVRW1HEM4A557,ciqual,4052,review
nfx_0CXN9SKCTVYD2ZVRW1HEM4A557,insa,585,review
nfx_0CY6M9R0TPJPNHEG9HXXBS20CN,ciqual,20198,review
nfx_0CY6M9R0TPJPNHEG9HXXBS20CN,insa,1900000019,review
nfx_0D2BTWZN12PWV5BFJ84N1441AT,ciqual,28002,review
nfx_0D2BTWZN12PWV5BFJ84N1441AT,ciqual,28479,review
nfx_0D2BTWZN12PWV5BFJ84N1441AT,ciqual,28502,review
nfx_0D2BTWZN12PWV5BFJ84N1441AT,ciqual,36206,review
nfx_0D2BTWZN12PWV5BFJ84N1441AT,ciqual,36702,review
nfx_0D2BTWZN12PWV5BFJ84N1441AT,ciqual,40006,review
nfx_0D2BTWZN12PWV5BFJ84N1441AT,ciqual,40062,review
nfx_0D2BTWZN12PWV5BFJ84N1441AT,ciqual,40106,review
nfx_0D2BTWZN12PWV5BFJ84N1441AT,ciqual,40204,review
nfx_0D2BTWZN12PWV5BFJ84N1441AT,ciqual,40304,review
nfx_0D2BTWZN12PWV5BFJ84N1441AT,ciqual,40409,review
nfx_0D2BTWZN12PWV5BFJ84N1441AT,ciqual,6510,review
nfx_0D2BTWZN12PWV5BFJ84N1441AT,ciqual,6513,review
nfx_0D2BTWZN12PWV5BFJ84N1441AT,ciqual,6521,review
nfx_0D2BTWZN12PWV5BFJ84N1441AT,ciqual,6522,review
nfx_0D2BTWZN12PWV5BFJ84N1441AT,ciqual,6540,review
nfx_0D2BTWZN12PWV5BFJ84N1441AT,ciqual,6550,review
nfx_0D2BTWZN12PWV5BFJ84N1441AT,ciqual,6560,review
nfx_0D2BTWZN12PWV5BFJ84N1441AT,ciqual,6580,review
nfx_0D2BTWZN12PWV5BFJ84N1441AT,ciqual,6583,review
nfx_0D2BTWZN12PWV5BFJ84N1441AT,ciqual,6590,review
nfx_0D2BTWZN12PWV5BFJ84N1441AT,insa,224,review
nfx_0D2BTWZN12PWV5BFJ84N1441AT,insa,224,review
nfx_0D2BTWZN12PWV5BFJ84N1441AT,insa,224,review
nfx_0D2BTWZN12PWV5BFJ84N1441AT,insa,224,review
nfx_0D2BTWZN12PWV5BFJ84N1441AT,insa,224,review
nfx_0D2BTWZN12PWV5BFJ84N1441AT,insa,224,review
nfx_0D2BTWZN12PWV5BFJ84N1441AT,insa,224,review
nfx_0D2BTWZN12PWV5BFJ84N1441AT,insa,224,review
nfx_0D2BTWZN12PWV5BFJ84N1441AT,insa,224,review
nfx_0D2BTWZN12PWV5BFJ84N1441AT,insa,224,review
nfx_0D2BTWZN12PWV5BFJ84N1441AT,insa,224,review
nfx_0D2BTWZN12PWV5BFJ84N1441AT,insa,224,review
nfx_0D2BTWZN12PWV5BFJ84N1441AT,insa,224,review
nfx_0D2BTWZN12PWV5BFJ84N1441AT,insa,224,review
nfx_0D2BTWZN12PWV5BFJ84N1441AT,insa,224,review
nfx_0D2BTWZN12PWV5BFJ84N1441AT,insa,224,review
nfx_0D2BTWZN12PWV5BFJ84N1441AT,insa,224,review
nfx_0D2BTWZN12PWV5BFJ84N1441AT,insa,224,review
nfx_0D2BTWZN12PWV5BFJ84N1441AT,insa,224,review
nfx_0D2BTWZN12PWV5BFJ84N1441AT,insa,224,review
nfx_0D2BTWZN12PWV5BFJ84N1441AT,insa,224,review
nfx_0D2ZFVRDK13CCM53QWF27YGMAX,ciqual,25098,review
nfx_0D2ZFVRDK13CCM53QWF27YGMAX,insa,950,review
nfx_0D7P7VG165M8P7KT90C4MXW6N9,ciqual,18071,review
nfx_0D7P7VG165M8P7KT90C4MXW6N9,insa,773,review
nfx_0D81RTD0JHRYDY2JZZZ728MTMN,ciqual,20507,review
nfx_0D81RTD0JHRYDY2JZZZ728MTMN,insa,536,review
nfx_0D88S2CRT68EC7JK9QGHHT39JV,ciqual,25903,review
nfx_0D88S2CRT68EC7JK9QGHHT39JV,ciqual,25916,review
nfx_0D88S2CRT68EC7JK9QGHHT39JV,ciqual,25953,review
nfx_0D88S2CRT68EC7JK9QGHHT39JV,ciqual,25967,review
nfx_0D88S2CRT68EC7JK9QGHHT39JV,ciqual,25969,review
nfx_0D88S2CRT68EC7JK9QGHHT39JV,ciqual,25974,review
nfx_0D88S2CRT68EC7JK9QGHHT39JV,insa,1105,review
nfx_0D88S2CRT68EC7JK9QGHHT39JV,insa,1105,review
nfx_0D88S2CRT68EC7JK9QGHHT39JV,insa,1105,review
nfx_0D88S2CRT68EC7JK9QGHHT39JV,insa,1105,review
nfx_0D88S2CRT68EC7JK9QGHHT39JV,insa,1105,review
nfx_0D88S2CRT68EC7JK9QGHHT39JV,insa,1105,review
nfx_0DC8Q3E56JMJZJTWZQKCCV2N8K,ciqual,18005,review
nfx_0DC8Q3E56JMJZJTWZQKCCV2N8K,ciqual,18069,review
nfx_0DC8Q3E56JMJZJTWZQKCCV2N8K,ciqual,18150,review
nfx_0DC8Q3E56JMJZJTWZQKCCV2N8K,insa,775,review
nfx_0DC8Q3E56JMJZJTWZQKCCV2N8K,insa,775,review
nfx_0DC8Q3E56JMJZJTWZQKCCV2N8K,insa,775,review
nfx_0DDV06D56AD7WBS2TJ6ZZDGZ99,ciqual,21516,review
nfx_0DDV06D56AD7WBS2TJ6ZZDGZ99,ciqual,28001,review
nfx_0DDV06D56AD7WBS2TJ6ZZDGZ99,ciqual,28002,review
nfx_0DDV06D56AD7WBS2TJ6ZZDGZ99,ciqual,28009,review
nfx_0DDV06D56AD7WBS2TJ6ZZDGZ99,ciqual,28100,review
nfx_0DDV06D56AD7WBS2TJ6ZZDGZ99,ciqual,28102,review
nfx_0DDV06D56AD7WBS2TJ6ZZDGZ99,ciqual,28104,review
nfx_0DDV06D56AD7WBS2TJ6ZZDGZ99,ciqual,28203,review
nfx_0DDV06D56AD7WBS2TJ6ZZDGZ99,ciqual,28204,automatic
nfx_0DDV06D56AD7WBS2TJ6ZZDGZ99,ciqual,28300,review
nfx_0DDV06D56AD7WBS2TJ6ZZDGZ99,ciqual,28302,review
nfx_0DDV06D56AD7WBS2TJ6ZZDGZ99,ciqual,28400,review
nfx_0DDV06D56AD7WBS2TJ6ZZDGZ99,ciqual,28460,review
nfx_0DDV06D56AD7WBS2TJ6ZZDGZ99,ciqual,28470,review
nfx_0DDV06D56AD7WBS2TJ6ZZDGZ99,ciqual,28471,review
nfx_0DDV06D56AD7WBS2TJ6ZZDGZ99,ciqual,28474,review
nfx_0DDV06D56AD7WBS2TJ6ZZDGZ99,ciqual,28476,review
nfx_0DDV06D56AD7WBS2TJ6ZZDGZ99,ciqual,28477,review
nfx_0DDV06D56AD7WBS2TJ6ZZDGZ99,ciqual,28479,review
nfx_0DDV06D56AD7WBS2TJ6ZZDGZ99,ciqual,28480,review
nfx_0DDV06D56AD7WBS2TJ6ZZDGZ99,ciqual,28502,review
nfx_0DDV06D56AD7WBS2TJ6ZZDGZ99,ciqual,28507,review
nfx_0DDV06D56AD7WBS2TJ6ZZDGZ99,ciqual,30051,review
nfx_0DDV06D56AD7WBS2TJ6ZZDGZ99,ciqual,30052,review
nfx_0DDV06D56AD7WBS2TJ6ZZDGZ99,ciqual,30153,review
nfx_0DDV06D56AD7WBS2TJ6ZZDGZ99,ciqual,40005,review
nfx_0DDV06D56AD7WBS2TJ6ZZDGZ99,ciqual,40060,review
nfx_0DDV06D56AD7WBS2TJ6ZZDGZ99,ciqual,40119,review
nfx_0DDV06D56AD7WBS2TJ6ZZDGZ99,ciqual,40205,review
nfx_0DDV06D56AD7WBS2TJ6ZZDGZ99,ciqual,40404,review
nfx_0DDV06D56AD7WBS2TJ6ZZDGZ99,ciqual,6111,review
nfx_0DDV06D56AD7WBS2TJ6ZZDGZ99,ciqual,6116,review
nfx_0DDV06D56AD7WBS2TJ6ZZDGZ99,ciqual,6513,review
nfx_0DDV06D56AD7WBS2TJ6ZZDGZ99,ciqual,6904,review
nfx_0DDV06D56AD7WBS2TJ6ZZDGZ99,insa,153,automatic
nfx_0DDV06D56AD7WBS2TJ6ZZDGZ99,insa,153,review
nfx_0DDV06D56AD7WBS2TJ6ZZDGZ99,insa,153,review
nfx_0DDV06D56AD7WBS2TJ6ZZDGZ99,insa,153,review
nfx_0DDV06D56AD7WBS2TJ6ZZDGZ99,insa,153,review
nfx_0DDV06D56AD7WBS2TJ6ZZDGZ99,insa,153,review
nfx_0DDV06D56AD7WBS2TJ6ZZDGZ99,insa,153,review
nfx_0DDV06D56AD7WBS2TJ6ZZDGZ99,insa,153,review
nfx_0DDV06D56AD7WBS2TJ6ZZDGZ99,insa,153,review
nfx_0DDV06D56AD7WBS2TJ6ZZDGZ99,insa,153,review
nfx_0DDV06D56AD7WBS2TJ6ZZDGZ99,insa,153,review
nfx_0DDV06D56AD7WBS2TJ6ZZDGZ99,insa,153,review
nfx_0DDV06D56AD7WBS2TJ6ZZDGZ99,insa,153,review
nfx_0DDV06D56AD7WBS2TJ6ZZDGZ99,insa,153,review
nfx_0DDV06D56AD7WBS2TJ6ZZDGZ99,insa,153,review
nfx_0DDV06D56AD7WBS2TJ6ZZDGZ99,insa,153,review
nfx_0DDV06D56AD7WBS2TJ6ZZDGZ99,insa,153,review
nfx_0DDV06D56AD7WBS2TJ6ZZDGZ99,insa,153,review
nfx_0DDV06D56AD7WBS2TJ6ZZDGZ99,insa,153,review
nfx_0DDV06D56AD7WBS2TJ6ZZDGZ99,insa,153,review
nfx_0DDV06D56AD7WBS2TJ6ZZDGZ99,insa,153,review
nfx_0DDV06D56AD7WBS2TJ6ZZDGZ99,insa,153,review
nfx_0DDV06D56AD7WBS2TJ6ZZDGZ99,insa,153,review
nfx_0DDV06D56AD7WBS2TJ6ZZDGZ99,insa,153,review
nfx_0DDV06D56AD7WBS2TJ6ZZDGZ99,insa,153,review
nfx_0DDV06D56AD7WBS2TJ6ZZDGZ99,insa,153,review
nfx_0DDV06D56AD7WBS2TJ6ZZDGZ99,insa,153,review
nfx_0DDV06D56AD7WBS2TJ6ZZDGZ99,insa,153,review
nfx_0DDV06D56AD7WBS2TJ6ZZDGZ99,insa,153,review
nfx_0DDV06D56AD7WBS2TJ6ZZDGZ99,insa,153,review
nfx_0DDV06D56AD7WBS2TJ6ZZDGZ99,insa,153,review
nfx_0DDV06D56AD7WBS2TJ6ZZDGZ99,insa,153,review
nfx_0DDV06D56AD7WBS2TJ6ZZDGZ99,insa,153,review
nfx_0DDV06D56AD7WBS2TJ6ZZDGZ99,insa,153,review
nfx_0DGG8PNP03CKZQVJ8X0K7ZTG32,ciqual,23005,review
nfx_0DGG8PNP03CKZQVJ8X0K7ZTG32,insa,489,review
nfx_0DJ1F4CSETWCG61GMK5XN4NSKH,ciqual,8211,review
nfx_0DJ1F4CSETWCG61GMK5XN4NSKH,ciqual,8214,review
nfx_0DJ1F4CSETWCG61GMK5XN4NSKH,ciqual,8245,review
nfx_0DJ1F4CSETWCG61GMK5XN4NSKH,ciqual,8250,review
nfx_0DJ1F4CSETWCG61GMK5XN4NSKH,ciqual,8332,review
nfx_0DJ1F4CSETWCG61GMK5XN4NSKH,insa,356,review
nfx_0DJ1F4CSETWCG61GMK5XN4NSKH,insa,356,review
nfx_0DJ1F4CSETWCG61GMK5XN4NSKH,insa,356,review
nfx_0DJ1F4CSETWCG61GMK5XN4NSKH,insa,356,review
nfx_0DJ1F4CSETWCG61GMK5XN4NSKH,insa,356,review
nfx_0DJN2FQY2FQSFYF2JTC12ZTTC9,ciqual,18048,review
nfx_0DJN2FQY2FQSFYF2JTC12ZTTC9,insa,764,review
nfx_0DQZR4HW5XR5PZ7A9PQJT7PAVV,ciqual,28471,review
nfx_0DQZR4HW5XR5PZ7A9PQJT7PAVV,ciqual,28471,review
nfx_0DQZR4HW5XR5PZ7A9PQJT7PAVV,ciqual,28471,review
nfx_0DQZR4HW5XR5PZ7A9PQJT7PAVV,ciqual,28471,review
nfx_0DQZR4HW5XR5PZ7A9PQJT7PAVV,ciqual,28471,review
nfx_0DQZR4HW5XR5PZ7A9PQJT7PAVV,ciqual,28471,review
nfx_0DQZR4HW5XR5PZ7A9PQJT7PAVV,ciqual,28471,review
nfx_0DQZR4HW5XR5PZ7A9PQJT7PAVV,ciqual,28471,review
nfx_0DQZR4HW5XR5PZ7A9PQJT7PAVV,ciqual,28471,review
nfx_0DQZR4HW5XR5PZ7A9PQJT7PAVV,ciqual,28471,review
nfx_0DQZR4HW5XR5PZ7A9PQJT7PAVV,ciqual,28471,review
nfx_0DQZR4HW5XR5PZ7A9PQJT7PAVV,ciqual,28471,review
nfx_0DQZR4HW5XR5PZ7A9PQJT7PAVV,ciqual,28471,review
nfx_0DQZR4HW5XR5PZ7A9PQJT7PAVV,ciqual,28471,review
nfx_0DQZR4HW5XR5PZ7A9PQJT7PAVV,ciqual,28471,review
nfx_0DQZR4HW5XR5PZ7A9PQJT7PAVV,ciqual,28471,review
nfx_0DQZR4HW5XR5PZ7A9PQJT7PAVV,ciqual,28471,review
nfx_0DQZR4HW5XR5PZ7A9PQJT7PAVV,ciqual,28471,review
nfx_0DQZR4HW5XR5PZ7A9PQJT7PAVV,insa,1219,review
nfx_0DQZR4HW5XR5PZ7A9PQJT7PAVV,insa,1221,review
nfx_0DQZR4HW5XR5PZ7A9PQJT7PAVV,insa,1222,review
nfx_0DQZR4HW5XR5PZ7A9PQJT7PAVV,insa,1223,review
nfx_0DQZR4HW5XR5PZ7A9PQJT7PAVV,insa,151,review
nfx_0DQZR4HW5XR5PZ7A9PQJT7PAVV,insa,152,review
nfx_0DQZR4HW5XR5PZ7A9PQJT7PAVV,insa,155,review
nfx_0DQZR4HW5XR5PZ7A9PQJT7PAVV,insa,156,review
nfx_0DQZR4HW5XR5PZ7A9PQJT7PAVV,insa,2120000010,review
nfx_0DQZR4HW5XR5PZ7A9PQJT7PAVV,insa,2120000011,review
nfx_0DQZR4HW5XR5PZ7A9PQJT7PAVV,insa,307,review
nfx_0DQZR4HW5XR5PZ7A9PQJT7PAVV,insa,308,review
nfx_0DQZR4HW5XR5PZ7A9PQJT7PAVV,insa,315,review
nfx_0DQZR4HW5XR5PZ7A9PQJT7PAVV,insa,321,review
nfx_0DQZR4HW5XR5PZ7A9PQJT7PAVV,insa,334,review
nfx_0DQZR4HW5XR5PZ7A9PQJT7PAVV,insa,341,review
nfx_0DQZR4HW5XR5PZ7A9PQJT7PAVV,insa,342,review
nfx_0DQZR4HW5XR5PZ7A9PQJT7PAVV,insa,70500004,review
nfx_0DX9FHMDGCFYA7KV0Z5SMJQ7HE,ciqual,19050,review
nfx_0DX9FHMDGCFYA7KV0Z5SMJQ7HE,ciqual,19050,review
nfx_0DX9FHMDGCFYA7KV0Z5SMJQ7HE,ciqual,19050,review
nfx_0DX9FHMDGCFYA7KV0Z5SMJQ7HE,ciqual,19050,review
nfx_0DX9FHMDGCFYA7KV0Z5SMJQ7HE,ciqual,19050,review
nfx_0DX9FHMDGCFYA7KV0Z5SMJQ7HE,ciqual,19050,review
nfx_0DX9FHMDGCFYA7KV0Z5SMJQ7HE,ciqual,19050,review
nfx_0DX9FHMDGCFYA7KV0Z5SMJQ7HE,ciqual,19050,review
nfx_0DX9FHMDGCFYA7KV0Z5SMJQ7HE,ciqual,19050,review
nfx_0DX9FHMDGCFYA7KV0Z5SMJQ7HE,insa,1233,review
nfx_0DX9FHMDGCFYA7KV0Z5SMJQ7HE,insa,1234,review
nfx_0DX9FHMDGCFYA7KV0Z5SMJQ7HE,insa,1900000062,review
nfx_0DX9FHMDGCFYA7KV0Z5SMJQ7HE,insa,1900000063,review
nfx_0DX9FHMDGCFYA7KV0Z5SMJQ7HE,insa,23,review
nfx_0DX9FHMDGCFYA7KV0Z5SMJQ7HE,insa,25,review
nfx_0DX9FHMDGCFYA7KV0Z5SMJQ7HE,insa,27,review
nfx_0DX9FHMDGCFYA7KV0Z5SMJQ7HE,insa,29,review
nfx_0DX9FHMDGCFYA7KV0Z5SMJQ7HE,insa,500,review
nfx_0E199ZA45GKVSZEW3PTP6W1S1C,ciqual,12812,review
nfx_0E199ZA45GKVSZEW3PTP6W1S1C,ciqual,12812,review
nfx_0E199ZA45GKVSZEW3PTP6W1S1C,ciqual,12812,review
nfx_0E199ZA45GKVSZEW3PTP6W1S1C,ciqual,12812,review
nfx_0E199ZA45GKVSZEW3PTP6W1S1C,ciqual,12812,review
nfx_0E199ZA45GKVSZEW3PTP6W1S1C,insa,19,review
nfx_0E199ZA45GKVSZEW3PTP6W1S1C,insa,220004,review
nfx_0E199ZA45GKVSZEW3PTP6W1S1C,insa,220014,review
nfx_0E199ZA45GKVSZEW3PTP6W1S1C,insa,220015,review
nfx_0E199ZA45GKVSZEW3PTP6W1S1C,insa,220022,review
nfx_0E3KFFKJQSTHANFD8FVPCKQQ56,ciqual,12021,review
nfx_0E3KFFKJQSTHANFD8FVPCKQQ56,insa,1900000087,review
nfx_0E4CP1P3YK3RM02TDV27SSCADF,ciqual,76023,review
nfx_0E4CP1P3YK3RM02TDV27SSCADF,ciqual,76023,review
nfx_0E4CP1P3YK3RM02TDV27SSCADF,ciqual,76023,review
nfx_0E4CP1P3YK3RM02TDV27SSCADF,insa,2,review
nfx_0E4CP1P3YK3RM02TDV27SSCADF,insa,3,review
nfx_0E4CP1P3YK3RM02TDV27SSCADF,insa,5,review
nfx_0EE831EN29FS2MJ73V3ZAV83Z0,ciqual,11036,review
nfx_0EE831EN29FS2MJ73V3ZAV83Z0,insa,1190,review
nfx_0EF71KR5N0V9H6YYTK5190173R,ciqual,25582,review
nfx_0EF71KR5N0V9H6YYTK5190173R,insa,91,review
nfx_0EGSN9JASVD2AP4YQHESXRN490,ciqual,20023,automatic
nfx_0EGSN9JASVD2AP4YQHESXRN490,insa,959,automatic
nfx_0EM9CQXPA8PJG5EKSTQS3BJPTE,ciqual,26113,automatic
nfx_0EM9CQXPA8PJG5EKSTQS3BJPTE,ciqual,26235,review
nfx_0EM9CQXPA8PJG5EKSTQS3BJPTE,ciqual,26236,review
nfx_0EM9CQXPA8PJG5EKSTQS3BJPTE,insa,823,automatic
nfx_0EM9CQXPA8PJG5EKSTQS3BJPTE,insa,823,review
nfx_0EM9CQXPA8PJG5EKSTQS3BJPTE,insa,823,review
nfx_0END27VFEVA8MF41F06DQKXNPC,ciqual,10039,automatic
nfx_0END27VFEVA8MF41F06DQKXNPC,insa,1900000065,automatic
nfx_0ENDD75X97616P0K2NBJKVSP4G,ciqual,11025,review
nfx_0ENDD75X97616P0K2NBJKVSP4G,insa,549,review
nfx_0EPBY0CJDTCAG30TTZ1DMWK3FT,ciqual,23200,review
nfx_0EPBY0CJDTCAG30TTZ1DMWK3FT,ciqual,7000,review
nfx_0EPBY0CJDTCAG30TTZ1DMWK3FT,ciqual,7001,review
nfx_0EPBY0CJDTCAG30TTZ1DMWK3FT,ciqual,7002,review
nfx_0EPBY0CJDTCAG30TTZ1DMWK3FT,ciqual,7007,review
nfx_0EPBY0CJDTCAG30TTZ1DMWK3FT,ciqual,7010,review
nfx_0EPBY0CJDTCAG30TTZ1DMWK3FT,ciqual,7013,review
nfx_0EPBY0CJDTCAG30TTZ1DMWK3FT,ciqual,7099,review
nfx_0EPBY0CJDTCAG30TTZ1DMWK3FT,ciqual,7100,review
nfx_0EPBY0CJDTCAG30TTZ1DMWK3FT,ciqual,7107,review
nfx_0EPBY0CJDTCAG30TTZ1DMWK3FT,ciqual,7114,review
nfx_0EPBY0CJDTCAG30TTZ1DMWK3FT,ciqual,7115,review
nfx_0EPBY0CJDTCAG30TTZ1DMWK3FT,ciqual,7125,review
nfx_0EPBY0CJDTCAG30TTZ1DMWK3FT,ciqual,7130,review
nfx_0EPBY0CJDTCAG30TTZ1DMWK3FT,ciqual,7170,review
nfx_0EPBY0CJDTCAG30TTZ1DMWK3FT,ciqual,7180,review
nfx_0EPBY0CJDTCAG30TTZ1DMWK3FT,ciqual,7225,review
nfx_0EPBY0CJDTCAG30TTZ1DMWK3FT,ciqual,7257,review
nfx_0EPBY0CJDTCAG30TTZ1DMWK3FT,ciqual,7258,review
nfx_0EPBY0CJDTCAG30TTZ1DMWK3FT,ciqual,7263,review
nfx_0EPBY0CJDTCAG30TTZ1DMWK3FT,ciqual,7403,review
nfx_0EPBY0CJDTCAG30TTZ1DMWK3FT,ciqual,7710,review
nfx_0EPBY0CJDTCAG30TTZ1DMWK3FT,ciqual,7711,review
nfx_0EPBY0CJDTCAG30TTZ1DMWK3FT,insa,486,review
nfx_0EPBY0CJDTCAG30TTZ1DMWK3FT,insa,486,review
nfx_0EPBY0CJDTCAG30TTZ1DMWK3FT,insa,486,review
nfx_0EPBY0CJDTCAG30TTZ1DMWK3FT,insa,486,review
nfx_0EPBY0CJDTCAG30TTZ1DMWK3FT,insa,486,review
nfx_0EPBY0CJDTCAG30TTZ1DMWK3FT,insa,486,review
nfx_0EPBY0CJDTCAG30TTZ1DMWK3FT,insa,486,review
nfx_0EPBY0CJDTCAG30TTZ1DMWK3FT,insa,486,review
nfx_0EPBY0CJDTCAG30TTZ1DMWK3FT,insa,486,review
nfx_0EPBY0CJDTCAG30TTZ1DMWK3FT,insa,486,review
nfx_0EPBY0CJDTCAG30TTZ1DMWK3FT,insa,486,review
nfx_0EPBY0CJDTCAG30TTZ1DMWK3FT,insa,486,review
nfx_0EPBY0CJDTCAG30TTZ1DMWK3FT,insa,486,review
nfx_0EPBY0CJDTCAG30TTZ1DMWK3FT,insa,486,review
nfx_0EPBY0CJDTCAG30TTZ1DMWK3FT,insa,486,review
nfx_0EPBY0CJDTCAG30TTZ1DMWK3FT,insa,486,review
nfx_0EPBY0CJDTCAG30TTZ1DMWK3FT,insa,486,review
nfx_0EPBY0CJDTCAG30TTZ1DMWK3FT,insa,486,review
nfx_0EPBY0CJDTCAG30TTZ1DMWK3FT,insa,486,review
nfx_0EPBY0CJDTCAG30TTZ1DMWK3FT,insa,486,review
nfx_0EPBY0CJDTCAG30TTZ1DMWK3FT,insa,486,review
nfx_0EPBY0CJDTCAG30TTZ1DMWK3FT,insa,486,review
nfx_0EPBY0CJDTCAG30TTZ1DMWK3FT,insa,486,review
nfx_0EQB3TJRVSJXYQRF0D40M1QRAG,ciqual,20235,review
nfx_0EQB3TJRVSJXYQRF0D40M1QRAG,ciqual,20238,review
nfx_0EQB3TJRVSJXYQRF0D40M1QRAG,ciqual,20239,review
nfx_0EQB3TJRVSJXYQRF0D40M1QRAG,insa,220001,review
nfx_0EQB3TJRVSJXYQRF0D40M1QRAG,insa,220001,review
nfx_0EQB3TJRVSJXYQRF0D40M1QRAG,insa,220001,review
nfx_0EZMX43BVZ896BNGNFND2WR2DP,ciqual,21500,review
nfx_0EZMX43BVZ896BNGNFND2WR2DP,ciqual,21516,review
nfx_0EZMX43BVZ896BNGNFND2WR2DP,ciqual,21521,review
nfx_0EZMX43BVZ896BNGNFND2WR2DP,ciqual,28001,review
nfx_0EZMX43BVZ896BNGNFND2WR2DP,ciqual,28002,review
nfx_0EZMX43BVZ896BNGNFND2WR2DP,ciqual,28009,review
nfx_0EZMX43BVZ896BNGNFND2WR2DP,ciqual,28100,review
nfx_0EZMX43BVZ896BNGNFND2WR2DP,ciqual,28102,review
nfx_0EZMX43BVZ896BNGNFND2WR2DP,ciqual,28104,review
nfx_0EZMX43BVZ896BNGNFND2WR2DP,ciqual,28204,review
nfx_0EZMX43BVZ896BNGNFND2WR2DP,ciqual,28300,review
nfx_0EZMX43BVZ896BNGNFND2WR2DP,ciqual,28302,review
nfx_0EZMX43BVZ896BNGNFND2WR2DP,ciqual,28400,review
nfx_0EZMX43BVZ896BNGNFND2WR2DP,ciqual,28460,review
nfx_0EZMX43BVZ896BNGNFND2WR2DP,ciqual,28470,review
nfx_0EZMX43BVZ896BNGNFND2WR2DP,ciqual,28472,review
nfx_0EZMX43BVZ896BNGNFND2WR2DP,ciqual,28473,review
nfx_0EZMX43BVZ896BNGNFND2WR2DP,ciqual,28474,review
nfx_0EZMX43BVZ896BNGNFND2WR2DP,ciqual,28476,review
nfx_0EZMX43BVZ896BNGNFND2WR2DP,ciqual,28477,review
nfx_0EZMX43BVZ896BNGNFND2WR2DP,ciqual,28479,review
nfx_0EZMX43BVZ896BNGNFND2WR2DP,ciqual,28480,review
nfx_0EZMX43BVZ896BNGNFND2WR2DP,ciqual,28502,review
nfx_0EZMX43BVZ896BNGNFND2WR2DP,ciqual,40005,review
nfx_0EZMX43BVZ896BNGNFND2WR2DP,ciqual,40060,review
nfx_0EZMX43BVZ896BNGNFND2WR2DP,ciqual,40119,review
nfx_0EZMX43BVZ896BNGNFND2WR2DP,ciqual,40205,review
nfx_0EZMX43BVZ896BNGNFND2WR2DP,ciqual,40404,review
nfx_0EZMX43BVZ896BNGNFND2WR2DP,ciqual,6510,review
nfx_0EZMX43BVZ896BNGNFND2WR2DP,insa,151,review
nfx_0EZMX43BVZ896BNGNFND2WR2DP,insa,151,review
nfx_0EZMX43BVZ896BNGNFND2WR2DP,insa,151,review
nfx_0EZMX43BVZ896BNGNFND2WR2DP,insa,151,review
nfx_0EZMX43BVZ896BNGNFND2WR2DP,insa,151,review
nfx_0EZMX43BVZ896BNGNFND2WR2DP,insa,151,review
nfx_0EZMX43BVZ896BNGNFND2WR2DP,insa,151,review
nfx_0EZMX43BVZ896BNGNFND2WR2DP,insa,151,review
nfx_0EZMX43BVZ896BNGNFND2WR2DP,insa,151,review
nfx_0EZMX43BVZ896BNGNFND2WR2DP,insa,151,review
nfx_0EZMX43BVZ896BNGNFND2WR2DP,insa,151,review
nfx_0EZMX43BVZ896BNGNFND2WR2DP,insa,151,review
nfx_0EZMX43BVZ896BNGNFND2WR2DP,insa,151,review
nfx_0EZMX43BVZ896BNGNFND2WR2DP,insa,151,review
nfx_0EZMX43BVZ896BNGNFND2WR2DP,insa,151,review
nfx_0EZMX43BVZ896BNGNFND2WR2DP,insa,151,review
nfx_0EZMX43BVZ896BNGNFND2WR2DP,insa,151,review
nfx_0EZMX43BVZ896BNGNFND2WR2DP,insa,151,review
nfx_0EZMX43BVZ896BNGNFND2WR2DP,insa,151,review
nfx_0EZMX43BVZ896BNGNFND2WR2DP,insa,151,review
nfx_0EZMX43BVZ896BNGNFND2WR2DP,insa,151,review
nfx_0EZMX43BVZ896BNGNFND2WR2DP,insa,151,review
nfx_0EZMX43BVZ896BNGNFND2WR2DP,insa,151,review
nfx_0EZMX43BVZ896BNGNFND2WR2DP,insa,151,review
nfx_0EZMX43BVZ896BNGNFND2WR2DP,insa,151,review
nfx_0EZMX43BVZ896BNGNFND2WR2DP,insa,151,review
nfx_0EZMX43BVZ896BNGNFND2WR2DP,insa,151,review
nfx_0EZMX43BVZ896BNGNFND2WR2DP,insa,151,review
nfx_0EZMX43BVZ896BNGNFND2WR2DP,insa,151,review
nfx_0F10923JETB92R9H72FRRB599Q,ciqual,20000,automatic
nfx_0F10923JETB92R9H72FRRB599Q,ciqual,20000,review
nfx_0F10923JETB92R9H72FRRB599Q,insa,582,review
nfx_0F10923JETB92R9H72FRRB599Q,insa,583,automatic
nfx_0F2ZXD3B7RP14R5060J3YHZH36,ciqual,9520,review
nfx_0F2ZXD3B7RP14R5060J3YHZH36,ciqual,9530,review
nfx_0F2ZXD3B7RP14R5060J3YHZH36,ciqual,9532,review
nfx_0F2ZXD3B7RP14R5060J3YHZH36,ciqual,9533,review
nfx_0F2ZXD3B7RP14R5060J3YHZH36,ciqual,9540,review
nfx_0F2ZXD3B7RP14R5060J3YHZH36,ciqual,9545,review
nfx_0F2ZXD3B7RP14R5060J3YHZH36,ciqual,9550,automatic
nfx_0F2ZXD3B7RP14R5060J3YHZH36,insa,1900000070,automatic
nfx_0F2ZXD3B7RP14R5060J3YHZH36,insa,1900000070,review
nfx_0F2ZXD3B7RP14R5060J3YHZH36,insa,1900000070,review
nfx_0F2ZXD3B7RP14R5060J3YHZH36,insa,1900000070,review
nfx_0F2ZXD3B7RP14R5060J3YHZH36,insa,1900000070,review
nfx_0F2ZXD3B7RP14R5060J3YHZH36,insa,1900000070,review
nfx_0F2ZXD3B7RP14R5060J3YHZH36,insa,1900000070,review
nfx_0F53Y1WV3876WY14ZAGA0Q5V5A,ciqual,28101,review
nfx_0F53Y1WV3876WY14ZAGA0Q5V5A,ciqual,28101,review
nfx_0F53Y1WV3876WY14ZAGA0Q5V5A,ciqual,28101,review
nfx_0F53Y1WV3876WY14ZAGA0Q5V5A,ciqual,28101,review
nfx_0F53Y1WV3876WY14ZAGA0Q5V5A,ciqual,28101,review
nfx_0F53Y1WV3876WY14ZAGA0Q5V5A,ciqual,28101,review
nfx_0F53Y1WV3876WY14ZAGA0Q5V5A,ciqual,28101,review
nfx_0F53Y1WV3876WY14ZAGA0Q5V5A,ciqual,28101,review
nfx_0F53Y1WV3876WY14ZAGA0Q5V5A,ciqual,28101,review
nfx_0F53Y1WV3876WY14ZAGA0Q5V5A,ciqual,28101,review
nfx_0F53Y1WV3876WY14ZAGA0Q5V5A,ciqual,28101,review
nfx_0F53Y1WV3876WY14ZAGA0Q5V5A,insa,1144,review
nfx_0F53Y1WV3876WY14ZAGA0Q5V5A,insa,1145,review
nfx_0F53Y1WV3876WY14ZAGA0Q5V5A,insa,1146,review
nfx_0F53Y1WV3876WY14ZAGA0Q5V5A,insa,173,review
nfx_0F53Y1WV3876WY14ZAGA0Q5V5A,insa,176,review
nfx_0F53Y1WV3876WY14ZAGA0Q5V5A,insa,177,review
nfx_0F53Y1WV3876WY14ZAGA0Q5V5A,insa,178,review
nfx_0F53Y1WV3876WY14ZAGA0Q5V5A,insa,235,review
nfx_0F53Y1WV3876WY14ZAGA0Q5V5A,insa,322,review
nfx_0F53Y1WV3876WY14ZAGA0Q5V5A,insa,337,review
nfx_0F53Y1WV3876WY14ZAGA0Q5V5A,insa,70204054,review
nfx_0F7JBMJXYXZP91BE9CMGX0DNFQ,ciqual,11143,review
nfx_0F7JBMJXYXZP91BE9CMGX0DNFQ,ciqual,11217,review
nfx_0F7JBMJXYXZP91BE9CMGX0DNFQ,insa,934,review
nfx_0F7JBMJXYXZP91BE9CMGX0DNFQ,insa,934,review
nfx_0FAGV3PGJBRSHKGP0KCJFDWTRQ,ciqual,21006,review
nfx_0FAGV3PGJBRSHKGP0KCJFDWTRQ,ciqual,21502,review
nfx_0FAGV3PGJBRSHKGP0KCJFDWTRQ,ciqual,28001,review
nfx_0FAGV3PGJBRSHKGP0KCJFDWTRQ,ciqual,28002,review
nfx_0FAGV3PGJBRSHKGP0KCJFDWTRQ,ciqual,28009,review
nfx_0FAGV3PGJBRSHKGP0KCJFDWTRQ,ciqual,28100,review
nfx_0FAGV3PGJBRSHKGP0KCJFDWTRQ,ciqual,28102,review
nfx_0FAGV3PGJBRSHKGP0KCJFDWTRQ,ciqual,28104,review
nfx_0FAGV3PGJBRSHKGP0KCJFDWTRQ,ciqual,28204,review
nfx_0FAGV3PGJBRSHKGP0KCJFDWTRQ,ciqual,28300,review
nfx_0FAGV3PGJBRSHKGP0KCJFDWTRQ,ciqual,28302,review
nfx_0FAGV3PGJBRSHKGP0KCJFDWTRQ,ciqual,28400,review
nfx_0FAGV3PGJBRSHKGP0KCJFDWTRQ,ciqual,28460,review
nfx_0FAGV3PGJBRSHKGP0KCJFDWTRQ,ciqual,28470,review
nfx_0FAGV3PGJBRSHKGP0KCJFDWTRQ,ciqual,28473,review
nfx_0FAGV3PGJBRSHKGP0KCJFDWTRQ,ciqual,28476,review
nfx_0FAGV3PGJBRSHKGP0KCJFDWTRQ,ciqual,28479,review
nfx_0FAGV3PGJBRSHKGP0KCJFDWTRQ,ciqual,28502,review
nfx_0FAGV3PGJBRSHKGP0KCJFDWTRQ,ciqual,36014,review
nfx_0FAGV3PGJBRSHKGP0KCJFDWTRQ,ciqual,36311,review
nfx_0FAGV3PGJBRSHKGP0KCJFDWTRQ,ciqual,36703,review
nfx_0FAGV3PGJBRSHKGP0KCJFDWTRQ,ciqual,40005,review
nfx_0FAGV3PGJBRSHKGP0KCJFDWTRQ,ciqual,40060,review
nfx_0FAGV3PGJBRSHKGP0KCJFDWTRQ,ciqual,40119,review
nfx_0FAGV3PGJBRSHKGP0KCJFDWTRQ,ciqual,40205,review
nfx_0FAGV3PGJBRSHKGP0KCJFDWTRQ,ciqual,40404,review
nfx_0FAGV3PGJBRSHKGP0KCJFDWTRQ,insa,155,review
nfx_0FAGV3PGJBRSHKGP0KCJFDWTRQ,insa,155,review
nfx_0FAGV3PGJBRSHKGP0KCJFDWTRQ,insa,155,review
nfx_0FAGV3PGJBRSHKGP0KCJFDWTRQ,insa,155,review
nfx_0FAGV3PGJBRSHKGP0KCJFDWTRQ,insa,155,review
nfx_0FAGV3PGJBRSHKGP0KCJFDWTRQ,insa,155,review
nfx_0FAGV3PGJBRSHKGP0KCJFDWTRQ,insa,155,review
nfx_0FAGV3PGJBRSHKGP0KCJFDWTRQ,insa,155,review
nfx_0FAGV3PGJBRSHKGP0KCJFDWTRQ,insa,155,review
nfx_0FAGV3PGJBRSHKGP0KCJFDWTRQ,insa,155,review
nfx_0FAGV3PGJBRSHKGP0KCJFDWTRQ,insa,155,review
nfx_0FAGV3PGJBRSHKGP0KCJFDWTRQ,insa,155,review
nfx_0FAGV3PGJBRSHKGP0KCJFDWTRQ,insa,155,review
nfx_0FAGV3PGJBRSHKGP0KCJFDWTRQ,insa,155,review
nfx_0FAGV3PGJBRSHKGP0KCJFDWTRQ,insa,155,review
nfx_0FAGV3PGJBRSHKGP0KCJFDWTRQ,insa,155,review
nfx_0FAGV3PGJBRSHKGP0KCJFDWTRQ,insa,155,review
nfx_0FAGV3PGJBRSHKGP0KCJFDWTRQ,insa,155,review
nfx_0FAGV3PGJBRSHKGP0KCJFDWTRQ,insa,155,review
nfx_0FAGV3PGJBRSHKGP0KCJFDWTRQ,insa,155,review
nfx_0FAGV3PGJBRSHKGP0KCJFDWTRQ,insa,155,review
nfx_0FAGV3PGJBRSHKGP0KCJFDWTRQ,insa,155,review
nfx_0FAGV3PGJBRSHKGP0KCJFDWTRQ,insa,155,review
nfx_0FAGV3PGJBRSHKGP0KCJFDWTRQ,insa,155,review
nfx_0FAGV3PGJBRSHKGP0KCJFDWTRQ,insa,155,review
nfx_0FAGV3PGJBRSHKGP0KCJFDWTRQ,insa,155,review
nfx_0FBAARS8BAHW36ZR80PCGCR215,ciqual,16128,review
nfx_0FBAARS8BAHW36ZR80PCGCR215,ciqual,16150,review
nfx_0FBAARS8BAHW36ZR80PCGCR215,ciqual,17030,review
nfx_0FBAARS8BAHW36ZR80PCGCR215,ciqual,17040,automatic
nfx_0FBAARS8BAHW36ZR80PCGCR215,ciqual,17100,review
nfx_0FBAARS8BAHW36ZR80PCGCR215,ciqual,17130,review
nfx_0FBAARS8BAHW36ZR80PCGCR215,ciqual,17170,review
nfx_0FBAARS8BAHW36ZR80PCGCR215,ciqual,17180,review
nfx_0FBAARS8BAHW36ZR80PCGCR215,ciqual,17190,review
nfx_0FBAARS8BAHW36ZR80PCGCR215,ciqual,17210,review
nfx_0FBAARS8BAHW36ZR80PCGCR215,ciqual,17220,review
nfx_0FBAARS8BAHW36ZR80PCGCR215,ciqual,17325,review
nfx_0FBAARS8BAHW36ZR80PCGCR215,ciqual,17400,review
nfx_0FBAARS8BAHW36ZR80PCGCR215,ciqual,17420,review
nfx_0FBAARS8BAHW36ZR80PCGCR215,ciqual,17440,review
nfx_0FBAARS8BAHW36ZR80PCGCR215,ciqual,17640,review
nfx_0FBAARS8BAHW36ZR80PCGCR215,ciqual,17645,review
nfx_0FBAARS8BAHW36ZR80PCGCR215,ciqual,17650,review
nfx_0FBAARS8BAHW36ZR80PCGCR215,ciqual,17800,review
nfx_0FBAARS8BAHW36ZR80PCGCR215,ciqual,17900,review
nfx_0FBAARS8BAHW36ZR80PCGCR215,insa,388,automatic
nfx_0FBAARS8BAHW36ZR80PCGCR215,insa,388,review
nfx_0FBAARS8BAHW36ZR80PCGCR215,insa,388,review
nfx_0FBAARS8BAHW36ZR80PCGCR215,insa,388,review
nfx_0FBAARS8BAHW36ZR80PCGCR215,insa,388,review
nfx_0FBAARS8BAHW36ZR80PCGCR215,insa,388,review
nfx_0FBAARS8BAHW36ZR80PCGCR215,insa,388,review
nfx_0FBAARS8BAHW36ZR80PCGCR215,insa,388,review
nfx_0FBAARS8BAHW36ZR80PCGCR215,insa,388,review
nfx_0FBAARS8BAHW36ZR80PCGCR215,insa,388,review
nfx_0FBAARS8BAHW36ZR80PCGCR215,insa,388,review
nfx_0FBAARS8BAHW36ZR80PCGCR215,insa,388,review
nfx_0FBAARS8BAHW36ZR80PCGCR215,insa,388,review
nfx_0FBAARS8BAHW36ZR80PCGCR215,insa,388,review
nfx_0FBAARS8BAHW36ZR80PCGCR215,insa,388,review
nfx_0FBAARS8BAHW36ZR80PCGCR215,insa,388,review
nfx_0FBAARS8BAHW36ZR80PCGCR215,insa,388,review
nfx_0FBAARS8BAHW36ZR80PCGCR215,insa,388,review
nfx_0FBAARS8BAHW36ZR80PCGCR215,insa,388,review
nfx_0FBAARS8BAHW36ZR80PCGCR215,insa,388,review
nfx_0FCR7Q8CMRNH3JG93SQBE727JD,ciqual,26019,review
nfx_0FCR7Q8CMRNH3JG93SQBE727JD,ciqual,26087,review
nfx_0FCR7Q8CMRNH3JG93SQBE727JD,ciqual,26186,review
nfx_0FCR7Q8CMRNH3JG93SQBE727JD,ciqual,8083,review
nfx_0FCR7Q8CMRNH3JG93SQBE727JD,insa,821,review
nfx_0FCR7Q8CMRNH3JG93SQBE727JD,insa,821,review
nfx_0FCR7Q8CMRNH3JG93SQBE727JD,insa,821,review
nfx_0FCR7Q8CMRNH3JG93SQBE727JD,insa,821,review
nfx_0FGWQQFZH4A98YJ3NX49C9J3YW,ciqual,31000,review
nfx_0FGWQQFZH4A98YJ3NX49C9J3YW,ciqual,31005,review
nfx_0FGWQQFZH4A98YJ3NX49C9J3YW,ciqual,31012,review
nfx_0FGWQQFZH4A98YJ3NX49C9J3YW,ciqual,31041,review
nfx_0FGWQQFZH4A98YJ3NX49C9J3YW,ciqual,31042,review
nfx_0FGWQQFZH4A98YJ3NX49C9J3YW,ciqual,31074,review
nfx_0FGWQQFZH4A98YJ3NX49C9J3YW,ciqual,31085,review
nfx_0FGWQQFZH4A98YJ3NX49C9J3YW,ciqual,31093,review
nfx_0FGWQQFZH4A98YJ3NX49C9J3YW,ciqual,31120,review
nfx_0FGWQQFZH4A98YJ3NX49C9J3YW,insa,1900000094,review
nfx_0FGWQQFZH4A98YJ3NX49C9J3YW,insa,1900000094,review
nfx_0FGWQQFZH4A98YJ3NX49C9J3YW,insa,1900000094,review
nfx_0FGWQQFZH4A98YJ3NX49C9J3YW,insa,1900000094,review
nfx_0FGWQQFZH4A98YJ3NX49C9J3YW,insa,1900000094,review
nfx_0FGWQQFZH4A98YJ3NX49C9J3YW,insa,1900000094,review
nfx_0FGWQQFZH4A98YJ3NX49C9J3YW,insa,1900000094,review
nfx_0FGWQQFZH4A98YJ3NX49C9J3YW,insa,1900000094,review
nfx_0FGWQQFZH4A98YJ3NX49C9J3YW,insa,1900000094,review
nfx_0FMGSA6B3G9ECMWWPE1DDESZBS,ciqual,40052,automatic
nfx_0FMGSA6B3G9ECMWWPE1DDESZBS,ciqual,40052,review
nfx_0FMGSA6B3G9ECMWWPE1DDESZBS,ciqual,40052,review
nfx_0FMGSA6B3G9ECMWWPE1DDESZBS,ciqual,40052,review
nfx_0FMGSA6B3G9ECMWWPE1DDESZBS,ciqual,40052,review
nfx_0FMGSA6B3G9ECMWWPE1DDESZBS,ciqual,40052,review
nfx_0FMGSA6B3G9ECMWWPE1DDESZBS,ciqual,40052,review
nfx_0FMGSA6B3G9ECMWWPE1DDESZBS,ciqual,40052,review
nfx_0FMGSA6B3G9ECMWWPE1DDESZBS,ciqual,40052,review
nfx_0FMGSA6B3G9ECMWWPE1DDESZBS,ciqual,40052,review
nfx_0FMGSA6B3G9ECMWWPE1DDESZBS,ciqual,40052,review
nfx_0FMGSA6B3G9ECMWWPE1DDESZBS,ciqual,40052,review
nfx_0FMGSA6B3G9ECMWWPE1DDESZBS,ciqual,40052,review
nfx_0FMGSA6B3G9ECMWWPE1DDESZBS,ciqual,40052,review
nfx_0FMGSA6B3G9ECMWWPE1DDESZBS,ciqual,40052,review
nfx_0FMGSA6B3G9ECMWWPE1DDESZBS,insa,1900000007,review
nfx_0FMGSA6B3G9ECMWWPE1DDESZBS,insa,195,review
nfx_0FMGSA6B3G9ECMWWPE1DDESZBS,insa,196,review
nfx_0FMGSA6B3G9ECMWWPE1DDESZBS,insa,197,review
nfx_0FMGSA6B3G9ECMWWPE1DDESZBS,insa,198,review
nfx_0FMGSA6B3G9ECMWWPE1DDESZBS,insa,2120000002,review
nfx_0FMGSA6B3G9ECMWWPE1DDESZBS,insa,2120000003,review
nfx_0FMGSA6B3G9ECMWWPE1DDESZBS,insa,293,review
nfx_0FMGSA6B3G9ECMWWPE1DDESZBS,insa,315,review
nfx_0FMGSA6B3G9ECMWWPE1DDESZBS,insa,317,automatic
nfx_0FMGSA6B3G9ECMWWPE1DDESZBS,insa,318,review
nfx_0FMGSA6B3G9ECMWWPE1DDESZBS,insa,320,review
nfx_0FMGSA6B3G9ECMWWPE1DDESZBS,insa,324,review
nfx_0FMGSA6B3G9ECMWWPE1DDESZBS,insa,330,review
nfx_0FMGSA6B3G9ECMWWPE1DDESZBS,insa,336,review
nfx_0FPT0FA2VTSRX5YQW1P2ZACAW5,ciqual,40113,review
nfx_0FPT0FA2VTSRX5YQW1P2ZACAW5,ciqual,40113,review
nfx_0FPT0FA2VTSRX5YQW1P2ZACAW5,ciqual,40113,review
nfx_0FPT0FA2VTSRX5YQW1P2ZACAW5,ciqual,40113,review
nfx_0FPT0FA2VTSRX5YQW1P2ZACAW5,ciqual,40113,review
nfx_0FPT0FA2VTSRX5YQW1P2ZACAW5,insa,157,review
nfx_0FPT0FA2VTSRX5YQW1P2ZACAW5,insa,2120000010,review
nfx_0FPT0FA2VTSRX5YQW1P2ZACAW5,insa,321,review
nfx_0FPT0FA2VTSRX5YQW1P2ZACAW5,insa,322,review
nfx_0FPT0FA2VTSRX5YQW1P2ZACAW5,insa,337,review
nfx_0FRRW5D5SJNJ7HT6CSF7DH0GN4,ciqual,5030,review
nfx_0FRRW5D5SJNJ7HT6CSF7DH0GN4,insa,728,review
nfx_0GEBJG6NAAR9NMSMNMZ4JRCEMZ,ciqual,24430,review
nfx_0GEBJG6NAAR9NMSMNMZ4JRCEMZ,insa,459,review
nfx_0GK6MA23KVQYSDF0MPY374WZN6,ciqual,40302,review
nfx_0GK6MA23KVQYSDF0MPY374WZN6,insa,96,review
nfx_0GV5N6Q8Y0HB6XRTTNP16MSJ85,ciqual,30152,review
nfx_0GV5N6Q8Y0HB6XRTTNP16MSJ85,ciqual,40202,review
nfx_0GV5N6Q8Y0HB6XRTTNP16MSJ85,ciqual,40402,review
nfx_0GV5N6Q8Y0HB6XRTTNP16MSJ85,ciqual,40502,review
nfx_0GV5N6Q8Y0HB6XRTTNP16MSJ85,ciqual,40600,review
nfx_0GV5N6Q8Y0HB6XRTTNP16MSJ85,ciqual,6001,review
nfx_0GV5N6Q8Y0HB6XRTTNP16MSJ85,ciqual,6002,review
nfx_0GV5N6Q8Y0HB6XRTTNP16MSJ85,ciqual,6003,review
nfx_0GV5N6Q8Y0HB6XRTTNP16MSJ85,ciqual,6102,review
nfx_0GV5N6Q8Y0HB6XRTTNP16MSJ85,ciqual,6106,review
nfx_0GV5N6Q8Y0HB6XRTTNP16MSJ85,ciqual,6111,review
nfx_0GV5N6Q8Y0HB6XRTTNP16MSJ85,ciqual,6116,review
nfx_0GV5N6Q8Y0HB6XRTTNP16MSJ85,ciqual,6122,review
nfx_0GV5N6Q8Y0HB6XRTTNP16MSJ85,ciqual,6130,review
nfx_0GV5N6Q8Y0HB6XRTTNP16MSJ85,ciqual,6140,review
nfx_0GV5N6Q8Y0HB6XRTTNP16MSJ85,ciqual,6150,review
nfx_0GV5N6Q8Y0HB6XRTTNP16MSJ85,ciqual,6160,review
nfx_0GV5N6Q8Y0HB6XRTTNP16MSJ85,ciqual,6201,review
nfx_0GV5N6Q8Y0HB6XRTTNP16MSJ85,ciqual,6202,review
nfx_0GV5N6Q8Y0HB6XRTTNP16MSJ85,ciqual,6204,review
nfx_0GV5N6Q8Y0HB6XRTTNP16MSJ85,ciqual,6206,review
nfx_0GV5N6Q8Y0HB6XRTTNP16MSJ85,ciqual,6212,review
nfx_0GV5N6Q8Y0HB6XRTTNP16MSJ85,ciqual,6231,review
nfx_0GV5N6Q8Y0HB6XRTTNP16MSJ85,ciqual,6240,review
nfx_0GV5N6Q8Y0HB6XRTTNP16MSJ85,ciqual,6270,review
nfx_0GV5N6Q8Y0HB6XRTTNP16MSJ85,ciqual,6311,review
nfx_0GV5N6Q8Y0HB6XRTTNP16MSJ85,insa,197,review
nfx_0GV5N6Q8Y0HB6XRTTNP16MSJ85,insa,197,review
nfx_0GV5N6Q8Y0HB6XRTTNP16MSJ85,insa,197,review
nfx_0GV5N6Q8Y0HB6XRTTNP16MSJ85,insa,197,review
nfx_0GV5N6Q8Y0HB6XRTTNP16MSJ85,insa,197,review
nfx_0GV5N6Q8Y0HB6XRTTNP16MSJ85,insa,197,review
nfx_0GV5N6Q8Y0HB6XRTTNP16MSJ85,insa,197,review
nfx_0GV5N6Q8Y0HB6XRTTNP16MSJ85,insa,197,review
nfx_0GV5N6Q8Y0HB6XRTTNP16MSJ85,insa,197,review
nfx_0GV5N6Q8Y0HB6XRTTNP16MSJ85,insa,197,review
nfx_0GV5N6Q8Y0HB6XRTTNP16MSJ85,insa,197,review
nfx_0GV5N6Q8Y0HB6XRTTNP16MSJ85,insa,197,review
nfx_0GV5N6Q8Y0HB6XRTTNP16MSJ85,insa,197,review
nfx_0GV5N6Q8Y0HB6XRTTNP16MSJ85,insa,197,review
nfx_0GV5N6Q8Y0HB6XRTTNP16MSJ85,insa,197,review
nfx_0GV5N6Q8Y0HB6XRTTNP16MSJ85,insa,197,review
nfx_0GV5N6Q8Y0HB6XRTTNP16MSJ85,insa,197,review
nfx_0GV5N6Q8Y0HB6XRTTNP16MSJ85,insa,197,review
nfx_0GV5N6Q8Y0HB6XRTTNP16MSJ85,insa,197,review
nfx_0GV5N6Q8Y0HB6XRTTNP16MSJ85,insa,197,review
nfx_0GV5N6Q8Y0HB6XRTTNP16MSJ85,insa,197,review
nfx_0GV5N6Q8Y0HB6XRTTNP16MSJ85,insa,197,review
nfx_0GV5N6Q8Y0HB6XRTTNP16MSJ85,insa,197,review
nfx_0GV5N6Q8Y0HB6XRTTNP16MSJ85,insa,197,review
nfx_0GV5N6Q8Y0HB6XRTTNP16MSJ85,insa,197,review
nfx_0GV5N6Q8Y0HB6XRTTNP16MSJ85,insa,197,review
nfx_0GVTP4RCNWBGAVGZB8YGFN4WBV,ciqual,11111,review
nfx_0GVTP4RCNWBGAVGZB8YGFN4WBV,ciqual,11111,review
nfx_0GVTP4RCNWBGAVGZB8YGFN4WBV,ciqual,11111,review
nfx_0GVTP4RCNWBGAVGZB8YGFN4WBV,ciqual,11111,review
nfx_0GVTP4RCNWBGAVGZB8YGFN4WBV,ciqual,11111,review
nfx_0GVTP4RCNWBGAVGZB8YGFN4WBV,ciqual,11111,review
nfx_0GVTP4RCNWBGAVGZB8YGFN4WBV,ciqual,11111,review
nfx_0GVTP4RCNWBGAVGZB8YGFN4WBV,ciqual,11111,review
nfx_0GVTP4RCNWBGAVGZB8YGFN4WBV,insa,1164,review
nfx_0GVTP4RCNWBGAVGZB8YGFN4WBV,insa,1211,review
nfx_0GVTP4RCNWBGAVGZB8YGFN4WBV,insa,1229,review
nfx_0GVTP4RCNWBGAVGZB8YGFN4WBV,insa,2120000007,review
nfx_0GVTP4RCNWBGAVGZB8YGFN4WBV,insa,928,review
nfx_0GVTP4RCNWBGAVGZB8YGFN4WBV,insa,929,review
nfx_0GVTP4RCNWBGAVGZB8YGFN4WBV,insa,932,review
nfx_0GVTP4RCNWBGAVGZB8YGFN4WBV,insa,933,review
nfx_0GWNH94JFKKM7QEVEM10PMBQCJ,ciqual,2009,review
nfx_0GWNH94JFKKM7QEVEM10PMBQCJ,ciqual,2009,review
nfx_0GWNH94JFKKM7QEVEM10PMBQCJ,ciqual,2009,review
nfx_0GWNH94JFKKM7QEVEM10PMBQCJ,insa,752,review
nfx_0GWNH94JFKKM7QEVEM10PMBQCJ,insa,754,review
nfx_0GWNH94JFKKM7QEVEM10PMBQCJ,insa,757,review
nfx_0GWPXX65FJ3FYNAY27RESDRC78,ciqual,9815,review
nfx_0GWPXX65FJ3FYNAY27RESDRC78,ciqual,9815,review
nfx_0GWPXX65FJ3FYNAY27RESDRC78,insa,418,review
nfx_0GWPXX65FJ3FYNAY27RESDRC78,insa,422,review
nfx_0GY73P9SSMWGA156M9QW6K00E1,ciqual,13038,review
nfx_0GY73P9SSMWGA156M9QW6K00E1,ciqual,13038,review
nfx_0GY73P9SSMWGA156M9QW6K00E1,ciqual,13038,review
nfx_0GY73P9SSMWGA156M9QW6K00E1,ciqual,13038,review
nfx_0GY73P9SSMWGA156M9QW6K00E1,ciqual,13038,review
nfx_0GY73P9SSMWGA156M9QW6K00E1,ciqual,13038,review
nfx_0GY73P9SSMWGA156M9QW6K00E1,ciqual,13038,review
nfx_0GY73P9SSMWGA156M9QW6K00E1,insa,40200010,review
nfx_0GY73P9SSMWGA156M9QW6K00E1,insa,629,review
nfx_0GY73P9SSMWGA156M9QW6K00E1,insa,634,review
nfx_0GY73P9SSMWGA156M9QW6K00E1,insa,639,review
nfx_0GY73P9SSMWGA156M9QW6K00E1,insa,646,review
nfx_0GY73P9SSMWGA156M9QW6K00E1,insa,659,review
nfx_0GY73P9SSMWGA156M9QW6K00E1,insa,663,review
nfx_0H8CVB7HB3YMGZJS2C2KFAZRTM,ciqual,76103,review
nfx_0H8CVB7HB3YMGZJS2C2KFAZRTM,ciqual,76103,review
nfx_0H8CVB7HB3YMGZJS2C2KFAZRTM,ciqual,76103,review
nfx_0H8CVB7HB3YMGZJS2C2KFAZRTM,insa,2,review
nfx_0H8CVB7HB3YMGZJS2C2KFAZRTM,insa,3,review
nfx_0H8CVB7HB3YMGZJS2C2KFAZRTM,insa,5,review
nfx_0HBCHZ84R8KC7RZB9H71T4GJE2,ciqual,20349,review
nfx_0HBCHZ84R8KC7RZB9H71T4GJE2,insa,607,review
nfx_0HGM416NXAWNFKCZRQ67SF2F8G,ciqual,2011,review
nfx_0HGM416NXAWNFKCZRQ67SF2F8G,ciqual,2011,review
nfx_0HGM416NXAWNFKCZRQ67SF2F8G,insa,740,review
nfx_0HGM416NXAWNFKCZRQ67SF2F8G,insa,742,review
nfx_0HRN1F5ZP0FPMNP9KNAB2D7KRT,ciqual,2367,review
nfx_0HRN1F5ZP0FPMNP9KNAB2D7KRT,ciqual,2367,review
nfx_0HRN1F5ZP0FPMNP9KNAB2D7KRT,ciqual,2367,review
nfx_0HRN1F5ZP0FPMNP9KNAB2D7KRT,ciqual,2367,review
nfx_0HRN1F5ZP0FPMNP9KNAB2D7KRT,ciqual,2367,review
nfx_0HRN1F5ZP0FPMNP9KNAB2D7KRT,ciqual,2367,review
nfx_0HRN1F5ZP0FPMNP9KNAB2D7KRT,ciqual,2367,review
nfx_0HRN1F5ZP0FPMNP9KNAB2D7KRT,insa,748,review
nfx_0HRN1F5ZP0FPMNP9KNAB2D7KRT,insa,749,review
nfx_0HRN1F5ZP0FPMNP9KNAB2D7KRT,insa,750,review
nfx_0HRN1F5ZP0FPMNP9KNAB2D7KRT,insa,751,review
nfx_0HRN1F5ZP0FPMNP9KNAB2D7KRT,insa,752,review
nfx_0HRN1F5ZP0FPMNP9KNAB2D7KRT,insa,753,review
nfx_0HRN1F5ZP0FPMNP9KNAB2D7KRT,insa,754,review
nfx_0HRVT14F137SPNDHHV3W4MWAK0,ciqual,31020,review
nfx_0HRVT14F137SPNDHHV3W4MWAK0,insa,506,review
nfx_0HXT2BH5Y2VHWGNYCNRD0M53BP,ciqual,1021,review
nfx_0HXT2BH5Y2VHWGNYCNRD0M53BP,ciqual,1021,review
nfx_0HXT2BH5Y2VHWGNYCNRD0M53BP,ciqual,1021,review
nfx_0HXT2BH5Y2VHWGNYCNRD0M53BP,ciqual,1021,review
nfx_0HXT2BH5Y2VHWGNYCNRD0M53BP,insa,732,review
nfx_0HXT2BH5Y2VHWGNYCNRD0M53BP,insa,733,review
nfx_0HXT2BH5Y2VHWGNYCNRD0M53BP,insa,734,review
nfx_0HXT2BH5Y2VHWGNYCNRD0M53BP,insa,735,review
nfx_0J0AV74N6DEZD1QEKF5AY7V02W,ciqual,13160,review
nfx_0J0AV74N6DEZD1QEKF5AY7V02W,ciqual,19013,review
nfx_0J0AV74N6DEZD1QEKF5AY7V02W,insa,250002,review
nfx_0J0AV74N6DEZD1QEKF5AY7V02W,insa,250002,review
nfx_0J2JFB3X67KD88F29NSAPG1HDB,ciqual,15017,review
nfx_0J2JFB3X67KD88F29NSAPG1HDB,ciqual,15064,review
nfx_0J2JFB3X67KD88F29NSAPG1HDB,insa,1900000036,review
nfx_0J2JFB3X67KD88F29NSAPG1HDB,insa,1900000036,review
nfx_0J5P20T1GNDTMEBKB9H50T08MR,ciqual,21519,review
nfx_0J5P20T1GNDTMEBKB9H50T08MR,ciqual,21519,review
nfx_0J5P20T1GNDTMEBKB9H50T08MR,ciqual,21519,review
nfx_0J5P20T1GNDTMEBKB9H50T08MR,ciqual,21519,review
nfx_0J5P20T1GNDTMEBKB9H50T08MR,insa,102,review
nfx_0J5P20T1GNDTMEBKB9H50T08MR,insa,113,review
nfx_0J5P20T1GNDTMEBKB9H50T08MR,insa,1147,review
nfx_0J5P20T1GNDTMEBKB9H50T08MR,insa,96,review
nfx_0JA3ZZCS5YE2CTB55JFJRE9Q4S,ciqual,17130,review
nfx_0JA3ZZCS5YE2CTB55JFJRE9Q4S,ciqual,17130,review
nfx_0JA3ZZCS5YE2CTB55JFJRE9Q4S,ciqual,17130,review
nfx_0JA3ZZCS5YE2CTB55JFJRE9Q4S,ciqual,17130,review
nfx_0JA3ZZCS5YE2CTB55JFJRE9Q4S,ciqual,17130,review
nfx_0JA3ZZCS5YE2CTB55JFJRE9Q4S,ciqual,17130,review
nfx_0JA3ZZCS5YE2CTB55JFJRE9Q4S,ciqual,17130,review
nfx_0JA3ZZCS5YE2CTB55JFJRE9Q4S,ciqual,17130,review
nfx_0JA3ZZCS5YE2CTB55JFJRE9Q4S,insa,1900000092,review
nfx_0JA3ZZCS5YE2CTB55JFJRE9Q4S,insa,2120000009,review
nfx_0JA3ZZCS5YE2CTB55JFJRE9Q4S,insa,389,review
nfx_0JA3ZZCS5YE2CTB55JFJRE9Q4S,insa,390,review
nfx_0JA3ZZCS5YE2CTB55JFJRE9Q4S,insa,391,review
nfx_0JA3ZZCS5YE2CTB55JFJRE9Q4S,insa,392,review
nfx_0JA3ZZCS5YE2CTB55JFJRE9Q4S,insa,393,review
nfx_0JA3ZZCS5YE2CTB55JFJRE9Q4S,insa,394,review
nfx_0JEK3TD6KV3W85PWWZWCP8KRAV,ciqual,25905,review
nfx_0JEK3TD6KV3W85PWWZWCP8KRAV,insa,794,review
nfx_0JEWJ4DHA7KE5PR2ZP8ZKRZ80T,ciqual,15029,review
nfx_0JEWJ4DHA7KE5PR2ZP8ZKRZ80T,ciqual,20270,review
nfx_0JEWJ4DHA7KE5PR2ZP8ZKRZ80T,insa,1900000020,review
nfx_0JEWJ4DHA7KE5PR2ZP8ZKRZ80T,insa,1900000020,review
nfx_0JM2XCSE1GJ3YPT4CXJ4941Y12,ciqual,40111,review
nfx_0JM2XCSE1GJ3YPT4CXJ4941Y12,ciqual,40111,review
nfx_0JM2XCSE1GJ3YPT4CXJ4941Y12,ciqual,40111,review
nfx_0JM2XCSE1GJ3YPT4CXJ4941Y12,ciqual,40111,review
nfx_0JM2XCSE1GJ3YPT4CXJ4941Y12,ciqual,40111,review
nfx_0JM2XCSE1GJ3YPT4CXJ4941Y12,insa,1900000001,review
nfx_0JM2XCSE1GJ3YPT4CXJ4941Y12,insa,1900000007,review
nfx_0JM2XCSE1GJ3YPT4CXJ4941Y12,insa,321,review
nfx_0JM2XCSE1GJ3YPT4CXJ4941Y12,insa,324,review
nfx_0JM2XCSE1GJ3YPT4CXJ4941Y12,insa,326,review
nfx_0JN4J2E4WPBWWCHX1A5GJR7DHD,ciqual,19044,review
nfx_0JN4J2E4WPBWWCHX1A5GJR7DHD,ciqual,19044,review
nfx_0JN4J2E4WPBWWCHX1A5GJR7DHD,ciqual,19044,review
nfx_0JN4J2E4WPBWWCHX1A5GJR7DHD,ciqual,19044,review
nfx_0JN4J2E4WPBWWCHX1A5GJR7DHD,ciqual,19044,review
nfx_0JN4J2E4WPBWWCHX1A5GJR7DHD,ciqual,19044,review
nfx_0JN4J2E4WPBWWCHX1A5GJR7DHD,ciqual,19044,review
nfx_0JN4J2E4WPBWWCHX1A5GJR7DHD,insa,1234,review
nfx_0JN4J2E4WPBWWCHX1A5GJR7DHD,insa,1900000063,review
nfx_0JN4J2E4WPBWWCHX1A5GJR7DHD,insa,25,review
nfx_0JN4J2E4WPBWWCHX1A5GJR7DHD,insa,31,review
nfx_0JN4J2E4WPBWWCHX1A5GJR7DHD,insa,32,review
nfx_0JN4J2E4WPBWWCHX1A5GJR7DHD,insa,33,review
nfx_0JN4J2E4WPBWWCHX1A5GJR7DHD,insa,493,review
nfx_0K0MNVQM76K5PJE520W4NHTM7Q,ciqual,6521,review
nfx_0K0MNVQM76K5PJE520W4NHTM7Q,ciqual,6521,review
nfx_0K0MNVQM76K5PJE520W4NHTM7Q,ciqual,6521,review
nfx_0K0MNVQM76K5PJE520W4NHTM7Q,ciqual,6521,review
nfx_0K0MNVQM76K5PJE520W4NHTM7Q,ciqual,6521,review
nfx_0K0MNVQM76K5PJE520W4NHTM7Q,ciqual,6521,review
nfx_0K0MNVQM76K5PJE520W4NHTM7Q,ciqual,6521,review
nfx_0K0MNVQM76K5PJE520W4NHTM7Q,insa,2120000004,review
nfx_0K0MNVQM76K5PJE520W4NHTM7Q,insa,2120000005,review
nfx_0K0MNVQM76K5PJE520W4NHTM7Q,insa,2120000006,review
nfx_0K0MNVQM76K5PJE520W4NHTM7Q,insa,222,review
nfx_0K0MNVQM76K5PJE520W4NHTM7Q,insa,223,review
nfx_0K0MNVQM76K5PJE520W4NHTM7Q,insa,320,review
nfx_0K0MNVQM76K5PJE520W4NHTM7Q,insa,326,review
nfx_0K55X32QGV48MMVB07YFMH4NMF,ciqual,7114,review
nfx_0K55X32QGV48MMVB07YFMH4NMF,ciqual,7114,review
nfx_0K55X32QGV48MMVB07YFMH4NMF,ciqual,7114,review
nfx_0K55X32QGV48MMVB07YFMH4NMF,ciqual,7114,review
nfx_0K55X32QGV48MMVB07YFMH4NMF,insa,18,review
nfx_0K55X32QGV48MMVB07YFMH4NMF,insa,426,review
nfx_0K55X32QGV48MMVB07YFMH4NMF,insa,428,review
nfx_0K55X32QGV48MMVB07YFMH4NMF,insa,429,review
nfx_0K5NQP06CPHT8S9FFAP0SGDFNP,ciqual,20983,review
nfx_0K5NQP06CPHT8S9FFAP0SGDFNP,insa,1203,review
nfx_0K74KAYT1VD3MRMXJKQMSRHNBX,ciqual,21003,review
nfx_0K74KAYT1VD3MRMXJKQMSRHNBX,ciqual,21504,review
nfx_0K74KAYT1VD3MRMXJKQMSRHNBX,ciqual,28001,review
nfx_0K74KAYT1VD3MRMXJKQMSRHNBX,ciqual,28009,review
nfx_0K74KAYT1VD3MRMXJKQMSRHNBX,ciqual,30750,review
nfx_0K74KAYT1VD3MRMXJKQMSRHNBX,ciqual,40006,review
nfx_0K74KAYT1VD3MRMXJKQMSRHNBX,ciqual,40062,review
nfx_0K74KAYT1VD3MRMXJKQMSRHNBX,ciqual,40106,review
nfx_0K74KAYT1VD3MRMXJKQMSRHNBX,ciqual,40204,review
nfx_0K74KAYT1VD3MRMXJKQMSRHNBX,ciqual,40304,review
nfx_0K74KAYT1VD3MRMXJKQMSRHNBX,ciqual,40409,review
nfx_0K74KAYT1VD3MRMXJKQMSRHNBX,ciqual,6002,review
nfx_0K74KAYT1VD3MRMXJKQMSRHNBX,ciqual,6510,review
nfx_0K74KAYT1VD3MRMXJKQMSRHNBX,ciqual,6513,review
nfx_0K74KAYT1VD3MRMXJKQMSRHNBX,ciqual,6522,review
nfx_0K74KAYT1VD3MRMXJKQMSRHNBX,ciqual,6535,review
nfx_0K74KAYT1VD3MRMXJKQMSRHNBX,ciqual,6536,review
nfx_0K74KAYT1VD3MRMXJKQMSRHNBX,ciqual,6540,review
nfx_0K74KAYT1VD3MRMXJKQMSRHNBX,ciqual,6550,review
nfx_0K74KAYT1VD3MRMXJKQMSRHNBX,ciqual,6560,automatic
nfx_0K74KAYT1VD3MRMXJKQMSRHNBX,ciqual,6562,review
nfx_0K74KAYT1VD3MRMXJKQMSRHNBX,ciqual,6563,review
nfx_0K74KAYT1VD3MRMXJKQMSRHNBX,ciqual,6580,review
nfx_0K74KAYT1VD3MRMXJKQMSRHNBX,ciqual,6583,review
nfx_0K74KAYT1VD3MRMXJKQMSRHNBX,ciqual,6590,review
nfx_0K74KAYT1VD3MRMXJKQMSRHNBX,insa,2120000006,automatic
nfx_0K74KAYT1VD3MRMXJKQMSRHNBX,insa,2120000006,review
nfx_0K74KAYT1VD3MRMXJKQMSRHNBX,insa,2120000006,review
nfx_0K74KAYT1VD3MRMXJKQMSRHNBX,insa,2120000006,review
nfx_0K74KAYT1VD3MRMXJKQMSRHNBX,insa,2120000006,review
nfx_0K74KAYT1VD3MRMXJKQMSRHNBX,insa,2120000006,review
nfx_0K74KAYT1VD3MRMXJKQMSRHNBX,insa,2120000006,review
nfx_0K74KAYT1VD3MRMXJKQMSRHNBX,insa,2120000006,review
nfx_0K74KAYT1VD3MRMXJKQMSRHNBX,insa,2120000006,review
nfx_0K74KAYT1VD3MRMXJKQMSRHNBX,insa,2120000006,review
nfx_0K74KAYT1VD3MRMXJKQMSRHNBX,insa,2120000006,review
nfx_0K74KAYT1VD3MRMXJKQMSRHNBX,insa,2120000006,review
nfx_0K74KAYT1VD3MRMXJKQMSRHNBX,insa,2120000006,review
nfx_0K74KAYT1VD3MRMXJKQMSRHNBX,insa,2120000006,review
nfx_0K74KAYT1VD3MRMXJKQMSRHNBX,insa,2120000006,review
nfx_0K74KAYT1VD3MRMXJKQMSRHNBX,insa,2120000006,review
nfx_0K74KAYT1VD3MRMXJKQMSRHNBX,insa,2120000006,review
nfx_0K74KAYT1VD3MRMXJKQMSRHNBX,insa,2120000006,review
nfx_0K74KAYT1VD3MRMXJKQMSRHNBX,insa,2120000006,review
nfx_0K74KAYT1VD3MRMXJKQMSRHNBX,insa,2120000006,review
nfx_0K74KAYT1VD3MRMXJKQMSRHNBX,insa,2120000006,review
nfx_0K74KAYT1VD3MRMXJKQMSRHNBX,insa,2120000006,review
nfx_0K74KAYT1VD3MRMXJKQMSRHNBX,insa,2120000006,review
nfx_0K74KAYT1VD3MRMXJKQMSRHNBX,insa,2120000006,review
nfx_0K74KAYT1VD3MRMXJKQMSRHNBX,insa,2120000006,review
nfx_0K9DS4YZRVQZNMYKNCN1FVZ2P2,ciqual,20027,review
nfx_0K9DS4YZRVQZNMYKNCN1FVZ2P2,insa,608,review
nfx_0KASYEDRPKYQ5V0RXQC2CBTQXC,ciqual,11005,automatic
nfx_0KASYEDRPKYQ5V0RXQC2CBTQXC,insa,1193,automatic
nfx_0KGF68DAZW1MK62HD9CY8V8VBB,ciqual,23588,review
nfx_0KGF68DAZW1MK62HD9CY8V8VBB,ciqual,23588,review
nfx_0KGF68DAZW1MK62HD9CY8V8VBB,ciqual,23588,review
nfx_0KGF68DAZW1MK62HD9CY8V8VBB,insa,477,review
nfx_0KGF68DAZW1MK62HD9CY8V8VBB,insa,478,review
nfx_0KGF68DAZW1MK62HD9CY8V8VBB,insa,479,review
nfx_0KJ1V78FNB1WPS73S3ECJV46R7,ciqual,11216,review
nfx_0KJ1V78FNB1WPS73S3ECJV46R7,insa,2120000007,review
nfx_0KPX5WBW5HKRQSXC2RFFNFN4ZM,ciqual,40405,review
nfx_0KPX5WBW5HKRQSXC2RFFNFN4ZM,ciqual,40405,review
nfx_0KPX5WBW5HKRQSXC2RFFNFN4ZM,ciqual,40405,review
nfx_0KPX5WBW5HKRQSXC2RFFNFN4ZM,insa,157,review
nfx_0KPX5WBW5HKRQSXC2RFFNFN4ZM,insa,2120000010,review
nfx_0KPX5WBW5HKRQSXC2RFFNFN4ZM,insa,334,review
nfx_0KQV69Y4TKKC1K93KJG10F1C6W,ciqual,25154,review
nfx_0KQV69Y4TKKC1K93KJG10F1C6W,insa,371,review
nfx_0KZGHJTFPFE05AFVXWCVD7BTQS,ciqual,76004,review
nfx_0KZGHJTFPFE05AFVXWCVD7BTQS,ciqual,76004,review
nfx_0KZGHJTFPFE05AFVXWCVD7BTQS,ciqual,76004,review
nfx_0KZGHJTFPFE05AFVXWCVD7BTQS,insa,2,review
nfx_0KZGHJTFPFE05AFVXWCVD7BTQS,insa,3,review
nfx_0KZGHJTFPFE05AFVXWCVD7BTQS,insa,5,review
nfx_0M1TJJ15PDACBXXD8Z7NFDG9DH,ciqual,20818,review
nfx_0M1TJJ15PDACBXXD8Z7NFDG9DH,insa,579,review
nfx_0M3WFMVPQRTS4XSPFB55DWQ7RB,ciqual,58100,automatic
nfx_0M3WFMVPQRTS4XSPFB55DWQ7RB,insa,1900000014,automatic
nfx_0M8GH29XFRKVCJATA7CAGEA9BJ,ciqual,12830,review
nfx_0M8GH29XFRKVCJATA7CAGEA9BJ,ciqual,12830,review
nfx_0M8GH29XFRKVCJATA7CAGEA9BJ,ciqual,12830,review
nfx_0M8GH29XFRKVCJATA7CAGEA9BJ,ciqual,12830,review
nfx_0M8GH29XFRKVCJATA7CAGEA9BJ,ciqual,12830,review
nfx_0M8GH29XFRKVCJATA7CAGEA9BJ,insa,19,review
nfx_0M8GH29XFRKVCJATA7CAGEA9BJ,insa,220004,review
nfx_0M8GH29XFRKVCJATA7CAGEA9BJ,insa,220014,review
nfx_0M8GH29XFRKVCJATA7CAGEA9BJ,insa,220015,review
nfx_0M8GH29XFRKVCJATA7CAGEA9BJ,insa,220022,review
nfx_0M93WX652JPY26ZG9ZYAAMQ1RP,ciqual,38413,review
nfx_0M93WX652JPY26ZG9ZYAAMQ1RP,ciqual,38413,review
nfx_0M93WX652JPY26ZG9ZYAAMQ1RP,ciqual,38413,review
nfx_0M93WX652JPY26ZG9ZYAAMQ1RP,ciqual,38413,review
nfx_0M93WX652JPY26ZG9ZYAAMQ1RP,ciqual,38413,review
nfx_0M93WX652JPY26ZG9ZYAAMQ1RP,ciqual,38413,review
nfx_0M93WX652JPY26ZG9ZYAAMQ1RP,ciqual,38413,review
nfx_0M93WX652JPY26ZG9ZYAAMQ1RP,insa,455,review
nfx_0M93WX652JPY26ZG9ZYAAMQ1RP,insa,459,review
nfx_0M93WX652JPY26ZG9ZYAAMQ1RP,insa,460,review
nfx_0M93WX652JPY26ZG9ZYAAMQ1RP,insa,463,review
nfx_0M93WX652JPY26ZG9ZYAAMQ1RP,insa,464,review
nfx_0M93WX652JPY26ZG9ZYAAMQ1RP,insa,466,review
nfx_0M93WX652JPY26ZG9ZYAAMQ1RP,insa,469,review
nfx_0M9XSQN5W5MD3EN7DQ1JPH91WF,ciqual,6531,review
nfx_0M9XSQN5W5MD3EN7DQ1JPH91WF,ciqual,6550,review
nfx_0M9XSQN5W5MD3EN7DQ1JPH91WF,ciqual,6551,review
nfx_0M9XSQN5W5MD3EN7DQ1JPH91WF,insa,233,review
nfx_0M9XSQN5W5MD3EN7DQ1JPH91WF,insa,233,review
nfx_0M9XSQN5W5MD3EN7DQ1JPH91WF,insa,233,review
nfx_0MHVQ5RJN6GTM299C1RQ71KT5K,ciqual,10009,review
nfx_0MHVQ5RJN6GTM299C1RQ71KT5K,insa,921,review
nfx_0MW575HCYG912Q4MJ283G33FG5,ciqual,12820,review
nfx_0MW575HCYG912Q4MJ283G33FG5,insa,220015,review
nfx_0MXKJDDTKGEQ2ADY88Y5N4DGAC,ciqual,17325,review
nfx_0MXKJDDTKGEQ2ADY88Y5N4DGAC,ciqual,17325,review
nfx_0MXKJDDTKGEQ2ADY88Y5N4DGAC,ciqual,17325,review
nfx_0MXKJDDTKGEQ2ADY88Y5N4DGAC,ciqual,17325,review
nfx_0MXKJDDTKGEQ2ADY88Y5N4DGAC,ciqual,17325,review
nfx_0MXKJDDTKGEQ2ADY88Y5N4DGAC,ciqual,17325,review
nfx_0MXKJDDTKGEQ2ADY88Y5N4DGAC,ciqual,17325,review
nfx_0MXKJDDTKGEQ2ADY88Y5N4DGAC,ciqual,17325,review
nfx_0MXKJDDTKGEQ2ADY88Y5N4DGAC,insa,1900000092,review
nfx_0MXKJDDTKGEQ2ADY88Y5N4DGAC,insa,2120000009,review
nfx_0MXKJDDTKGEQ2ADY88Y5N4DGAC,insa,389,review
nfx_0MXKJDDTKGEQ2ADY88Y5N4DGAC,insa,390,review
nfx_0MXKJDDTKGEQ2ADY88Y5N4DGAC,insa,391,review
nfx_0MXKJDDTKGEQ2ADY88Y5N4DGAC,insa,392,review
nfx_0MXKJDDTKGEQ2ADY88Y5N4DGAC,insa,393,review
nfx_0MXKJDDTKGEQ2ADY88Y5N4DGAC,insa,394,review
nfx_0N4B8DE09G6TXV8R9G7ARR0B9K,ciqual,13417,review
nfx_0N4B8DE09G6TXV8R9G7ARR0B9K,ciqual,13418,review
nfx_0N4B8DE09G6TXV8R9G7ARR0B9K,insa,691,review
nfx_0N4B8DE09G6TXV8R9G7ARR0B9K,insa,691,review
nfx_0N6EZRCJ8HSNNZ4E3Y1ZRJR1VZ,ciqual,5011,review
nfx_0N6EZRCJ8HSNNZ4E3Y1ZRJR1VZ,ciqual,5011,review
nfx_0N6EZRCJ8HSNNZ4E3Y1ZRJR1VZ,ciqual,5011,review
nfx_0N6EZRCJ8HSNNZ4E3Y1ZRJR1VZ,insa,726,review
nfx_0N6EZRCJ8HSNNZ4E3Y1ZRJR1VZ,insa,727,review
nfx_0N6EZRCJ8HSNNZ4E3Y1ZRJR1VZ,insa,728,review
nfx_0NAD17GRD8AEJH8XKQT5H6B9VJ,ciqual,25561,review
nfx_0NAD17GRD8AEJH8XKQT5H6B9VJ,ciqual,25561,review
nfx_0NAD17GRD8AEJH8XKQT5H6B9VJ,ciqual,25561,review
nfx_0NAD17GRD8AEJH8XKQT5H6B9VJ,insa,1090,review
nfx_0NAD17GRD8AEJH8XKQT5H6B9VJ,insa,1101,review
nfx_0NAD17GRD8AEJH8XKQT5H6B9VJ,insa,407,review
nfx_0NAQ1V8W5XTQ09BW6HTKD84NJJ,ciqual,19501,review
nfx_0NAQ1V8W5XTQ09BW6HTKD84NJJ,ciqual,19644,review
nfx_0NAQ1V8W5XTQ09BW6HTKD84NJJ,ciqual,19650,review
nfx_0NAQ1V8W5XTQ09BW6HTKD84NJJ,ciqual,19711,review
nfx_0NAQ1V8W5XTQ09BW6HTKD84NJJ,insa,60,review
nfx_0NAQ1V8W5XTQ09BW6HTKD84NJJ,insa,60,review
nfx_0NAQ1V8W5XTQ09BW6HTKD84NJJ,insa,60,review
nfx_0NAQ1V8W5XTQ09BW6HTKD84NJJ,insa,60,review
nfx_0NFZ2GKP31WA5JDBBW82886P1H,ciqual,25139,review
nfx_0NFZ2GKP31WA5JDBBW82886P1H,insa,1153,review
nfx_0NGZY8J495ZSWVNYP819BYC530,ciqual,26235,review
nfx_0NGZY8J495ZSWVNYP819BYC530,ciqual,26236,review
nfx_0NGZY8J495ZSWVNYP819BYC530,insa,817,review
nfx_0NGZY8J495ZSWVNYP819BYC530,insa,817,review
nfx_0NKQ13HQ81MTS1MS20TQNNCQBW,ciqual,9360,review
nfx_0NKQ13HQ81MTS1MS20TQNNCQBW,insa,401,review
nfx_0NVJRP2SC5H6F5CQ01PXS3MR4E,ciqual,15058,review
nfx_0NVJRP2SC5H6F5CQ01PXS3MR4E,insa,699,review
nfx_0P0PXA5YA2EJH2NTM0284NRPBD,ciqual,28202,review
nfx_0P0PXA5YA2EJH2NTM0284NRPBD,ciqual,28300,review
nfx_0P0PXA5YA2EJH2NTM0284NRPBD,ciqual,28301,review
nfx_0P0PXA5YA2EJH2NTM0284NRPBD,ciqual,28451,review
nfx_0P0PXA5YA2EJH2NTM0284NRPBD,ciqual,28480,review
nfx_0P0PXA5YA2EJH2NTM0284NRPBD,ciqual,28700,review
nfx_0P0PXA5YA2EJH2NTM0284NRPBD,insa,185,review
nfx_0P0PXA5YA2EJH2NTM0284NRPBD,insa,185,review
nfx_0P0PXA5YA2EJH2NTM0284NRPBD,insa,185,review
nfx_0P0PXA5YA2EJH2NTM0284NRPBD,insa,185,review
nfx_0P0PXA5YA2EJH2NTM0284NRPBD,insa,185,review
nfx_0P0PXA5YA2EJH2NTM0284NRPBD,insa,185,review
nfx_0P44VCP2V902FYGW0XWRVG2G3F,ciqual,76001,review
nfx_0P44VCP2V902FYGW0XWRVG2G3F,ciqual,76001,review
nfx_0P44VCP2V902FYGW0XWRVG2G3F,ciqual,76001,review
nfx_0P44VCP2V902FYGW0XWRVG2G3F,insa,2,review
nfx_0P44VCP2V902FYGW0XWRVG2G3F,insa,3,review
nfx_0P44VCP2V902FYGW0XWRVG2G3F,insa,5,review
nfx_0PADNQHRR8FCNMJS5ZYK8YJPJQ,ciqual,13083,review
nfx_0PADNQHRR8FCNMJS5ZYK8YJPJQ,insa,1900000095,review
nfx_0PE7GAZFJSQ31QP1SZZVF6EWJA,ciqual,20208,review
nfx_0PE7GAZFJSQ31QP1SZZVF6EWJA,ciqual,20208,review
nfx_0PE7GAZFJSQ31QP1SZZVF6EWJA,insa,1900000018,review
nfx_0PE7GAZFJSQ31QP1SZZVF6EWJA,insa,600,review
nfx_0PEABTRYJ6F9E0491YKV93HEMF,ciqual,7257,review
nfx_0PEABTRYJ6F9E0491YKV93HEMF,insa,495,review
nfx_0PKM67HQACZJ4E71ER6NJ7V8RZ,ciqual,6512,review
nfx_0PKM67HQACZJ4E71ER6NJ7V8RZ,ciqual,6512,review
nfx_0PKM67HQACZJ4E71ER6NJ7V8RZ,ciqual,6512,review
nfx_0PKM67HQACZJ4E71ER6NJ7V8RZ,insa,234,review
nfx_0PKM67HQACZJ4E71ER6NJ7V8RZ,insa,236,review
nfx_0PKM67HQACZJ4E71ER6NJ7V8RZ,insa,237,review
nfx_0PSKF2Y1P05HYAWHHZ01Z1AJ9S,ciqual,19270,review
nfx_0PSKF2Y1P05HYAWHHZ01Z1AJ9S,ciqual,19270,review
nfx_0PSKF2Y1P05HYAWHHZ01Z1AJ9S,ciqual,19270,review
nfx_0PSKF2Y1P05HYAWHHZ01Z1AJ9S,ciqual,19270,review
nfx_0PSKF2Y1P05HYAWHHZ01Z1AJ9S,ciqual,19270,review
nfx_0PSKF2Y1P05HYAWHHZ01Z1AJ9S,ciqual,19270,review
nfx_0PSKF2Y1P05HYAWHHZ01Z1AJ9S,insa,34,review
nfx_0PSKF2Y1P05HYAWHHZ01Z1AJ9S,insa,35,review
nfx_0PSKF2Y1P05HYAWHHZ01Z1AJ9S,insa,36,review
nfx_0PSKF2Y1P05HYAWHHZ01Z1AJ9S,insa,37,review
nfx_0PSKF2Y1P05HYAWHHZ01Z1AJ9S,insa,38,review
nfx_0PSKF2Y1P05HYAWHHZ01Z1AJ9S,insa,514,review
nfx_0PX89RZXSBNKEFWQ8YTJVMGK96,ciqual,20016,automatic
nfx_0PX89RZXSBNKEFWQ8YTJVMGK96,ciqual,20016,review
nfx_0PX89RZXSBNKEFWQ8YTJVMGK96,insa,556,automatic
nfx_0PX89RZXSBNKEFWQ8YTJVMGK96,insa,557,review
nfx_0Q3SA8HQXP11D9JPY26P6B2KE8,ciqual,9810,review
nfx_0Q3SA8HQXP11D9JPY26P6B2KE8,ciqual,9810,review
nfx_0Q3SA8HQXP11D9JPY26P6B2KE8,ciqual,9810,review
nfx_0Q3SA8HQXP11D9JPY26P6B2KE8,insa,418,review
nfx_0Q3SA8HQXP11D9JPY26P6B2KE8,insa,422,review
nfx_0Q3SA8HQXP11D9JPY26P6B2KE8,insa,424,review
nfx_0QAF4C5PJG74FW1AVJ6S58BW3W,ciqual,39505,review
nfx_0QAF4C5PJG74FW1AVJ6S58BW3W,ciqual,39505,review
nfx_0QAF4C5PJG74FW1AVJ6S58BW3W,ciqual,39505,review
nfx_0QAF4C5PJG74FW1AVJ6S58BW3W,ciqual,39505,review
nfx_0QAF4C5PJG74FW1AVJ6S58BW3W,insa,62,review
nfx_0QAF4C5PJG74FW1AVJ6S58BW3W,insa,63,review
nfx_0QAF4C5PJG74FW1AVJ6S58BW3W,insa,65,review
nfx_0QAF4C5PJG74FW1AVJ6S58BW3W,insa,66,review
nfx_0QC2WTAP7H5XS1Q4TJ453KQPQQ,ciqual,10021,review
nfx_0QC2WTAP7H5XS1Q4TJ453KQPQQ,ciqual,10038,review
nfx_0QC2WTAP7H5XS1Q4TJ453KQPQQ,insa,969,review
nfx_0QC2WTAP7H5XS1Q4TJ453KQPQQ,insa,969,review
nfx_0QG2S21G9G8W7Y2DPJ43CWN6T5,ciqual,36101,review
nfx_0QG2S21G9G8W7Y2DPJ43CWN6T5,ciqual,36101,review
nfx_0QG2S21G9G8W7Y2DPJ43CWN6T5,insa,302,review
nfx_0QG2S21G9G8W7Y2DPJ43CWN6T5,insa,70500004,review
nfx_0QMGV159DRBS3W526XQ7SAK4WE,ciqual,20017,review
nfx_0QMGV159DRBS3W526XQ7SAK4WE,ciqual,20290,review
nfx_0QMGV159DRBS3W526XQ7SAK4WE,ciqual,20312,automatic
nfx_0QMGV159DRBS3W526XQ7SAK4WE,insa,557,automatic
nfx_0QMGV159DRBS3W526XQ7SAK4WE,insa,557,review
nfx_0QMGV159DRBS3W526XQ7SAK4WE,insa,557,review
nfx_0QSSPJPPBKJAFN5ZG8M2JG7RZF,ciqual,11143,review
nfx_0QSSPJPPBKJAFN5ZG8M2JG7RZF,insa,928,review
nfx_0QV81SVTH1CJKQKYHB8QZF82NF,ciqual,32005,review
nfx_0QV81SVTH1CJKQKYHB8QZF82NF,ciqual,32014,review
nfx_0QV81SVTH1CJKQKYHB8QZF82NF,insa,443,review
nfx_0QV81SVTH1CJKQKYHB8QZF82NF,insa,443,review
nfx_0QXVXGV7T0051D5682YASYQK9A,ciqual,13735,review
nfx_0QXVXGV7T0051D5682YASYQK9A,insa,683,review
nfx_0R3DMVCKH8K5MWSB641CNKCJKR,ciqual,21514,review
nfx_0R3DMVCKH8K5MWSB641CNKCJKR,ciqual,28302,review
nfx_0R3DMVCKH8K5MWSB641CNKCJKR,ciqual,30750,review
nfx_0R3DMVCKH8K5MWSB641CNKCJKR,ciqual,40006,review
nfx_0R3DMVCKH8K5MWSB641CNKCJKR,ciqual,40062,review
nfx_0R3DMVCKH8K5MWSB641CNKCJKR,ciqual,40106,review
nfx_0R3DMVCKH8K5MWSB641CNKCJKR,ciqual,40204,review
nfx_0R3DMVCKH8K5MWSB641CNKCJKR,ciqual,40304,review
nfx_0R3DMVCKH8K5MWSB641CNKCJKR,ciqual,40409,review
nfx_0R3DMVCKH8K5MWSB641CNKCJKR,ciqual,6240,review
nfx_0R3DMVCKH8K5MWSB641CNKCJKR,ciqual,6510,review
nfx_0R3DMVCKH8K5MWSB641CNKCJKR,ciqual,6513,review
nfx_0R3DMVCKH8K5MWSB641CNKCJKR,ciqual,6522,review
nfx_0R3DMVCKH8K5MWSB641CNKCJKR,ciqual,6535,review
nfx_0R3DMVCKH8K5MWSB641CNKCJKR,ciqual,6536,review
nfx_0R3DMVCKH8K5MWSB641CNKCJKR,ciqual,6540,review
nfx_0R3DMVCKH8K5MWSB641CNKCJKR,ciqual,6550,review
nfx_0R3DMVCKH8K5MWSB641CNKCJKR,ciqual,6560,review
nfx_0R3DMVCKH8K5MWSB641CNKCJKR,ciqual,6580,review
nfx_0R3DMVCKH8K5MWSB641CNKCJKR,ciqual,6583,review
nfx_0R3DMVCKH8K5MWSB641CNKCJKR,ciqual,6590,automatic
nfx_0R3DMVCKH8K5MWSB641CNKCJKR,ciqual,6591,review
nfx_0R3DMVCKH8K5MWSB641CNKCJKR,insa,2120000004,automatic
nfx_0R3DMVCKH8K5MWSB641CNKCJKR,insa,2120000004,review
nfx_0R3DMVCKH8K5MWSB641CNKCJKR,insa,2120000004,review
nfx_0R3DMVCKH8K5MWSB641CNKCJKR,insa,2120000004,review
nfx_0R3DMVCKH8K5MWSB641CNKCJKR,insa,2120000004,review
nfx_0R3DMVCKH8K5MWSB641CNKCJKR,insa,2120000004,review
nfx_0R3DMVCKH8K5MWSB641CNKCJKR,insa,2120000004,review
nfx_0R3DMVCKH8K5MWSB641CNKCJKR,insa,2120000004,review
nfx_0R3DMVCKH8K5MWSB641CNKCJKR,insa,2120000004,review
nfx_0R3DMVCKH8K5MWSB641CNKCJKR,insa,2120000004,review
nfx_0R3DMVCKH8K5MWSB641CNKCJKR,insa,2120000004,review
nfx_0R3DMVCKH8K5MWSB641CNKCJKR,insa,2120000004,review
nfx_0R3DMVCKH8K5MWSB641CNKCJKR,insa,2120000004,review
nfx_0R3DMVCKH8K5MWSB641CNKCJKR,insa,2120000004,review
nfx_0R3DMVCKH8K5MWSB641CNKCJKR,insa,2120000004,review
nfx_0R3DMVCKH8K5MWSB641CNKCJKR,insa,2120000004,review
nfx_0R3DMVCKH8K5MWSB641CNKCJKR,insa,2120000004,review
nfx_0R3DMVCKH8K5MWSB641CNKCJKR,insa,2120000004,review
nfx_0R3DMVCKH8K5MWSB641CNKCJKR,insa,2120000004,review
nfx_0R3DMVCKH8K5MWSB641CNKCJKR,insa,2120000004,review
nfx_0R3DMVCKH8K5MWSB641CNKCJKR,insa,2120000004,review
nfx_0R3DMVCKH8K5MWSB641CNKCJKR,insa,2120000004,review
nfx_0R9KZEDSQ44BG41M3AGW8193R4,ciqual,7340,review
nfx_0R9KZEDSQ44BG41M3AGW8193R4,ciqual,7340,review
nfx_0R9KZEDSQ44BG41M3AGW8193R4,ciqual,7340,review
nfx_0R9KZEDSQ44BG41M3AGW8193R4,ciqual,7340,review
nfx_0R9KZEDSQ44BG41M3AGW8193R4,ciqual,7340,review
nfx_0R9KZEDSQ44BG41M3AGW8193R4,ciqual,7340,review
nfx_0R9KZEDSQ44BG41M3AGW8193R4,ciqual,7340,review
nfx_0R9KZEDSQ44BG41M3AGW8193R4,ciqual,7340,review
nfx_0R9KZEDSQ44BG41M3AGW8193R4,ciqual,7340,review
nfx_0R9KZEDSQ44BG41M3AGW8193R4,ciqual,7340,review
nfx_0R9KZEDSQ44BG41M3AGW8193R4,ciqual,7340,review
nfx_0R9KZEDSQ44BG41M3AGW8193R4,insa,416,review
nfx_0R9KZEDSQ44BG41M3AGW8193R4,insa,433,review
nfx_0R9KZEDSQ44BG41M3AGW8193R4,insa,435,review
nfx_0R9KZEDSQ44BG41M3AGW8193R4,insa,436,review
nfx_0R9KZEDSQ44BG41M3AGW8193R4,insa,440,review
nfx_0R9KZEDSQ44BG41M3AGW8193R4,insa,441,review
nfx_0R9KZEDSQ44BG41M3AGW8193R4,insa,442,review
nfx_0R9KZEDSQ44BG41M3AGW8193R4,insa,449,review
nfx_0R9KZEDSQ44BG41M3AGW8193R4,insa,450,review
nfx_0R9KZEDSQ44BG41M3AGW8193R4,insa,467,review
nfx_0R9KZEDSQ44BG41M3AGW8193R4,insa,60302002,review
nfx_0RC1K2F0FXZWQM1XV8J5WRVB4S,ciqual,26264,review
nfx_0RC1K2F0FXZWQM1XV8J5WRVB4S,insa,585,review
nfx_0RHK4J7JATBAG9X8H8JJBSQSQ3,ciqual,11038,review
nfx_0RHK4J7JATBAG9X8H8JJBSQSQ3,insa,1228,review
nfx_0RJ3XPXFK6QCGP13WYGB2NVXM6,ciqual,11213,review
nfx_0RJ3XPXFK6QCGP13WYGB2NVXM6,ciqual,11213,review
nfx_0RJ3XPXFK6QCGP13WYGB2NVXM6,ciqual,11213,review
nfx_0RJ3XPXFK6QCGP13WYGB2NVXM6,ciqual,11213,review
nfx_0RJ3XPXFK6QCGP13WYGB2NVXM6,ciqual,11213,review
nfx_0RJ3XPXFK6QCGP13WYGB2NVXM6,ciqual,11213,review
nfx_0RJ3XPXFK6QCGP13WYGB2NVXM6,ciqual,11213,review
nfx_0RJ3XPXFK6QCGP13WYGB2NVXM6,ciqual,11213,review
nfx_0RJ3XPXFK6QCGP13WYGB2NVXM6,insa,1164,review
nfx_0RJ3XPXFK6QCGP13WYGB2NVXM6,insa,1211,review
nfx_0RJ3XPXFK6QCGP13WYGB2NVXM6,insa,1229,review
nfx_0RJ3XPXFK6QCGP13WYGB2NVXM6,insa,2120000007,review
nfx_0RJ3XPXFK6QCGP13WYGB2NVXM6,insa,928,review
nfx_0RJ3XPXFK6QCGP13WYGB2NVXM6,insa,929,review
nfx_0RJ3XPXFK6QCGP13WYGB2NVXM6,insa,932,review
nfx_0RJ3XPXFK6QCGP13WYGB2NVXM6,insa,933,review
nfx_0RMXTYT0XGJS4WW4S2CBRS42NB,ciqual,25913,review
nfx_0RMXTYT0XGJS4WW4S2CBRS42NB,insa,788,review
nfx_0RQ1SMW0197TEDTRQTHSP2E5FS,ciqual,6905,review
nfx_0RQ1SMW0197TEDTRQTHSP2E5FS,ciqual,6905,review
nfx_0RQ1SMW0197TEDTRQTHSP2E5FS,ciqual,6905,review
nfx_0RQ1SMW0197TEDTRQTHSP2E5FS,insa,141,review
nfx_0RQ1SMW0197TEDTRQTHSP2E5FS,insa,142,review
nfx_0RQ1SMW0197TEDTRQTHSP2E5FS,insa,2120000005,review
nfx_0RSVX0DQG3FJAECH3GVZ8FGRQY,ciqual,20119,review
nfx_0RSVX0DQG3FJAECH3GVZ8FGRQY,ciqual,20170,review
nfx_0RSVX0DQG3FJAECH3GVZ8FGRQY,ciqual,20172,review
nfx_0RSVX0DQG3FJAECH3GVZ8FGRQY,ciqual,20189,review
nfx_0RSVX0DQG3FJAECH3GVZ8FGRQY,ciqual,20192,review
nfx_0RSVX0DQG3FJAECH3GVZ8FGRQY,ciqual,20276,review
nfx_0RSVX0DQG3FJAECH3GVZ8FGRQY,ciqual,20343,review
nfx_0RSVX0DQG3FJAECH3GVZ8FGRQY,ciqual,20344,review
nfx_0RSVX0DQG3FJAECH3GVZ8FGRQY,ciqual,20345,review
nfx_0RSVX0DQG3FJAECH3GVZ8FGRQY,ciqual,20385,review
nfx_0RSVX0DQG3FJAECH3GVZ8FGRQY,ciqual,20584,review
nfx_0RSVX0DQG3FJAECH3GVZ8FGRQY,ciqual,20835,review
nfx_0RSVX0DQG3FJAECH3GVZ8FGRQY,insa,1900000017,review
nfx_0RSVX0DQG3FJAECH3GVZ8FGRQY,insa,1900000017,review
nfx_0RSVX0DQG3FJAECH3GVZ8FGRQY,insa,1900000017,review
nfx_0RSVX0DQG3FJAECH3GVZ8FGRQY,insa,1900000017,review
nfx_0RSVX0DQG3FJAECH3GVZ8FGRQY,insa,1900000017,review
nfx_0RSVX0DQG3FJAECH3GVZ8FGRQY,insa,1900000017,review
nfx_0RSVX0DQG3FJAECH3GVZ8FGRQY,insa,1900000017,review
nfx_0RSVX0DQG3FJAECH3GVZ8FGRQY,insa,1900000017,review
nfx_0RSVX0DQG3FJAECH3GVZ8FGRQY,insa,1900000017,review
nfx_0RSVX0DQG3FJAECH3GVZ8FGRQY,insa,1900000017,review
nfx_0RSVX0DQG3FJAECH3GVZ8FGRQY,insa,1900000017,review
nfx_0RSVX0DQG3FJAECH3GVZ8FGRQY,insa,1900000017,review
nfx_0RZJH8FZAG31KS3M8YGD35NT04,ciqual,26271,review
nfx_0RZJH8FZAG31KS3M8YGD35NT04,insa,954,review
nfx_0S4F2SX4H4MJMG8Q67RGVDX83A,ciqual,20280,review
nfx_0S4F2SX4H4MJMG8Q67RGVDX83A,ciqual,20280,review
nfx_0S4F2SX4H4MJMG8Q67RGVDX83A,ciqual,20280,review
nfx_0S4F2SX4H4MJMG8Q67RGVDX83A,insa,550,review
nfx_0S4F2SX4H4MJMG8Q67RGVDX83A,insa,556,review
nfx_0S4F2SX4H4MJMG8Q67RGVDX83A,insa,560,review
nfx_0S79BPDMFF3JG5R0WZGVJZETGC,ciqual,16128,review
nfx_0S79BPDMFF3JG5R0WZGVJZETGC,ciqual,17100,review
nfx_0S79BPDMFF3JG5R0WZGVJZETGC,ciqual,17170,review
nfx_0S79BPDMFF3JG5R0WZGVJZETGC,ciqual,17180,review
nfx_0S79BPDMFF3JG5R0WZGVJZETGC,ciqual,17190,review
nfx_0S79BPDMFF3JG5R0WZGVJZETGC,ciqual,17210,review
nfx_0S79BPDMFF3JG5R0WZGVJZETGC,ciqual,17220,review
nfx_0S79BPDMFF3JG5R0WZGVJZETGC,ciqual,17350,review
nfx_0S79BPDMFF3JG5R0WZGVJZETGC,ciqual,17420,review
nfx_0S79BPDMFF3JG5R0WZGVJZETGC,ciqual,17440,automatic
nfx_0S79BPDMFF3JG5R0WZGVJZETGC,ciqual,17645,review
nfx_0S79BPDMFF3JG5R0WZGVJZETGC,ciqual,17650,review
nfx_0S79BPDMFF3JG5R0WZGVJZETGC,ciqual,17800,review
nfx_0S79BPDMFF3JG5R0WZGVJZETGC,ciqual,17900,review
nfx_0S79BPDMFF3JG5R0WZGVJZETGC,insa,390,automatic
nfx_0S79BPDMFF3JG5R0WZGVJZETGC,insa,390,review
nfx_0S79BPDMFF3JG5R0WZGVJZETGC,insa,390,review
nfx_0S79BPDMFF3JG5R0WZGVJZETGC,insa,390,review
nfx_0S79BPDMFF3JG5R0WZGVJZETGC,insa,390,review
nfx_0S79BPDMFF3JG5R0WZGVJZETGC,insa,390,review
nfx_0S79BPDMFF3JG5R0WZGVJZETGC,insa,390,review
nfx_0S79BPDMFF3JG5R0WZGVJZETGC,insa,390,review
nfx_0S79BPDMFF3JG5R0WZGVJZETGC,insa,390,review
nfx_0S79BPDMFF3JG5R0WZGVJZETGC,insa,390,review
nfx_0S79BPDMFF3JG5R0WZGVJZETGC,insa,390,review
nfx_0S79BPDMFF3JG5R0WZGVJZETGC,insa,390,review
nfx_0S79BPDMFF3JG5R0WZGVJZETGC,insa,390,review
nfx_0S79BPDMFF3JG5R0WZGVJZETGC,insa,390,review
nfx_0SC9ZGJKS1JZH2PHB236T17FMA,ciqual,11014,review
nfx_0SC9ZGJKS1JZH2PHB236T17FMA,insa,6,review
nfx_0SH1ECFVK4MN3DCDCQKBDBHFMD,ciqual,8082,review
nfx_0SH1ECFVK4MN3DCDCQKBDBHFMD,ciqual,8082,review
nfx_0SH1ECFVK4MN3DCDCQKBDBHFMD,insa,1043,review
nfx_0SH1ECFVK4MN3DCDCQKBDBHFMD,insa,1159,review
nfx_0SQ8ABWQWEQQZT8WCFQ4J72Q3E,ciqual,40204,review
nfx_0SQ8ABWQWEQQZT8WCFQ4J72Q3E,ciqual,40204,review
nfx_0SQ8ABWQWEQQZT8WCFQ4J72Q3E,ciqual,40204,review
nfx_0SQ8ABWQWEQQZT8WCFQ4J72Q3E,ciqual,40204,review
nfx_0SQ8ABWQWEQQZT8WCFQ4J72Q3E,ciqual,40204,review
nfx_0SQ8ABWQWEQQZT8WCFQ4J72Q3E,ciqual,40204,review
nfx_0SQ8ABWQWEQQZT8WCFQ4J72Q3E,insa,2120000005,review
nfx_0SQ8ABWQWEQQZT8WCFQ4J72Q3E,insa,222,review
nfx_0SQ8ABWQWEQQZT8WCFQ4J72Q3E,insa,223,review
nfx_0SQ8ABWQWEQQZT8WCFQ4J72Q3E,insa,320,review
nfx_0SQ8ABWQWEQQZT8WCFQ4J72Q3E,insa,326,review
nfx_0SQ8ABWQWEQQZT8WCFQ4J72Q3E,insa,330,review
nfx_0SSDWR4JZ1Y3P1M4Q70QDEHMWH,ciqual,76024,review
nfx_0SSDWR4JZ1Y3P1M4Q70QDEHMWH,ciqual,76024,review
nfx_0SSDWR4JZ1Y3P1M4Q70QDEHMWH,ciqual,76024,review
nfx_0SSDWR4JZ1Y3P1M4Q70QDEHMWH,insa,2,review
nfx_0SSDWR4JZ1Y3P1M4Q70QDEHMWH,insa,3,review
nfx_0SSDWR4JZ1Y3P1M4Q70QDEHMWH,insa,5,review
nfx_0SSNTAJPKXHX8B23BRE894ZZNX,ciqual,21512,review
nfx_0SSNTAJPKXHX8B23BRE894ZZNX,ciqual,21512,review
nfx_0SSNTAJPKXHX8B23BRE894ZZNX,ciqual,21512,review
nfx_0SSNTAJPKXHX8B23BRE894ZZNX,insa,113,review
nfx_0SSNTAJPKXHX8B23BRE894ZZNX,insa,1146,review
nfx_0SSNTAJPKXHX8B23BRE894ZZNX,insa,235,review
nfx_0SVDX83MSKBSZZ2X59DECBD4SK,ciqual,13029,review
nfx_0SVDX83MSKBSZZ2X59DECBD4SK,insa,1900000089,review
nfx_0SZT3565BA1BZM4PVTZ2VTYP43,ciqual,20085,review
nfx_0SZT3565BA1BZM4PVTZ2VTYP43,insa,612,review
nfx_0TBCJ2WBVMJ8BPNDFHD22N1XP7,ciqual,13012,review
nfx_0TBCJ2WBVMJ8BPNDFHD22N1XP7,ciqual,13013,review
nfx_0TBCJ2WBVMJ8BPNDFHD22N1XP7,insa,652,review
nfx_0TBCJ2WBVMJ8BPNDFHD22N1XP7,insa,652,review
nfx_0TBG758T05JXRWZKVDBVJZ68AH,ciqual,20137,review
nfx_0TBG758T05JXRWZKVDBVJZ68AH,insa,616,review
nfx_0TCV4BF4MF9J1DZT7CG3Z33DB7,ciqual,40003,review
nfx_0TCV4BF4MF9J1DZT7CG3Z33DB7,insa,102,review
nfx_0TD8WPS424Y4053SWYG1E6ZFZV,ciqual,13164,review
nfx_0TD8WPS424Y4053SWYG1E6ZFZV,ciqual,19411,review
nfx_0TD8WPS424Y4053SWYG1E6ZFZV,ciqual,19420,review
nfx_0TD8WPS424Y4053SWYG1E6ZFZV,ciqual,39213,review
nfx_0TD8WPS424Y4053SWYG1E6ZFZV,ciqual,39214,review
nfx_0TD8WPS424Y4053SWYG1E6ZFZV,ciqual,39229,review
nfx_0TD8WPS424Y4053SWYG1E6ZFZV,ciqual,39230,review
nfx_0TD8WPS424Y4053SWYG1E6ZFZV,ciqual,39247,review
nfx_0TD8WPS424Y4053SWYG1E6ZFZV,ciqual,42000,review
nfx_0TD8WPS424Y4053SWYG1E6ZFZV,insa,66,review
nfx_0TD8WPS424Y4053SWYG1E6ZFZV,insa,66,review
nfx_0TD8WPS424Y4053SWYG1E6ZFZV,insa,66,review
nfx_0TD8WPS424Y4053SWYG1E6ZFZV,insa,66,review
nfx_0TD8WPS424Y4053SWYG1E6ZFZV,insa,66,review
nfx_0TD8WPS424Y4053SWYG1E6ZFZV,insa,66,review
nfx_0TD8WPS424Y4053SWYG1E6ZFZV,insa,66,review
nfx_0TD8WPS424Y4053SWYG1E6ZFZV,insa,66,review
nfx_0TD8WPS424Y4053SWYG1E6ZFZV,insa,66,review
nfx_0TGMHH16WM1KJJVJJ4M1P51SPN,ciqual,26065,review
nfx_0TGMHH16WM1KJJVJJ4M1P51SPN,ciqual,26136,review
nfx_0TGMHH16WM1KJJVJJ4M1P51SPN,insa,1130,review
nfx_0TGMHH16WM1KJJVJJ4M1P51SPN,insa,1130,review
nfx_0TP8RP5185G0R1F4V7QB1CKAG9,ciqual,18003,review
nfx_0TP8RP5185G0R1F4V7QB1CKAG9,insa,768,review
nfx_0TPWQBK8QZCCTJHRVEDVCQP28F,ciqual,76082,review
nfx_0TPWQBK8QZCCTJHRVEDVCQP28F,insa,2,review
nfx_0TYEQW1HNFX2Q8E2B00DWTGDQR,ciqual,10036,review
nfx_0TYEQW1HNFX2Q8E2B00DWTGDQR,insa,911,review
nfx_0V3MMD14Y8VQV1NHKYV04HRF5B,ciqual,16060,review
nfx_0V3MMD14Y8VQV1NHKYV04HRF5B,insa,1900000092,review
nfx_0VAMY77Z9WYCP0X0SQ681CD35P,ciqual,4042,review
nfx_0VAMY77Z9WYCP0X0SQ681CD35P,insa,585,review
nfx_0VAYP4ZD4HH4QFCFVH3R9DMM5V,ciqual,15017,review
nfx_0VAYP4ZD4HH4QFCFVH3R9DMM5V,insa,1900000038,review
nfx_0VH6SZHMQEBP1D9Q72GDFXDXCN,ciqual,31002,review
nfx_0VH6SZHMQEBP1D9Q72GDFXDXCN,ciqual,31002,review
nfx_0VH6SZHMQEBP1D9Q72GDFXDXCN,insa,506,review
nfx_0VH6SZHMQEBP1D9Q72GDFXDXCN,insa,507,review
nfx_0VKS6BQF73T0V969HDSR1BY5ZZ,ciqual,28507,review
nfx_0VKS6BQF73T0V969HDSR1BY5ZZ,ciqual,28507,review
nfx_0VKS6BQF73T0V969HDSR1BY5ZZ,ciqual,28507,review
nfx_0VKS6BQF73T0V969HDSR1BY5ZZ,ciqual,28507,review
nfx_0VKS6BQF73T0V969HDSR1BY5ZZ,ciqual,28507,review
nfx_0VKS6BQF73T0V969HDSR1BY5ZZ,ciqual,28507,review
nfx_0VKS6BQF73T0V969HDSR1BY5ZZ,ciqual,28507,review
nfx_0VKS6BQF73T0V969HDSR1BY5ZZ,ciqual,28507,review
nfx_0VKS6BQF73T0V969HDSR1BY5ZZ,ciqual,28507,review
nfx_0VKS6BQF73T0V969HDSR1BY5ZZ,ciqual,28507,review
nfx_0VKS6BQF73T0V969HDSR1BY5ZZ,insa,1219,review
nfx_0VKS6BQF73T0V969HDSR1BY5ZZ,insa,1221,review
nfx_0VKS6BQF73T0V969HDSR1BY5ZZ,insa,1222,review
nfx_0VKS6BQF73T0V969HDSR1BY5ZZ,insa,1223,review
nfx_0VKS6BQF73T0V969HDSR1BY5ZZ,insa,127,review
nfx_0VKS6BQF73T0V969HDSR1BY5ZZ,insa,156,review
nfx_0VKS6BQF73T0V969HDSR1BY5ZZ,insa,315,review
nfx_0VKS6BQF73T0V969HDSR1BY5ZZ,insa,321,review
nfx_0VKS6BQF73T0V969HDSR1BY5ZZ,insa,334,review
nfx_0VKS6BQF73T0V969HDSR1BY5ZZ,insa,70500004,review
nfx_0VNHMHGMJMGYE950W8B3XEYJBX,ciqual,7710,review
nfx_0VNHMHGMJMGYE950W8B3XEYJBX,insa,438,review
nfx_0VPTXFRQTSKY5HKBQB1KPDTRXV,ciqual,31059,review
nfx_0VPTXFRQTSKY5HKBQB1KPDTRXV,insa,520,review
nfx_0VPYY9FRN32N4BYM1YCH42GKDW,ciqual,20068,review
nfx_0VPYY9FRN32N4BYM1YCH42GKDW,ciqual,20170,review
nfx_0VPYY9FRN32N4BYM1YCH42GKDW,ciqual,20189,review
nfx_0VPYY9FRN32N4BYM1YCH42GKDW,ciqual,20268,review
nfx_0VPYY9FRN32N4BYM1YCH42GKDW,ciqual,20276,review
nfx_0VPYY9FRN32N4BYM1YCH42GKDW,ciqual,20343,review
nfx_0VPYY9FRN32N4BYM1YCH42GKDW,ciqual,20345,review
nfx_0VPYY9FRN32N4BYM1YCH42GKDW,ciqual,20385,review
nfx_0VPYY9FRN32N4BYM1YCH42GKDW,ciqual,20584,review
nfx_0VPYY9FRN32N4BYM1YCH42GKDW,insa,1900000080,review
nfx_0VPYY9FRN32N4BYM1YCH42GKDW,insa,1900000080,review
nfx_0VPYY9FRN32N4BYM1YCH42GKDW,insa,1900000080,review
nfx_0VPYY9FRN32N4BYM1YCH42GKDW,insa,1900000080,review
nfx_0VPYY9FRN32N4BYM1YCH42GKDW,insa,1900000080,review
nfx_0VPYY9FRN32N4BYM1YCH42GKDW,insa,1900000080,review
nfx_0VPYY9FRN32N4BYM1YCH42GKDW,insa,1900000080,review
nfx_0VPYY9FRN32N4BYM1YCH42GKDW,insa,1900000080,review
nfx_0VPYY9FRN32N4BYM1YCH42GKDW,insa,1900000080,review
nfx_0VQV78SH370VJP3MQNPH8B8QSZ,ciqual,12845,review
nfx_0VQV78SH370VJP3MQNPH8B8QSZ,ciqual,12845,review
nfx_0VQV78SH370VJP3MQNPH8B8QSZ,ciqual,12845,review
nfx_0VQV78SH370VJP3MQNPH8B8QSZ,ciqual,12845,review
nfx_0VQV78SH370VJP3MQNPH8B8QSZ,ciqual,12845,review
nfx_0VQV78SH370VJP3MQNPH8B8QSZ,insa,19,review
nfx_0VQV78SH370VJP3MQNPH8B8QSZ,insa,220004,review
nfx_0VQV78SH370VJP3MQNPH8B8QSZ,insa,220014,review
nfx_0VQV78SH370VJP3MQNPH8B8QSZ,insa,220015,review
nfx_0VQV78SH370VJP3MQNPH8B8QSZ,insa,220022,review
nfx_0VY1BK1ACCJ5APJ7HS7BVY7F2R,ciqual,13420,review
nfx_0VY1BK1ACCJ5APJ7HS7BVY7F2R,insa,692,review
nfx_0W0GGTS3BMQMTEE5EK3AH7DN54,ciqual,16050,review
nfx_0W0GGTS3BMQMTEE5EK3AH7DN54,insa,1900000092,review
nfx_0W1QNXHCWQZ0T0FSFGHDQWPWHG,ciqual,31024,review
nfx_0W1QNXHCWQZ0T0FSFGHDQWPWHG,insa,677,review
nfx_0W4QJR5HY964XP0498P7Z3JSFD,ciqual,76072,review
nfx_0W4QJR5HY964XP0498P7Z3JSFD,ciqual,76072,review
nfx_0W4QJR5HY964XP0498P7Z3JSFD,ciqual,76072,review
nfx_0W4QJR5HY964XP0498P7Z3JSFD,insa,2,review
nfx_0W4QJR5HY964XP0498P7Z3JSFD,insa,3,review
nfx_0W4QJR5HY964XP0498P7Z3JSFD,insa,5,review
nfx_0W7EZ9V0V9VPPPBZ1334T7FXSD,ciqual,11167,review
nfx_0W7EZ9V0V9VPPPBZ1334T7FXSD,ciqual,11167,review
nfx_0W7EZ9V0V9VPPPBZ1334T7FXSD,ciqual,11167,review
nfx_0W7EZ9V0V9VPPPBZ1334T7FXSD,ciqual,11167,review
nfx_0W7EZ9V0V9VPPPBZ1334T7FXSD,ciqual,11167,review
nfx_0W7EZ9V0V9VPPPBZ1334T7FXSD,ciqual,11167,review
nfx_0W7EZ9V0V9VPPPBZ1334T7FXSD,ciqual,11167,review
nfx_0W7EZ9V0V9VPPPBZ1334T7FXSD,ciqual,11167,review
nfx_0W7EZ9V0V9VPPPBZ1334T7FXSD,insa,1164,review
nfx_0W7EZ9V0V9VPPPBZ1334T7FXSD,insa,1211,review
nfx_0W7EZ9V0V9VPPPBZ1334T7FXSD,insa,1229,review
nfx_0W7EZ9V0V9VPPPBZ1334T7FXSD,insa,2120000007,review
nfx_0W7EZ9V0V9VPPPBZ1334T7FXSD,insa,928,review
nfx_0W7EZ9V0V9VPPPBZ1334T7FXSD,insa,929,review
nfx_0W7EZ9V0V9VPPPBZ1334T7FXSD,insa,932,review
nfx_0W7EZ9V0V9VPPPBZ1334T7FXSD,insa,933,review
nfx_0W8SZTS9BC6WV8S74TVE3X77SY,ciqual,21500,review
nfx_0W8SZTS9BC6WV8S74TVE3X77SY,ciqual,21516,review
nfx_0W8SZTS9BC6WV8S74TVE3X77SY,ciqual,21521,review
nfx_0W8SZTS9BC6WV8S74TVE3X77SY,ciqual,21800,review
nfx_0W8SZTS9BC6WV8S74TVE3X77SY,ciqual,28100,review
nfx_0W8SZTS9BC6WV8S74TVE3X77SY,ciqual,6510,review
nfx_0W8SZTS9BC6WV8S74TVE3X77SY,insa,126,review
nfx_0W8SZTS9BC6WV8S74TVE3X77SY,insa,126,review
nfx_0W8SZTS9BC6WV8S74TVE3X77SY,insa,126,review
nfx_0W8SZTS9BC6WV8S74TVE3X77SY,insa,126,review
nfx_0W8SZTS9BC6WV8S74TVE3X77SY,insa,126,review
nfx_0W8SZTS9BC6WV8S74TVE3X77SY,insa,126,review
nfx_0WAYMNBQBC6724FA0X1CRVSXK7,ciqual,30701,review
nfx_0WAYMNBQBC6724FA0X1CRVSXK7,insa,157,review
nfx_0WGM9N6RQ343VJEQQ1K7X4TPES,ciqual,19042,review
nfx_0WGM9N6RQ343VJEQQ1K7X4TPES,ciqual,19042,review
nfx_0WGM9N6RQ343VJEQQ1K7X4TPES,ciqual,19042,review
nfx_0WGM9N6RQ343VJEQQ1K7X4TPES,ciqual,19042,review
nfx_0WGM9N6RQ343VJEQQ1K7X4TPES,ciqual,19042,review
nfx_0WGM9N6RQ343VJEQQ1K7X4TPES,ciqual,19042,review
nfx_0WGM9N6RQ343VJEQQ1K7X4TPES,ciqual,19042,review
nfx_0WGM9N6RQ343VJEQQ1K7X4TPES,insa,1234,review
nfx_0WGM9N6RQ343VJEQQ1K7X4TPES,insa,1900000063,review
nfx_0WGM9N6RQ343VJEQQ1K7X4TPES,insa,22,review
nfx_0WGM9N6RQ343VJEQQ1K7X4TPES,insa,25,review
nfx_0WGM9N6RQ343VJEQQ1K7X4TPES,insa,30,review
nfx_0WGM9N6RQ343VJEQQ1K7X4TPES,insa,32,review
nfx_0WGM9N6RQ343VJEQQ1K7X4TPES,insa,493,review
nfx_0WJ3TEFQNDRM5QJBVJ2FK0FN74,ciqual,25598,review
nfx_0WJ3TEFQNDRM5QJBVJ2FK0FN74,insa,2122000004,review
nfx_0WMQ0YB7F2RA0SE5MJB3FG6NVW,ciqual,40119,review
nfx_0WMQ0YB7F2RA0SE5MJB3FG6NVW,ciqual,8120,review
nfx_0WMQ0YB7F2RA0SE5MJB3FG6NVW,ciqual,8300,review
nfx_0WMQ0YB7F2RA0SE5MJB3FG6NVW,ciqual,8313,review
nfx_0WMQ0YB7F2RA0SE5MJB3FG6NVW,insa,322,review
nfx_0WMQ0YB7F2RA0SE5MJB3FG6NVW,insa,322,review
nfx_0WMQ0YB7F2RA0SE5MJB3FG6NVW,insa,322,review
nfx_0WMQ0YB7F2RA0SE5MJB3FG6NVW,insa,322,review
nfx_0WR7TEMCD697HKPAQ53M8R15WG,ciqual,25088,review
nfx_0WR7TEMCD697HKPAQ53M8R15WG,insa,1041,review
nfx_0WSCC1GS540FWJRYBYDA5R0N13,ciqual,13136,review
nfx_0WSCC1GS540FWJRYBYDA5R0N13,insa,653,review
nfx_0WX2SZN4NXZG0AMQPDD0NWWNGC,ciqual,21001,review
nfx_0WX2SZN4NXZG0AMQPDD0NWWNGC,ciqual,21004,review
nfx_0WX2SZN4NXZG0AMQPDD0NWWNGC,ciqual,21005,review
nfx_0WX2SZN4NXZG0AMQPDD0NWWNGC,ciqual,21006,review
nfx_0WX2SZN4NXZG0AMQPDD0NWWNGC,ciqual,21502,review
nfx_0WX2SZN4NXZG0AMQPDD0NWWNGC,ciqual,28473,review
nfx_0WX2SZN4NXZG0AMQPDD0NWWNGC,ciqual,36014,review
nfx_0WX2SZN4NXZG0AMQPDD0NWWNGC,ciqual,36703,review
nfx_0WX2SZN4NXZG0AMQPDD0NWWNGC,insa,100,review
nfx_0WX2SZN4NXZG0AMQPDD0NWWNGC,insa,100,review
nfx_0WX2SZN4NXZG0AMQPDD0NWWNGC,insa,100,review
nfx_0WX2SZN4NXZG0AMQPDD0NWWNGC,insa,100,review
nfx_0WX2SZN4NXZG0AMQPDD0NWWNGC,insa,100,review
nfx_0WX2SZN4NXZG0AMQPDD0NWWNGC,insa,100,review
nfx_0WX2SZN4NXZG0AMQPDD0NWWNGC,insa,100,review
nfx_0WX2SZN4NXZG0AMQPDD0NWWNGC,insa,100,review
nfx_0WX4XDXXG6N5BPQSXEZSM75Q67,ciqual,12059,review
nfx_0WX4XDXXG6N5BPQSXEZSM75Q67,ciqual,12066,review
nfx_0WX4XDXXG6N5BPQSXEZSM75Q67,ciqual,12834,review
nfx_0WX4XDXXG6N5BPQSXEZSM75Q67,ciqual,12842,review
nfx_0WX4XDXXG6N5BPQSXEZSM75Q67,insa,220021,review
nfx_0WX4XDXXG6N5BPQSXEZSM75Q67,insa,220021,review
nfx_0WX4XDXXG6N5BPQSXEZSM75Q67,insa,220021,review
nfx_0WX4XDXXG6N5BPQSXEZSM75Q67,insa,220021,review
nfx_0X1MVF1BJXK9ME8TNF6RBNBMD4,ciqual,2022,review
nfx_0X1MVF1BJXK9ME8TNF6RBNBMD4,ciqual,2043,review
nfx_0X1MVF1BJXK9ME8TNF6RBNBMD4,ciqual,2045,review
nfx_0X1MVF1BJXK9ME8TNF6RBNBMD4,ciqual,2054,review
nfx_0X1MVF1BJXK9ME8TNF6RBNBMD4,ciqual,2060,review
nfx_0X1MVF1BJXK9ME8TNF6RBNBMD4,ciqual,2061,review
nfx_0X1MVF1BJXK9ME8TNF6RBNBMD4,ciqual,2365,review
nfx_0X1MVF1BJXK9ME8TNF6RBNBMD4,ciqual,2366,review
nfx_0X1MVF1BJXK9ME8TNF6RBNBMD4,ciqual,2370,review
nfx_0X1MVF1BJXK9ME8TNF6RBNBMD4,ciqual,2371,automatic
nfx_0X1MVF1BJXK9ME8TNF6RBNBMD4,ciqual,2374,review
nfx_0X1MVF1BJXK9ME8TNF6RBNBMD4,insa,753,automatic
nfx_0X1MVF1BJXK9ME8TNF6RBNBMD4,insa,753,review
nfx_0X1MVF1BJXK9ME8TNF6RBNBMD4,insa,753,review
nfx_0X1MVF1BJXK9ME8TNF6RBNBMD4,insa,753,review
nfx_0X1MVF1BJXK9ME8TNF6RBNBMD4,insa,753,review
nfx_0X1MVF1BJXK9ME8TNF6RBNBMD4,insa,753,review
nfx_0X1MVF1BJXK9ME8TNF6RBNBMD4,insa,753,review
nfx_0X1MVF1BJXK9ME8TNF6RBNBMD4,insa,753,review
nfx_0X1MVF1BJXK9ME8TNF6RBNBMD4,insa,753,review
nfx_0X1MVF1BJXK9ME8TNF6RBNBMD4,insa,753,review
nfx_0X1MVF1BJXK9ME8TNF6RBNBMD4,insa,753,review
nfx_0X43VANMJM34B8WNSWNPBYXKGJ,ciqual,5010,review
nfx_0X43VANMJM34B8WNSWNPBYXKGJ,ciqual,5010,review
nfx_0X43VANMJM34B8WNSWNPBYXKGJ,ciqual,5010,review
nfx_0X43VANMJM34B8WNSWNPBYXKGJ,insa,726,review
nfx_0X43VANMJM34B8WNSWNPBYXKGJ,insa,727,review
nfx_0X43VANMJM34B8WNSWNPBYXKGJ,insa,728,review
nfx_0X507ZFJVFGGS7NS3YR7QD8X7C,ciqual,20125,review
nfx_0X507ZFJVFGGS7NS3YR7QD8X7C,insa,605,review
nfx_0X7PRAHFFAWEYXBFEGXZ5Q1Y8W,ciqual,16080,review
nfx_0X7PRAHFFAWEYXBFEGXZ5Q1Y8W,insa,387,review
nfx_0X7VAP065YBWPZJ2H06M7M2MX9,ciqual,32130,review
nfx_0X7VAP065YBWPZJ2H06M7M2MX9,ciqual,7349,review
nfx_0X7VAP065YBWPZJ2H06M7M2MX9,ciqual,7402,review
nfx_0X7VAP065YBWPZJ2H06M7M2MX9,ciqual,9060,review
nfx_0X7VAP065YBWPZJ2H06M7M2MX9,insa,450,review
nfx_0X7VAP065YBWPZJ2H06M7M2MX9,insa,450,review
nfx_0X7VAP065YBWPZJ2H06M7M2MX9,insa,450,review
nfx_0X7VAP065YBWPZJ2H06M7M2MX9,insa,450,review
nfx_0X8B0VZB8VDW4SS0RZKR8F6DMW,ciqual,12033,review
nfx_0X8B0VZB8VDW4SS0RZKR8F6DMW,insa,500,review
nfx_0X9X42G02M28G1JYKWA6XSFACE,ciqual,2002,review
nfx_0X9X42G02M28G1JYKWA6XSFACE,ciqual,2012,review
nfx_0X9X42G02M28G1JYKWA6XSFACE,ciqual,2013,review
nfx_0X9X42G02M28G1JYKWA6XSFACE,ciqual,2018,review
nfx_0X9X42G02M28G1JYKWA6XSFACE,ciqual,2038,review
nfx_0X9X42G02M28G1JYKWA6XSFACE,ciqual,2070,automatic
nfx_0X9X42G02M28G1JYKWA6XSFACE,ciqual,2377,review
nfx_0X9X42G02M28G1JYKWA6XSFACE,ciqual,2381,review
nfx_0X9X42G02M28G1JYKWA6XSFACE,insa,740,automatic
nfx_0X9X42G02M28G1JYKWA6XSFACE,insa,740,review
nfx_0X9X42G02M28G1JYKWA6XSFACE,insa,740,review
nfx_0X9X42G02M28G1JYKWA6XSFACE,insa,740,review
nfx_0X9X42G02M28G1JYKWA6XSFACE,insa,740,review
nfx_0X9X42G02M28G1JYKWA6XSFACE,insa,740,review
nfx_0X9X42G02M28G1JYKWA6XSFACE,insa,740,review
nfx_0X9X42G02M28G1JYKWA6XSFACE,insa,740,review
nfx_0XAZG31742Z698C71N81F6JXEC,ciqual,22000,review
nfx_0XAZG31742Z698C71N81F6JXEC,ciqual,22001,review
nfx_0XAZG31742Z698C71N81F6JXEC,ciqual,22002,review
nfx_0XAZG31742Z698C71N81F6JXEC,ciqual,22060,review
nfx_0XAZG31742Z698C71N81F6JXEC,ciqual,22070,review
nfx_0XAZG31742Z698C71N81F6JXEC,ciqual,22080,review
nfx_0XAZG31742Z698C71N81F6JXEC,insa,1900000057,review
nfx_0XAZG31742Z698C71N81F6JXEC,insa,1900000057,review
nfx_0XAZG31742Z698C71N81F6JXEC,insa,1900000057,review
nfx_0XAZG31742Z698C71N81F6JXEC,insa,1900000057,review
nfx_0XAZG31742Z698C71N81F6JXEC,insa,1900000057,review
nfx_0XAZG31742Z698C71N81F6JXEC,insa,1900000057,review
nfx_0XJH3PSJCYRKZG91S41GTWJH2B,ciqual,25969,review
nfx_0XJH3PSJCYRKZG91S41GTWJH2B,ciqual,25969,review
nfx_0XJH3PSJCYRKZG91S41GTWJH2B,ciqual,25969,review
nfx_0XJH3PSJCYRKZG91S41GTWJH2B,ciqual,25969,review
nfx_0XJH3PSJCYRKZG91S41GTWJH2B,ciqual,25969,review
nfx_0XJH3PSJCYRKZG91S41GTWJH2B,ciqual,25969,review
nfx_0XJH3PSJCYRKZG91S41GTWJH2B,ciqual,25969,review
nfx_0XJH3PSJCYRKZG91S41GTWJH2B,ciqual,25969,review
nfx_0XJH3PSJCYRKZG91S41GTWJH2B,ciqual,25969,review
nfx_0XJH3PSJCYRKZG91S41GTWJH2B,ciqual,25969,review
nfx_0XJH3PSJCYRKZG91S41GTWJH2B,ciqual,25969,review
nfx_0XJH3PSJCYRKZG91S41GTWJH2B,ciqual,25969,review
nfx_0XJH3PSJCYRKZG91S41GTWJH2B,ciqual,25969,review
nfx_0XJH3PSJCYRKZG91S41GTWJH2B,ciqual,25969,review
nfx_0XJH3PSJCYRKZG91S41GTWJH2B,ciqual,25969,review
nfx_0XJH3PSJCYRKZG91S41GTWJH2B,ciqual,25969,review
nfx_0XJH3PSJCYRKZG91S41GTWJH2B,ciqual,25969,review
nfx_0XJH3PSJCYRKZG91S41GTWJH2B,ciqual,25969,review
nfx_0XJH3PSJCYRKZG91S41GTWJH2B,ciqual,25969,review
nfx_0XJH3PSJCYRKZG91S41GTWJH2B,insa,1101,review
nfx_0XJH3PSJCYRKZG91S41GTWJH2B,insa,1106,review
nfx_0XJH3PSJCYRKZG91S41GTWJH2B,insa,1109,review
nfx_0XJH3PSJCYRKZG91S41GTWJH2B,insa,1112,review
nfx_0XJH3PSJCYRKZG91S41GTWJH2B,insa,1114,review
nfx_0XJH3PSJCYRKZG91S41GTWJH2B,insa,1120,review
nfx_0XJH3PSJCYRKZG91S41GTWJH2B,insa,780,review
nfx_0XJH3PSJCYRKZG91S41GTWJH2B,insa,781,review
nfx_0XJH3PSJCYRKZG91S41GTWJH2B,insa,782,review
nfx_0XJH3PSJCYRKZG91S41GTWJH2B,insa,784,review
nfx_0XJH3PSJCYRKZG91S41GTWJH2B,insa,785,review
nfx_0XJH3PSJCYRKZG91S41GTWJH2B,insa,786,review
nfx_0XJH3PSJCYRKZG91S41GTWJH2B,insa,787,review
nfx_0XJH3PSJCYRKZG91S41GTWJH2B,insa,789,review
nfx_0XJH3PSJCYRKZG91S41GTWJH2B,insa,790,review
nfx_0XJH3PSJCYRKZG91S41GTWJH2B,insa,791,review
nfx_0XJH3PSJCYRKZG91S41GTWJH2B,insa,794,review
nfx_0XJH3PSJCYRKZG91S41GTWJH2B,insa,797,review
nfx_0XJH3PSJCYRKZG91S41GTWJH2B,insa,798,review
nfx_0XM9Z4AFCCWJE7939FPZ9M1P51,ciqual,26127,review
nfx_0XM9Z4AFCCWJE7939FPZ9M1P51,insa,875,review
nfx_0XN7KBD7GQP2G6QFBBE5Z0J7JY,ciqual,6104,review
nfx_0XN7KBD7GQP2G6QFBBE5Z0J7JY,ciqual,6104,review
nfx_0XN7KBD7GQP2G6QFBBE5Z0J7JY,insa,199,review
nfx_0XN7KBD7GQP2G6QFBBE5Z0J7JY,insa,318,review
nfx_0XQBDZKFEP3HCZSTXYQ5ETM2BZ,ciqual,8245,review
nfx_0XQBDZKFEP3HCZSTXYQ5ETM2BZ,insa,355,review
nfx_0XRAH59HGW7PH8FS00MTXA0S1F,ciqual,25900,review
nfx_0XRAH59HGW7PH8FS00MTXA0S1F,ciqual,25901,review
nfx_0XRAH59HGW7PH8FS00MTXA0S1F,ciqual,25903,review
nfx_0XRAH59HGW7PH8FS00MTXA0S1F,ciqual,25904,review
nfx_0XRAH59HGW7PH8FS00MTXA0S1F,ciqual,25908,review
nfx_0XRAH59HGW7PH8FS00MTXA0S1F,ciqual,25910,review
nfx_0XRAH59HGW7PH8FS00MTXA0S1F,ciqual,25912,review
nfx_0XRAH59HGW7PH8FS00MTXA0S1F,ciqual,25913,review
nfx_0XRAH59HGW7PH8FS00MTXA0S1F,ciqual,25914,review
nfx_0XRAH59HGW7PH8FS00MTXA0S1F,ciqual,25915,review
nfx_0XRAH59HGW7PH8FS00MTXA0S1F,ciqual,25916,review
nfx_0XRAH59HGW7PH8FS00MTXA0S1F,ciqual,25917,review
nfx_0XRAH59HGW7PH8FS00MTXA0S1F,ciqual,25924,review
nfx_0XRAH59HGW7PH8FS00MTXA0S1F,ciqual,25933,review
nfx_0XRAH59HGW7PH8FS00MTXA0S1F,ciqual,25945,review
nfx_0XRAH59HGW7PH8FS00MTXA0S1F,ciqual,25953,review
nfx_0XRAH59HGW7PH8FS00MTXA0S1F,ciqual,25955,review
nfx_0XRAH59HGW7PH8FS00MTXA0S1F,ciqual,25956,review
nfx_0XRAH59HGW7PH8FS00MTXA0S1F,ciqual,25958,review
nfx_0XRAH59HGW7PH8FS00MTXA0S1F,ciqual,25962,review
nfx_0XRAH59HGW7PH8FS00MTXA0S1F,ciqual,25963,review
nfx_0XRAH59HGW7PH8FS00MTXA0S1F,ciqual,25965,review
nfx_0XRAH59HGW7PH8FS00MTXA0S1F,ciqual,25967,review
nfx_0XRAH59HGW7PH8FS00MTXA0S1F,ciqual,25968,review
nfx_0XRAH59HGW7PH8FS00MTXA0S1F,ciqual,25973,review
nfx_0XRAH59HGW7PH8FS00MTXA0S1F,ciqual,25974,review
nfx_0XRAH59HGW7PH8FS00MTXA0S1F,insa,794,review
nfx_0XRAH59HGW7PH8FS00MTXA0S1F,insa,794,review
nfx_0XRAH59HGW7PH8FS00MTXA0S1F,insa,794,review
nfx_0XRAH59HGW7PH8FS00MTXA0S1F,insa,794,review
nfx_0XRAH59HGW7PH8FS00MTXA0S1F,insa,794,review
nfx_0XRAH59HGW7PH8FS00MTXA0S1F,insa,794,review
nfx_0XRAH59HGW7PH8FS00MTXA0S1F,insa,794,review
nfx_0XRAH59HGW7PH8FS00MTXA0S1F,insa,794,review
nfx_0XRAH59HGW7PH8FS00MTXA0S1F,insa,794,review
nfx_0XRAH59HGW7PH8FS00MTXA0S1F,insa,794,review
nfx_0XRAH59HGW7PH8FS00MTXA0S1F,insa,794,review
nfx_0XRAH59HGW7PH8FS00MTXA0S1F,insa,794,review
nfx_0XRAH59HGW7PH8FS00MTXA0S1F,insa,794,review
nfx_0XRAH59HGW7PH8FS00MTXA0S1F,insa,794,review
nfx_0XRAH59HGW7PH8FS00MTXA0S1F,insa,794,review
nfx_0XRAH59HGW7PH8FS00MTXA0S1F,insa,794,review
nfx_0XRAH59HGW7PH8FS00MTXA0S1F,insa,794,review
nfx_0XRAH59HGW7PH8FS00MTXA0S1F,insa,794,review
nfx_0XRAH59HGW7PH8FS00MTXA0S1F,insa,794,review
nfx_0XRAH59HGW7PH8FS00MTXA0S1F,insa,794,review
nfx_0XRAH59HGW7PH8FS00MTXA0S1F,insa,794,review
nfx_0XRAH59HGW7PH8FS00MTXA0S1F,insa,794,review
nfx_0XRAH59HGW7PH8FS00MTXA0S1F,insa,794,review
nfx_0XRAH59HGW7PH8FS00MTXA0S1F,insa,794,review
nfx_0XRAH59HGW7PH8FS00MTXA0S1F,insa,794,review
nfx_0XRAH59HGW7PH8FS00MTXA0S1F,insa,794,review
nfx_0Y043DR0K46V8D3547NFZNXDAY,ciqual,36017,review
nfx_0Y043DR0K46V8D3547NFZNXDAY,insa,11,review
nfx_0Y2PA5Y9JV8SBV613Z9QACTES4,ciqual,11013,review
nfx_0Y2PA5Y9JV8SBV613Z9QACTES4,ciqual,11021,review
nfx_0Y2PA5Y9JV8SBV613Z9QACTES4,ciqual,11051,review
nfx_0Y2PA5Y9JV8SBV613Z9QACTES4,ciqual,11097,review
nfx_0Y2PA5Y9JV8SBV613Z9QACTES4,ciqual,11100,review
nfx_0Y2PA5Y9JV8SBV613Z9QACTES4,ciqual,11101,review
nfx_0Y2PA5Y9JV8SBV613Z9QACTES4,ciqual,11102,review
nfx_0Y2PA5Y9JV8SBV613Z9QACTES4,ciqual,11105,review
nfx_0Y2PA5Y9JV8SBV613Z9QACTES4,ciqual,11120,review
nfx_0Y2PA5Y9JV8SBV613Z9QACTES4,ciqual,11157,automatic
nfx_0Y2PA5Y9JV8SBV613Z9QACTES4,ciqual,11163,review
nfx_0Y2PA5Y9JV8SBV613Z9QACTES4,ciqual,11184,review
nfx_0Y2PA5Y9JV8SBV613Z9QACTES4,ciqual,11187,review
nfx_0Y2PA5Y9JV8SBV613Z9QACTES4,ciqual,11202,review
nfx_0Y2PA5Y9JV8SBV613Z9QACTES4,ciqual,11203,review
nfx_0Y2PA5Y9JV8SBV613Z9QACTES4,ciqual,11210,review
nfx_0Y2PA5Y9JV8SBV613Z9QACTES4,ciqual,11218,review
nfx_0Y2PA5Y9JV8SBV613Z9QACTES4,ciqual,11240,review
nfx_0Y2PA5Y9JV8SBV613Z9QACTES4,ciqual,11243,review
nfx_0Y2PA5Y9JV8SBV613Z9QACTES4,ciqual,11244,review
nfx_0Y2PA5Y9JV8SBV613Z9QACTES4,ciqual,11245,review
nfx_0Y2PA5Y9JV8SBV613Z9QACTES4,ciqual,11246,review
nfx_0Y2PA5Y9JV8SBV613Z9QACTES4,ciqual,11301,review
nfx_0Y2PA5Y9JV8SBV613Z9QACTES4,ciqual,11302,review
nfx_0Y2PA5Y9JV8SBV613Z9QACTES4,insa,1211,automatic
nfx_0Y2PA5Y9JV8SBV613Z9QACTES4,insa,1211,review
nfx_0Y2PA5Y9JV8SBV613Z9QACTES4,insa,1211,review
nfx_0Y2PA5Y9JV8SBV613Z9QACTES4,insa,1211,review
nfx_0Y2PA5Y9JV8SBV613Z9QACTES4,insa,1211,review
nfx_0Y2PA5Y9JV8SBV613Z9QACTES4,insa,1211,review
nfx_0Y2PA5Y9JV8SBV613Z9QACTES4,insa,1211,review
nfx_0Y2PA5Y9JV8SBV613Z9QACTES4,insa,1211,review
nfx_0Y2PA5Y9JV8SBV613Z9QACTES4,insa,1211,review
nfx_0Y2PA5Y9JV8SBV613Z9QACTES4,insa,1211,review
nfx_0Y2PA5Y9JV8SBV613Z9QACTES4,insa,1211,review
nfx_0Y2PA5Y9JV8SBV613Z9QACTES4,insa,1211,review
nfx_0Y2PA5Y9JV8SBV613Z9QACTES4,insa,1211,review
nfx_0Y2PA5Y9JV8SBV613Z9QACTES4,insa,1211,review
nfx_0Y2PA5Y9JV8SBV613Z9QACTES4,insa,1211,review
nfx_0Y2PA5Y9JV8SBV613Z9QACTES4,insa,1211,review
nfx_0Y2PA5Y9JV8SBV613Z9QACTES4,insa,1211,review
nfx_0Y2PA5Y9JV8SBV613Z9QACTES4,insa,1211,review
nfx_0Y2PA5Y9JV8SBV613Z9QACTES4,insa,1211,review
nfx_0Y2PA5Y9JV8SBV613Z9QACTES4,insa,1211,review
nfx_0Y2PA5Y9JV8SBV613Z9QACTES4,insa,1211,review
nfx_0Y2PA5Y9JV8SBV613Z9QACTES4,insa,1211,review
nfx_0Y2PA5Y9JV8SBV613Z9QACTES4,insa,1211,review
nfx_0Y2PA5Y9JV8SBV613Z9QACTES4,insa,1211,review
nfx_0Y2W866GRVT0AF3RF4377B45H6,ciqual,22000,review
nfx_0Y2W866GRVT0AF3RF4377B45H6,insa,83,review
nfx_0Y3JYDS98SZ0HCG17BAD1VPNXC,ciqual,18050,review
nfx_0Y3JYDS98SZ0HCG17BAD1VPNXC,insa,764,review
nfx_0Y5ABKY06DFQ7AD79D4YJ7DS29,ciqual,26058,automatic
nfx_0Y5ABKY06DFQ7AD79D4YJ7DS29,ciqual,26135,review
nfx_0Y5ABKY06DFQ7AD79D4YJ7DS29,ciqual,26200,review
nfx_0Y5ABKY06DFQ7AD79D4YJ7DS29,insa,845,automatic
nfx_0Y5ABKY06DFQ7AD79D4YJ7DS29,insa,845,review
nfx_0Y5ABKY06DFQ7AD79D4YJ7DS29,insa,845,review
nfx_0Y7AVSKFCYMWN1A88Z4A9PHSWC,ciqual,2022,review
nfx_0Y7AVSKFCYMWN1A88Z4A9PHSWC,ciqual,2043,automatic
nfx_0Y7AVSKFCYMWN1A88Z4A9PHSWC,ciqual,2045,review
nfx_0Y7AVSKFCYMWN1A88Z4A9PHSWC,ciqual,2054,review
nfx_0Y7AVSKFCYMWN1A88Z4A9PHSWC,ciqual,2060,review
nfx_0Y7AVSKFCYMWN1A88Z4A9PHSWC,ciqual,2061,review
nfx_0Y7AVSKFCYMWN1A88Z4A9PHSWC,ciqual,2365,review
nfx_0Y7AVSKFCYMWN1A88Z4A9PHSWC,ciqual,2366,review
nfx_0Y7AVSKFCYMWN1A88Z4A9PHSWC,ciqual,2370,review
nfx_0Y7AVSKFCYMWN1A88Z4A9PHSWC,ciqual,2371,review
nfx_0Y7AVSKFCYMWN1A88Z4A9PHSWC,ciqual,2374,review
nfx_0Y7AVSKFCYMWN1A88Z4A9PHSWC,insa,748,automatic
nfx_0Y7AVSKFCYMWN1A88Z4A9PHSWC,insa,748,review
nfx_0Y7AVSKFCYMWN1A88Z4A9PHSWC,insa,748,review
nfx_0Y7AVSKFCYMWN1A88Z4A9PHSWC,insa,748,review
nfx_0Y7AVSKFCYMWN1A88Z4A9PHSWC,insa,748,review
nfx_0Y7AVSKFCYMWN1A88Z4A9PHSWC,insa,748,review
nfx_0Y7AVSKFCYMWN1A88Z4A9PHSWC,insa,748,review
nfx_0Y7AVSKFCYMWN1A88Z4A9PHSWC,insa,748,review
nfx_0Y7AVSKFCYMWN1A88Z4A9PHSWC,insa,748,review
nfx_0Y7AVSKFCYMWN1A88Z4A9PHSWC,insa,748,review
nfx_0Y7AVSKFCYMWN1A88Z4A9PHSWC,insa,748,review
nfx_0Y813PFVWGP4HGBV1PVYK65GZC,ciqual,28400,review
nfx_0Y813PFVWGP4HGBV1PVYK65GZC,ciqual,28401,review
nfx_0Y813PFVWGP4HGBV1PVYK65GZC,insa,159,review
nfx_0Y813PFVWGP4HGBV1PVYK65GZC,insa,159,review
nfx_0Y94N7WPBQ6D5PRVZZ68ZCVG8M,ciqual,6200,review
nfx_0Y94N7WPBQ6D5PRVZZ68ZCVG8M,insa,218,review
nfx_0YB47S0VFBNN1R8QTJMY05K8NZ,ciqual,19202,review
nfx_0YB47S0VFBNN1R8QTJMY05K8NZ,ciqual,19202,review
nfx_0YB47S0VFBNN1R8QTJMY05K8NZ,insa,19,review
nfx_0YB47S0VFBNN1R8QTJMY05K8NZ,insa,20,review
nfx_0YCW9714W0MP30NEBGERWR3K1X,ciqual,18344,review
nfx_0YCW9714W0MP30NEBGERWR3K1X,insa,764,review
nfx_0YH12DFSW7BA5EJC5BR5KS11KF,ciqual,32130,review
nfx_0YH12DFSW7BA5EJC5BR5KS11KF,ciqual,32130,review
nfx_0YH12DFSW7BA5EJC5BR5KS11KF,ciqual,32130,review
nfx_0YH12DFSW7BA5EJC5BR5KS11KF,ciqual,32130,review
nfx_0YH12DFSW7BA5EJC5BR5KS11KF,ciqual,32130,review
nfx_0YH12DFSW7BA5EJC5BR5KS11KF,ciqual,32130,review
nfx_0YH12DFSW7BA5EJC5BR5KS11KF,ciqual,32130,review
nfx_0YH12DFSW7BA5EJC5BR5KS11KF,ciqual,32130,review
nfx_0YH12DFSW7BA5EJC5BR5KS11KF,insa,416,review
nfx_0YH12DFSW7BA5EJC5BR5KS11KF,insa,433,review
nfx_0YH12DFSW7BA5EJC5BR5KS11KF,insa,434,review
nfx_0YH12DFSW7BA5EJC5BR5KS11KF,insa,435,review
nfx_0YH12DFSW7BA5EJC5BR5KS11KF,insa,436,review
nfx_0YH12DFSW7BA5EJC5BR5KS11KF,insa,442,review
nfx_0YH12DFSW7BA5EJC5BR5KS11KF,insa,449,review
nfx_0YH12DFSW7BA5EJC5BR5KS11KF,insa,467,review
nfx_0YNRQ811J1QNB2PRW7Z2BXEFC4,ciqual,28480,review
nfx_0YNRQ811J1QNB2PRW7Z2BXEFC4,ciqual,28480,review
nfx_0YNRQ811J1QNB2PRW7Z2BXEFC4,ciqual,28480,review
nfx_0YNRQ811J1QNB2PRW7Z2BXEFC4,ciqual,28480,review
nfx_0YNRQ811J1QNB2PRW7Z2BXEFC4,ciqual,28480,review
nfx_0YNRQ811J1QNB2PRW7Z2BXEFC4,ciqual,28480,review
nfx_0YNRQ811J1QNB2PRW7Z2BXEFC4,ciqual,28480,review
nfx_0YNRQ811J1QNB2PRW7Z2BXEFC4,ciqual,28480,review
nfx_0YNRQ811J1QNB2PRW7Z2BXEFC4,ciqual,28480,review
nfx_0YNRQ811J1QNB2PRW7Z2BXEFC4,ciqual,28480,review
nfx_0YNRQ811J1QNB2PRW7Z2BXEFC4,ciqual,28480,review
nfx_0YNRQ811J1QNB2PRW7Z2BXEFC4,ciqual,28480,review
nfx_0YNRQ811J1QNB2PRW7Z2BXEFC4,ciqual,28480,review
nfx_0YNRQ811J1QNB2PRW7Z2BXEFC4,ciqual,28480,review
nfx_0YNRQ811J1QNB2PRW7Z2BXEFC4,ciqual,28480,review
nfx_0YNRQ811J1QNB2PRW7Z2BXEFC4,ciqual,28480,review
nfx_0YNRQ811J1QNB2PRW7Z2BXEFC4,ciqual,28480,review
nfx_0YNRQ811J1QNB2PRW7Z2BXEFC4,ciqual,28480,review
nfx_0YNRQ811J1QNB2PRW7Z2BXEFC4,insa,1219,review
nfx_0YNRQ811J1QNB2PRW7Z2BXEFC4,insa,1221,review
nfx_0YNRQ811J1QNB2PRW7Z2BXEFC4,insa,1222,review
nfx_0YNRQ811J1QNB2PRW7Z2BXEFC4,insa,1223,review
nfx_0YNRQ811J1QNB2PRW7Z2BXEFC4,insa,152,review
nfx_0YNRQ811J1QNB2PRW7Z2BXEFC4,insa,156,review
nfx_0YNRQ811J1QNB2PRW7Z2BXEFC4,insa,176,review
nfx_0YNRQ811J1QNB2PRW7Z2BXEFC4,insa,180,review
nfx_0YNRQ811J1QNB2PRW7Z2BXEFC4,insa,186,review
nfx_0YNRQ811J1QNB2PRW7Z2BXEFC4,insa,187,review
nfx_0YNRQ811J1QNB2PRW7Z2BXEFC4,insa,193,review
nfx_0YNRQ811J1QNB2PRW7Z2BXEFC4,insa,222,review
nfx_0YNRQ811J1QNB2PRW7Z2BXEFC4,insa,307,review
nfx_0YNRQ811J1QNB2PRW7Z2BXEFC4,insa,315,review
nfx_0YNRQ811J1QNB2PRW7Z2BXEFC4,insa,321,review
nfx_0YNRQ811J1QNB2PRW7Z2BXEFC4,insa,334,review
nfx_0YNRQ811J1QNB2PRW7Z2BXEFC4,insa,70204048,review
nfx_0YNRQ811J1QNB2PRW7Z2BXEFC4,insa,70204054,review
nfx_0YQ1R5X3R3QHCCPVRGFBCC5VF4,ciqual,32140,review
nfx_0YQ1R5X3R3QHCCPVRGFBCC5VF4,ciqual,7351,review
nfx_0YQ1R5X3R3QHCCPVRGFBCC5VF4,insa,446,review
nfx_0YQ1R5X3R3QHCCPVRGFBCC5VF4,insa,446,review
nfx_0YQM5Z68YQBK409PQJHME4705F,ciqual,22080,review
nfx_0YQM5Z68YQBK409PQJHME4705F,insa,83,review
nfx_0YV15ZVHJMN210TVN9GXV1252M,ciqual,19037,review
nfx_0YV15ZVHJMN210TVN9GXV1252M,ciqual,19038,review
nfx_0YV15ZVHJMN210TVN9GXV1252M,ciqual,19039,review
nfx_0YV15ZVHJMN210TVN9GXV1252M,ciqual,19596,review
nfx_0YV15ZVHJMN210TVN9GXV1252M,insa,1900000064,review
nfx_0YV15ZVHJMN210TVN9GXV1252M,insa,1900000064,review
nfx_0YV15ZVHJMN210TVN9GXV1252M,insa,1900000064,review
nfx_0YV15ZVHJMN210TVN9GXV1252M,insa,1900000064,review
nfx_0Z3B0ND9GVSYFGKXHEWTDES5VK,ciqual,11246,review
nfx_0Z3B0ND9GVSYFGKXHEWTDES5VK,ciqual,11246,review
nfx_0Z3B0ND9GVSYFGKXHEWTDES5VK,ciqual,11246,review
nfx_0Z3B0ND9GVSYFGKXHEWTDES5VK,ciqual,11246,review
nfx_0Z3B0ND9GVSYFGKXHEWTDES5VK,ciqual,11246,review
nfx_0Z3B0ND9GVSYFGKXHEWTDES5VK,ciqual,11246,review
nfx_0Z3B0ND9GVSYFGKXHEWTDES5VK,ciqual,11246,review
nfx_0Z3B0ND9GVSYFGKXHEWTDES5VK,insa,1164,review
nfx_0Z3B0ND9GVSYFGKXHEWTDES5VK,insa,1229,review
nfx_0Z3B0ND9GVSYFGKXHEWTDES5VK,insa,2120000007,review
nfx_0Z3B0ND9GVSYFGKXHEWTDES5VK,insa,928,review
nfx_0Z3B0ND9GVSYFGKXHEWTDES5VK,insa,929,review
nfx_0Z3B0ND9GVSYFGKXHEWTDES5VK,insa,932,review
nfx_0Z3B0ND9GVSYFGKXHEWTDES5VK,insa,933,review
nfx_0Z7KZ6VRCK55RK7V1DG50NKR2J,ciqual,18004,review
nfx_0Z7KZ6VRCK55RK7V1DG50NKR2J,ciqual,18005,review
nfx_0Z7KZ6VRCK55RK7V1DG50NKR2J,ciqual,18069,automatic
nfx_0Z7KZ6VRCK55RK7V1DG50NKR2J,ciqual,18070,review
nfx_0Z7KZ6VRCK55RK7V1DG50NKR2J,ciqual,18072,review
nfx_0Z7KZ6VRCK55RK7V1DG50NKR2J,ciqual,18073,review
nfx_0Z7KZ6VRCK55RK7V1DG50NKR2J,ciqual,18150,review
nfx_0Z7KZ6VRCK55RK7V1DG50NKR2J,ciqual,18160,review
nfx_0Z7KZ6VRCK55RK7V1DG50NKR2J,ciqual,18163,review
nfx_0Z7KZ6VRCK55RK7V1DG50NKR2J,insa,773,automatic
nfx_0Z7KZ6VRCK55RK7V1DG50NKR2J,insa,773,review
nfx_0Z7KZ6VRCK55RK7V1DG50NKR2J,insa,773,review
nfx_0Z7KZ6VRCK55RK7V1DG50NKR2J,insa,773,review
nfx_0Z7KZ6VRCK55RK7V1DG50NKR2J,insa,773,review
nfx_0Z7KZ6VRCK55RK7V1DG50NKR2J,insa,773,review
nfx_0Z7KZ6VRCK55RK7V1DG50NKR2J,insa,773,review
nfx_0Z7KZ6VRCK55RK7V1DG50NKR2J,insa,773,review
nfx_0Z7KZ6VRCK55RK7V1DG50NKR2J,insa,773,review
nfx_0Z8HVQWA21KDBGB492KJ6MKDHB,ciqual,28205,review
nfx_0Z8HVQWA21KDBGB492KJ6MKDHB,insa,343,review
nfx_0ZBZRC0NJ1QV5EDJ5CWFB5HYKZ,ciqual,15024,review
nfx_0ZBZRC0NJ1QV5EDJ5CWFB5HYKZ,ciqual,15024,review
nfx_0ZBZRC0NJ1QV5EDJ5CWFB5HYKZ,ciqual,15024,review
nfx_0ZBZRC0NJ1QV5EDJ5CWFB5HYKZ,insa,1900000093,review
nfx_0ZBZRC0NJ1QV5EDJ5CWFB5HYKZ,insa,705,review
nfx_0ZBZRC0NJ1QV5EDJ5CWFB5HYKZ,insa,707,review
nfx_0ZC43K37NBB7CEENDV510Q673M,ciqual,19577,review
nfx_0ZC43K37NBB7CEENDV510Q673M,ciqual,19577,review
nfx_0ZC43K37NBB7CEENDV510Q673M,ciqual,19577,review
nfx_0ZC43K37NBB7CEENDV510Q673M,ciqual,19577,review
nfx_0ZC43K37NBB7CEENDV510Q673M,ciqual,19577,review
nfx_0ZC43K37NBB7CEENDV510Q673M,ciqual,19577,review
nfx_0ZC43K37NBB7CEENDV510Q673M,ciqual,19577,review
nfx_0ZC43K37NBB7CEENDV510Q673M,insa,1900000102,review
nfx_0ZC43K37NBB7CEENDV510Q673M,insa,1920000003,review
nfx_0ZC43K37NBB7CEENDV510Q673M,insa,1920000007,review
nfx_0ZC43K37NBB7CEENDV510Q673M,insa,73,review
nfx_0ZC43K37NBB7CEENDV510Q673M,insa,77,review
nfx_0ZC43K37NBB7CEENDV510Q673M,insa,78,review
nfx_0ZC43K37NBB7CEENDV510Q673M,insa,82,review
nfx_0ZG9XJF6F23Q51VACFDZH979V8,ciqual,31092,review
nfx_0ZG9XJF6F23Q51VACFDZH979V8,ciqual,31092,review
nfx_0ZG9XJF6F23Q51VACFDZH979V8,insa,674,review
nfx_0ZG9XJF6F23Q51VACFDZH979V8,insa,675,review
nfx_0ZTX6KXA0ZPZ5T9W9E46E64K70,ciqual,13204,review
nfx_0ZTX6KXA0ZPZ5T9W9E46E64K70,ciqual,13205,review
nfx_0ZTX6KXA0ZPZ5T9W9E46E64K70,ciqual,13206,review
nfx_0ZTX6KXA0ZPZ5T9W9E46E64K70,insa,634,review
nfx_0ZTX6KXA0ZPZ5T9W9E46E64K70,insa,634,review
nfx_0ZTX6KXA0ZPZ5T9W9E46E64K70,insa,634,review
nfx_0ZY51DPD3WFMCAKPA1T71ZX251,ciqual,1006,review
nfx_0ZY51DPD3WFMCAKPA1T71ZX251,ciqual,5210,review
nfx_0ZY51DPD3WFMCAKPA1T71ZX251,ciqual,5214,review
nfx_0ZY51DPD3WFMCAKPA1T71ZX251,ciqual,5216,review
nfx_0ZY51DPD3WFMCAKPA1T71ZX251,insa,250015,review
nfx_0ZY51DPD3WFMCAKPA1T71ZX251,insa,250015,review
nfx_0ZY51DPD3WFMCAKPA1T71ZX251,insa,250015,review
nfx_0ZY51DPD3WFMCAKPA1T71ZX251,insa,250015,review
nfx_0ZYXEPYD9GRWKNYYAFHDCRX4WV,ciqual,6311,review
nfx_0ZYXEPYD9GRWKNYYAFHDCRX4WV,ciqual,6311,review
nfx_0ZYXEPYD9GRWKNYYAFHDCRX4WV,ciqual,6311,review
nfx_0ZYXEPYD9GRWKNYYAFHDCRX4WV,ciqual,6311,review
nfx_0ZYXEPYD9GRWKNYYAFHDCRX4WV,ciqual,6311,review
nfx_0ZYXEPYD9GRWKNYYAFHDCRX4WV,ciqual,6311,review
nfx_0ZYXEPYD9GRWKNYYAFHDCRX4WV,ciqual,6311,review
nfx_0ZYXEPYD9GRWKNYYAFHDCRX4WV,ciqual,6311,review
nfx_0ZYXEPYD9GRWKNYYAFHDCRX4WV,ciqual,6311,review
nfx_0ZYXEPYD9GRWKNYYAFHDCRX4WV,ciqual,6311,review
nfx_0ZYXEPYD9GRWKNYYAFHDCRX4WV,ciqual,6311,review
nfx_0ZYXEPYD9GRWKNYYAFHDCRX4WV,insa,195,review
nfx_0ZYXEPYD9GRWKNYYAFHDCRX4WV,insa,196,review
nfx_0ZYXEPYD9GRWKNYYAFHDCRX4WV,insa,198,review
nfx_0ZYXEPYD9GRWKNYYAFHDCRX4WV,insa,2120000002,review
nfx_0ZYXEPYD9GRWKNYYAFHDCRX4WV,insa,2120000003,review
nfx_0ZYXEPYD9GRWKNYYAFHDCRX4WV,insa,217,review
nfx_0ZYXEPYD9GRWKNYYAFHDCRX4WV,insa,293,review
nfx_0ZYXEPYD9GRWKNYYAFHDCRX4WV,insa,317,review
nfx_0ZYXEPYD9GRWKNYYAFHDCRX4WV,insa,324,review
nfx_0ZYXEPYD9GRWKNYYAFHDCRX4WV,insa,330,review
nfx_0ZYXEPYD9GRWKNYYAFHDCRX4WV,insa,336,review
nfx_1035QBRPMGJ3KA8Q207A3T4YC7,ciqual,12059,review
nfx_1035QBRPMGJ3KA8Q207A3T4YC7,ciqual,12066,review
nfx_1035QBRPMGJ3KA8Q207A3T4YC7,ciqual,12803,review
nfx_1035QBRPMGJ3KA8Q207A3T4YC7,ciqual,12810,review
nfx_1035QBRPMGJ3KA8Q207A3T4YC7,ciqual,12815,review
nfx_1035QBRPMGJ3KA8Q207A3T4YC7,ciqual,12828,review
nfx_1035QBRPMGJ3KA8Q207A3T4YC7,ciqual,12831,review
nfx_1035QBRPMGJ3KA8Q207A3T4YC7,ciqual,12832,review
nfx_1035QBRPMGJ3KA8Q207A3T4YC7,ciqual,12834,review
nfx_1035QBRPMGJ3KA8Q207A3T4YC7,ciqual,12836,review
nfx_1035QBRPMGJ3KA8Q207A3T4YC7,ciqual,12839,review
nfx_1035QBRPMGJ3KA8Q207A3T4YC7,ciqual,12842,review
nfx_1035QBRPMGJ3KA8Q207A3T4YC7,ciqual,12846,review
nfx_1035QBRPMGJ3KA8Q207A3T4YC7,ciqual,12847,review
nfx_1035QBRPMGJ3KA8Q207A3T4YC7,ciqual,12848,review
nfx_1035QBRPMGJ3KA8Q207A3T4YC7,ciqual,12999,review
nfx_1035QBRPMGJ3KA8Q207A3T4YC7,insa,220014,review
nfx_1035QBRPMGJ3KA8Q207A3T4YC7,insa,220014,review
nfx_1035QBRPMGJ3KA8Q207A3T4YC7,insa,220014,review
nfx_1035QBRPMGJ3KA8Q207A3T4YC7,insa,220014,review
nfx_1035QBRPMGJ3KA8Q207A3T4YC7,insa,220014,review
nfx_1035QBRPMGJ3KA8Q207A3T4YC7,insa,220014,review
nfx_1035QBRPMGJ3KA8Q207A3T4YC7,insa,220014,review
nfx_1035QBRPMGJ3KA8Q207A3T4YC7,insa,220014,review
nfx_1035QBRPMGJ3KA8Q207A3T4YC7,insa,220014,review
nfx_1035QBRPMGJ3KA8Q207A3T4YC7,insa,220014,review
nfx_1035QBRPMGJ3KA8Q207A3T4YC7,insa,220014,review
nfx_1035QBRPMGJ3KA8Q207A3T4YC7,insa,220014,review
nfx_1035QBRPMGJ3KA8Q207A3T4YC7,insa,220014,review
nfx_1035QBRPMGJ3KA8Q207A3T4YC7,insa,220014,review
nfx_1035QBRPMGJ3KA8Q207A3T4YC7,insa,220014,review
nfx_1035QBRPMGJ3KA8Q207A3T4YC7,insa,220014,review
nfx_103SKY9B6CNEJWDRC4GR2SHHCY,ciqual,12007,review
nfx_103SKY9B6CNEJWDRC4GR2SHHCY,ciqual,12007,review
nfx_103SKY9B6CNEJWDRC4GR2SHHCY,ciqual,12007,review
nfx_103SKY9B6CNEJWDRC4GR2SHHCY,insa,22,review
nfx_103SKY9B6CNEJWDRC4GR2SHHCY,insa,30,review
nfx_103SKY9B6CNEJWDRC4GR2SHHCY,insa,48,review
nfx_103X4YM9NYK6XDJQZG91EYJDRS,ciqual,20012,review
nfx_103X4YM9NYK6XDJQZG91EYJDRS,ciqual,20012,review
nfx_103X4YM9NYK6XDJQZG91EYJDRS,insa,1900000025,review
nfx_103X4YM9NYK6XDJQZG91EYJDRS,insa,602,review
nfx_109TK5K4NR0JFFC69WZTXC1FG4,ciqual,20037,review
nfx_109TK5K4NR0JFFC69WZTXC1FG4,ciqual,20037,review
nfx_109TK5K4NR0JFFC69WZTXC1FG4,insa,571,review
nfx_109TK5K4NR0JFFC69WZTXC1FG4,insa,572,review
nfx_10DWRHEZB5PP7MMB01MEM7QHEF,ciqual,9530,automatic
nfx_10DWRHEZB5PP7MMB01MEM7QHEF,ciqual,9530,review
nfx_10DWRHEZB5PP7MMB01MEM7QHEF,ciqual,9530,review
nfx_10DWRHEZB5PP7MMB01MEM7QHEF,ciqual,9530,review
nfx_10DWRHEZB5PP7MMB01MEM7QHEF,ciqual,9530,review
nfx_10DWRHEZB5PP7MMB01MEM7QHEF,ciqual,9530,review
nfx_10DWRHEZB5PP7MMB01MEM7QHEF,ciqual,9530,review
nfx_10DWRHEZB5PP7MMB01MEM7QHEF,ciqual,9530,review
nfx_10DWRHEZB5PP7MMB01MEM7QHEF,insa,1900000071,review
nfx_10DWRHEZB5PP7MMB01MEM7QHEF,insa,1900000077,review
nfx_10DWRHEZB5PP7MMB01MEM7QHEF,insa,230003,review
nfx_10DWRHEZB5PP7MMB01MEM7QHEF,insa,411,review
nfx_10DWRHEZB5PP7MMB01MEM7QHEF,insa,413,review
nfx_10DWRHEZB5PP7MMB01MEM7QHEF,insa,414,review
nfx_10DWRHEZB5PP7MMB01MEM7QHEF,insa,415,review
nfx_10DWRHEZB5PP7MMB01MEM7QHEF,insa,60100015,automatic
nfx_10KD1TM04PTSHS28HX7XKK6FGW,ciqual,20123,review
nfx_10KD1TM04PTSHS28HX7XKK6FGW,ciqual,20123,review
nfx_10KD1TM04PTSHS28HX7XKK6FGW,insa,1900000024,review
nfx_10KD1TM04PTSHS28HX7XKK6FGW,insa,584,review
nfx_10M6V0MCTBWBN7KFJ0QG563RVD,ciqual,11245,review
nfx_10M6V0MCTBWBN7KFJ0QG563RVD,ciqual,11245,review
nfx_10M6V0MCTBWBN7KFJ0QG563RVD,ciqual,11245,review
nfx_10M6V0MCTBWBN7KFJ0QG563RVD,ciqual,11245,review
nfx_10M6V0MCTBWBN7KFJ0QG563RVD,ciqual,11245,review
nfx_10M6V0MCTBWBN7KFJ0QG563RVD,ciqual,11245,review
nfx_10M6V0MCTBWBN7KFJ0QG563RVD,ciqual,11245,review
nfx_10M6V0MCTBWBN7KFJ0QG563RVD,insa,1164,review
nfx_10M6V0MCTBWBN7KFJ0QG563RVD,insa,1229,review
nfx_10M6V0MCTBWBN7KFJ0QG563RVD,insa,2120000007,review
nfx_10M6V0MCTBWBN7KFJ0QG563RVD,insa,928,review
nfx_10M6V0MCTBWBN7KFJ0QG563RVD,insa,929,review
nfx_10M6V0MCTBWBN7KFJ0QG563RVD,insa,932,review
nfx_10M6V0MCTBWBN7KFJ0QG563RVD,insa,933,review
nfx_10X883F1KPXRCHB319SV61VKGH,ciqual,76086,review
nfx_10X883F1KPXRCHB319SV61VKGH,ciqual,76086,review
nfx_10X883F1KPXRCHB319SV61VKGH,ciqual,76086,review
nfx_10X883F1KPXRCHB319SV61VKGH,insa,2,review
nfx_10X883F1KPXRCHB319SV61VKGH,insa,3,review
nfx_10X883F1KPXRCHB319SV61VKGH,insa,5,review
nfx_10XMQ7QEEZAV6AY3PXKP2DZYBQ,ciqual,19550,review
nfx_10XMQ7QEEZAV6AY3PXKP2DZYBQ,ciqual,19593,review
nfx_10XMQ7QEEZAV6AY3PXKP2DZYBQ,ciqual,19599,review
nfx_10XMQ7QEEZAV6AY3PXKP2DZYBQ,ciqual,19600,review
nfx_10XMQ7QEEZAV6AY3PXKP2DZYBQ,ciqual,19726,review
nfx_10XMQ7QEEZAV6AY3PXKP2DZYBQ,ciqual,19860,review
nfx_10XMQ7QEEZAV6AY3PXKP2DZYBQ,insa,70,review
nfx_10XMQ7QEEZAV6AY3PXKP2DZYBQ,insa,70,review
nfx_10XMQ7QEEZAV6AY3PXKP2DZYBQ,insa,70,review
nfx_10XMQ7QEEZAV6AY3PXKP2DZYBQ,insa,70,review
nfx_10XMQ7QEEZAV6AY3PXKP2DZYBQ,insa,70,review
nfx_10XMQ7QEEZAV6AY3PXKP2DZYBQ,insa,70,review
nfx_11D1RKK3K1QEETVGFDQSV061D2,ciqual,20303,review
nfx_11D1RKK3K1QEETVGFDQSV061D2,insa,551,review
nfx_11MBKG5GKQR370ZT4G06PSFGZ9,ciqual,2000,review
nfx_11MBKG5GKQR370ZT4G06PSFGZ9,ciqual,2012,automatic
nfx_11MBKG5GKQR370ZT4G06PSFGZ9,ciqual,2013,review
nfx_11MBKG5GKQR370ZT4G06PSFGZ9,ciqual,2014,review
nfx_11MBKG5GKQR370ZT4G06PSFGZ9,ciqual,2015,review
nfx_11MBKG5GKQR370ZT4G06PSFGZ9,ciqual,2019,review
nfx_11MBKG5GKQR370ZT4G06PSFGZ9,ciqual,2038,review
nfx_11MBKG5GKQR370ZT4G06PSFGZ9,ciqual,2070,review
nfx_11MBKG5GKQR370ZT4G06PSFGZ9,ciqual,2071,review
nfx_11MBKG5GKQR370ZT4G06PSFGZ9,ciqual,2077,review
nfx_11MBKG5GKQR370ZT4G06PSFGZ9,ciqual,2377,review
nfx_11MBKG5GKQR370ZT4G06PSFGZ9,insa,742,automatic
nfx_11MBKG5GKQR370ZT4G06PSFGZ9,insa,742,review
nfx_11MBKG5GKQR370ZT4G06PSFGZ9,insa,742,review
nfx_11MBKG5GKQR370ZT4G06PSFGZ9,insa,742,review
nfx_11MBKG5GKQR370ZT4G06PSFGZ9,insa,742,review
nfx_11MBKG5GKQR370ZT4G06PSFGZ9,insa,742,review
nfx_11MBKG5GKQR370ZT4G06PSFGZ9,insa,742,review
nfx_11MBKG5GKQR370ZT4G06PSFGZ9,insa,742,review
nfx_11MBKG5GKQR370ZT4G06PSFGZ9,insa,742,review
nfx_11MBKG5GKQR370ZT4G06PSFGZ9,insa,742,review
nfx_11MBKG5GKQR370ZT4G06PSFGZ9,insa,742,review
nfx_11P2J928FW5J0W8SR24J46FTFC,ciqual,20586,review
nfx_11P2J928FW5J0W8SR24J46FTFC,ciqual,20586,review
nfx_11P2J928FW5J0W8SR24J46FTFC,insa,537,review
nfx_11P2J928FW5J0W8SR24J46FTFC,insa,538,review
nfx_11P36W25A80ACCQ5A8NZE9XCB0,ciqual,7744,review
nfx_11P36W25A80ACCQ5A8NZE9XCB0,insa,260004,review
nfx_11WRRM7WS8XQCPR5PKD4ED59NK,ciqual,25971,review
nfx_11WRRM7WS8XQCPR5PKD4ED59NK,insa,297,review
nfx_11X6XTSH3EARRW3RKXYGRW9MY8,ciqual,1031,review
nfx_11X6XTSH3EARRW3RKXYGRW9MY8,insa,2122000001,review
nfx_12299NRS4KE95FB7XK7RJ812E2,ciqual,25205,review
nfx_12299NRS4KE95FB7XK7RJ812E2,insa,70204038,review
nfx_1248GDVWRQWGBQ7799C3KE2EZJ,ciqual,2040,review
nfx_1248GDVWRQWGBQ7799C3KE2EZJ,insa,744,review
nfx_12AB6GVZECJYEZ1W0KK3EQ0JBM,ciqual,27021,review
nfx_12AB6GVZECJYEZ1W0KK3EQ0JBM,ciqual,27021,review
nfx_12AB6GVZECJYEZ1W0KK3EQ0JBM,insa,876,review
nfx_12AB6GVZECJYEZ1W0KK3EQ0JBM,insa,905,review
nfx_12DP7BQC804WBPRH9978J5PR8B,ciqual,10045,review
nfx_12DP7BQC804WBPRH9978J5PR8B,insa,1900000098,review
nfx_12FTDNESB6P4VMTPFC8AWP8KGQ,ciqual,16128,review
nfx_12FTDNESB6P4VMTPFC8AWP8KGQ,ciqual,17170,review
nfx_12FTDNESB6P4VMTPFC8AWP8KGQ,ciqual,17180,review
nfx_12FTDNESB6P4VMTPFC8AWP8KGQ,ciqual,17190,automatic
nfx_12FTDNESB6P4VMTPFC8AWP8KGQ,ciqual,17210,review
nfx_12FTDNESB6P4VMTPFC8AWP8KGQ,ciqual,17220,review
nfx_12FTDNESB6P4VMTPFC8AWP8KGQ,ciqual,17400,review
nfx_12FTDNESB6P4VMTPFC8AWP8KGQ,ciqual,17420,review
nfx_12FTDNESB6P4VMTPFC8AWP8KGQ,ciqual,17640,review
nfx_12FTDNESB6P4VMTPFC8AWP8KGQ,ciqual,17645,review
nfx_12FTDNESB6P4VMTPFC8AWP8KGQ,ciqual,17650,review
nfx_12FTDNESB6P4VMTPFC8AWP8KGQ,ciqual,17800,review
nfx_12FTDNESB6P4VMTPFC8AWP8KGQ,ciqual,17900,review
nfx_12FTDNESB6P4VMTPFC8AWP8KGQ,insa,391,automatic
nfx_12FTDNESB6P4VMTPFC8AWP8KGQ,insa,391,review
nfx_12FTDNESB6P4VMTPFC8AWP8KGQ,insa,391,review
nfx_12FTDNESB6P4VMTPFC8AWP8KGQ,insa,391,review
nfx_12FTDNESB6P4VMTPFC8AWP8KGQ,insa,391,review
nfx_12FTDNESB6P4VMTPFC8AWP8KGQ,insa,391,review
nfx_12FTDNESB6P4VMTPFC8AWP8KGQ,insa,391,review
nfx_12FTDNESB6P4VMTPFC8AWP8KGQ,insa,391,review
nfx_12FTDNESB6P4VMTPFC8AWP8KGQ,insa,391,review
nfx_12FTDNESB6P4VMTPFC8AWP8KGQ,insa,391,review
nfx_12FTDNESB6P4VMTPFC8AWP8KGQ,insa,391,review
nfx_12FTDNESB6P4VMTPFC8AWP8KGQ,insa,391,review
nfx_12FTDNESB6P4VMTPFC8AWP8KGQ,insa,391,review
nfx_12HYD1Y26E9K3XA01RG7MVTRS6,ciqual,22003,review
nfx_12HYD1Y26E9K3XA01RG7MVTRS6,insa,1900000056,review
nfx_12MY0ZYW0SFER5SXXJVBJBTJNX,ciqual,10017,automatic
nfx_12MY0ZYW0SFER5SXXJVBJBTJNX,insa,907,automatic
nfx_12PK5JC8H3E5GXB4T13PS4H6JK,ciqual,26234,review
nfx_12PK5JC8H3E5GXB4T13PS4H6JK,insa,849,review
nfx_1301CQSQRCWPEJD334S8QAWFCP,ciqual,25242,review
nfx_1301CQSQRCWPEJD334S8QAWFCP,insa,1098,review
nfx_132VNEHTK0TDS3FPCZQ6CBZVE5,ciqual,40115,review
nfx_132VNEHTK0TDS3FPCZQ6CBZVE5,ciqual,40115,review
nfx_132VNEHTK0TDS3FPCZQ6CBZVE5,ciqual,40115,review
nfx_132VNEHTK0TDS3FPCZQ6CBZVE5,ciqual,40115,review
nfx_132VNEHTK0TDS3FPCZQ6CBZVE5,insa,1900000001,review
nfx_132VNEHTK0TDS3FPCZQ6CBZVE5,insa,321,review
nfx_132VNEHTK0TDS3FPCZQ6CBZVE5,insa,324,review
nfx_132VNEHTK0TDS3FPCZQ6CBZVE5,insa,326,review
nfx_135N873QVPCK61XMEWHREMMCJ1,ciqual,1006,review
nfx_135N873QVPCK61XMEWHREMMCJ1,ciqual,1018,review
nfx_135N873QVPCK61XMEWHREMMCJ1,ciqual,5201,review
nfx_135N873QVPCK61XMEWHREMMCJ1,ciqual,5209,review
nfx_135N873QVPCK61XMEWHREMMCJ1,ciqual,5210,review
nfx_135N873QVPCK61XMEWHREMMCJ1,ciqual,5215,review
nfx_135N873QVPCK61XMEWHREMMCJ1,ciqual,5216,review
nfx_135N873QVPCK61XMEWHREMMCJ1,insa,712,review
nfx_135N873QVPCK61XMEWHREMMCJ1,insa,712,review
nfx_135N873QVPCK61XMEWHREMMCJ1,insa,712,review
nfx_135N873QVPCK61XMEWHREMMCJ1,insa,712,review
nfx_135N873QVPCK61XMEWHREMMCJ1,insa,712,review
nfx_135N873QVPCK61XMEWHREMMCJ1,insa,712,review
nfx_135N873QVPCK61XMEWHREMMCJ1,insa,712,review
nfx_1376XQPXP4DN2SYQC89S82EZKH,ciqual,54031,automatic
nfx_1376XQPXP4DN2SYQC89S82EZKH,ciqual,54034,review
nfx_1376XQPXP4DN2SYQC89S82EZKH,insa,1900000058,automatic
nfx_1376XQPXP4DN2SYQC89S82EZKH,insa,1900000058,review
nfx_13AXW0P1SWZBBGN7ED70P5MN89,ciqual,31062,review
nfx_13AXW0P1SWZBBGN7ED70P5MN89,insa,654,review
nfx_13BS8X8NTRZEYWGGVVHYXB2GKX,ciqual,11212,review
nfx_13BS8X8NTRZEYWGGVVHYXB2GKX,insa,961,review
nfx_13BW2KD69JZQ3QMDK3H8WTNT1J,ciqual,26082,automatic
nfx_13BW2KD69JZQ3QMDK3H8WTNT1J,insa,834,automatic
nfx_13CHSR2PBNEJSDRGB89F4H3GN1,ciqual,19543,review
nfx_13CHSR2PBNEJSDRGB89F4H3GN1,insa,80,review
nfx_13G799NP8GBKW9PV0FQHYQ3QVM,ciqual,25945,review
nfx_13G799NP8GBKW9PV0FQHYQ3QVM,ciqual,25945,review
nfx_13G799NP8GBKW9PV0FQHYQ3QVM,insa,780,review
nfx_13G799NP8GBKW9PV0FQHYQ3QVM,insa,798,review
nfx_13TAT2TVZN1RK5611WKBM8K3P2,ciqual,24052,review
nfx_13TAT2TVZN1RK5611WKBM8K3P2,ciqual,24052,review
nfx_13TAT2TVZN1RK5611WKBM8K3P2,insa,465,review
nfx_13TAT2TVZN1RK5611WKBM8K3P2,insa,498,review
nfx_13TVSTYBAMD2X1DGCBA7FZ62PX,ciqual,18062,review
nfx_13TVSTYBAMD2X1DGCBA7FZ62PX,insa,764,review
nfx_142STKYZKVZXYVA3104K8BJKZM,ciqual,76071,review
nfx_142STKYZKVZXYVA3104K8BJKZM,ciqual,76071,review
nfx_142STKYZKVZXYVA3104K8BJKZM,ciqual,76071,review
nfx_142STKYZKVZXYVA3104K8BJKZM,insa,2,review
nfx_142STKYZKVZXYVA3104K8BJKZM,insa,3,review
nfx_142STKYZKVZXYVA3104K8BJKZM,insa,5,review
nfx_1448FY71T9TMGPPJ4M1ZQXG3JW,ciqual,19000,review
nfx_1448FY71T9TMGPPJ4M1ZQXG3JW,ciqual,19024,review
nfx_1448FY71T9TMGPPJ4M1ZQXG3JW,ciqual,19039,review
nfx_1448FY71T9TMGPPJ4M1ZQXG3JW,ciqual,19051,review
nfx_1448FY71T9TMGPPJ4M1ZQXG3JW,ciqual,19554,review
nfx_1448FY71T9TMGPPJ4M1ZQXG3JW,ciqual,19882,review
nfx_1448FY71T9TMGPPJ4M1ZQXG3JW,insa,22,review
nfx_1448FY71T9TMGPPJ4M1ZQXG3JW,insa,22,review
nfx_1448FY71T9TMGPPJ4M1ZQXG3JW,insa,22,review
nfx_1448FY71T9TMGPPJ4M1ZQXG3JW,insa,22,review
nfx_1448FY71T9TMGPPJ4M1ZQXG3JW,insa,22,review
nfx_1448FY71T9TMGPPJ4M1ZQXG3JW,insa,22,review
nfx_14A32ERENVM9JETZ03FJRMQ8DM,ciqual,26194,review
nfx_14A32ERENVM9JETZ03FJRMQ8DM,insa,848,review
nfx_14AMFXP6KN1XARMQF4M3V1XJTN,ciqual,11050,review
nfx_14AMFXP6KN1XARMQF4M3V1XJTN,ciqual,11092,review
nfx_14AMFXP6KN1XARMQF4M3V1XJTN,insa,1201,review
nfx_14AMFXP6KN1XARMQF4M3V1XJTN,insa,1201,review
nfx_14CWQPAY7F0V4R0MXXWK3MMB66,ciqual,19684,review
nfx_14CWQPAY7F0V4R0MXXWK3MMB66,ciqual,39218,review
nfx_14CWQPAY7F0V4R0MXXWK3MMB66,ciqual,39400,review
nfx_14CWQPAY7F0V4R0MXXWK3MMB66,insa,490,review
nfx_14CWQPAY7F0V4R0MXXWK3MMB66,insa,490,review
nfx_14CWQPAY7F0V4R0MXXWK3MMB66,insa,490,review
nfx_14HHBPHXMBM7K66E3WV0XQ5KX2,ciqual,24231,review
nfx_14HHBPHXMBM7K66E3WV0XQ5KX2,insa,465,review
nfx_14PVVQV0G1A2VVHQVWD1TTBT1T,ciqual,13012,review
nfx_14PVVQV0G1A2VVHQVWD1TTBT1T,ciqual,13012,review
nfx_14PVVQV0G1A2VVHQVWD1TTBT1T,insa,650,review
nfx_14PVVQV0G1A2VVHQVWD1TTBT1T,insa,651,review
nfx_14RZ1V9QC4DKRZARK1052BKQ9J,ciqual,25188,review
nfx_14RZ1V9QC4DKRZARK1052BKQ9J,insa,1014,review
nfx_14V455HVAX0N52PRTTKHE0T2KZ,ciqual,40007,review
nfx_14V455HVAX0N52PRTTKHE0T2KZ,ciqual,40107,review
nfx_14V455HVAX0N52PRTTKHE0T2KZ,ciqual,40201,review
nfx_14V455HVAX0N52PRTTKHE0T2KZ,ciqual,6520,review
nfx_14V455HVAX0N52PRTTKHE0T2KZ,ciqual,6551,review
nfx_14V455HVAX0N52PRTTKHE0T2KZ,ciqual,6564,review
nfx_14V455HVAX0N52PRTTKHE0T2KZ,ciqual,6581,review
nfx_14V455HVAX0N52PRTTKHE0T2KZ,insa,225,review
nfx_14V455HVAX0N52PRTTKHE0T2KZ,insa,225,review
nfx_14V455HVAX0N52PRTTKHE0T2KZ,insa,225,review
nfx_14V455HVAX0N52PRTTKHE0T2KZ,insa,225,review
nfx_14V455HVAX0N52PRTTKHE0T2KZ,insa,225,review
nfx_14V455HVAX0N52PRTTKHE0T2KZ,insa,225,review
nfx_14V455HVAX0N52PRTTKHE0T2KZ,insa,225,review
nfx_14VASECPVY6MP4FMJXAN9ZEFQF,ciqual,25190,review
nfx_14VASECPVY6MP4FMJXAN9ZEFQF,ciqual,25190,review
nfx_14VASECPVY6MP4FMJXAN9ZEFQF,insa,1097,review
nfx_14VASECPVY6MP4FMJXAN9ZEFQF,insa,958,review
nfx_151SWN645WPAHETRH499VSP5ET,ciqual,19546,review
nfx_151SWN645WPAHETRH499VSP5ET,ciqual,19550,review
nfx_151SWN645WPAHETRH499VSP5ET,ciqual,19554,review
nfx_151SWN645WPAHETRH499VSP5ET,ciqual,19556,review
nfx_151SWN645WPAHETRH499VSP5ET,ciqual,19593,review
nfx_151SWN645WPAHETRH499VSP5ET,ciqual,19594,review
nfx_151SWN645WPAHETRH499VSP5ET,ciqual,19598,review
nfx_151SWN645WPAHETRH499VSP5ET,ciqual,19624,review
nfx_151SWN645WPAHETRH499VSP5ET,ciqual,19723,review
nfx_151SWN645WPAHETRH499VSP5ET,ciqual,19860,review
nfx_151SWN645WPAHETRH499VSP5ET,ciqual,19882,review
nfx_151SWN645WPAHETRH499VSP5ET,insa,76,review
nfx_151SWN645WPAHETRH499VSP5ET,insa,76,review
nfx_151SWN645WPAHETRH499VSP5ET,insa,76,review
nfx_151SWN645WPAHETRH499VSP5ET,insa,76,review
nfx_151SWN645WPAHETRH499VSP5ET,insa,76,review
nfx_151SWN645WPAHETRH499VSP5ET,insa,76,review
nfx_151SWN645WPAHETRH499VSP5ET,insa,76,review
nfx_151SWN645WPAHETRH499VSP5ET,insa,76,review
nfx_151SWN645WPAHETRH499VSP5ET,insa,76,review
nfx_151SWN645WPAHETRH499VSP5ET,insa,76,review
nfx_151SWN645WPAHETRH499VSP5ET,insa,76,review
nfx_153TQT5EZSQ07H1YD739YBGXBD,ciqual,19000,review
nfx_153TQT5EZSQ07H1YD739YBGXBD,ciqual,19023,review
nfx_153TQT5EZSQ07H1YD739YBGXBD,ciqual,19037,review
nfx_153TQT5EZSQ07H1YD739YBGXBD,ciqual,19038,review
nfx_153TQT5EZSQ07H1YD739YBGXBD,ciqual,19039,review
nfx_153TQT5EZSQ07H1YD739YBGXBD,ciqual,19041,review
nfx_153TQT5EZSQ07H1YD739YBGXBD,ciqual,19200,review
nfx_153TQT5EZSQ07H1YD739YBGXBD,ciqual,19201,review
nfx_153TQT5EZSQ07H1YD739YBGXBD,ciqual,39400,review
nfx_153TQT5EZSQ07H1YD739YBGXBD,insa,29,review
nfx_153TQT5EZSQ07H1YD739YBGXBD,insa,29,review
nfx_153TQT5EZSQ07H1YD739YBGXBD,insa,29,review
nfx_153TQT5EZSQ07H1YD739YBGXBD,insa,29,review
nfx_153TQT5EZSQ07H1YD739YBGXBD,insa,29,review
nfx_153TQT5EZSQ07H1YD739YBGXBD,insa,29,review
nfx_153TQT5EZSQ07H1YD739YBGXBD,insa,29,review
nfx_153TQT5EZSQ07H1YD739YBGXBD,insa,29,review
nfx_153TQT5EZSQ07H1YD739YBGXBD,insa,29,review
nfx_154THW5TJWR35JAJRD19175A86,ciqual,13406,review
nfx_154THW5TJWR35JAJRD19175A86,ciqual,31037,review
nfx_154THW5TJWR35JAJRD19175A86,insa,647,review
nfx_154THW5TJWR35JAJRD19175A86,insa,647,review
nfx_15FCKDF89D437PE1ZFEF8J5WBR,ciqual,1001,review
nfx_15FCKDF89D437PE1ZFEF8J5WBR,ciqual,1001,review
nfx_15FCKDF89D437PE1ZFEF8J5WBR,insa,729,review
nfx_15FCKDF89D437PE1ZFEF8J5WBR,insa,730,review
nfx_15Z5MMQ8D8XXKEX6273DQ2ZNTX,ciqual,36000,review
nfx_15Z5MMQ8D8XXKEX6273DQ2ZNTX,insa,70500004,review
nfx_160AK3H7025F7GA5N4Z96HXNWY,ciqual,8742,review
nfx_160AK3H7025F7GA5N4Z96HXNWY,insa,346,review
nfx_1620YVTYWYSS3JN6H8MGSFJHG0,ciqual,2374,automatic
nfx_1620YVTYWYSS3JN6H8MGSFJHG0,ciqual,2374,review
nfx_1620YVTYWYSS3JN6H8MGSFJHG0,ciqual,2374,review
nfx_1620YVTYWYSS3JN6H8MGSFJHG0,ciqual,2374,review
nfx_1620YVTYWYSS3JN6H8MGSFJHG0,ciqual,2374,review
nfx_1620YVTYWYSS3JN6H8MGSFJHG0,ciqual,2374,review
nfx_1620YVTYWYSS3JN6H8MGSFJHG0,insa,736,review
nfx_1620YVTYWYSS3JN6H8MGSFJHG0,insa,749,automatic
nfx_1620YVTYWYSS3JN6H8MGSFJHG0,insa,750,review
nfx_1620YVTYWYSS3JN6H8MGSFJHG0,insa,751,review
nfx_1620YVTYWYSS3JN6H8MGSFJHG0,insa,752,review
nfx_1620YVTYWYSS3JN6H8MGSFJHG0,insa,754,review
nfx_16G73SZ6ZBX5VD8AMXR7QAT21F,ciqual,24313,review
nfx_16G73SZ6ZBX5VD8AMXR7QAT21F,ciqual,24313,review
nfx_16G73SZ6ZBX5VD8AMXR7QAT21F,ciqual,24313,review
nfx_16G73SZ6ZBX5VD8AMXR7QAT21F,ciqual,24313,review
nfx_16G73SZ6ZBX5VD8AMXR7QAT21F,ciqual,24313,review
nfx_16G73SZ6ZBX5VD8AMXR7QAT21F,ciqual,24313,review
nfx_16G73SZ6ZBX5VD8AMXR7QAT21F,ciqual,24313,review
nfx_16G73SZ6ZBX5VD8AMXR7QAT21F,ciqual,24313,review
nfx_16G73SZ6ZBX5VD8AMXR7QAT21F,ciqual,24313,review
nfx_16G73SZ6ZBX5VD8AMXR7QAT21F,ciqual,24313,review
nfx_16G73SZ6ZBX5VD8AMXR7QAT21F,ciqual,24313,review
nfx_16G73SZ6ZBX5VD8AMXR7QAT21F,ciqual,24313,review
nfx_16G73SZ6ZBX5VD8AMXR7QAT21F,ciqual,24313,review
nfx_16G73SZ6ZBX5VD8AMXR7QAT21F,ciqual,24313,review
nfx_16G73SZ6ZBX5VD8AMXR7QAT21F,insa,455,review
nfx_16G73SZ6ZBX5VD8AMXR7QAT21F,insa,456,review
nfx_16G73SZ6ZBX5VD8AMXR7QAT21F,insa,458,review
nfx_16G73SZ6ZBX5VD8AMXR7QAT21F,insa,459,review
nfx_16G73SZ6ZBX5VD8AMXR7QAT21F,insa,460,review
nfx_16G73SZ6ZBX5VD8AMXR7QAT21F,insa,462,review
nfx_16G73SZ6ZBX5VD8AMXR7QAT21F,insa,463,review
nfx_16G73SZ6ZBX5VD8AMXR7QAT21F,insa,464,review
nfx_16G73SZ6ZBX5VD8AMXR7QAT21F,insa,465,review
nfx_16G73SZ6ZBX5VD8AMXR7QAT21F,insa,466,review
nfx_16G73SZ6ZBX5VD8AMXR7QAT21F,insa,468,review
nfx_16G73SZ6ZBX5VD8AMXR7QAT21F,insa,469,review
nfx_16G73SZ6ZBX5VD8AMXR7QAT21F,insa,470,review
nfx_16G73SZ6ZBX5VD8AMXR7QAT21F,insa,474,review
nfx_16GP7P901H8VDJZYQMYN9Y9AMN,ciqual,20103,review
nfx_16GP7P901H8VDJZYQMYN9Y9AMN,ciqual,20103,review
nfx_16GP7P901H8VDJZYQMYN9Y9AMN,ciqual,20103,review
nfx_16GP7P901H8VDJZYQMYN9Y9AMN,insa,250028,review
nfx_16GP7P901H8VDJZYQMYN9Y9AMN,insa,603,review
nfx_16GP7P901H8VDJZYQMYN9Y9AMN,insa,604,review
nfx_16SV866BYW08W65PC7WAKBETK2,ciqual,10024,review
nfx_16SV866BYW08W65PC7WAKBETK2,ciqual,10044,review
nfx_16SV866BYW08W65PC7WAKBETK2,insa,923,review
nfx_16SV866BYW08W65PC7WAKBETK2,insa,923,review
nfx_16WD7D8M65EYQEFQDGSVGFM0HR,ciqual,76050,review
nfx_16WD7D8M65EYQEFQDGSVGFM0HR,ciqual,76050,review
nfx_16WD7D8M65EYQEFQDGSVGFM0HR,ciqual,76050,review
nfx_16WD7D8M65EYQEFQDGSVGFM0HR,insa,2,review
nfx_16WD7D8M65EYQEFQDGSVGFM0HR,insa,3,review
nfx_16WD7D8M65EYQEFQDGSVGFM0HR,insa,5,review
nfx_16XFZ7YN44HWPPXT57QRAR2A6H,ciqual,2077,review
nfx_16XFZ7YN44HWPPXT57QRAR2A6H,insa,739,review
nfx_1700CTCS9R82WNS341RHKMQ2HV,ciqual,9874,review
nfx_1700CTCS9R82WNS341RHKMQ2HV,insa,424,review
nfx_170F5G1CAXZA62WZRTBQW2W7TX,ciqual,13014,review
nfx_170F5G1CAXZA62WZRTBQW2W7TX,ciqual,23830,review
nfx_170F5G1CAXZA62WZRTBQW2W7TX,insa,676,review
nfx_170F5G1CAXZA62WZRTBQW2W7TX,insa,676,review
nfx_178G61KPY810QJVXHD7E6T36CB,ciqual,24071,review
nfx_178G61KPY810QJVXHD7E6T36CB,ciqual,24071,review
nfx_178G61KPY810QJVXHD7E6T36CB,ciqual,24071,review
nfx_178G61KPY810QJVXHD7E6T36CB,ciqual,24071,review
nfx_178G61KPY810QJVXHD7E6T36CB,ciqual,24071,review
nfx_178G61KPY810QJVXHD7E6T36CB,ciqual,24071,review
nfx_178G61KPY810QJVXHD7E6T36CB,ciqual,24071,review
nfx_178G61KPY810QJVXHD7E6T36CB,insa,455,review
nfx_178G61KPY810QJVXHD7E6T36CB,insa,459,review
nfx_178G61KPY810QJVXHD7E6T36CB,insa,460,review
nfx_178G61KPY810QJVXHD7E6T36CB,insa,463,review
nfx_178G61KPY810QJVXHD7E6T36CB,insa,464,review
nfx_178G61KPY810QJVXHD7E6T36CB,insa,466,review
nfx_178G61KPY810QJVXHD7E6T36CB,insa,469,review
nfx_17BSA2GT2ZWF8RP5A26ZP00B3W,ciqual,21001,review
nfx_17BSA2GT2ZWF8RP5A26ZP00B3W,ciqual,21004,review
nfx_17BSA2GT2ZWF8RP5A26ZP00B3W,ciqual,21005,review
nfx_17BSA2GT2ZWF8RP5A26ZP00B3W,ciqual,21006,review
nfx_17BSA2GT2ZWF8RP5A26ZP00B3W,ciqual,21502,review
nfx_17BSA2GT2ZWF8RP5A26ZP00B3W,ciqual,36014,review
nfx_17BSA2GT2ZWF8RP5A26ZP00B3W,ciqual,36311,review
nfx_17BSA2GT2ZWF8RP5A26ZP00B3W,ciqual,36703,review
nfx_17BSA2GT2ZWF8RP5A26ZP00B3W,insa,101,review
nfx_17BSA2GT2ZWF8RP5A26ZP00B3W,insa,101,review
nfx_17BSA2GT2ZWF8RP5A26ZP00B3W,insa,101,review
nfx_17BSA2GT2ZWF8RP5A26ZP00B3W,insa,101,review
nfx_17BSA2GT2ZWF8RP5A26ZP00B3W,insa,101,review
nfx_17BSA2GT2ZWF8RP5A26ZP00B3W,insa,101,review
nfx_17BSA2GT2ZWF8RP5A26ZP00B3W,insa,101,review
nfx_17BSA2GT2ZWF8RP5A26ZP00B3W,insa,101,review
nfx_17EBD9XQKAKVHZ5EYF8QC5EAMT,ciqual,26109,review
nfx_17EBD9XQKAKVHZ5EYF8QC5EAMT,insa,853,review
nfx_17K89J93RBDQBDB00DSCPGP0VY,ciqual,39251,review
nfx_17K89J93RBDQBDB00DSCPGP0VY,insa,499,review
nfx_17KZDT2521WQSB49DYRNMJXZRT,ciqual,28479,review
nfx_17KZDT2521WQSB49DYRNMJXZRT,ciqual,28479,review
nfx_17KZDT2521WQSB49DYRNMJXZRT,ciqual,28479,review
nfx_17KZDT2521WQSB49DYRNMJXZRT,ciqual,28479,review
nfx_17KZDT2521WQSB49DYRNMJXZRT,ciqual,28479,review
nfx_17KZDT2521WQSB49DYRNMJXZRT,ciqual,28479,review
nfx_17KZDT2521WQSB49DYRNMJXZRT,ciqual,28479,review
nfx_17KZDT2521WQSB49DYRNMJXZRT,ciqual,28479,review
nfx_17KZDT2521WQSB49DYRNMJXZRT,ciqual,28479,review
nfx_17KZDT2521WQSB49DYRNMJXZRT,ciqual,28479,review
nfx_17KZDT2521WQSB49DYRNMJXZRT,ciqual,28479,review
nfx_17KZDT2521WQSB49DYRNMJXZRT,ciqual,28479,review
nfx_17KZDT2521WQSB49DYRNMJXZRT,ciqual,28479,review
nfx_17KZDT2521WQSB49DYRNMJXZRT,insa,1219,review
nfx_17KZDT2521WQSB49DYRNMJXZRT,insa,1221,review
nfx_17KZDT2521WQSB49DYRNMJXZRT,insa,1222,review
nfx_17KZDT2521WQSB49DYRNMJXZRT,insa,1223,review
nfx_17KZDT2521WQSB49DYRNMJXZRT,insa,127,review
nfx_17KZDT2521WQSB49DYRNMJXZRT,insa,152,review
nfx_17KZDT2521WQSB49DYRNMJXZRT,insa,156,review
nfx_17KZDT2521WQSB49DYRNMJXZRT,insa,307,review
nfx_17KZDT2521WQSB49DYRNMJXZRT,insa,308,review
nfx_17KZDT2521WQSB49DYRNMJXZRT,insa,315,review
nfx_17KZDT2521WQSB49DYRNMJXZRT,insa,321,review
nfx_17KZDT2521WQSB49DYRNMJXZRT,insa,334,review
nfx_17KZDT2521WQSB49DYRNMJXZRT,insa,99,review
nfx_17M25HX31F05XK2JX0YDCG79T7,ciqual,20065,review
nfx_17M25HX31F05XK2JX0YDCG79T7,ciqual,20069,review
nfx_17M25HX31F05XK2JX0YDCG79T7,ciqual,20116,review
nfx_17M25HX31F05XK2JX0YDCG79T7,ciqual,20167,review
nfx_17M25HX31F05XK2JX0YDCG79T7,ciqual,20218,review
nfx_17M25HX31F05XK2JX0YDCG79T7,ciqual,20296,review
nfx_17M25HX31F05XK2JX0YDCG79T7,ciqual,20340,review
nfx_17M25HX31F05XK2JX0YDCG79T7,insa,560,review
nfx_17M25HX31F05XK2JX0YDCG79T7,insa,560,review
nfx_17M25HX31F05XK2JX0YDCG79T7,insa,560,review
nfx_17M25HX31F05XK2JX0YDCG79T7,insa,560,review
nfx_17M25HX31F05XK2JX0YDCG79T7,insa,560,review
nfx_17M25HX31F05XK2JX0YDCG79T7,insa,560,review
nfx_17M25HX31F05XK2JX0YDCG79T7,insa,560,review
nfx_17PTSTTKWWAW56FEJJSKDR67BQ,ciqual,13160,review
nfx_17PTSTTKWWAW56FEJJSKDR67BQ,insa,240009,review
nfx_17YBMV0Z465FPAZXPFVW5ECNCN,ciqual,30797,review
nfx_17YBMV0Z465FPAZXPFVW5ECNCN,ciqual,30797,review
nfx_17YBMV0Z465FPAZXPFVW5ECNCN,ciqual,30797,review
nfx_17YBMV0Z465FPAZXPFVW5ECNCN,insa,2120000010,review
nfx_17YBMV0Z465FPAZXPFVW5ECNCN,insa,2120000011,review
nfx_17YBMV0Z465FPAZXPFVW5ECNCN,insa,352,review
nfx_186Y5A41G2XRXAXDGJRP54VJ1K,ciqual,9437,review
nfx_186Y5A41G2XRXAXDGJRP54VJ1K,ciqual,9437,review
nfx_186Y5A41G2XRXAXDGJRP54VJ1K,ciqual,9437,review
nfx_186Y5A41G2XRXAXDGJRP54VJ1K,ciqual,9437,review
nfx_186Y5A41G2XRXAXDGJRP54VJ1K,ciqual,9437,review
nfx_186Y5A41G2XRXAXDGJRP54VJ1K,insa,230003,review
nfx_186Y5A41G2XRXAXDGJRP54VJ1K,insa,414,review
nfx_186Y5A41G2XRXAXDGJRP54VJ1K,insa,415,review
nfx_186Y5A41G2XRXAXDGJRP54VJ1K,insa,416,review
nfx_186Y5A41G2XRXAXDGJRP54VJ1K,insa,60100002,review
nfx_18B94DGZR8X2V11Q25RASS02B2,ciqual,4101,automatic
nfx_18B94DGZR8X2V11Q25RASS02B2,ciqual,4102,review
nfx_18B94DGZR8X2V11Q25RASS02B2,insa,593,automatic
nfx_18B94DGZR8X2V11Q25RASS02B2,insa,593,review
nfx_18FRRMCHS2EEY8J91E781N1SGH,ciqual,20170,review
nfx_18FRRMCHS2EEY8J91E781N1SGH,ciqual,20172,review
nfx_18FRRMCHS2EEY8J91E781N1SGH,ciqual,20189,review
nfx_18FRRMCHS2EEY8J91E781N1SGH,ciqual,20276,review
nfx_18FRRMCHS2EEY8J91E781N1SGH,ciqual,20343,review
nfx_18FRRMCHS2EEY8J91E781N1SGH,ciqual,20345,review
nfx_18FRRMCHS2EEY8J91E781N1SGH,ciqual,20385,review
nfx_18FRRMCHS2EEY8J91E781N1SGH,ciqual,20584,review
nfx_18FRRMCHS2EEY8J91E781N1SGH,insa,230001,review
nfx_18FRRMCHS2EEY8J91E781N1SGH,insa,230001,review
nfx_18FRRMCHS2EEY8J91E781N1SGH,insa,230001,review
nfx_18FRRMCHS2EEY8J91E781N1SGH,insa,230001,review
nfx_18FRRMCHS2EEY8J91E781N1SGH,insa,230001,review
nfx_18FRRMCHS2EEY8J91E781N1SGH,insa,230001,review
nfx_18FRRMCHS2EEY8J91E781N1SGH,insa,230001,review
nfx_18FRRMCHS2EEY8J91E781N1SGH,insa,230001,review
nfx_18H053AEN9A7402J8XQK3C4G2H,ciqual,40121,review
nfx_18H053AEN9A7402J8XQK3C4G2H,ciqual,40121,review
nfx_18H053AEN9A7402J8XQK3C4G2H,ciqual,40121,review
nfx_18H053AEN9A7402J8XQK3C4G2H,ciqual,40121,review
nfx_18H053AEN9A7402J8XQK3C4G2H,insa,1900000001,review
nfx_18H053AEN9A7402J8XQK3C4G2H,insa,321,review
nfx_18H053AEN9A7402J8XQK3C4G2H,insa,324,review
nfx_18H053AEN9A7402J8XQK3C4G2H,insa,326,review
nfx_18H79Q6K1FEJ8J8NJ6RJHZ4ENX,ciqual,19411,review
nfx_18H79Q6K1FEJ8J8NJ6RJHZ4ENX,ciqual,19411,review
nfx_18H79Q6K1FEJ8J8NJ6RJHZ4ENX,ciqual,19411,review
nfx_18H79Q6K1FEJ8J8NJ6RJHZ4ENX,insa,62,review
nfx_18H79Q6K1FEJ8J8NJ6RJHZ4ENX,insa,63,review
nfx_18H79Q6K1FEJ8J8NJ6RJHZ4ENX,insa,65,review
nfx_18HDM6C5FHCGXE7TT8VC8E1MFH,ciqual,25903,review
nfx_18HDM6C5FHCGXE7TT8VC8E1MFH,ciqual,25916,review
nfx_18HDM6C5FHCGXE7TT8VC8E1MFH,ciqual,25953,review
nfx_18HDM6C5FHCGXE7TT8VC8E1MFH,ciqual,25965,review
nfx_18HDM6C5FHCGXE7TT8VC8E1MFH,ciqual,25967,review
nfx_18HDM6C5FHCGXE7TT8VC8E1MFH,ciqual,25974,review
nfx_18HDM6C5FHCGXE7TT8VC8E1MFH,insa,789,review
nfx_18HDM6C5FHCGXE7TT8VC8E1MFH,insa,789,review
nfx_18HDM6C5FHCGXE7TT8VC8E1MFH,insa,789,review
nfx_18HDM6C5FHCGXE7TT8VC8E1MFH,insa,789,review
nfx_18HDM6C5FHCGXE7TT8VC8E1MFH,insa,789,review
nfx_18HDM6C5FHCGXE7TT8VC8E1MFH,insa,789,review
nfx_18JW077QCXPSNW6EPC78JMHTEB,ciqual,26018,automatic
nfx_18JW077QCXPSNW6EPC78JMHTEB,ciqual,26208,review
nfx_18JW077QCXPSNW6EPC78JMHTEB,insa,893,automatic
nfx_18JW077QCXPSNW6EPC78JMHTEB,insa,893,review
nfx_18JZJQHAMDMNQ09FM55ZZW7DGE,ciqual,6254,review
nfx_18JZJQHAMDMNQ09FM55ZZW7DGE,ciqual,6254,review
nfx_18JZJQHAMDMNQ09FM55ZZW7DGE,ciqual,6254,review
nfx_18JZJQHAMDMNQ09FM55ZZW7DGE,ciqual,6254,review
nfx_18JZJQHAMDMNQ09FM55ZZW7DGE,insa,198,review
nfx_18JZJQHAMDMNQ09FM55ZZW7DGE,insa,2120000003,review
nfx_18JZJQHAMDMNQ09FM55ZZW7DGE,insa,217,review
nfx_18JZJQHAMDMNQ09FM55ZZW7DGE,insa,293,review
nfx_18MNCADP6WCQJ30F9CY1TWYT61,ciqual,20904,review
nfx_18MNCADP6WCQJ30F9CY1TWYT61,insa,545,review
nfx_18QFQZ44VV9R6CCAW45WY7GWN6,ciqual,19417,review
nfx_18QFQZ44VV9R6CCAW45WY7GWN6,insa,67,review
nfx_18RV452YWHWARGHAWHYMKKPD3G,ciqual,21001,review
nfx_18RV452YWHWARGHAWHYMKKPD3G,ciqual,21003,review
nfx_18RV452YWHWARGHAWHYMKKPD3G,ciqual,21004,review
nfx_18RV452YWHWARGHAWHYMKKPD3G,ciqual,21005,review
nfx_18RV452YWHWARGHAWHYMKKPD3G,ciqual,21006,review
nfx_18RV452YWHWARGHAWHYMKKPD3G,ciqual,28002,review
nfx_18RV452YWHWARGHAWHYMKKPD3G,ciqual,28502,review
nfx_18RV452YWHWARGHAWHYMKKPD3G,ciqual,36206,review
nfx_18RV452YWHWARGHAWHYMKKPD3G,ciqual,36702,review
nfx_18RV452YWHWARGHAWHYMKKPD3G,ciqual,6540,review
nfx_18RV452YWHWARGHAWHYMKKPD3G,insa,99,review
nfx_18RV452YWHWARGHAWHYMKKPD3G,insa,99,review
nfx_18RV452YWHWARGHAWHYMKKPD3G,insa,99,review
nfx_18RV452YWHWARGHAWHYMKKPD3G,insa,99,review
nfx_18RV452YWHWARGHAWHYMKKPD3G,insa,99,review
nfx_18RV452YWHWARGHAWHYMKKPD3G,insa,99,review
nfx_18RV452YWHWARGHAWHYMKKPD3G,insa,99,review
nfx_18RV452YWHWARGHAWHYMKKPD3G,insa,99,review
nfx_18RV452YWHWARGHAWHYMKKPD3G,insa,99,review
nfx_18RV452YWHWARGHAWHYMKKPD3G,insa,99,review
nfx_18SB8K2GZAGWHAKMNM0FQ2MC9S,ciqual,24011,review
nfx_18SB8K2GZAGWHAKMNM0FQ2MC9S,ciqual,24011,review
nfx_18SB8K2GZAGWHAKMNM0FQ2MC9S,ciqual,24011,review
nfx_18SB8K2GZAGWHAKMNM0FQ2MC9S,ciqual,24011,review
nfx_18SB8K2GZAGWHAKMNM0FQ2MC9S,ciqual,24011,review
nfx_18SB8K2GZAGWHAKMNM0FQ2MC9S,ciqual,24011,review
nfx_18SB8K2GZAGWHAKMNM0FQ2MC9S,ciqual,24011,review
nfx_18SB8K2GZAGWHAKMNM0FQ2MC9S,ciqual,24011,review
nfx_18SB8K2GZAGWHAKMNM0FQ2MC9S,insa,455,review
nfx_18SB8K2GZAGWHAKMNM0FQ2MC9S,insa,456,review
nfx_18SB8K2GZAGWHAKMNM0FQ2MC9S,insa,459,review
nfx_18SB8K2GZAGWHAKMNM0FQ2MC9S,insa,460,review
nfx_18SB8K2GZAGWHAKMNM0FQ2MC9S,insa,463,review
nfx_18SB8K2GZAGWHAKMNM0FQ2MC9S,insa,464,review
nfx_18SB8K2GZAGWHAKMNM0FQ2MC9S,insa,466,review
nfx_18SB8K2GZAGWHAKMNM0FQ2MC9S,insa,469,review
nfx_18W9JZD7AJGX3H7RWAYJS8HKG3,ciqual,20236,review
nfx_18W9JZD7AJGX3H7RWAYJS8HKG3,insa,581,review
nfx_18YSBNTWV01SYZ64F6H5E7WVSG,ciqual,9821,review
nfx_18YSBNTWV01SYZ64F6H5E7WVSG,ciqual,9821,review
nfx_18YSBNTWV01SYZ64F6H5E7WVSG,insa,418,review
nfx_18YSBNTWV01SYZ64F6H5E7WVSG,insa,422,review
nfx_195R4WDEEGJKBPJXVEHAWG55A3,ciqual,31071,review
nfx_195R4WDEEGJKBPJXVEHAWG55A3,insa,506,review
nfx_197PJBFN0NENFY41Z2AN5S8539,ciqual,6110,review
nfx_197PJBFN0NENFY41Z2AN5S8539,ciqual,6111,review
nfx_197PJBFN0NENFY41Z2AN5S8539,ciqual,6205,review
nfx_197PJBFN0NENFY41Z2AN5S8539,ciqual,6207,review
nfx_197PJBFN0NENFY41Z2AN5S8539,ciqual,6211,review
nfx_197PJBFN0NENFY41Z2AN5S8539,ciqual,6907,review
nfx_197PJBFN0NENFY41Z2AN5S8539,insa,218,review
nfx_197PJBFN0NENFY41Z2AN5S8539,insa,218,review
nfx_197PJBFN0NENFY41Z2AN5S8539,insa,218,review
nfx_197PJBFN0NENFY41Z2AN5S8539,insa,218,review
nfx_197PJBFN0NENFY41Z2AN5S8539,insa,218,review
nfx_197PJBFN0NENFY41Z2AN5S8539,insa,218,review
nfx_197YVY8B3VC03D1Y3EMWVEPXDX,ciqual,7420,review
nfx_197YVY8B3VC03D1Y3EMWVEPXDX,ciqual,7420,review
nfx_197YVY8B3VC03D1Y3EMWVEPXDX,ciqual,7420,review
nfx_197YVY8B3VC03D1Y3EMWVEPXDX,ciqual,7420,review
nfx_197YVY8B3VC03D1Y3EMWVEPXDX,insa,433,review
nfx_197YVY8B3VC03D1Y3EMWVEPXDX,insa,435,review
nfx_197YVY8B3VC03D1Y3EMWVEPXDX,insa,436,review
nfx_197YVY8B3VC03D1Y3EMWVEPXDX,insa,442,review
nfx_1997AHFVJNB7NQGGWN1D01H3QN,ciqual,19864,review
nfx_1997AHFVJNB7NQGGWN1D01H3QN,insa,524,review
nfx_19B5KSTQWXPKX5SBGGRAR4Q25V,ciqual,20072,review
nfx_19B5KSTQWXPKX5SBGGRAR4Q25V,ciqual,20101,review
nfx_19B5KSTQWXPKX5SBGGRAR4Q25V,ciqual,20263,review
nfx_19B5KSTQWXPKX5SBGGRAR4Q25V,ciqual,20279,review
nfx_19B5KSTQWXPKX5SBGGRAR4Q25V,ciqual,20282,review
nfx_19B5KSTQWXPKX5SBGGRAR4Q25V,insa,606,review
nfx_19B5KSTQWXPKX5SBGGRAR4Q25V,insa,606,review
nfx_19B5KSTQWXPKX5SBGGRAR4Q25V,insa,606,review
nfx_19B5KSTQWXPKX5SBGGRAR4Q25V,insa,606,review
nfx_19B5KSTQWXPKX5SBGGRAR4Q25V,insa,606,review
nfx_19NMFM56TFZARHZJZRQ4648AMW,ciqual,25957,review
nfx_19NMFM56TFZARHZJZRQ4648AMW,ciqual,25957,review
nfx_19NMFM56TFZARHZJZRQ4648AMW,ciqual,25957,review
nfx_19NMFM56TFZARHZJZRQ4648AMW,insa,1110,review
nfx_19NMFM56TFZARHZJZRQ4648AMW,insa,1111,review
nfx_19NMFM56TFZARHZJZRQ4648AMW,insa,781,review
nfx_19QZAY9E4ZWB2D2XFTXYQF2MX1,ciqual,18069,review
nfx_19QZAY9E4ZWB2D2XFTXYQF2MX1,insa,776,review
nfx_19TW5E58BXWABPGE69E5MR4YMZ,ciqual,9108,review
nfx_19TW5E58BXWABPGE69E5MR4YMZ,ciqual,9108,review
nfx_19TW5E58BXWABPGE69E5MR4YMZ,ciqual,9108,review
nfx_19TW5E58BXWABPGE69E5MR4YMZ,insa,400,review
nfx_19TW5E58BXWABPGE69E5MR4YMZ,insa,401,review
nfx_19TW5E58BXWABPGE69E5MR4YMZ,insa,402,review
nfx_1A1A8Z74Q5F91T3VX3WBCSXQPN,ciqual,19538,review
nfx_1A1A8Z74Q5F91T3VX3WBCSXQPN,insa,1900000067,review
nfx_1A1RGR4X8M3MV60RFWMZ5FHN97,ciqual,6252,review
nfx_1A1RGR4X8M3MV60RFWMZ5FHN97,ciqual,6252,review
nfx_1A1RGR4X8M3MV60RFWMZ5FHN97,ciqual,6252,review
nfx_1A1RGR4X8M3MV60RFWMZ5FHN97,ciqual,6252,review
nfx_1A1RGR4X8M3MV60RFWMZ5FHN97,insa,198,review
nfx_1A1RGR4X8M3MV60RFWMZ5FHN97,insa,2120000003,review
nfx_1A1RGR4X8M3MV60RFWMZ5FHN97,insa,217,review
nfx_1A1RGR4X8M3MV60RFWMZ5FHN97,insa,293,review
nfx_1A5S8HEM3M4NQ8R6PQQSK7PWHN,ciqual,25903,review
nfx_1A5S8HEM3M4NQ8R6PQQSK7PWHN,ciqual,25916,review
nfx_1A5S8HEM3M4NQ8R6PQQSK7PWHN,ciqual,25953,review
nfx_1A5S8HEM3M4NQ8R6PQQSK7PWHN,ciqual,25967,review
nfx_1A5S8HEM3M4NQ8R6PQQSK7PWHN,ciqual,25974,review
nfx_1A5S8HEM3M4NQ8R6PQQSK7PWHN,insa,790,review
nfx_1A5S8HEM3M4NQ8R6PQQSK7PWHN,insa,790,review
nfx_1A5S8HEM3M4NQ8R6PQQSK7PWHN,insa,790,review
nfx_1A5S8HEM3M4NQ8R6PQQSK7PWHN,insa,790,review
nfx_1A5S8HEM3M4NQ8R6PQQSK7PWHN,insa,790,review
nfx_1A6D8760571Z7F5PS1KY2CDGDP,ciqual,20501,review
nfx_1A6D8760571Z7F5PS1KY2CDGDP,ciqual,20529,review
nfx_1A6D8760571Z7F5PS1KY2CDGDP,ciqual,20530,review
nfx_1A6D8760571Z7F5PS1KY2CDGDP,insa,1202,review
nfx_1A6D8760571Z7F5PS1KY2CDGDP,insa,1202,review
nfx_1A6D8760571Z7F5PS1KY2CDGDP,insa,1202,review
nfx_1AAV2CZ74JAQ47HPZGJNARAX2C,ciqual,11051,review
nfx_1AAV2CZ74JAQ47HPZGJNARAX2C,ciqual,11097,review
nfx_1AAV2CZ74JAQ47HPZGJNARAX2C,ciqual,11100,review
nfx_1AAV2CZ74JAQ47HPZGJNARAX2C,ciqual,11101,review
nfx_1AAV2CZ74JAQ47HPZGJNARAX2C,ciqual,11102,review
nfx_1AAV2CZ74JAQ47HPZGJNARAX2C,ciqual,11105,review
nfx_1AAV2CZ74JAQ47HPZGJNARAX2C,ciqual,11107,review
nfx_1AAV2CZ74JAQ47HPZGJNARAX2C,ciqual,11114,review
nfx_1AAV2CZ74JAQ47HPZGJNARAX2C,ciqual,11120,review
nfx_1AAV2CZ74JAQ47HPZGJNARAX2C,ciqual,11163,review
nfx_1AAV2CZ74JAQ47HPZGJNARAX2C,ciqual,11170,review
nfx_1AAV2CZ74JAQ47HPZGJNARAX2C,ciqual,11177,review
nfx_1AAV2CZ74JAQ47HPZGJNARAX2C,ciqual,11178,review
nfx_1AAV2CZ74JAQ47HPZGJNARAX2C,ciqual,11184,review
nfx_1AAV2CZ74JAQ47HPZGJNARAX2C,ciqual,11187,review
nfx_1AAV2CZ74JAQ47HPZGJNARAX2C,ciqual,11202,review
nfx_1AAV2CZ74JAQ47HPZGJNARAX2C,ciqual,11203,review
nfx_1AAV2CZ74JAQ47HPZGJNARAX2C,ciqual,11208,review
nfx_1AAV2CZ74JAQ47HPZGJNARAX2C,ciqual,11210,review
nfx_1AAV2CZ74JAQ47HPZGJNARAX2C,ciqual,11218,review
nfx_1AAV2CZ74JAQ47HPZGJNARAX2C,ciqual,11240,review
nfx_1AAV2CZ74JAQ47HPZGJNARAX2C,ciqual,11243,review
nfx_1AAV2CZ74JAQ47HPZGJNARAX2C,ciqual,11244,review
nfx_1AAV2CZ74JAQ47HPZGJNARAX2C,ciqual,11301,review
nfx_1AAV2CZ74JAQ47HPZGJNARAX2C,ciqual,11302,review
nfx_1AAV2CZ74JAQ47HPZGJNARAX2C,ciqual,25525,review
nfx_1AAV2CZ74JAQ47HPZGJNARAX2C,insa,932,review
nfx_1AAV2CZ74JAQ47HPZGJNARAX2C,insa,932,review
nfx_1AAV2CZ74JAQ47HPZGJNARAX2C,insa,932,review
nfx_1AAV2CZ74JAQ47HPZGJNARAX2C,insa,932,review
nfx_1AAV2CZ74JAQ47HPZGJNARAX2C,insa,932,review
nfx_1AAV2CZ74JAQ47HPZGJNARAX2C,insa,932,review
nfx_1AAV2CZ74JAQ47HPZGJNARAX2C,insa,932,review
nfx_1AAV2CZ74JAQ47HPZGJNARAX2C,insa,932,review
nfx_1AAV2CZ74JAQ47HPZGJNARAX2C,insa,932,review
nfx_1AAV2CZ74JAQ47HPZGJNARAX2C,insa,932,review
nfx_1AAV2CZ74JAQ47HPZGJNARAX2C,insa,932,review
nfx_1AAV2CZ74JAQ47HPZGJNARAX2C,insa,932,review
nfx_1AAV2CZ74JAQ47HPZGJNARAX2C,insa,932,review
nfx_1AAV2CZ74JAQ47HPZGJNARAX2C,insa,932,review
nfx_1AAV2CZ74JAQ47HPZGJNARAX2C,insa,932,review
nfx_1AAV2CZ74JAQ47HPZGJNARAX2C,insa,932,review
nfx_1AAV2CZ74JAQ47HPZGJNARAX2C,insa,932,review
nfx_1AAV2CZ74JAQ47HPZGJNARAX2C,insa,932,review
nfx_1AAV2CZ74JAQ47HPZGJNARAX2C,insa,932,review
nfx_1AAV2CZ74JAQ47HPZGJNARAX2C,insa,932,review
nfx_1AAV2CZ74JAQ47HPZGJNARAX2C,insa,932,review
nfx_1AAV2CZ74JAQ47HPZGJNARAX2C,insa,932,review
nfx_1AAV2CZ74JAQ47HPZGJNARAX2C,insa,932,review
nfx_1AAV2CZ74JAQ47HPZGJNARAX2C,insa,932,review
nfx_1AAV2CZ74JAQ47HPZGJNARAX2C,insa,932,review
nfx_1AAV2CZ74JAQ47HPZGJNARAX2C,insa,932,review
nfx_1AVWH5FFREZTTRCXWFP43RS15R,ciqual,25646,review
nfx_1AVWH5FFREZTTRCXWFP43RS15R,ciqual,25646,review
nfx_1AVWH5FFREZTTRCXWFP43RS15R,ciqual,25646,review
nfx_1AVWH5FFREZTTRCXWFP43RS15R,ciqual,25646,review
nfx_1AVWH5FFREZTTRCXWFP43RS15R,ciqual,25646,review
nfx_1AVWH5FFREZTTRCXWFP43RS15R,ciqual,25646,review
nfx_1AVWH5FFREZTTRCXWFP43RS15R,ciqual,25646,review
nfx_1AVWH5FFREZTTRCXWFP43RS15R,ciqual,25646,review
nfx_1AVWH5FFREZTTRCXWFP43RS15R,ciqual,25646,review
nfx_1AVWH5FFREZTTRCXWFP43RS15R,ciqual,25646,review
nfx_1AVWH5FFREZTTRCXWFP43RS15R,ciqual,25646,review
nfx_1AVWH5FFREZTTRCXWFP43RS15R,ciqual,25646,review
nfx_1AVWH5FFREZTTRCXWFP43RS15R,ciqual,25646,review
nfx_1AVWH5FFREZTTRCXWFP43RS15R,insa,220006,review
nfx_1AVWH5FFREZTTRCXWFP43RS15R,insa,220008,review
nfx_1AVWH5FFREZTTRCXWFP43RS15R,insa,220009,review
nfx_1AVWH5FFREZTTRCXWFP43RS15R,insa,220010,review
nfx_1AVWH5FFREZTTRCXWFP43RS15R,insa,220019,review
nfx_1AVWH5FFREZTTRCXWFP43RS15R,insa,40,review
nfx_1AVWH5FFREZTTRCXWFP43RS15R,insa,41,review
nfx_1AVWH5FFREZTTRCXWFP43RS15R,insa,47,review
nfx_1AVWH5FFREZTTRCXWFP43RS15R,insa,50800024,review
nfx_1AVWH5FFREZTTRCXWFP43RS15R,insa,50800032,review
nfx_1AVWH5FFREZTTRCXWFP43RS15R,insa,53,review
nfx_1AVWH5FFREZTTRCXWFP43RS15R,insa,54,review
nfx_1AVWH5FFREZTTRCXWFP43RS15R,insa,55,review
nfx_1B2AEH56A5EZDS4TYQWQFV93G2,ciqual,12040,review
nfx_1B2AEH56A5EZDS4TYQWQFV93G2,ciqual,12040,review
nfx_1B2AEH56A5EZDS4TYQWQFV93G2,ciqual,12040,review
nfx_1B2AEH56A5EZDS4TYQWQFV93G2,ciqual,12040,review
nfx_1B2AEH56A5EZDS4TYQWQFV93G2,ciqual,12040,review
nfx_1B2AEH56A5EZDS4TYQWQFV93G2,ciqual,12040,review
nfx_1B2AEH56A5EZDS4TYQWQFV93G2,ciqual,12040,review
nfx_1B2AEH56A5EZDS4TYQWQFV93G2,ciqual,12040,review
nfx_1B2AEH56A5EZDS4TYQWQFV93G2,ciqual,12040,review
nfx_1B2AEH56A5EZDS4TYQWQFV93G2,ciqual,12040,review
nfx_1B2AEH56A5EZDS4TYQWQFV93G2,ciqual,12040,review
nfx_1B2AEH56A5EZDS4TYQWQFV93G2,ciqual,12040,review
nfx_1B2AEH56A5EZDS4TYQWQFV93G2,ciqual,12040,review
nfx_1B2AEH56A5EZDS4TYQWQFV93G2,ciqual,12040,review
nfx_1B2AEH56A5EZDS4TYQWQFV93G2,ciqual,12040,review
nfx_1B2AEH56A5EZDS4TYQWQFV93G2,ciqual,12040,review
nfx_1B2AEH56A5EZDS4TYQWQFV93G2,ciqual,12040,review
nfx_1B2AEH56A5EZDS4TYQWQFV93G2,ciqual,12040,review
nfx_1B2AEH56A5EZDS4TYQWQFV93G2,insa,220006,review
nfx_1B2AEH56A5EZDS4TYQWQFV93G2,insa,220008,review
nfx_1B2AEH56A5EZDS4TYQWQFV93G2,insa,220009,review
nfx_1B2AEH56A5EZDS4TYQWQFV93G2,insa,220010,review
nfx_1B2AEH56A5EZDS4TYQWQFV93G2,insa,220019,review
nfx_1B2AEH56A5EZDS4TYQWQFV93G2,insa,34,review
nfx_1B2AEH56A5EZDS4TYQWQFV93G2,insa,35,review
nfx_1B2AEH56A5EZDS4TYQWQFV93G2,insa,36,review
nfx_1B2AEH56A5EZDS4TYQWQFV93G2,insa,37,review
nfx_1B2AEH56A5EZDS4TYQWQFV93G2,insa,38,review
nfx_1B2AEH56A5EZDS4TYQWQFV93G2,insa,40,review
nfx_1B2AEH56A5EZDS4TYQWQFV93G2,insa,41,review
nfx_1B2AEH56A5EZDS4TYQWQFV93G2,insa,47,review
nfx_1B2AEH56A5EZDS4TYQWQFV93G2,insa,50800024,review
nfx_1B2AEH56A5EZDS4TYQWQFV93G2,insa,50800032,review
nfx_1B2AEH56A5EZDS4TYQWQFV93G2,insa,53,review
nfx_1B2AEH56A5EZDS4TYQWQFV93G2,insa,54,review
nfx_1B2AEH56A5EZDS4TYQWQFV93G2,insa,55,review
nfx_1B2ZAHHJMDDTB1NYY6WDV6BX5H,ciqual,9232,review
nfx_1B2ZAHHJMDDTB1NYY6WDV6BX5H,ciqual,9545,review
nfx_1B2ZAHHJMDDTB1NYY6WDV6BX5H,ciqual,9614,review
nfx_1B2ZAHHJMDDTB1NYY6WDV6BX5H,insa,1900000074,review
nfx_1B2ZAHHJMDDTB1NYY6WDV6BX5H,insa,1900000074,review
nfx_1B2ZAHHJMDDTB1NYY6WDV6BX5H,insa,1900000074,review
nfx_1BHB5F3FVDESVSA3HE8973FJ4P,ciqual,13013,review
nfx_1BHB5F3FVDESVSA3HE8973FJ4P,insa,650,review
nfx_1BK2Q2H3F00CE2575ZZ8FEB77J,ciqual,10024,automatic
nfx_1BK2Q2H3F00CE2575ZZ8FEB77J,insa,922,automatic
nfx_1BKWXH08CDS2BJYB4XFG6TGTTS,ciqual,23000,review
nfx_1BKWXH08CDS2BJYB4XFG6TGTTS,ciqual,23008,review
nfx_1BKWXH08CDS2BJYB4XFG6TGTTS,ciqual,23023,review
nfx_1BKWXH08CDS2BJYB4XFG6TGTTS,ciqual,23030,review
nfx_1BKWXH08CDS2BJYB4XFG6TGTTS,ciqual,23033,review
nfx_1BKWXH08CDS2BJYB4XFG6TGTTS,ciqual,23122,review
nfx_1BKWXH08CDS2BJYB4XFG6TGTTS,ciqual,23803,review
nfx_1BKWXH08CDS2BJYB4XFG6TGTTS,insa,476,review
nfx_1BKWXH08CDS2BJYB4XFG6TGTTS,insa,476,review
nfx_1BKWXH08CDS2BJYB4XFG6TGTTS,insa,476,review
nfx_1BKWXH08CDS2BJYB4XFG6TGTTS,insa,476,review
nfx_1BKWXH08CDS2BJYB4XFG6TGTTS,insa,476,review
nfx_1BKWXH08CDS2BJYB4XFG6TGTTS,insa,476,review
nfx_1BKWXH08CDS2BJYB4XFG6TGTTS,insa,476,review
nfx_1BM8MSZ14974X3RHX3EP344GVX,ciqual,11107,review
nfx_1BM8MSZ14974X3RHX3EP344GVX,insa,960,review
nfx_1BNVHCKMCWNF7HQFRBSZNFFQ9K,ciqual,10003,review
nfx_1BNVHCKMCWNF7HQFRBSZNFFQ9K,ciqual,10048,review
nfx_1BNVHCKMCWNF7HQFRBSZNFFQ9K,ciqual,10049,review
nfx_1BNVHCKMCWNF7HQFRBSZNFFQ9K,insa,1900000098,review
nfx_1BNVHCKMCWNF7HQFRBSZNFFQ9K,insa,1900000098,review
nfx_1BNVHCKMCWNF7HQFRBSZNFFQ9K,insa,1900000098,review
nfx_1BTZGNB8WGFS620P9JZ3G2ME6X,ciqual,12743,review
nfx_1BTZGNB8WGFS620P9JZ3G2ME6X,ciqual,12743,review
nfx_1BTZGNB8WGFS620P9JZ3G2ME6X,ciqual,12743,review
nfx_1BTZGNB8WGFS620P9JZ3G2ME6X,ciqual,12743,review
nfx_1BTZGNB8WGFS620P9JZ3G2ME6X,ciqual,12743,review
nfx_1BTZGNB8WGFS620P9JZ3G2ME6X,ciqual,12743,review
nfx_1BTZGNB8WGFS620P9JZ3G2ME6X,ciqual,12743,review
nfx_1BTZGNB8WGFS620P9JZ3G2ME6X,ciqual,12743,review
nfx_1BTZGNB8WGFS620P9JZ3G2ME6X,ciqual,12743,review
nfx_1BTZGNB8WGFS620P9JZ3G2ME6X,ciqual,12743,review
nfx_1BTZGNB8WGFS620P9JZ3G2ME6X,ciqual,12743,review
nfx_1BTZGNB8WGFS620P9JZ3G2ME6X,ciqual,12743,review
nfx_1BTZGNB8WGFS620P9JZ3G2ME6X,ciqual,12743,review
nfx_1BTZGNB8WGFS620P9JZ3G2ME6X,ciqual,12743,review
nfx_1BTZGNB8WGFS620P9JZ3G2ME6X,ciqual,12743,review
nfx_1BTZGNB8WGFS620P9JZ3G2ME6X,ciqual,12743,review
nfx_1BTZGNB8WGFS620P9JZ3G2ME6X,ciqual,12743,review
nfx_1BTZGNB8WGFS620P9JZ3G2ME6X,ciqual,12743,review
nfx_1BTZGNB8WGFS620P9JZ3G2ME6X,insa,220006,review
nfx_1BTZGNB8WGFS620P9JZ3G2ME6X,insa,220008,review
nfx_1BTZGNB8WGFS620P9JZ3G2ME6X,insa,220009,review
nfx_1BTZGNB8WGFS620P9JZ3G2ME6X,insa,220010,review
nfx_1BTZGNB8WGFS620P9JZ3G2ME6X,insa,220019,review
nfx_1BTZGNB8WGFS620P9JZ3G2ME6X,insa,34,review
nfx_1BTZGNB8WGFS620P9JZ3G2ME6X,insa,35,review
nfx_1BTZGNB8WGFS620P9JZ3G2ME6X,insa,36,review
nfx_1BTZGNB8WGFS620P9JZ3G2ME6X,insa,37,review
nfx_1BTZGNB8WGFS620P9JZ3G2ME6X,insa,38,review
nfx_1BTZGNB8WGFS620P9JZ3G2ME6X,insa,40,review
nfx_1BTZGNB8WGFS620P9JZ3G2ME6X,insa,41,review
nfx_1BTZGNB8WGFS620P9JZ3G2ME6X,insa,47,review
nfx_1BTZGNB8WGFS620P9JZ3G2ME6X,insa,50800024,review
nfx_1BTZGNB8WGFS620P9JZ3G2ME6X,insa,50800032,review
nfx_1BTZGNB8WGFS620P9JZ3G2ME6X,insa,53,review
nfx_1BTZGNB8WGFS620P9JZ3G2ME6X,insa,54,review
nfx_1BTZGNB8WGFS620P9JZ3G2ME6X,insa,55,review
nfx_1C0Q7WKA1JVMK7BFNDD6TJ84RQ,ciqual,8250,review
nfx_1C0Q7WKA1JVMK7BFNDD6TJ84RQ,insa,355,review
nfx_1C27GR620EBH55KBA2Y1X4KCDV,ciqual,40110,review
nfx_1C27GR620EBH55KBA2Y1X4KCDV,ciqual,40110,review
nfx_1C27GR620EBH55KBA2Y1X4KCDV,ciqual,40110,review
nfx_1C27GR620EBH55KBA2Y1X4KCDV,ciqual,40110,review
nfx_1C27GR620EBH55KBA2Y1X4KCDV,ciqual,40110,review
nfx_1C27GR620EBH55KBA2Y1X4KCDV,insa,1900000001,review
nfx_1C27GR620EBH55KBA2Y1X4KCDV,insa,274,review
nfx_1C27GR620EBH55KBA2Y1X4KCDV,insa,321,review
nfx_1C27GR620EBH55KBA2Y1X4KCDV,insa,324,review
nfx_1C27GR620EBH55KBA2Y1X4KCDV,insa,326,review
nfx_1C2VC0Y8S20TQ0XPWN51G8E3JK,ciqual,12834,review
nfx_1C2VC0Y8S20TQ0XPWN51G8E3JK,ciqual,12834,review
nfx_1C2VC0Y8S20TQ0XPWN51G8E3JK,ciqual,12834,review
nfx_1C2VC0Y8S20TQ0XPWN51G8E3JK,ciqual,12834,review
nfx_1C2VC0Y8S20TQ0XPWN51G8E3JK,insa,19,review
nfx_1C2VC0Y8S20TQ0XPWN51G8E3JK,insa,220004,review
nfx_1C2VC0Y8S20TQ0XPWN51G8E3JK,insa,220015,review
nfx_1C2VC0Y8S20TQ0XPWN51G8E3JK,insa,220022,review
nfx_1C77FG028JCR5Y4DFK77JJCG0D,ciqual,11049,review
nfx_1C77FG028JCR5Y4DFK77JJCG0D,insa,1197,review
nfx_1C876QH48RZQJYN351EWCAPGS8,ciqual,20072,review
nfx_1C876QH48RZQJYN351EWCAPGS8,ciqual,20173,review
nfx_1C876QH48RZQJYN351EWCAPGS8,ciqual,20243,review
nfx_1C876QH48RZQJYN351EWCAPGS8,ciqual,20284,review
nfx_1C876QH48RZQJYN351EWCAPGS8,insa,572,review
nfx_1C876QH48RZQJYN351EWCAPGS8,insa,572,review
nfx_1C876QH48RZQJYN351EWCAPGS8,insa,572,review
nfx_1C876QH48RZQJYN351EWCAPGS8,insa,572,review
nfx_1CD9NQYTVVTDPJ9F16BHQ9D1WH,ciqual,11023,review
nfx_1CD9NQYTVVTDPJ9F16BHQ9D1WH,insa,9,review
nfx_1CHQGP1HWWKF0GWEK5P1DR2G1W,ciqual,38421,review
nfx_1CHQGP1HWWKF0GWEK5P1DR2G1W,ciqual,38421,review
nfx_1CHQGP1HWWKF0GWEK5P1DR2G1W,ciqual,38421,review
nfx_1CHQGP1HWWKF0GWEK5P1DR2G1W,ciqual,38421,review
nfx_1CHQGP1HWWKF0GWEK5P1DR2G1W,ciqual,38421,review
nfx_1CHQGP1HWWKF0GWEK5P1DR2G1W,ciqual,38421,review
nfx_1CHQGP1HWWKF0GWEK5P1DR2G1W,ciqual,38421,review
nfx_1CHQGP1HWWKF0GWEK5P1DR2G1W,insa,455,review
nfx_1CHQGP1HWWKF0GWEK5P1DR2G1W,insa,459,review
nfx_1CHQGP1HWWKF0GWEK5P1DR2G1W,insa,460,review
nfx_1CHQGP1HWWKF0GWEK5P1DR2G1W,insa,463,review
nfx_1CHQGP1HWWKF0GWEK5P1DR2G1W,insa,464,review
nfx_1CHQGP1HWWKF0GWEK5P1DR2G1W,insa,466,review
nfx_1CHQGP1HWWKF0GWEK5P1DR2G1W,insa,469,review
nfx_1CMMQH2WKNAYPBGARYTGYY80AV,ciqual,31106,review
nfx_1CMMQH2WKNAYPBGARYTGYY80AV,ciqual,31106,review
nfx_1CMMQH2WKNAYPBGARYTGYY80AV,ciqual,31106,review
nfx_1CMMQH2WKNAYPBGARYTGYY80AV,ciqual,31106,review
nfx_1CMMQH2WKNAYPBGARYTGYY80AV,insa,465,review
nfx_1CMMQH2WKNAYPBGARYTGYY80AV,insa,475,review
nfx_1CMMQH2WKNAYPBGARYTGYY80AV,insa,483,review
nfx_1CMMQH2WKNAYPBGARYTGYY80AV,insa,498,review
nfx_1CMY8WJ737ZHXN7XVJD25YDWTC,ciqual,36002,review
nfx_1CMY8WJ737ZHXN7XVJD25YDWTC,insa,15,review
nfx_1CN0FPE3EPVJQXH51DD3G2HTQ5,ciqual,26092,review
nfx_1CN0FPE3EPVJQXH51DD3G2HTQ5,insa,905,review
nfx_1CNEQ3S8RN8VBDKWKZKJHACVEY,ciqual,25958,review
nfx_1CNEQ3S8RN8VBDKWKZKJHACVEY,insa,1110,review
nfx_1CNSZPEYWJ4YANHSCFBBFME9H3,ciqual,22008,review
nfx_1CNSZPEYWJ4YANHSCFBBFME9H3,insa,86,review
nfx_1CPPHHZGNQW7SN0JA8BB9JVB81,ciqual,39518,review
nfx_1CPPHHZGNQW7SN0JA8BB9JVB81,insa,1072,review
nfx_1CQ8C4J04913C1MP2E3CNY9ZJS,ciqual,13010,review
nfx_1CQ8C4J04913C1MP2E3CNY9ZJS,insa,671,review
nfx_1CSC3HCQMRRBGGVDEKZD1QX3WA,ciqual,40407,review
nfx_1CSC3HCQMRRBGGVDEKZD1QX3WA,ciqual,40407,review
nfx_1CSC3HCQMRRBGGVDEKZD1QX3WA,ciqual,40407,review
nfx_1CSC3HCQMRRBGGVDEKZD1QX3WA,ciqual,40407,review
nfx_1CSC3HCQMRRBGGVDEKZD1QX3WA,insa,332,review
nfx_1CSC3HCQMRRBGGVDEKZD1QX3WA,insa,334,review
nfx_1CSC3HCQMRRBGGVDEKZD1QX3WA,insa,336,review
nfx_1CSC3HCQMRRBGGVDEKZD1QX3WA,insa,96,review
nfx_1D32WPNHMTBE39XFY1NAFGJF9Q,ciqual,26036,automatic
nfx_1D32WPNHMTBE39XFY1NAFGJF9Q,ciqual,26036,review
nfx_1D32WPNHMTBE39XFY1NAFGJF9Q,ciqual,26036,review
nfx_1D32WPNHMTBE39XFY1NAFGJF9Q,insa,876,automatic
nfx_1D32WPNHMTBE39XFY1NAFGJF9Q,insa,877,review
nfx_1D32WPNHMTBE39XFY1NAFGJF9Q,insa,878,review
nfx_1D57Q6506X6ZDP59Y1WKSRDPJK,ciqual,4002,review
nfx_1D57Q6506X6ZDP59Y1WKSRDPJK,ciqual,4014,review
nfx_1D57Q6506X6ZDP59Y1WKSRDPJK,ciqual,4026,review
nfx_1D57Q6506X6ZDP59Y1WKSRDPJK,ciqual,4039,review
nfx_1D57Q6506X6ZDP59Y1WKSRDPJK,ciqual,4047,review
nfx_1D57Q6506X6ZDP59Y1WKSRDPJK,insa,587,review
nfx_1D57Q6506X6ZDP59Y1WKSRDPJK,insa,587,review
nfx_1D57Q6506X6ZDP59Y1WKSRDPJK,insa,587,review
nfx_1D57Q6506X6ZDP59Y1WKSRDPJK,insa,587,review
nfx_1D57Q6506X6ZDP59Y1WKSRDPJK,insa,587,review
nfx_1D82VBXYBRRMA0KV14ZBF03W2P,ciqual,19864,review
nfx_1D82VBXYBRRMA0KV14ZBF03W2P,insa,220013,review
nfx_1D88PD6YZPKP4MC33H5Y6PH9DG,ciqual,13019,review
nfx_1D88PD6YZPKP4MC33H5Y6PH9DG,insa,1900000099,review
nfx_1DG2G0VCGSFH3GJTK63R9KGFXS,ciqual,4027,review
nfx_1DG2G0VCGSFH3GJTK63R9KGFXS,insa,586,review
nfx_1DHCZPA0YWVB62H8R5SABEQ4VH,ciqual,5009,automatic
nfx_1DHCZPA0YWVB62H8R5SABEQ4VH,ciqual,5009,review
nfx_1DHCZPA0YWVB62H8R5SABEQ4VH,insa,726,automatic
nfx_1DHCZPA0YWVB62H8R5SABEQ4VH,insa,728,review
nfx_1DV83B29NZ28HRGW7G917ZXK81,ciqual,23820,review
nfx_1DV83B29NZ28HRGW7G917ZXK81,insa,482,review
nfx_1DX42R9SSZ3FV5DQ3A6DJP2PNP,ciqual,23935,review
nfx_1DX42R9SSZ3FV5DQ3A6DJP2PNP,ciqual,23935,review
nfx_1DX42R9SSZ3FV5DQ3A6DJP2PNP,ciqual,23935,review
nfx_1DX42R9SSZ3FV5DQ3A6DJP2PNP,insa,477,review
nfx_1DX42R9SSZ3FV5DQ3A6DJP2PNP,insa,478,review
nfx_1DX42R9SSZ3FV5DQ3A6DJP2PNP,insa,479,review
nfx_1E4H90HY3382P022R0J3GN4SS3,ciqual,19553,review
nfx_1E4H90HY3382P022R0J3GN4SS3,ciqual,19862,review
nfx_1E4H90HY3382P022R0J3GN4SS3,insa,1920000003,review
nfx_1E4H90HY3382P022R0J3GN4SS3,insa,1920000003,review
nfx_1E7RRAR4G2PESJT44WE6YWCK3C,ciqual,13183,review
nfx_1E7RRAR4G2PESJT44WE6YWCK3C,insa,2122000013,review
nfx_1EEJJQYAR4M174D0RS8PEV54BS,ciqual,11100,review
nfx_1EEJJQYAR4M174D0RS8PEV54BS,ciqual,11100,review
nfx_1EEJJQYAR4M174D0RS8PEV54BS,ciqual,11100,review
nfx_1EEJJQYAR4M174D0RS8PEV54BS,ciqual,11100,review
nfx_1EEJJQYAR4M174D0RS8PEV54BS,ciqual,11100,review
nfx_1EEJJQYAR4M174D0RS8PEV54BS,ciqual,11100,review
nfx_1EEJJQYAR4M174D0RS8PEV54BS,insa,1164,review
nfx_1EEJJQYAR4M174D0RS8PEV54BS,insa,1229,review
nfx_1EEJJQYAR4M174D0RS8PEV54BS,insa,2120000007,review
nfx_1EEJJQYAR4M174D0RS8PEV54BS,insa,928,review
nfx_1EEJJQYAR4M174D0RS8PEV54BS,insa,929,review
nfx_1EEJJQYAR4M174D0RS8PEV54BS,insa,933,review
nfx_1EKMY58KDGJ1F8RA8QJA952WB3,ciqual,40057,review
nfx_1EKMY58KDGJ1F8RA8QJA952WB3,insa,318,review
nfx_1EN86E4H3739E3DQ7XB63T1V6P,ciqual,20064,review
nfx_1EN86E4H3739E3DQ7XB63T1V6P,ciqual,20064,review
nfx_1EN86E4H3739E3DQ7XB63T1V6P,insa,567,review
nfx_1EN86E4H3739E3DQ7XB63T1V6P,insa,609,review
nfx_1EP7HWJ045AJMKEYCVMF9XHVPT,ciqual,40207,review
nfx_1EP7HWJ045AJMKEYCVMF9XHVPT,ciqual,40207,review
nfx_1EP7HWJ045AJMKEYCVMF9XHVPT,insa,330,review
nfx_1EP7HWJ045AJMKEYCVMF9XHVPT,insa,96,review
nfx_1F17EY93T33SK2Z8X397XY5ZBR,ciqual,15005,review
nfx_1F17EY93T33SK2Z8X397XY5ZBR,ciqual,15008,review
nfx_1F17EY93T33SK2Z8X397XY5ZBR,ciqual,25564,review
nfx_1F17EY93T33SK2Z8X397XY5ZBR,insa,708,review
nfx_1F17EY93T33SK2Z8X397XY5ZBR,insa,708,review
nfx_1F17EY93T33SK2Z8X397XY5ZBR,insa,708,review
nfx_1F1Z8KG8RPVNJNE429HMAPYG08,ciqual,25992,review
nfx_1F1Z8KG8RPVNJNE429HMAPYG08,ciqual,26038,review
nfx_1F1Z8KG8RPVNJNE429HMAPYG08,ciqual,26229,review
nfx_1F1Z8KG8RPVNJNE429HMAPYG08,ciqual,26695,review
nfx_1F1Z8KG8RPVNJNE429HMAPYG08,ciqual,8081,review
nfx_1F1Z8KG8RPVNJNE429HMAPYG08,ciqual,8290,review
nfx_1F1Z8KG8RPVNJNE429HMAPYG08,insa,878,review
nfx_1F1Z8KG8RPVNJNE429HMAPYG08,insa,878,review
nfx_1F1Z8KG8RPVNJNE429HMAPYG08,insa,878,review
nfx_1F1Z8KG8RPVNJNE429HMAPYG08,insa,878,review
nfx_1F1Z8KG8RPVNJNE429HMAPYG08,insa,878,review
nfx_1F1Z8KG8RPVNJNE429HMAPYG08,insa,878,review
nfx_1FB9WVQ5JSE0NPBA47BK4BS7HW,ciqual,36500,review
nfx_1FB9WVQ5JSE0NPBA47BK4BS7HW,insa,70500004,review
nfx_1FF59ZYSGV702XXQ692FA56YWM,ciqual,28202,review
nfx_1FF59ZYSGV702XXQ692FA56YWM,ciqual,28451,review
nfx_1FF59ZYSGV702XXQ692FA56YWM,insa,187,review
nfx_1FF59ZYSGV702XXQ692FA56YWM,insa,187,review
nfx_1FQESJZT9GGMBCD0HFZPAMGMXG,ciqual,25614,review
nfx_1FQESJZT9GGMBCD0HFZPAMGMXG,ciqual,25614,review
nfx_1FQESJZT9GGMBCD0HFZPAMGMXG,ciqual,25614,review
nfx_1FQESJZT9GGMBCD0HFZPAMGMXG,insa,1060,review
nfx_1FQESJZT9GGMBCD0HFZPAMGMXG,insa,1096,review
nfx_1FQESJZT9GGMBCD0HFZPAMGMXG,insa,408,review
nfx_1FTJF57J34B2D5JH8HX6GZKASS,ciqual,21001,review
nfx_1FTJF57J34B2D5JH8HX6GZKASS,ciqual,21003,review
nfx_1FTJF57J34B2D5JH8HX6GZKASS,ciqual,21004,review
nfx_1FTJF57J34B2D5JH8HX6GZKASS,ciqual,21005,review
nfx_1FTJF57J34B2D5JH8HX6GZKASS,ciqual,21006,review
nfx_1FTJF57J34B2D5JH8HX6GZKASS,ciqual,21500,review
nfx_1FTJF57J34B2D5JH8HX6GZKASS,ciqual,21516,review
nfx_1FTJF57J34B2D5JH8HX6GZKASS,ciqual,21521,review
nfx_1FTJF57J34B2D5JH8HX6GZKASS,ciqual,28100,review
nfx_1FTJF57J34B2D5JH8HX6GZKASS,ciqual,30156,review
nfx_1FTJF57J34B2D5JH8HX6GZKASS,ciqual,6510,review
nfx_1FTJF57J34B2D5JH8HX6GZKASS,insa,97,review
nfx_1FTJF57J34B2D5JH8HX6GZKASS,insa,97,review
nfx_1FTJF57J34B2D5JH8HX6GZKASS,insa,97,review
nfx_1FTJF57J34B2D5JH8HX6GZKASS,insa,97,review
nfx_1FTJF57J34B2D5JH8HX6GZKASS,insa,97,review
nfx_1FTJF57J34B2D5JH8HX6GZKASS,insa,97,review
nfx_1FTJF57J34B2D5JH8HX6GZKASS,insa,97,review
nfx_1FTJF57J34B2D5JH8HX6GZKASS,insa,97,review
nfx_1FTJF57J34B2D5JH8HX6GZKASS,insa,97,review
nfx_1FTJF57J34B2D5JH8HX6GZKASS,insa,97,review
nfx_1FTJF57J34B2D5JH8HX6GZKASS,insa,97,review
nfx_1G4CAK4XAHM35H2BFTVE8RF269,ciqual,20283,review
nfx_1G4CAK4XAHM35H2BFTVE8RF269,insa,220023,review
nfx_1G4YN3YTKRXCZQG8EN0M7BXBGD,ciqual,24678,review
nfx_1G4YN3YTKRXCZQG8EN0M7BXBGD,insa,474,review
nfx_1G5NFB32WTJQG4G9ZVDWMS16ZK,ciqual,7733,review
nfx_1G5NFB32WTJQG4G9ZVDWMS16ZK,insa,498,review
nfx_1G879TTPK9J5JREP5572X976D3,ciqual,12010,review
nfx_1G879TTPK9J5JREP5572X976D3,ciqual,12031,review
nfx_1G879TTPK9J5JREP5572X976D3,ciqual,12038,review
nfx_1G879TTPK9J5JREP5572X976D3,ciqual,12051,review
nfx_1G879TTPK9J5JREP5572X976D3,ciqual,12052,review
nfx_1G879TTPK9J5JREP5572X976D3,ciqual,12060,review
nfx_1G879TTPK9J5JREP5572X976D3,ciqual,12061,review
nfx_1G879TTPK9J5JREP5572X976D3,ciqual,12064,review
nfx_1G879TTPK9J5JREP5572X976D3,ciqual,12105,review
nfx_1G879TTPK9J5JREP5572X976D3,ciqual,12111,review
nfx_1G879TTPK9J5JREP5572X976D3,ciqual,12121,review
nfx_1G879TTPK9J5JREP5572X976D3,ciqual,12122,review
nfx_1G879TTPK9J5JREP5572X976D3,ciqual,12123,review
nfx_1G879TTPK9J5JREP5572X976D3,ciqual,12300,review
nfx_1G879TTPK9J5JREP5572X976D3,ciqual,12356,review
nfx_1G879TTPK9J5JREP5572X976D3,ciqual,12524,review
nfx_1G879TTPK9J5JREP5572X976D3,ciqual,12716,review
nfx_1G879TTPK9J5JREP5572X976D3,ciqual,12749,review
nfx_1G879TTPK9J5JREP5572X976D3,ciqual,12761,review
nfx_1G879TTPK9J5JREP5572X976D3,ciqual,12764,review
nfx_1G879TTPK9J5JREP5572X976D3,ciqual,19000,review
nfx_1G879TTPK9J5JREP5572X976D3,ciqual,19016,review
nfx_1G879TTPK9J5JREP5572X976D3,ciqual,19033,review
nfx_1G879TTPK9J5JREP5572X976D3,ciqual,19225,review
nfx_1G879TTPK9J5JREP5572X976D3,ciqual,19250,review
nfx_1G879TTPK9J5JREP5572X976D3,ciqual,19584,review
nfx_1G879TTPK9J5JREP5572X976D3,ciqual,19585,review
nfx_1G879TTPK9J5JREP5572X976D3,ciqual,19865,review
nfx_1G879TTPK9J5JREP5572X976D3,ciqual,39400,review
nfx_1G879TTPK9J5JREP5572X976D3,insa,38,review
nfx_1G879TTPK9J5JREP5572X976D3,insa,38,review
nfx_1G879TTPK9J5JREP5572X976D3,insa,38,review
nfx_1G879TTPK9J5JREP5572X976D3,insa,38,review
nfx_1G879TTPK9J5JREP5572X976D3,insa,38,review
nfx_1G879TTPK9J5JREP5572X976D3,insa,38,review
nfx_1G879TTPK9J5JREP5572X976D3,insa,38,review
nfx_1G879TTPK9J5JREP5572X976D3,insa,38,review
nfx_1G879TTPK9J5JREP5572X976D3,insa,38,review
nfx_1G879TTPK9J5JREP5572X976D3,insa,38,review
nfx_1G879TTPK9J5JREP5572X976D3,insa,38,review
nfx_1G879TTPK9J5JREP5572X976D3,insa,38,review
nfx_1G879TTPK9J5JREP5572X976D3,insa,38,review
nfx_1G879TTPK9J5JREP5572X976D3,insa,38,review
nfx_1G879TTPK9J5JREP5572X976D3,insa,38,review
nfx_1G879TTPK9J5JREP5572X976D3,insa,38,review
nfx_1G879TTPK9J5JREP5572X976D3,insa,38,review
nfx_1G879TTPK9J5JREP5572X976D3,insa,38,review
nfx_1G879TTPK9J5JREP5572X976D3,insa,38,review
nfx_1G879TTPK9J5JREP5572X976D3,insa,38,review
nfx_1G879TTPK9J5JREP5572X976D3,insa,38,review
nfx_1G879TTPK9J5JREP5572X976D3,insa,38,review
nfx_1G879TTPK9J5JREP5572X976D3,insa,38,review
nfx_1G879TTPK9J5JREP5572X976D3,insa,38,review
nfx_1G879TTPK9J5JREP5572X976D3,insa,38,review
nfx_1G879TTPK9J5JREP5572X976D3,insa,38,review
nfx_1G879TTPK9J5JREP5572X976D3,insa,38,review
nfx_1G879TTPK9J5JREP5572X976D3,insa,38,review
nfx_1G879TTPK9J5JREP5572X976D3,insa,38,review
nfx_1G8WMSJJNR32K010CT7GACC8SB,ciqual,39400,review
nfx_1G8WMSJJNR32K010CT7GACC8SB,ciqual,39400,review
nfx_1G8WMSJJNR32K010CT7GACC8SB,ciqual,39400,review
nfx_1G8WMSJJNR32K010CT7GACC8SB,ciqual,39400,review
nfx_1G8WMSJJNR32K010CT7GACC8SB,ciqual,39400,review
nfx_1G8WMSJJNR32K010CT7GACC8SB,ciqual,39400,review
nfx_1G8WMSJJNR32K010CT7GACC8SB,ciqual,39400,review
nfx_1G8WMSJJNR32K010CT7GACC8SB,ciqual,39400,review
nfx_1G8WMSJJNR32K010CT7GACC8SB,insa,20,review
nfx_1G8WMSJJNR32K010CT7GACC8SB,insa,230004,review
nfx_1G8WMSJJNR32K010CT7GACC8SB,insa,34,review
nfx_1G8WMSJJNR32K010CT7GACC8SB,insa,35,review
nfx_1G8WMSJJNR32K010CT7GACC8SB,insa,36,review
nfx_1G8WMSJJNR32K010CT7GACC8SB,insa,37,review
nfx_1G8WMSJJNR32K010CT7GACC8SB,insa,500,review
nfx_1G8WMSJJNR32K010CT7GACC8SB,insa,514,review
nfx_1GCPDHR5PP10YDT5TDRJ28JN90,ciqual,9003,review
nfx_1GCPDHR5PP10YDT5TDRJ28JN90,insa,2122000002,review
nfx_1GCXKYAPB633DT2PB16GH5Y9GF,ciqual,19023,review
nfx_1GCXKYAPB633DT2PB16GH5Y9GF,ciqual,19037,review
nfx_1GCXKYAPB633DT2PB16GH5Y9GF,ciqual,19038,review
nfx_1GCXKYAPB633DT2PB16GH5Y9GF,ciqual,19039,review
nfx_1GCXKYAPB633DT2PB16GH5Y9GF,ciqual,19041,review
nfx_1GCXKYAPB633DT2PB16GH5Y9GF,ciqual,19060,review
nfx_1GCXKYAPB633DT2PB16GH5Y9GF,ciqual,19200,review
nfx_1GCXKYAPB633DT2PB16GH5Y9GF,ciqual,19201,review
nfx_1GCXKYAPB633DT2PB16GH5Y9GF,insa,23,review
nfx_1GCXKYAPB633DT2PB16GH5Y9GF,insa,23,review
nfx_1GCXKYAPB633DT2PB16GH5Y9GF,insa,23,review
nfx_1GCXKYAPB633DT2PB16GH5Y9GF,insa,23,review
nfx_1GCXKYAPB633DT2PB16GH5Y9GF,insa,23,review
nfx_1GCXKYAPB633DT2PB16GH5Y9GF,insa,23,review
nfx_1GCXKYAPB633DT2PB16GH5Y9GF,insa,23,review
nfx_1GCXKYAPB633DT2PB16GH5Y9GF,insa,23,review
nfx_1GG5KZVKXWDDCKAF55RJXRW09E,ciqual,13206,review
nfx_1GG5KZVKXWDDCKAF55RJXRW09E,ciqual,13206,review
nfx_1GG5KZVKXWDDCKAF55RJXRW09E,ciqual,13206,review
nfx_1GG5KZVKXWDDCKAF55RJXRW09E,ciqual,13206,review
nfx_1GG5KZVKXWDDCKAF55RJXRW09E,insa,629,review
nfx_1GG5KZVKXWDDCKAF55RJXRW09E,insa,639,review
nfx_1GG5KZVKXWDDCKAF55RJXRW09E,insa,646,review
nfx_1GG5KZVKXWDDCKAF55RJXRW09E,insa,659,review
nfx_1GMZXCD2F9G5ZZJA8W4R11HEK0,ciqual,19574,review
nfx_1GMZXCD2F9G5ZZJA8W4R11HEK0,insa,82,review
nfx_1GNY15480JP76NDQ3G5EBPVTQT,ciqual,20044,automatic
nfx_1GNY15480JP76NDQ3G5EBPVTQT,insa,579,automatic
nfx_1GVRYA7T6NJBXBRVCDBNFSK1SJ,ciqual,31017,review
nfx_1GVRYA7T6NJBXBRVCDBNFSK1SJ,insa,502,review
nfx_1GVTKR4SCWZZB940FQ6HWQ1MF0,ciqual,12010,review
nfx_1GVTKR4SCWZZB940FQ6HWQ1MF0,ciqual,12031,review
nfx_1GVTKR4SCWZZB940FQ6HWQ1MF0,ciqual,12034,review
nfx_1GVTKR4SCWZZB940FQ6HWQ1MF0,ciqual,12038,review
nfx_1GVTKR4SCWZZB940FQ6HWQ1MF0,ciqual,12051,review
nfx_1GVTKR4SCWZZB940FQ6HWQ1MF0,ciqual,12052,review
nfx_1GVTKR4SCWZZB940FQ6HWQ1MF0,ciqual,12059,review
nfx_1GVTKR4SCWZZB940FQ6HWQ1MF0,ciqual,12060,review
nfx_1GVTKR4SCWZZB940FQ6HWQ1MF0,ciqual,12061,review
nfx_1GVTKR4SCWZZB940FQ6HWQ1MF0,ciqual,12105,review
nfx_1GVTKR4SCWZZB940FQ6HWQ1MF0,ciqual,12111,review
nfx_1GVTKR4SCWZZB940FQ6HWQ1MF0,ciqual,12121,review
nfx_1GVTKR4SCWZZB940FQ6HWQ1MF0,ciqual,12122,review
nfx_1GVTKR4SCWZZB940FQ6HWQ1MF0,ciqual,12123,review
nfx_1GVTKR4SCWZZB940FQ6HWQ1MF0,ciqual,12300,review
nfx_1GVTKR4SCWZZB940FQ6HWQ1MF0,ciqual,12356,review
nfx_1GVTKR4SCWZZB940FQ6HWQ1MF0,ciqual,12524,review
nfx_1GVTKR4SCWZZB940FQ6HWQ1MF0,ciqual,12716,review
nfx_1GVTKR4SCWZZB940FQ6HWQ1MF0,ciqual,12761,review
nfx_1GVTKR4SCWZZB940FQ6HWQ1MF0,ciqual,12828,review
nfx_1GVTKR4SCWZZB940FQ6HWQ1MF0,ciqual,12999,review
nfx_1GVTKR4SCWZZB940FQ6HWQ1MF0,ciqual,19584,review
nfx_1GVTKR4SCWZZB940FQ6HWQ1MF0,ciqual,19585,review
nfx_1GVTKR4SCWZZB940FQ6HWQ1MF0,ciqual,25020,review
nfx_1GVTKR4SCWZZB940FQ6HWQ1MF0,ciqual,25444,review
nfx_1GVTKR4SCWZZB940FQ6HWQ1MF0,ciqual,38501,review
nfx_1GVTKR4SCWZZB940FQ6HWQ1MF0,insa,41,review
nfx_1GVTKR4SCWZZB940FQ6HWQ1MF0,insa,41,review
nfx_1GVTKR4SCWZZB940FQ6HWQ1MF0,insa,41,review
nfx_1GVTKR4SCWZZB940FQ6HWQ1MF0,insa,41,review
nfx_1GVTKR4SCWZZB940FQ6HWQ1MF0,insa,41,review
nfx_1GVTKR4SCWZZB940FQ6HWQ1MF0,insa,41,review
nfx_1GVTKR4SCWZZB940FQ6HWQ1MF0,insa,41,review
nfx_1GVTKR4SCWZZB940FQ6HWQ1MF0,insa,41,review
nfx_1GVTKR4SCWZZB940FQ6HWQ1MF0,insa,41,review
nfx_1GVTKR4SCWZZB940FQ6HWQ1MF0,insa,41,review
nfx_1GVTKR4SCWZZB940FQ6HWQ1MF0,insa,41,review
nfx_1GVTKR4SCWZZB940FQ6HWQ1MF0,insa,41,review
nfx_1GVTKR4SCWZZB940FQ6HWQ1MF0,insa,41,review
nfx_1GVTKR4SCWZZB940FQ6HWQ1MF0,insa,41,review
nfx_1GVTKR4SCWZZB940FQ6HWQ1MF0,insa,41,review
nfx_1GVTKR4SCWZZB940FQ6HWQ1MF0,insa,41,review
nfx_1GVTKR4SCWZZB940FQ6HWQ1MF0,insa,41,review
nfx_1GVTKR4SCWZZB940FQ6HWQ1MF0,insa,41,review
nfx_1GVTKR4SCWZZB940FQ6HWQ1MF0,insa,41,review
nfx_1GVTKR4SCWZZB940FQ6HWQ1MF0,insa,41,review
nfx_1GVTKR4SCWZZB940FQ6HWQ1MF0,insa,41,review
nfx_1GVTKR4SCWZZB940FQ6HWQ1MF0,insa,41,review
nfx_1GVTKR4SCWZZB940FQ6HWQ1MF0,insa,41,review
nfx_1GVTKR4SCWZZB940FQ6HWQ1MF0,insa,41,review
nfx_1GVTKR4SCWZZB940FQ6HWQ1MF0,insa,41,review
nfx_1GVTKR4SCWZZB940FQ6HWQ1MF0,insa,41,review
nfx_1H6X7WYE4PCM7D63JC6FZ8YNGW,ciqual,11217,review
nfx_1H6X7WYE4PCM7D63JC6FZ8YNGW,ciqual,11217,review
nfx_1H6X7WYE4PCM7D63JC6FZ8YNGW,insa,937,review
nfx_1H6X7WYE4PCM7D63JC6FZ8YNGW,insa,939,review
nfx_1HAYA5REA297FJVM69S5A0F38E,ciqual,28203,review
nfx_1HAYA5REA297FJVM69S5A0F38E,ciqual,28204,review
nfx_1HAYA5REA297FJVM69S5A0F38E,insa,194,review
nfx_1HAYA5REA297FJVM69S5A0F38E,insa,194,review
nfx_1HC7QDFD74RNT54X51GAB5KBH4,ciqual,20518,review
nfx_1HC7QDFD74RNT54X51GAB5KBH4,insa,576,review
nfx_1HQQ9PAVD9RVSBEQ1ZVFZM9K75,ciqual,31085,review
nfx_1HQQ9PAVD9RVSBEQ1ZVFZM9K75,insa,506,review
nfx_1HSSQB81MAA6QYYF88YDSXJ4CK,ciqual,40102,review
nfx_1HSSQB81MAA6QYYF88YDSXJ4CK,ciqual,40102,review
nfx_1HSSQB81MAA6QYYF88YDSXJ4CK,ciqual,40102,review
nfx_1HSSQB81MAA6QYYF88YDSXJ4CK,ciqual,40102,review
nfx_1HSSQB81MAA6QYYF88YDSXJ4CK,ciqual,40102,review
nfx_1HSSQB81MAA6QYYF88YDSXJ4CK,insa,1900000001,review
nfx_1HSSQB81MAA6QYYF88YDSXJ4CK,insa,321,review
nfx_1HSSQB81MAA6QYYF88YDSXJ4CK,insa,324,review
nfx_1HSSQB81MAA6QYYF88YDSXJ4CK,insa,326,review
nfx_1HSSQB81MAA6QYYF88YDSXJ4CK,insa,96,review
nfx_1HVAJ3RNZBW5GKBA1RGK85NW4K,ciqual,13408,review
nfx_1HVAJ3RNZBW5GKBA1RGK85NW4K,insa,623,review
nfx_1HZNZQFZGGB51BGHC6YB0FN5RS,ciqual,20915,review
nfx_1HZNZQFZGGB51BGHC6YB0FN5RS,ciqual,7110,review
nfx_1HZNZQFZGGB51BGHC6YB0FN5RS,ciqual,7256,review
nfx_1HZNZQFZGGB51BGHC6YB0FN5RS,ciqual,7349,review
nfx_1HZNZQFZGGB51BGHC6YB0FN5RS,ciqual,7402,review
nfx_1HZNZQFZGGB51BGHC6YB0FN5RS,ciqual,9060,review
nfx_1HZNZQFZGGB51BGHC6YB0FN5RS,ciqual,9410,review
nfx_1HZNZQFZGGB51BGHC6YB0FN5RS,ciqual,9415,review
nfx_1HZNZQFZGGB51BGHC6YB0FN5RS,ciqual,9435,review
nfx_1HZNZQFZGGB51BGHC6YB0FN5RS,ciqual,9436,review
nfx_1HZNZQFZGGB51BGHC6YB0FN5RS,ciqual,9440,review
nfx_1HZNZQFZGGB51BGHC6YB0FN5RS,ciqual,9445,review
nfx_1HZNZQFZGGB51BGHC6YB0FN5RS,ciqual,9540,review
nfx_1HZNZQFZGGB51BGHC6YB0FN5RS,insa,416,review
nfx_1HZNZQFZGGB51BGHC6YB0FN5RS,insa,416,review
nfx_1HZNZQFZGGB51BGHC6YB0FN5RS,insa,416,review
nfx_1HZNZQFZGGB51BGHC6YB0FN5RS,insa,416,review
nfx_1HZNZQFZGGB51BGHC6YB0FN5RS,insa,416,review
nfx_1HZNZQFZGGB51BGHC6YB0FN5RS,insa,416,review
nfx_1HZNZQFZGGB51BGHC6YB0FN5RS,insa,416,review
nfx_1HZNZQFZGGB51BGHC6YB0FN5RS,insa,416,review
nfx_1HZNZQFZGGB51BGHC6YB0FN5RS,insa,416,review
nfx_1HZNZQFZGGB51BGHC6YB0FN5RS,insa,416,review
nfx_1HZNZQFZGGB51BGHC6YB0FN5RS,insa,416,review
nfx_1HZNZQFZGGB51BGHC6YB0FN5RS,insa,416,review
nfx_1HZNZQFZGGB51BGHC6YB0FN5RS,insa,416,review
nfx_1J469VEAM42ZA3XP5YJ7RKKCPJ,ciqual,15035,review
nfx_1J469VEAM42ZA3XP5YJ7RKKCPJ,insa,1900000037,review
nfx_1J6C1XYJW1DX4H93P5MCQ5WZ6K,ciqual,2022,review
nfx_1J6C1XYJW1DX4H93P5MCQ5WZ6K,ciqual,2022,review
nfx_1J6C1XYJW1DX4H93P5MCQ5WZ6K,ciqual,2022,review
nfx_1J6C1XYJW1DX4H93P5MCQ5WZ6K,ciqual,2022,review
nfx_1J6C1XYJW1DX4H93P5MCQ5WZ6K,ciqual,2022,review
nfx_1J6C1XYJW1DX4H93P5MCQ5WZ6K,ciqual,2022,review
nfx_1J6C1XYJW1DX4H93P5MCQ5WZ6K,insa,749,review
nfx_1J6C1XYJW1DX4H93P5MCQ5WZ6K,insa,750,review
nfx_1J6C1XYJW1DX4H93P5MCQ5WZ6K,insa,751,review
nfx_1J6C1XYJW1DX4H93P5MCQ5WZ6K,insa,752,review
nfx_1J6C1XYJW1DX4H93P5MCQ5WZ6K,insa,754,review
nfx_1J6C1XYJW1DX4H93P5MCQ5WZ6K,insa,757,review
nfx_1J7W8TWBHMCY0YBKABY52Y2ZA7,ciqual,24684,automatic
nfx_1J7W8TWBHMCY0YBKABY52Y2ZA7,ciqual,24684,review
nfx_1J7W8TWBHMCY0YBKABY52Y2ZA7,ciqual,24684,review
nfx_1J7W8TWBHMCY0YBKABY52Y2ZA7,ciqual,24684,review
nfx_1J7W8TWBHMCY0YBKABY52Y2ZA7,ciqual,24684,review
nfx_1J7W8TWBHMCY0YBKABY52Y2ZA7,ciqual,24684,review
nfx_1J7W8TWBHMCY0YBKABY52Y2ZA7,ciqual,24684,review
nfx_1J7W8TWBHMCY0YBKABY52Y2ZA7,ciqual,24684,review
nfx_1J7W8TWBHMCY0YBKABY52Y2ZA7,ciqual,24684,review
nfx_1J7W8TWBHMCY0YBKABY52Y2ZA7,ciqual,24684,review
nfx_1J7W8TWBHMCY0YBKABY52Y2ZA7,ciqual,24684,review
nfx_1J7W8TWBHMCY0YBKABY52Y2ZA7,insa,455,review
nfx_1J7W8TWBHMCY0YBKABY52Y2ZA7,insa,459,review
nfx_1J7W8TWBHMCY0YBKABY52Y2ZA7,insa,460,review
nfx_1J7W8TWBHMCY0YBKABY52Y2ZA7,insa,463,review
nfx_1J7W8TWBHMCY0YBKABY52Y2ZA7,insa,464,review
nfx_1J7W8TWBHMCY0YBKABY52Y2ZA7,insa,465,automatic
nfx_1J7W8TWBHMCY0YBKABY52Y2ZA7,insa,466,review
nfx_1J7W8TWBHMCY0YBKABY52Y2ZA7,insa,469,review
nfx_1J7W8TWBHMCY0YBKABY52Y2ZA7,insa,475,review
nfx_1J7W8TWBHMCY0YBKABY52Y2ZA7,insa,483,review
nfx_1J7W8TWBHMCY0YBKABY52Y2ZA7,insa,498,review
nfx_1J8C1K0JQ5KYP5PAN0CW5TJRG6,ciqual,26085,automatic
nfx_1J8C1K0JQ5KYP5PAN0CW5TJRG6,ciqual,26110,review
nfx_1J8C1K0JQ5KYP5PAN0CW5TJRG6,insa,2120000013,automatic
nfx_1J8C1K0JQ5KYP5PAN0CW5TJRG6,insa,2120000013,review
nfx_1JB50YWN8SW8YVERV17VZ6D0D8,ciqual,25976,review
nfx_1JB50YWN8SW8YVERV17VZ6D0D8,ciqual,25976,review
nfx_1JB50YWN8SW8YVERV17VZ6D0D8,ciqual,25976,review
nfx_1JB50YWN8SW8YVERV17VZ6D0D8,insa,1117,review
nfx_1JB50YWN8SW8YVERV17VZ6D0D8,insa,783,review
nfx_1JB50YWN8SW8YVERV17VZ6D0D8,insa,799,review
nfx_1JB5E10V044ZMYZHS5T4NXGAQ7,ciqual,31042,review
nfx_1JB5E10V044ZMYZHS5T4NXGAQ7,ciqual,31042,review
nfx_1JB5E10V044ZMYZHS5T4NXGAQ7,insa,506,review
nfx_1JB5E10V044ZMYZHS5T4NXGAQ7,insa,507,review
nfx_1JF29HVS3MC296D0QRAPG1N894,ciqual,19591,review
nfx_1JF29HVS3MC296D0QRAPG1N894,insa,1224,review
nfx_1JHNYD3T3M159DPHV58RWWHR8W,ciqual,20299,review
nfx_1JHNYD3T3M159DPHV58RWWHR8W,insa,607,review
nfx_1JHTD24Q6PSKJJ69XDC5K8TRV0,ciqual,12842,review
nfx_1JHTD24Q6PSKJJ69XDC5K8TRV0,ciqual,12842,review
nfx_1JHTD24Q6PSKJJ69XDC5K8TRV0,ciqual,12842,review
nfx_1JHTD24Q6PSKJJ69XDC5K8TRV0,ciqual,12842,review
nfx_1JHTD24Q6PSKJJ69XDC5K8TRV0,insa,19,review
nfx_1JHTD24Q6PSKJJ69XDC5K8TRV0,insa,220004,review
nfx_1JHTD24Q6PSKJJ69XDC5K8TRV0,insa,220015,review
nfx_1JHTD24Q6PSKJJ69XDC5K8TRV0,insa,220022,review
nfx_1JPAQDA9PZCT2C0XA70XASN6CQ,ciqual,28800,review
nfx_1JPAQDA9PZCT2C0XA70XASN6CQ,ciqual,28801,review
nfx_1JPAQDA9PZCT2C0XA70XASN6CQ,ciqual,28811,review
nfx_1JPAQDA9PZCT2C0XA70XASN6CQ,ciqual,28812,review
nfx_1JPAQDA9PZCT2C0XA70XASN6CQ,ciqual,28844,review
nfx_1JPAQDA9PZCT2C0XA70XASN6CQ,ciqual,28845,review
nfx_1JPAQDA9PZCT2C0XA70XASN6CQ,ciqual,28905,review
nfx_1JPAQDA9PZCT2C0XA70XASN6CQ,ciqual,28917,review
nfx_1JPAQDA9PZCT2C0XA70XASN6CQ,ciqual,28960,review
nfx_1JPAQDA9PZCT2C0XA70XASN6CQ,ciqual,8206,review
nfx_1JPAQDA9PZCT2C0XA70XASN6CQ,ciqual,8395,review
nfx_1JPAQDA9PZCT2C0XA70XASN6CQ,insa,357,review
nfx_1JPAQDA9PZCT2C0XA70XASN6CQ,insa,357,review
nfx_1JPAQDA9PZCT2C0XA70XASN6CQ,insa,357,review
nfx_1JPAQDA9PZCT2C0XA70XASN6CQ,insa,357,review
nfx_1JPAQDA9PZCT2C0XA70XASN6CQ,insa,357,review
nfx_1JPAQDA9PZCT2C0XA70XASN6CQ,insa,357,review
nfx_1JPAQDA9PZCT2C0XA70XASN6CQ,insa,357,review
nfx_1JPAQDA9PZCT2C0XA70XASN6CQ,insa,357,review
nfx_1JPAQDA9PZCT2C0XA70XASN6CQ,insa,357,review
nfx_1JPAQDA9PZCT2C0XA70XASN6CQ,insa,357,review
nfx_1JPAQDA9PZCT2C0XA70XASN6CQ,insa,357,review
nfx_1JSCB606WZ110DFEXE5PMRG0WJ,ciqual,18325,review
nfx_1JSCB606WZ110DFEXE5PMRG0WJ,insa,764,review
nfx_1JTK6ZTB7RFB8R7MQG8K1D3YV2,ciqual,2062,review
nfx_1JTK6ZTB7RFB8R7MQG8K1D3YV2,insa,754,review
nfx_1JYX8H6WB6HWXSPSFQCXB27XPW,ciqual,26136,review
nfx_1JYX8H6WB6HWXSPSFQCXB27XPW,insa,884,review
nfx_1K0S4J1NM5XJ3KNRTGMC67B5WJ,ciqual,9903,review
nfx_1K0S4J1NM5XJ3KNRTGMC67B5WJ,insa,540,review
nfx_1K6H76EN14W8K1FBJRDMDSMK7H,ciqual,24656,review
nfx_1K6H76EN14W8K1FBJRDMDSMK7H,insa,465,review
nfx_1K88R0BMB8XXP4BX68M14NPS93,ciqual,15030,review
nfx_1K88R0BMB8XXP4BX68M14NPS93,insa,614,review
nfx_1KDJVBQ87JNWHGQ8TS5NDT6GFE,ciqual,2371,review
nfx_1KDJVBQ87JNWHGQ8TS5NDT6GFE,insa,762,review
nfx_1KFQ4ZGWVHC6G96EBDDCR12NY5,ciqual,20056,review
nfx_1KFQ4ZGWVHC6G96EBDDCR12NY5,ciqual,20056,review
nfx_1KFQ4ZGWVHC6G96EBDDCR12NY5,ciqual,20056,review
nfx_1KFQ4ZGWVHC6G96EBDDCR12NY5,insa,250028,review
nfx_1KFQ4ZGWVHC6G96EBDDCR12NY5,insa,603,review
nfx_1KFQ4ZGWVHC6G96EBDDCR12NY5,insa,604,review
nfx_1KPR5S9RE8T2TZJ9HC1TAE3AP6,ciqual,26186,review
nfx_1KPR5S9RE8T2TZJ9HC1TAE3AP6,ciqual,26186,review
nfx_1KPR5S9RE8T2TZJ9HC1TAE3AP6,ciqual,26186,review
nfx_1KPR5S9RE8T2TZJ9HC1TAE3AP6,ciqual,26186,review
nfx_1KPR5S9RE8T2TZJ9HC1TAE3AP6,ciqual,26186,review
nfx_1KPR5S9RE8T2TZJ9HC1TAE3AP6,insa,1128,review
nfx_1KPR5S9RE8T2TZJ9HC1TAE3AP6,insa,1129,review
nfx_1KPR5S9RE8T2TZJ9HC1TAE3AP6,insa,820,review
nfx_1KPR5S9RE8T2TZJ9HC1TAE3AP6,insa,880,review
nfx_1KPR5S9RE8T2TZJ9HC1TAE3AP6,insa,881,review
nfx_1KSQAJ9ZX4GKFFBJA43FT2QCNT,ciqual,2063,review
nfx_1KSQAJ9ZX4GKFFBJA43FT2QCNT,ciqual,2063,review
nfx_1KSQAJ9ZX4GKFFBJA43FT2QCNT,insa,749,review
nfx_1KSQAJ9ZX4GKFFBJA43FT2QCNT,insa,754,review
nfx_1M0EX1DCD813SD9FDZAN29K1SV,ciqual,15044,review
nfx_1M0EX1DCD813SD9FDZAN29K1SV,insa,1900000051,review
nfx_1M15RQPBHCDE09CZYH3CZ65AM1,ciqual,2012,review
nfx_1M15RQPBHCDE09CZYH3CZ65AM1,insa,739,review
nfx_1M1PED7487YVVPR5BFQW76NX8W,ciqual,12113,review
nfx_1M1PED7487YVVPR5BFQW76NX8W,ciqual,12114,review
nfx_1M1PED7487YVVPR5BFQW76NX8W,ciqual,12828,review
nfx_1M1PED7487YVVPR5BFQW76NX8W,ciqual,12999,review
nfx_1M1PED7487YVVPR5BFQW76NX8W,insa,50800022,review
nfx_1M1PED7487YVVPR5BFQW76NX8W,insa,50800022,review
nfx_1M1PED7487YVVPR5BFQW76NX8W,insa,50800022,review
nfx_1M1PED7487YVVPR5BFQW76NX8W,insa,50800022,review
nfx_1M793GD34EAC12M7EE4MJ5BKYY,ciqual,11015,review
nfx_1M793GD34EAC12M7EE4MJ5BKYY,insa,1900000047,review
nfx_1M7K906AG3EKY68282QW1R8CTJ,ciqual,2043,review
nfx_1M7K906AG3EKY68282QW1R8CTJ,ciqual,2045,review
nfx_1M7K906AG3EKY68282QW1R8CTJ,ciqual,2054,automatic
nfx_1M7K906AG3EKY68282QW1R8CTJ,ciqual,2060,review
nfx_1M7K906AG3EKY68282QW1R8CTJ,ciqual,2061,review
nfx_1M7K906AG3EKY68282QW1R8CTJ,ciqual,2365,review
nfx_1M7K906AG3EKY68282QW1R8CTJ,ciqual,2366,review
nfx_1M7K906AG3EKY68282QW1R8CTJ,ciqual,2370,review
nfx_1M7K906AG3EKY68282QW1R8CTJ,ciqual,2371,review
nfx_1M7K906AG3EKY68282QW1R8CTJ,insa,752,automatic
nfx_1M7K906AG3EKY68282QW1R8CTJ,insa,752,review
nfx_1M7K906AG3EKY68282QW1R8CTJ,insa,752,review
nfx_1M7K906AG3EKY68282QW1R8CTJ,insa,752,review
nfx_1M7K906AG3EKY68282QW1R8CTJ,insa,752,review
nfx_1M7K906AG3EKY68282QW1R8CTJ,insa,752,review
nfx_1M7K906AG3EKY68282QW1R8CTJ,insa,752,review
nfx_1M7K906AG3EKY68282QW1R8CTJ,insa,752,review
nfx_1M7K906AG3EKY68282QW1R8CTJ,insa,752,review
nfx_1M7WFERKJN989HW7G76JSG464E,ciqual,18005,review
nfx_1M7WFERKJN989HW7G76JSG464E,insa,776,review
nfx_1MBW0RM8RAFA2BYAHADPPA288S,ciqual,30177,review
nfx_1MBW0RM8RAFA2BYAHADPPA288S,insa,361,review
nfx_1MDH6YFC6YG5H082H0V8FBWH0G,ciqual,18155,review
nfx_1MDH6YFC6YG5H082H0V8FBWH0G,insa,963,review
nfx_1MWY34RHQJF3S4DK7EYRXY5P9W,ciqual,76085,review
nfx_1MWY34RHQJF3S4DK7EYRXY5P9W,ciqual,76085,review
nfx_1MWY34RHQJF3S4DK7EYRXY5P9W,ciqual,76085,review
nfx_1MWY34RHQJF3S4DK7EYRXY5P9W,insa,2,review
nfx_1MWY34RHQJF3S4DK7EYRXY5P9W,insa,3,review
nfx_1MWY34RHQJF3S4DK7EYRXY5P9W,insa,5,review
nfx_1MZYBPD1RKRPD7RHJZECPM3XRK,ciqual,20515,review
nfx_1MZYBPD1RKRPD7RHJZECPM3XRK,ciqual,20516,review
nfx_1MZYBPD1RKRPD7RHJZECPM3XRK,insa,526,review
nfx_1MZYBPD1RKRPD7RHJZECPM3XRK,insa,526,review
nfx_1N4J9T548RTZPZ81W7YR12JMAD,ciqual,9103,review
nfx_1N4J9T548RTZPZ81W7YR12JMAD,insa,403,review
nfx_1N4JGQFNTVT0F9FJ7PBWZZ8NY6,ciqual,9480,review
nfx_1N4JGQFNTVT0F9FJ7PBWZZ8NY6,ciqual,9520,review
nfx_1N4JGQFNTVT0F9FJ7PBWZZ8NY6,ciqual,9540,review
nfx_1N4JGQFNTVT0F9FJ7PBWZZ8NY6,ciqual,9545,review
nfx_1N4JGQFNTVT0F9FJ7PBWZZ8NY6,ciqual,9550,review
nfx_1N4JGQFNTVT0F9FJ7PBWZZ8NY6,insa,60100015,review
nfx_1N4JGQFNTVT0F9FJ7PBWZZ8NY6,insa,60100015,review
nfx_1N4JGQFNTVT0F9FJ7PBWZZ8NY6,insa,60100015,review
nfx_1N4JGQFNTVT0F9FJ7PBWZZ8NY6,insa,60100015,review
nfx_1N4JGQFNTVT0F9FJ7PBWZZ8NY6,insa,60100015,review
nfx_1N57880S2PEHSY0MV7DAN0YGAN,ciqual,20912,review
nfx_1N57880S2PEHSY0MV7DAN0YGAN,ciqual,20912,review
nfx_1N57880S2PEHSY0MV7DAN0YGAN,insa,545,review
nfx_1N57880S2PEHSY0MV7DAN0YGAN,insa,546,review
nfx_1N6N870VD1ANSKW67E2TZH7M8J,ciqual,11092,review
nfx_1N6N870VD1ANSKW67E2TZH7M8J,insa,1200,review
nfx_1N77DRDSRKS0DA9R249X7CS3ZE,ciqual,8211,review
nfx_1N77DRDSRKS0DA9R249X7CS3ZE,insa,355,review
nfx_1N7X5D2BCCQSG3H3D8VWZ6VKZC,ciqual,17420,automatic
nfx_1N7X5D2BCCQSG3H3D8VWZ6VKZC,ciqual,17420,review
nfx_1N7X5D2BCCQSG3H3D8VWZ6VKZC,ciqual,17420,review
nfx_1N7X5D2BCCQSG3H3D8VWZ6VKZC,ciqual,17420,review
nfx_1N7X5D2BCCQSG3H3D8VWZ6VKZC,ciqual,17420,review
nfx_1N7X5D2BCCQSG3H3D8VWZ6VKZC,ciqual,17420,review
nfx_1N7X5D2BCCQSG3H3D8VWZ6VKZC,insa,1900000092,review
nfx_1N7X5D2BCCQSG3H3D8VWZ6VKZC,insa,2120000009,review
nfx_1N7X5D2BCCQSG3H3D8VWZ6VKZC,insa,389,review
nfx_1N7X5D2BCCQSG3H3D8VWZ6VKZC,insa,392,review
nfx_1N7X5D2BCCQSG3H3D8VWZ6VKZC,insa,393,automatic
nfx_1N7X5D2BCCQSG3H3D8VWZ6VKZC,insa,394,review
nfx_1NEFVADX0JVT0JGHZWREV668G6,ciqual,9533,review
nfx_1NEFVADX0JVT0JGHZWREV668G6,ciqual,9533,review
nfx_1NEFVADX0JVT0JGHZWREV668G6,ciqual,9533,review
nfx_1NEFVADX0JVT0JGHZWREV668G6,ciqual,9533,review
nfx_1NEFVADX0JVT0JGHZWREV668G6,ciqual,9533,review
nfx_1NEFVADX0JVT0JGHZWREV668G6,ciqual,9533,review
nfx_1NEFVADX0JVT0JGHZWREV668G6,ciqual,9533,review
nfx_1NEFVADX0JVT0JGHZWREV668G6,insa,1900000071,review
nfx_1NEFVADX0JVT0JGHZWREV668G6,insa,1900000077,review
nfx_1NEFVADX0JVT0JGHZWREV668G6,insa,230003,review
nfx_1NEFVADX0JVT0JGHZWREV668G6,insa,411,review
nfx_1NEFVADX0JVT0JGHZWREV668G6,insa,413,review
nfx_1NEFVADX0JVT0JGHZWREV668G6,insa,414,review
nfx_1NEFVADX0JVT0JGHZWREV668G6,insa,415,review
nfx_1NEHEKNZ62FENR8DC4745D4DGD,ciqual,20058,review
nfx_1NEHEKNZ62FENR8DC4745D4DGD,ciqual,20309,review
nfx_1NEHEKNZ62FENR8DC4745D4DGD,insa,555,review
nfx_1NEHEKNZ62FENR8DC4745D4DGD,insa,555,review
nfx_1NFRTN31Q3Z0MBBR2VSSKBQ8NN,ciqual,20211,review
nfx_1NFRTN31Q3Z0MBBR2VSSKBQ8NN,ciqual,20211,review
nfx_1NFRTN31Q3Z0MBBR2VSSKBQ8NN,ciqual,20211,review
nfx_1NFRTN31Q3Z0MBBR2VSSKBQ8NN,insa,250028,review
nfx_1NFRTN31Q3Z0MBBR2VSSKBQ8NN,insa,603,review
nfx_1NFRTN31Q3Z0MBBR2VSSKBQ8NN,insa,604,review
nfx_1NGNE2P78V50XCCNMGY1X52VRC,ciqual,36600,review
nfx_1NGNE2P78V50XCCNMGY1X52VRC,insa,70500004,review
nfx_1NNZKPZG57BA9Z1Z2N0VF2MEZQ,ciqual,76006,review
nfx_1NNZKPZG57BA9Z1Z2N0VF2MEZQ,ciqual,76006,review
nfx_1NNZKPZG57BA9Z1Z2N0VF2MEZQ,ciqual,76006,review
nfx_1NNZKPZG57BA9Z1Z2N0VF2MEZQ,insa,2,review
nfx_1NNZKPZG57BA9Z1Z2N0VF2MEZQ,insa,3,review
nfx_1NNZKPZG57BA9Z1Z2N0VF2MEZQ,insa,5,review
nfx_1NR116BWJJCAATA5H9P67XGBKN,ciqual,6310,review
nfx_1NR116BWJJCAATA5H9P67XGBKN,ciqual,6310,review
nfx_1NR116BWJJCAATA5H9P67XGBKN,insa,199,review
nfx_1NR116BWJJCAATA5H9P67XGBKN,insa,318,review
nfx_1NXZYDKBGRMT74YJYET18Q9DN1,ciqual,4039,review
nfx_1NXZYDKBGRMT74YJYET18Q9DN1,ciqual,4039,review
nfx_1NXZYDKBGRMT74YJYET18Q9DN1,ciqual,4039,review
nfx_1NXZYDKBGRMT74YJYET18Q9DN1,insa,585,review
nfx_1NXZYDKBGRMT74YJYET18Q9DN1,insa,586,review
nfx_1NXZYDKBGRMT74YJYET18Q9DN1,insa,589,review
nfx_1P025GDDGNYA1QYANCFG7GXRMX,ciqual,19650,review
nfx_1P025GDDGNYA1QYANCFG7GXRMX,ciqual,19650,review
nfx_1P025GDDGNYA1QYANCFG7GXRMX,insa,220007,review
nfx_1P025GDDGNYA1QYANCFG7GXRMX,insa,59,review
nfx_1P5B83VVRCWXCGVE8H1JX47X79,ciqual,26113,review
nfx_1P5B83VVRCWXCGVE8H1JX47X79,insa,824,review
nfx_1P8ESEMWDKEJ6SNFPVDQQT7AGF,ciqual,4013,review
nfx_1P8ESEMWDKEJ6SNFPVDQQT7AGF,insa,585,review
nfx_1P9Z75QWS58JDPR362E905A6YT,ciqual,11178,review
nfx_1P9Z75QWS58JDPR362E905A6YT,insa,960,review
nfx_1PH5255GPR7K6CTN4EAHXFRBG0,ciqual,9436,review
nfx_1PH5255GPR7K6CTN4EAHXFRBG0,ciqual,9436,review
nfx_1PH5255GPR7K6CTN4EAHXFRBG0,ciqual,9436,review
nfx_1PH5255GPR7K6CTN4EAHXFRBG0,ciqual,9436,review
nfx_1PH5255GPR7K6CTN4EAHXFRBG0,ciqual,9436,review
nfx_1PH5255GPR7K6CTN4EAHXFRBG0,ciqual,9436,review
nfx_1PH5255GPR7K6CTN4EAHXFRBG0,ciqual,9436,review
nfx_1PH5255GPR7K6CTN4EAHXFRBG0,ciqual,9436,review
nfx_1PH5255GPR7K6CTN4EAHXFRBG0,ciqual,9436,review
nfx_1PH5255GPR7K6CTN4EAHXFRBG0,ciqual,9436,review
nfx_1PH5255GPR7K6CTN4EAHXFRBG0,insa,230003,review
nfx_1PH5255GPR7K6CTN4EAHXFRBG0,insa,414,review
nfx_1PH5255GPR7K6CTN4EAHXFRBG0,insa,415,review
nfx_1PH5255GPR7K6CTN4EAHXFRBG0,insa,429,review
nfx_1PH5255GPR7K6CTN4EAHXFRBG0,insa,430,review
nfx_1PH5255GPR7K6CTN4EAHXFRBG0,insa,433,review
nfx_1PH5255GPR7K6CTN4EAHXFRBG0,insa,436,review
nfx_1PH5255GPR7K6CTN4EAHXFRBG0,insa,437,review
nfx_1PH5255GPR7K6CTN4EAHXFRBG0,insa,438,review
nfx_1PH5255GPR7K6CTN4EAHXFRBG0,insa,60100002,review
nfx_1PKQ68E8G3BG557RGZVM7ZNWMB,ciqual,23952,review
nfx_1PKQ68E8G3BG557RGZVM7ZNWMB,ciqual,23952,review
nfx_1PKQ68E8G3BG557RGZVM7ZNWMB,ciqual,23952,review
nfx_1PKQ68E8G3BG557RGZVM7ZNWMB,ciqual,23952,review
nfx_1PKQ68E8G3BG557RGZVM7ZNWMB,ciqual,23952,review
nfx_1PKQ68E8G3BG557RGZVM7ZNWMB,insa,465,review
nfx_1PKQ68E8G3BG557RGZVM7ZNWMB,insa,475,review
nfx_1PKQ68E8G3BG557RGZVM7ZNWMB,insa,483,review
nfx_1PKQ68E8G3BG557RGZVM7ZNWMB,insa,495,review
nfx_1PKQ68E8G3BG557RGZVM7ZNWMB,insa,498,review
nfx_1PSD3SCSXCKCNPV72D984N1ZGZ,ciqual,76017,review
nfx_1PSD3SCSXCKCNPV72D984N1ZGZ,ciqual,76017,review
nfx_1PSD3SCSXCKCNPV72D984N1ZGZ,ciqual,76017,review
nfx_1PSD3SCSXCKCNPV72D984N1ZGZ,insa,2,review
nfx_1PSD3SCSXCKCNPV72D984N1ZGZ,insa,3,review
nfx_1PSD3SCSXCKCNPV72D984N1ZGZ,insa,5,review
nfx_1Q6GBRHCHSSPSH0WWG5P54EM7J,ciqual,12839,review
nfx_1Q6GBRHCHSSPSH0WWG5P54EM7J,ciqual,12839,review
nfx_1Q6GBRHCHSSPSH0WWG5P54EM7J,ciqual,12839,review
nfx_1Q6GBRHCHSSPSH0WWG5P54EM7J,insa,220004,review
nfx_1Q6GBRHCHSSPSH0WWG5P54EM7J,insa,220015,review
nfx_1Q6GBRHCHSSPSH0WWG5P54EM7J,insa,220022,review
nfx_1Q7VDFJ57CZJW86JJJVCDNGDS0,ciqual,10007,review
nfx_1Q7VDFJ57CZJW86JJJVCDNGDS0,insa,970,review
nfx_1Q8HEVCQDGTX7GAKAMR19BXSP1,ciqual,21007,review
nfx_1Q8HEVCQDGTX7GAKAMR19BXSP1,ciqual,21007,review
nfx_1Q8HEVCQDGTX7GAKAMR19BXSP1,ciqual,21007,review
nfx_1Q8HEVCQDGTX7GAKAMR19BXSP1,insa,114,review
nfx_1Q8HEVCQDGTX7GAKAMR19BXSP1,insa,115,review
nfx_1Q8HEVCQDGTX7GAKAMR19BXSP1,insa,120,review
nfx_1QDBPJ8KEWE2B45AQTS7GKJT3D,ciqual,28727,review
nfx_1QDBPJ8KEWE2B45AQTS7GKJT3D,insa,353,review
nfx_1QVKVTRE4N2TZBZHNXJQHMDSYM,ciqual,76057,review
nfx_1QVKVTRE4N2TZBZHNXJQHMDSYM,ciqual,76057,review
nfx_1QVKVTRE4N2TZBZHNXJQHMDSYM,ciqual,76057,review
nfx_1QVKVTRE4N2TZBZHNXJQHMDSYM,insa,2,review
nfx_1QVKVTRE4N2TZBZHNXJQHMDSYM,insa,3,review
nfx_1QVKVTRE4N2TZBZHNXJQHMDSYM,insa,5,review
nfx_1QXRK9V1W0YHPDC52HPJT4ZGEB,ciqual,24689,review
nfx_1QXRK9V1W0YHPDC52HPJT4ZGEB,ciqual,24689,review
nfx_1QXRK9V1W0YHPDC52HPJT4ZGEB,ciqual,24689,review
nfx_1QXRK9V1W0YHPDC52HPJT4ZGEB,ciqual,24689,review
nfx_1QXRK9V1W0YHPDC52HPJT4ZGEB,ciqual,24689,review
nfx_1QXRK9V1W0YHPDC52HPJT4ZGEB,ciqual,24689,review
nfx_1QXRK9V1W0YHPDC52HPJT4ZGEB,ciqual,24689,review
nfx_1QXRK9V1W0YHPDC52HPJT4ZGEB,insa,455,review
nfx_1QXRK9V1W0YHPDC52HPJT4ZGEB,insa,459,review
nfx_1QXRK9V1W0YHPDC52HPJT4ZGEB,insa,460,review
nfx_1QXRK9V1W0YHPDC52HPJT4ZGEB,insa,463,review
nfx_1QXRK9V1W0YHPDC52HPJT4ZGEB,insa,464,review
nfx_1QXRK9V1W0YHPDC52HPJT4ZGEB,insa,466,review
nfx_1QXRK9V1W0YHPDC52HPJT4ZGEB,insa,469,review
nfx_1QXZF92RV00KFF09HSD36ZM3ZC,ciqual,19550,review
nfx_1QXZF92RV00KFF09HSD36ZM3ZC,ciqual,19593,review
nfx_1QXZF92RV00KFF09HSD36ZM3ZC,ciqual,19860,review
nfx_1QXZF92RV00KFF09HSD36ZM3ZC,insa,68,review
nfx_1QXZF92RV00KFF09HSD36ZM3ZC,insa,68,review
nfx_1QXZF92RV00KFF09HSD36ZM3ZC,insa,68,review
nfx_1R025WQ45H1R8FMAK3NCXMAH76,ciqual,19508,review
nfx_1R025WQ45H1R8FMAK3NCXMAH76,ciqual,19539,review
nfx_1R025WQ45H1R8FMAK3NCXMAH76,ciqual,19553,review
nfx_1R025WQ45H1R8FMAK3NCXMAH76,ciqual,19578,review
nfx_1R025WQ45H1R8FMAK3NCXMAH76,ciqual,19676,review
nfx_1R025WQ45H1R8FMAK3NCXMAH76,ciqual,19862,review
nfx_1R025WQ45H1R8FMAK3NCXMAH76,insa,73,review
nfx_1R025WQ45H1R8FMAK3NCXMAH76,insa,73,review
nfx_1R025WQ45H1R8FMAK3NCXMAH76,insa,73,review
nfx_1R025WQ45H1R8FMAK3NCXMAH76,insa,73,review
nfx_1R025WQ45H1R8FMAK3NCXMAH76,insa,73,review
nfx_1R025WQ45H1R8FMAK3NCXMAH76,insa,73,review
nfx_1R57W9HYTH0YHAX6000AT5DGJ0,ciqual,76092,review
nfx_1R57W9HYTH0YHAX6000AT5DGJ0,ciqual,76092,review
nfx_1R57W9HYTH0YHAX6000AT5DGJ0,ciqual,76092,review
nfx_1R57W9HYTH0YHAX6000AT5DGJ0,insa,2,review
nfx_1R57W9HYTH0YHAX6000AT5DGJ0,insa,3,review
nfx_1R57W9HYTH0YHAX6000AT5DGJ0,insa,5,review
nfx_1R7C23BCYTT2NGWK53AW7KF0CN,ciqual,18022,review
nfx_1R7C23BCYTT2NGWK53AW7KF0CN,insa,964,review
nfx_1R88ZMJVP4NKMHZ82B7SQ09T8X,ciqual,23498,review
nfx_1R88ZMJVP4NKMHZ82B7SQ09T8X,insa,260004,review
nfx_1RAHVDBMPCXNXQZFFCYP6TFH6G,ciqual,25916,review
nfx_1RAHVDBMPCXNXQZFFCYP6TFH6G,ciqual,25916,review
nfx_1RAHVDBMPCXNXQZFFCYP6TFH6G,ciqual,25916,review
nfx_1RAHVDBMPCXNXQZFFCYP6TFH6G,ciqual,25916,review
nfx_1RAHVDBMPCXNXQZFFCYP6TFH6G,ciqual,25916,review
nfx_1RAHVDBMPCXNXQZFFCYP6TFH6G,ciqual,25916,review
nfx_1RAHVDBMPCXNXQZFFCYP6TFH6G,ciqual,25916,review
nfx_1RAHVDBMPCXNXQZFFCYP6TFH6G,ciqual,25916,review
nfx_1RAHVDBMPCXNXQZFFCYP6TFH6G,ciqual,25916,review
nfx_1RAHVDBMPCXNXQZFFCYP6TFH6G,ciqual,25916,review
nfx_1RAHVDBMPCXNXQZFFCYP6TFH6G,ciqual,25916,review
nfx_1RAHVDBMPCXNXQZFFCYP6TFH6G,ciqual,25916,review
nfx_1RAHVDBMPCXNXQZFFCYP6TFH6G,ciqual,25916,review
nfx_1RAHVDBMPCXNXQZFFCYP6TFH6G,ciqual,25916,review
nfx_1RAHVDBMPCXNXQZFFCYP6TFH6G,insa,1101,review
nfx_1RAHVDBMPCXNXQZFFCYP6TFH6G,insa,1106,review
nfx_1RAHVDBMPCXNXQZFFCYP6TFH6G,insa,1109,review
nfx_1RAHVDBMPCXNXQZFFCYP6TFH6G,insa,1112,review
nfx_1RAHVDBMPCXNXQZFFCYP6TFH6G,insa,1114,review
nfx_1RAHVDBMPCXNXQZFFCYP6TFH6G,insa,1120,review
nfx_1RAHVDBMPCXNXQZFFCYP6TFH6G,insa,780,review
nfx_1RAHVDBMPCXNXQZFFCYP6TFH6G,insa,781,review
nfx_1RAHVDBMPCXNXQZFFCYP6TFH6G,insa,784,review
nfx_1RAHVDBMPCXNXQZFFCYP6TFH6G,insa,786,review
nfx_1RAHVDBMPCXNXQZFFCYP6TFH6G,insa,787,review
nfx_1RAHVDBMPCXNXQZFFCYP6TFH6G,insa,791,review
nfx_1RAHVDBMPCXNXQZFFCYP6TFH6G,insa,797,review
nfx_1RAHVDBMPCXNXQZFFCYP6TFH6G,insa,798,review
nfx_1RBJRPPJBP2JFQQ5PWSMG1PJHA,ciqual,24019,review
nfx_1RBJRPPJBP2JFQQ5PWSMG1PJHA,ciqual,24019,review
nfx_1RBJRPPJBP2JFQQ5PWSMG1PJHA,ciqual,24019,review
nfx_1RBJRPPJBP2JFQQ5PWSMG1PJHA,insa,459,review
nfx_1RBJRPPJBP2JFQQ5PWSMG1PJHA,insa,465,review
nfx_1RBJRPPJBP2JFQQ5PWSMG1PJHA,insa,498,review
nfx_1RF9NB6654NS7PCWNJESY08HKT,ciqual,26087,review
nfx_1RF9NB6654NS7PCWNJESY08HKT,ciqual,26087,review
nfx_1RF9NB6654NS7PCWNJESY08HKT,ciqual,26087,review
nfx_1RF9NB6654NS7PCWNJESY08HKT,ciqual,26087,review
nfx_1RF9NB6654NS7PCWNJESY08HKT,ciqual,26087,review
nfx_1RF9NB6654NS7PCWNJESY08HKT,insa,1128,review
nfx_1RF9NB6654NS7PCWNJESY08HKT,insa,1129,review
nfx_1RF9NB6654NS7PCWNJESY08HKT,insa,820,review
nfx_1RF9NB6654NS7PCWNJESY08HKT,insa,880,review
nfx_1RF9NB6654NS7PCWNJESY08HKT,insa,881,review
nfx_1RH9H3TA2ZRFKC9ZR7C065CZHT,ciqual,11301,review
nfx_1RH9H3TA2ZRFKC9ZR7C065CZHT,ciqual,11301,review
nfx_1RH9H3TA2ZRFKC9ZR7C065CZHT,ciqual,11301,review
nfx_1RH9H3TA2ZRFKC9ZR7C065CZHT,ciqual,11301,review
nfx_1RH9H3TA2ZRFKC9ZR7C065CZHT,ciqual,11301,review
nfx_1RH9H3TA2ZRFKC9ZR7C065CZHT,ciqual,11301,review
nfx_1RH9H3TA2ZRFKC9ZR7C065CZHT,insa,1164,review
nfx_1RH9H3TA2ZRFKC9ZR7C065CZHT,insa,1229,review
nfx_1RH9H3TA2ZRFKC9ZR7C065CZHT,insa,2120000007,review
nfx_1RH9H3TA2ZRFKC9ZR7C065CZHT,insa,928,review
nfx_1RH9H3TA2ZRFKC9ZR7C065CZHT,insa,929,review
nfx_1RH9H3TA2ZRFKC9ZR7C065CZHT,insa,933,review
nfx_1RJXP11YT89YYCBP0HS7NSV5YT,ciqual,12010,review
nfx_1RJXP11YT89YYCBP0HS7NSV5YT,ciqual,12031,review
nfx_1RJXP11YT89YYCBP0HS7NSV5YT,ciqual,12034,review
nfx_1RJXP11YT89YYCBP0HS7NSV5YT,ciqual,12038,review
nfx_1RJXP11YT89YYCBP0HS7NSV5YT,ciqual,12051,review
nfx_1RJXP11YT89YYCBP0HS7NSV5YT,ciqual,12052,review
nfx_1RJXP11YT89YYCBP0HS7NSV5YT,ciqual,12059,review
nfx_1RJXP11YT89YYCBP0HS7NSV5YT,ciqual,12060,review
nfx_1RJXP11YT89YYCBP0HS7NSV5YT,ciqual,12061,review
nfx_1RJXP11YT89YYCBP0HS7NSV5YT,ciqual,12105,review
nfx_1RJXP11YT89YYCBP0HS7NSV5YT,ciqual,12111,review
nfx_1RJXP11YT89YYCBP0HS7NSV5YT,ciqual,12121,review
nfx_1RJXP11YT89YYCBP0HS7NSV5YT,ciqual,12122,review
nfx_1RJXP11YT89YYCBP0HS7NSV5YT,ciqual,12123,review
nfx_1RJXP11YT89YYCBP0HS7NSV5YT,ciqual,12300,review
nfx_1RJXP11YT89YYCBP0HS7NSV5YT,ciqual,12356,review
nfx_1RJXP11YT89YYCBP0HS7NSV5YT,ciqual,12524,review
nfx_1RJXP11YT89YYCBP0HS7NSV5YT,ciqual,12716,review
nfx_1RJXP11YT89YYCBP0HS7NSV5YT,ciqual,12761,review
nfx_1RJXP11YT89YYCBP0HS7NSV5YT,ciqual,12828,review
nfx_1RJXP11YT89YYCBP0HS7NSV5YT,ciqual,12999,review
nfx_1RJXP11YT89YYCBP0HS7NSV5YT,ciqual,19584,review
nfx_1RJXP11YT89YYCBP0HS7NSV5YT,ciqual,19585,review
nfx_1RJXP11YT89YYCBP0HS7NSV5YT,ciqual,25020,review
nfx_1RJXP11YT89YYCBP0HS7NSV5YT,ciqual,25444,review
nfx_1RJXP11YT89YYCBP0HS7NSV5YT,ciqual,38501,review
nfx_1RJXP11YT89YYCBP0HS7NSV5YT,insa,220008,review
nfx_1RJXP11YT89YYCBP0HS7NSV5YT,insa,220008,review
nfx_1RJXP11YT89YYCBP0HS7NSV5YT,insa,220008,review
nfx_1RJXP11YT89YYCBP0HS7NSV5YT,insa,220008,review
nfx_1RJXP11YT89YYCBP0HS7NSV5YT,insa,220008,review
nfx_1RJXP11YT89YYCBP0HS7NSV5YT,insa,220008,review
nfx_1RJXP11YT89YYCBP0HS7NSV5YT,insa,220008,review
nfx_1RJXP11YT89YYCBP0HS7NSV5YT,insa,220008,review
nfx_1RJXP11YT89YYCBP0HS7NSV5YT,insa,220008,review
nfx_1RJXP11YT89YYCBP0HS7NSV5YT,insa,220008,review
nfx_1RJXP11YT89YYCBP0HS7NSV5YT,insa,220008,review
nfx_1RJXP11YT89YYCBP0HS7NSV5YT,insa,220008,review
nfx_1RJXP11YT89YYCBP0HS7NSV5YT,insa,220008,review
nfx_1RJXP11YT89YYCBP0HS7NSV5YT,insa,220008,review
nfx_1RJXP11YT89YYCBP0HS7NSV5YT,insa,220008,review
nfx_1RJXP11YT89YYCBP0HS7NSV5YT,insa,220008,review
nfx_1RJXP11YT89YYCBP0HS7NSV5YT,insa,220008,review
nfx_1RJXP11YT89YYCBP0HS7NSV5YT,insa,220008,review
nfx_1RJXP11YT89YYCBP0HS7NSV5YT,insa,220008,review
nfx_1RJXP11YT89YYCBP0HS7NSV5YT,insa,220008,review
nfx_1RJXP11YT89YYCBP0HS7NSV5YT,insa,220008,review
nfx_1RJXP11YT89YYCBP0HS7NSV5YT,insa,220008,review
nfx_1RJXP11YT89YYCBP0HS7NSV5YT,insa,220008,review
nfx_1RJXP11YT89YYCBP0HS7NSV5YT,insa,220008,review
nfx_1RJXP11YT89YYCBP0HS7NSV5YT,insa,220008,review
nfx_1RJXP11YT89YYCBP0HS7NSV5YT,insa,220008,review
nfx_1RNXDPNFCP20WWAMP8HQY4T9PZ,ciqual,4028,review
nfx_1RNXDPNFCP20WWAMP8HQY4T9PZ,insa,586,review
nfx_1RPND5CR2JP1ZCQ75547GT39F5,ciqual,6550,review
nfx_1RPND5CR2JP1ZCQ75547GT39F5,ciqual,6550,review
nfx_1RPND5CR2JP1ZCQ75547GT39F5,ciqual,6550,review
nfx_1RPND5CR2JP1ZCQ75547GT39F5,ciqual,6550,review
nfx_1RPND5CR2JP1ZCQ75547GT39F5,ciqual,6550,review
nfx_1RPND5CR2JP1ZCQ75547GT39F5,insa,2120000005,review
nfx_1RPND5CR2JP1ZCQ75547GT39F5,insa,222,review
nfx_1RPND5CR2JP1ZCQ75547GT39F5,insa,223,review
nfx_1RPND5CR2JP1ZCQ75547GT39F5,insa,320,review
nfx_1RPND5CR2JP1ZCQ75547GT39F5,insa,326,review
nfx_1RQ8S1HJ8NPPAGT0AKAXEXG590,ciqual,20217,automatic
nfx_1RQ8S1HJ8NPPAGT0AKAXEXG590,insa,1225,automatic
nfx_1RSS7CW93020SBPS0PJWRR1PD4,ciqual,12813,review
nfx_1RSS7CW93020SBPS0PJWRR1PD4,insa,220015,review
nfx_1RXJN2H7D11XTV03WQ95H9DBXJ,ciqual,12522,review
nfx_1RXJN2H7D11XTV03WQ95H9DBXJ,insa,47,review
nfx_1S1H82SRQXTJ04XHNBPS64NWC1,ciqual,20087,review
nfx_1S1H82SRQXTJ04XHNBPS64NWC1,ciqual,20168,review
nfx_1S1H82SRQXTJ04XHNBPS64NWC1,insa,612,review
nfx_1S1H82SRQXTJ04XHNBPS64NWC1,insa,612,review
nfx_1S2CMQVW2PBXQ1E6TMAZEW69JS,ciqual,19508,review
nfx_1S2CMQVW2PBXQ1E6TMAZEW69JS,ciqual,19539,review
nfx_1S2CMQVW2PBXQ1E6TMAZEW69JS,ciqual,19553,review
nfx_1S2CMQVW2PBXQ1E6TMAZEW69JS,ciqual,19578,review
nfx_1S2CMQVW2PBXQ1E6TMAZEW69JS,ciqual,19676,review
nfx_1S2CMQVW2PBXQ1E6TMAZEW69JS,ciqual,19677,review
nfx_1S2CMQVW2PBXQ1E6TMAZEW69JS,ciqual,19862,review
nfx_1S2CMQVW2PBXQ1E6TMAZEW69JS,insa,77,review
nfx_1S2CMQVW2PBXQ1E6TMAZEW69JS,insa,77,review
nfx_1S2CMQVW2PBXQ1E6TMAZEW69JS,insa,77,review
nfx_1S2CMQVW2PBXQ1E6TMAZEW69JS,insa,77,review
nfx_1S2CMQVW2PBXQ1E6TMAZEW69JS,insa,77,review
nfx_1S2CMQVW2PBXQ1E6TMAZEW69JS,insa,77,review
nfx_1S2CMQVW2PBXQ1E6TMAZEW69JS,insa,77,review
nfx_1S7MKH1CSHRP2WTVM8MY782X2E,ciqual,13164,review
nfx_1S7MKH1CSHRP2WTVM8MY782X2E,ciqual,23802,review
nfx_1S7MKH1CSHRP2WTVM8MY782X2E,ciqual,42000,review
nfx_1S7MKH1CSHRP2WTVM8MY782X2E,ciqual,7739,review
nfx_1S7MKH1CSHRP2WTVM8MY782X2E,insa,472,review
nfx_1S7MKH1CSHRP2WTVM8MY782X2E,insa,472,review
nfx_1S7MKH1CSHRP2WTVM8MY782X2E,insa,472,review
nfx_1S7MKH1CSHRP2WTVM8MY782X2E,insa,472,review
nfx_1S8SDWKQ9NGX8R9RKK0YRXJ292,ciqual,26048,review
nfx_1S8SDWKQ9NGX8R9RKK0YRXJ292,ciqual,26048,review
nfx_1S8SDWKQ9NGX8R9RKK0YRXJ292,ciqual,26048,review
nfx_1S8SDWKQ9NGX8R9RKK0YRXJ292,ciqual,26048,review
nfx_1S8SDWKQ9NGX8R9RKK0YRXJ292,insa,862,review
nfx_1S8SDWKQ9NGX8R9RKK0YRXJ292,insa,865,review
nfx_1S8SDWKQ9NGX8R9RKK0YRXJ292,insa,868,review
nfx_1S8SDWKQ9NGX8R9RKK0YRXJ292,insa,966,review
nfx_1S92K3XF46C89CRKCD88F3KES8,ciqual,15203,review
nfx_1S92K3XF46C89CRKCD88F3KES8,insa,2120000008,review
nfx_1SH12PJHR2T4GYZWT82JW0VTAP,ciqual,19726,review
nfx_1SH12PJHR2T4GYZWT82JW0VTAP,ciqual,19726,review
nfx_1SH12PJHR2T4GYZWT82JW0VTAP,insa,1920000006,review
nfx_1SH12PJHR2T4GYZWT82JW0VTAP,insa,71,review
nfx_1SM4031FNH17C6A8Y3FZDWXNXA,ciqual,20002,review
nfx_1SM4031FNH17C6A8Y3FZDWXNXA,insa,619,review
nfx_1T0HTE3FPYQCYC28B9YJ5MAGNC,ciqual,20808,review
nfx_1T0HTE3FPYQCYC28B9YJ5MAGNC,insa,611,review
nfx_1T0RZ0TH05CMXPN35587B44H9C,ciqual,26235,review
nfx_1T0RZ0TH05CMXPN35587B44H9C,insa,826,review
nfx_1T959FEPYZA62JD55BFD8DEZFX,ciqual,23485,review
nfx_1T959FEPYZA62JD55BFD8DEZFX,insa,456,review
nfx_1TH1T4FNV3N0TFKNPFHD7WEFCM,ciqual,6511,review
nfx_1TH1T4FNV3N0TFKNPFHD7WEFCM,ciqual,6511,review
nfx_1TH1T4FNV3N0TFKNPFHD7WEFCM,ciqual,6511,review
nfx_1TH1T4FNV3N0TFKNPFHD7WEFCM,ciqual,6511,review
nfx_1TH1T4FNV3N0TFKNPFHD7WEFCM,ciqual,6511,review
nfx_1TH1T4FNV3N0TFKNPFHD7WEFCM,ciqual,6511,review
nfx_1TH1T4FNV3N0TFKNPFHD7WEFCM,ciqual,6511,review
nfx_1TH1T4FNV3N0TFKNPFHD7WEFCM,ciqual,6511,review
nfx_1TH1T4FNV3N0TFKNPFHD7WEFCM,insa,1142,review
nfx_1TH1T4FNV3N0TFKNPFHD7WEFCM,insa,1146,review
nfx_1TH1T4FNV3N0TFKNPFHD7WEFCM,insa,223,review
nfx_1TH1T4FNV3N0TFKNPFHD7WEFCM,insa,234,review
nfx_1TH1T4FNV3N0TFKNPFHD7WEFCM,insa,235,review
nfx_1TH1T4FNV3N0TFKNPFHD7WEFCM,insa,238,review
nfx_1TH1T4FNV3N0TFKNPFHD7WEFCM,insa,239,review
nfx_1TH1T4FNV3N0TFKNPFHD7WEFCM,insa,327,review
nfx_1TH83M1MT1Y03WT7H62TMB0W9T,ciqual,26072,automatic
nfx_1TH83M1MT1Y03WT7H62TMB0W9T,insa,871,automatic
nfx_1THRSXXA4ECTHCN7QA1M2ZZ52G,ciqual,76062,review
nfx_1THRSXXA4ECTHCN7QA1M2ZZ52G,ciqual,76062,review
nfx_1THRSXXA4ECTHCN7QA1M2ZZ52G,ciqual,76062,review
nfx_1THRSXXA4ECTHCN7QA1M2ZZ52G,insa,2,review
nfx_1THRSXXA4ECTHCN7QA1M2ZZ52G,insa,3,review
nfx_1THRSXXA4ECTHCN7QA1M2ZZ52G,insa,5,review
nfx_1TVJZ1AD0FH5K4EZC2CYXP0YBE,ciqual,20045,review
nfx_1TVJZ1AD0FH5K4EZC2CYXP0YBE,ciqual,20089,review
nfx_1TVJZ1AD0FH5K4EZC2CYXP0YBE,insa,614,review
nfx_1TVJZ1AD0FH5K4EZC2CYXP0YBE,insa,614,review
nfx_1TVVZXG1TWVYKJKK4ECQQ7PCBS,ciqual,22510,review
nfx_1TVVZXG1TWVYKJKK4ECQQ7PCBS,insa,1072,review
nfx_1TY451CXCZ3XRE1F7NJ606T79S,ciqual,19000,review
nfx_1TY451CXCZ3XRE1F7NJ606T79S,ciqual,19225,review
nfx_1TY451CXCZ3XRE1F7NJ606T79S,ciqual,19250,review
nfx_1TY451CXCZ3XRE1F7NJ606T79S,ciqual,19865,review
nfx_1TY451CXCZ3XRE1F7NJ606T79S,insa,514,review
nfx_1TY451CXCZ3XRE1F7NJ606T79S,insa,514,review
nfx_1TY451CXCZ3XRE1F7NJ606T79S,insa,514,review
nfx_1TY451CXCZ3XRE1F7NJ606T79S,insa,514,review
nfx_1TYMCVZMZV4SZ6K0Q3H2EHNAB8,ciqual,13212,review
nfx_1TYMCVZMZV4SZ6K0Q3H2EHNAB8,insa,666,review
nfx_1V2CZG6NXBFN82JHMCC67QQCHH,ciqual,76012,review
nfx_1V2CZG6NXBFN82JHMCC67QQCHH,ciqual,76012,review
nfx_1V2CZG6NXBFN82JHMCC67QQCHH,ciqual,76012,review
nfx_1V2CZG6NXBFN82JHMCC67QQCHH,insa,2,review
nfx_1V2CZG6NXBFN82JHMCC67QQCHH,insa,3,review
nfx_1V2CZG6NXBFN82JHMCC67QQCHH,insa,5,review
nfx_1VQ8S0KM4G025C8G2Y5FGHCHJV,ciqual,18044,review
nfx_1VQ8S0KM4G025C8G2Y5FGHCHJV,ciqual,18044,review
nfx_1VQ8S0KM4G025C8G2Y5FGHCHJV,ciqual,18044,review
nfx_1VQ8S0KM4G025C8G2Y5FGHCHJV,insa,2,review
nfx_1VQ8S0KM4G025C8G2Y5FGHCHJV,insa,3,review
nfx_1VQ8S0KM4G025C8G2Y5FGHCHJV,insa,5,review
nfx_1VQDTKNWBT53XSSKA2SSGTJMJX,ciqual,20192,review
nfx_1VQDTKNWBT53XSSKA2SSGTJMJX,ciqual,20192,review
nfx_1VQDTKNWBT53XSSKA2SSGTJMJX,insa,317,review
nfx_1VQDTKNWBT53XSSKA2SSGTJMJX,insa,615,review
nfx_1VS8VEZ9214TC2Y1SFZ21MTRJN,ciqual,20167,review
nfx_1VS8VEZ9214TC2Y1SFZ21MTRJN,ciqual,20167,review
nfx_1VS8VEZ9214TC2Y1SFZ21MTRJN,ciqual,20167,review
nfx_1VS8VEZ9214TC2Y1SFZ21MTRJN,insa,552,review
nfx_1VS8VEZ9214TC2Y1SFZ21MTRJN,insa,562,review
nfx_1VS8VEZ9214TC2Y1SFZ21MTRJN,insa,565,review
nfx_1VT4GKSR5EQ7AGEAZS1EM466V4,ciqual,18029,review
nfx_1VT4GKSR5EQ7AGEAZS1EM466V4,ciqual,18298,review
nfx_1VT4GKSR5EQ7AGEAZS1EM466V4,ciqual,18305,review
nfx_1VT4GKSR5EQ7AGEAZS1EM466V4,ciqual,18347,review
nfx_1VT4GKSR5EQ7AGEAZS1EM466V4,insa,765,review
nfx_1VT4GKSR5EQ7AGEAZS1EM466V4,insa,765,review
nfx_1VT4GKSR5EQ7AGEAZS1EM466V4,insa,765,review
nfx_1VT4GKSR5EQ7AGEAZS1EM466V4,insa,765,review
nfx_1VWVY2KHCZXCPG4NGR515V3C1Y,ciqual,11051,review
nfx_1VWVY2KHCZXCPG4NGR515V3C1Y,ciqual,11097,review
nfx_1VWVY2KHCZXCPG4NGR515V3C1Y,ciqual,11101,review
nfx_1VWVY2KHCZXCPG4NGR515V3C1Y,ciqual,11102,review
nfx_1VWVY2KHCZXCPG4NGR515V3C1Y,ciqual,11105,review
nfx_1VWVY2KHCZXCPG4NGR515V3C1Y,ciqual,11120,review
nfx_1VWVY2KHCZXCPG4NGR515V3C1Y,ciqual,11163,review
nfx_1VWVY2KHCZXCPG4NGR515V3C1Y,ciqual,11184,review
nfx_1VWVY2KHCZXCPG4NGR515V3C1Y,ciqual,11187,review
nfx_1VWVY2KHCZXCPG4NGR515V3C1Y,ciqual,11202,review
nfx_1VWVY2KHCZXCPG4NGR515V3C1Y,ciqual,11203,review
nfx_1VWVY2KHCZXCPG4NGR515V3C1Y,ciqual,11210,review
nfx_1VWVY2KHCZXCPG4NGR515V3C1Y,ciqual,11218,review
nfx_1VWVY2KHCZXCPG4NGR515V3C1Y,ciqual,11240,review
nfx_1VWVY2KHCZXCPG4NGR515V3C1Y,ciqual,11243,review
nfx_1VWVY2KHCZXCPG4NGR515V3C1Y,ciqual,11244,review
nfx_1VWVY2KHCZXCPG4NGR515V3C1Y,ciqual,11302,review
nfx_1VWVY2KHCZXCPG4NGR515V3C1Y,insa,929,review
nfx_1VWVY2KHCZXCPG4NGR515V3C1Y,insa,929,review
nfx_1VWVY2KHCZXCPG4NGR515V3C1Y,insa,929,review
nfx_1VWVY2KHCZXCPG4NGR515V3C1Y,insa,929,review
nfx_1VWVY2KHCZXCPG4NGR515V3C1Y,insa,929,review
nfx_1VWVY2KHCZXCPG4NGR515V3C1Y,insa,929,review
nfx_1VWVY2KHCZXCPG4NGR515V3C1Y,insa,929,review
nfx_1VWVY2KHCZXCPG4NGR515V3C1Y,insa,929,review
nfx_1VWVY2KHCZXCPG4NGR515V3C1Y,insa,929,review
nfx_1VWVY2KHCZXCPG4NGR515V3C1Y,insa,929,review
nfx_1VWVY2KHCZXCPG4NGR515V3C1Y,insa,929,review
nfx_1VWVY2KHCZXCPG4NGR515V3C1Y,insa,929,review
nfx_1VWVY2KHCZXCPG4NGR515V3C1Y,insa,929,review
nfx_1VWVY2KHCZXCPG4NGR515V3C1Y,insa,929,review
nfx_1VWVY2KHCZXCPG4NGR515V3C1Y,insa,929,review
nfx_1VWVY2KHCZXCPG4NGR515V3C1Y,insa,929,review
nfx_1VWVY2KHCZXCPG4NGR515V3C1Y,insa,929,review
nfx_1W6MMYE47R46PCX40CJD0G68Z9,ciqual,26064,review
nfx_1W6MMYE47R46PCX40CJD0G68Z9,ciqual,26068,review
nfx_1W6MMYE47R46PCX40CJD0G68Z9,ciqual,26069,review
nfx_1W6MMYE47R46PCX40CJD0G68Z9,ciqual,26076,review
nfx_1W6MMYE47R46PCX40CJD0G68Z9,insa,811,review
nfx_1W6MMYE47R46PCX40CJD0G68Z9,insa,811,review
nfx_1W6MMYE47R46PCX40CJD0G68Z9,insa,811,review
nfx_1W6MMYE47R46PCX40CJD0G68Z9,insa,811,review
nfx_1WEFMQ4G0HXRGGN70P35JC5P11,ciqual,6150,review
nfx_1WEFMQ4G0HXRGGN70P35JC5P11,ciqual,6150,review
nfx_1WEFMQ4G0HXRGGN70P35JC5P11,ciqual,6150,review
nfx_1WEFMQ4G0HXRGGN70P35JC5P11,ciqual,6150,review
nfx_1WEFMQ4G0HXRGGN70P35JC5P11,ciqual,6150,review
nfx_1WEFMQ4G0HXRGGN70P35JC5P11,ciqual,6150,review
nfx_1WEFMQ4G0HXRGGN70P35JC5P11,ciqual,6150,review
nfx_1WEFMQ4G0HXRGGN70P35JC5P11,ciqual,6150,review
nfx_1WEFMQ4G0HXRGGN70P35JC5P11,ciqual,6150,review
nfx_1WEFMQ4G0HXRGGN70P35JC5P11,ciqual,6150,review
nfx_1WEFMQ4G0HXRGGN70P35JC5P11,ciqual,6150,review
nfx_1WEFMQ4G0HXRGGN70P35JC5P11,insa,195,review
nfx_1WEFMQ4G0HXRGGN70P35JC5P11,insa,196,review
nfx_1WEFMQ4G0HXRGGN70P35JC5P11,insa,198,review
nfx_1WEFMQ4G0HXRGGN70P35JC5P11,insa,2120000002,review
nfx_1WEFMQ4G0HXRGGN70P35JC5P11,insa,2120000003,review
nfx_1WEFMQ4G0HXRGGN70P35JC5P11,insa,217,review
nfx_1WEFMQ4G0HXRGGN70P35JC5P11,insa,293,review
nfx_1WEFMQ4G0HXRGGN70P35JC5P11,insa,317,review
nfx_1WEFMQ4G0HXRGGN70P35JC5P11,insa,324,review
nfx_1WEFMQ4G0HXRGGN70P35JC5P11,insa,330,review
nfx_1WEFMQ4G0HXRGGN70P35JC5P11,insa,336,review
nfx_1WEY8AP4ESX2Q62XBNZXX6JWFB,ciqual,13415,review
nfx_1WEY8AP4ESX2Q62XBNZXX6JWFB,insa,1900000096,review
nfx_1WGXYSN2V76E60CTV54Y352JQG,ciqual,26019,review
nfx_1WGXYSN2V76E60CTV54Y352JQG,insa,880,review
nfx_1WKKGTRFHY8JWCDVH4B2SK79B0,ciqual,11110,review
nfx_1WKKGTRFHY8JWCDVH4B2SK79B0,insa,1229,review
nfx_1WM0ZF7FC0N522P1REGT1AK0WV,ciqual,23829,review
nfx_1WM0ZF7FC0N522P1REGT1AK0WV,insa,498,review
nfx_1WQRR8AKZ32408XFE9GQG3YVEF,ciqual,32140,review
nfx_1WQRR8AKZ32408XFE9GQG3YVEF,insa,1900000072,review
nfx_1WWC6W3HG54ADPK334625BW559,ciqual,23050,review
nfx_1WWC6W3HG54ADPK334625BW559,ciqual,24009,review
nfx_1WWC6W3HG54ADPK334625BW559,ciqual,24615,review
nfx_1WWC6W3HG54ADPK334625BW559,ciqual,38107,review
nfx_1WWC6W3HG54ADPK334625BW559,ciqual,38399,review
nfx_1WWC6W3HG54ADPK334625BW559,ciqual,38422,review
nfx_1WWC6W3HG54ADPK334625BW559,insa,458,review
nfx_1WWC6W3HG54ADPK334625BW559,insa,458,review
nfx_1WWC6W3HG54ADPK334625BW559,insa,458,review
nfx_1WWC6W3HG54ADPK334625BW559,insa,458,review
nfx_1WWC6W3HG54ADPK334625BW559,insa,458,review
nfx_1WWC6W3HG54ADPK334625BW559,insa,458,review
nfx_1WYV66X2NV93FC430WVRZENC8N,ciqual,36024,review
nfx_1WYV66X2NV93FC430WVRZENC8N,ciqual,36024,review
nfx_1WYV66X2NV93FC430WVRZENC8N,ciqual,36024,review
nfx_1WYV66X2NV93FC430WVRZENC8N,insa,128,review
nfx_1WYV66X2NV93FC430WVRZENC8N,insa,1900000001,review
nfx_1WYV66X2NV93FC430WVRZENC8N,insa,1900000007,review
nfx_1X17NDPW8Q3R7C6GC7E2FDYKQK,ciqual,38419,review
nfx_1X17NDPW8Q3R7C6GC7E2FDYKQK,ciqual,38419,review
nfx_1X17NDPW8Q3R7C6GC7E2FDYKQK,ciqual,38419,review
nfx_1X17NDPW8Q3R7C6GC7E2FDYKQK,ciqual,38419,review
nfx_1X17NDPW8Q3R7C6GC7E2FDYKQK,ciqual,38419,review
nfx_1X17NDPW8Q3R7C6GC7E2FDYKQK,ciqual,38419,review
nfx_1X17NDPW8Q3R7C6GC7E2FDYKQK,ciqual,38419,review
nfx_1X17NDPW8Q3R7C6GC7E2FDYKQK,insa,455,review
nfx_1X17NDPW8Q3R7C6GC7E2FDYKQK,insa,459,review
nfx_1X17NDPW8Q3R7C6GC7E2FDYKQK,insa,460,review
nfx_1X17NDPW8Q3R7C6GC7E2FDYKQK,insa,463,review
nfx_1X17NDPW8Q3R7C6GC7E2FDYKQK,insa,464,review
nfx_1X17NDPW8Q3R7C6GC7E2FDYKQK,insa,466,review
nfx_1X17NDPW8Q3R7C6GC7E2FDYKQK,insa,469,review
nfx_1X3WD6DQKG83BM5QJ63KD9X8PS,ciqual,30050,review
nfx_1X3WD6DQKG83BM5QJ63KD9X8PS,ciqual,30051,review
nfx_1X3WD6DQKG83BM5QJ63KD9X8PS,ciqual,30102,review
nfx_1X3WD6DQKG83BM5QJ63KD9X8PS,ciqual,30110,review
nfx_1X3WD6DQKG83BM5QJ63KD9X8PS,ciqual,30150,review
nfx_1X3WD6DQKG83BM5QJ63KD9X8PS,ciqual,30151,review
nfx_1X3WD6DQKG83BM5QJ63KD9X8PS,ciqual,30152,review
nfx_1X3WD6DQKG83BM5QJ63KD9X8PS,ciqual,30750,review
nfx_1X3WD6DQKG83BM5QJ63KD9X8PS,insa,361,review
nfx_1X3WD6DQKG83BM5QJ63KD9X8PS,insa,361,review
nfx_1X3WD6DQKG83BM5QJ63KD9X8PS,insa,361,review
nfx_1X3WD6DQKG83BM5QJ63KD9X8PS,insa,361,review
nfx_1X3WD6DQKG83BM5QJ63KD9X8PS,insa,361,review
nfx_1X3WD6DQKG83BM5QJ63KD9X8PS,insa,361,review
nfx_1X3WD6DQKG83BM5QJ63KD9X8PS,insa,361,review
nfx_1X3WD6DQKG83BM5QJ63KD9X8PS,insa,361,review
nfx_1X4S9V667BKQWPXWVSSZD5K2GF,ciqual,36001,review
nfx_1X4S9V667BKQWPXWVSSZD5K2GF,ciqual,36001,review
nfx_1X4S9V667BKQWPXWVSSZD5K2GF,ciqual,36001,review
nfx_1X4S9V667BKQWPXWVSSZD5K2GF,insa,341,review
nfx_1X4S9V667BKQWPXWVSSZD5K2GF,insa,342,review
nfx_1X4S9V667BKQWPXWVSSZD5K2GF,insa,70500004,review
nfx_1XAJYFWXV8NBNF6A3A81F8VN4N,ciqual,6904,review
nfx_1XAJYFWXV8NBNF6A3A81F8VN4N,ciqual,6904,review
nfx_1XAJYFWXV8NBNF6A3A81F8VN4N,ciqual,6904,review
nfx_1XAJYFWXV8NBNF6A3A81F8VN4N,ciqual,6904,review
nfx_1XAJYFWXV8NBNF6A3A81F8VN4N,ciqual,6904,review
nfx_1XAJYFWXV8NBNF6A3A81F8VN4N,insa,141,review
nfx_1XAJYFWXV8NBNF6A3A81F8VN4N,insa,142,review
nfx_1XAJYFWXV8NBNF6A3A81F8VN4N,insa,2120000005,review
nfx_1XAJYFWXV8NBNF6A3A81F8VN4N,insa,217,review
nfx_1XAJYFWXV8NBNF6A3A81F8VN4N,insa,222,review
nfx_1XNS0NTCSX7J4HWZH3M7QGKTRS,ciqual,23200,review
nfx_1XNS0NTCSX7J4HWZH3M7QGKTRS,ciqual,7000,review
nfx_1XNS0NTCSX7J4HWZH3M7QGKTRS,ciqual,7007,review
nfx_1XNS0NTCSX7J4HWZH3M7QGKTRS,ciqual,7099,review
nfx_1XNS0NTCSX7J4HWZH3M7QGKTRS,ciqual,7100,review
nfx_1XNS0NTCSX7J4HWZH3M7QGKTRS,ciqual,7130,review
nfx_1XNS0NTCSX7J4HWZH3M7QGKTRS,ciqual,7170,review
nfx_1XNS0NTCSX7J4HWZH3M7QGKTRS,ciqual,7225,review
nfx_1XNS0NTCSX7J4HWZH3M7QGKTRS,ciqual,7258,review
nfx_1XNS0NTCSX7J4HWZH3M7QGKTRS,ciqual,7354,review
nfx_1XNS0NTCSX7J4HWZH3M7QGKTRS,ciqual,7356,review
nfx_1XNS0NTCSX7J4HWZH3M7QGKTRS,ciqual,9232,review
nfx_1XNS0NTCSX7J4HWZH3M7QGKTRS,ciqual,9545,review
nfx_1XNS0NTCSX7J4HWZH3M7QGKTRS,insa,428,review
nfx_1XNS0NTCSX7J4HWZH3M7QGKTRS,insa,428,review
nfx_1XNS0NTCSX7J4HWZH3M7QGKTRS,insa,428,review
nfx_1XNS0NTCSX7J4HWZH3M7QGKTRS,insa,428,review
nfx_1XNS0NTCSX7J4HWZH3M7QGKTRS,insa,428,review
nfx_1XNS0NTCSX7J4HWZH3M7QGKTRS,insa,428,review
nfx_1XNS0NTCSX7J4HWZH3M7QGKTRS,insa,428,review
nfx_1XNS0NTCSX7J4HWZH3M7QGKTRS,insa,428,review
nfx_1XNS0NTCSX7J4HWZH3M7QGKTRS,insa,428,review
nfx_1XNS0NTCSX7J4HWZH3M7QGKTRS,insa,428,review
nfx_1XNS0NTCSX7J4HWZH3M7QGKTRS,insa,428,review
nfx_1XNS0NTCSX7J4HWZH3M7QGKTRS,insa,428,review
nfx_1XNS0NTCSX7J4HWZH3M7QGKTRS,insa,428,review
nfx_1XV5V67BN1A0GGJWYCV6ZA6Z80,ciqual,24016,review
nfx_1XV5V67BN1A0GGJWYCV6ZA6Z80,ciqual,24016,review
nfx_1XV5V67BN1A0GGJWYCV6ZA6Z80,ciqual,24016,review
nfx_1XV5V67BN1A0GGJWYCV6ZA6Z80,insa,459,review
nfx_1XV5V67BN1A0GGJWYCV6ZA6Z80,insa,465,review
nfx_1XV5V67BN1A0GGJWYCV6ZA6Z80,insa,498,review
nfx_1XW8FBPVFJQPPEWD44E2MCPPDJ,ciqual,5008,review
nfx_1XW8FBPVFJQPPEWD44E2MCPPDJ,ciqual,5008,review
nfx_1XW8FBPVFJQPPEWD44E2MCPPDJ,ciqual,5008,review
nfx_1XW8FBPVFJQPPEWD44E2MCPPDJ,insa,726,review
nfx_1XW8FBPVFJQPPEWD44E2MCPPDJ,insa,727,review
nfx_1XW8FBPVFJQPPEWD44E2MCPPDJ,insa,728,review
nfx_1Y0Z193PD1Q4TV6JEPAEH0TXF7,ciqual,31128,review
nfx_1Y0Z193PD1Q4TV6JEPAEH0TXF7,insa,520,review
nfx_1YDTE74ZY94B27NN76FXXH0MWA,ciqual,30789,automatic
nfx_1YDTE74ZY94B27NN76FXXH0MWA,insa,352,automatic
nfx_1YHQ9P8R9MNEJJHV4WGJ94KMF7,ciqual,11115,review
nfx_1YHQ9P8R9MNEJJHV4WGJ94KMF7,insa,933,review
nfx_1YK72Z02X2VEEM7YS4YNBRQ1MM,ciqual,39215,review
nfx_1YK72Z02X2VEEM7YS4YNBRQ1MM,insa,500,review
nfx_1YKWJVT3E6143NF9PHM8R0BFQ6,ciqual,36008,review
nfx_1YKWJVT3E6143NF9PHM8R0BFQ6,insa,1900000001,review
nfx_1YNEVYYRJNP2APS0WPAKA9ZYJT,ciqual,13028,review
nfx_1YNEVYYRJNP2APS0WPAKA9ZYJT,insa,1900000090,review
nfx_1YPWNEN6ZF5DFS35375D1P7Q05,ciqual,15053,review
nfx_1YPWNEN6ZF5DFS35375D1P7Q05,insa,701,review
nfx_1Z426TVQAD8XWJDY9G781B6EVB,ciqual,39230,review
nfx_1Z426TVQAD8XWJDY9G781B6EVB,ciqual,39230,review
nfx_1Z426TVQAD8XWJDY9G781B6EVB,ciqual,39230,review
nfx_1Z426TVQAD8XWJDY9G781B6EVB,insa,62,review
nfx_1Z426TVQAD8XWJDY9G781B6EVB,insa,63,review
nfx_1Z426TVQAD8XWJDY9G781B6EVB,insa,65,review
nfx_1Z6TK0BDKSAFN0501FET9B6F38,ciqual,4008,review
nfx_1Z6TK0BDKSAFN0501FET9B6F38,insa,585,review
nfx_1Z9Y9BVGNG7M4SD2YX94N9GVH4,ciqual,15015,review
nfx_1Z9Y9BVGNG7M4SD2YX94N9GVH4,ciqual,15015,review
nfx_1Z9Y9BVGNG7M4SD2YX94N9GVH4,ciqual,15015,review
nfx_1Z9Y9BVGNG7M4SD2YX94N9GVH4,insa,1900000093,review
nfx_1Z9Y9BVGNG7M4SD2YX94N9GVH4,insa,705,review
nfx_1Z9Y9BVGNG7M4SD2YX94N9GVH4,insa,707,review
nfx_1ZC3395906Y4GP55R12DH72YMZ,ciqual,15009,review
nfx_1ZC3395906Y4GP55R12DH72YMZ,insa,710,review
nfx_1ZGQM3G78AEDV1BNJGPK5YKK5E,ciqual,23050,review
nfx_1ZGQM3G78AEDV1BNJGPK5YKK5E,ciqual,24000,review
nfx_1ZGQM3G78AEDV1BNJGPK5YKK5E,ciqual,24002,review
nfx_1ZGQM3G78AEDV1BNJGPK5YKK5E,ciqual,24009,review
nfx_1ZGQM3G78AEDV1BNJGPK5YKK5E,ciqual,24320,review
nfx_1ZGQM3G78AEDV1BNJGPK5YKK5E,ciqual,24370,review
nfx_1ZGQM3G78AEDV1BNJGPK5YKK5E,ciqual,24371,review
nfx_1ZGQM3G78AEDV1BNJGPK5YKK5E,ciqual,24614,review
nfx_1ZGQM3G78AEDV1BNJGPK5YKK5E,ciqual,24615,review
nfx_1ZGQM3G78AEDV1BNJGPK5YKK5E,ciqual,38106,review
nfx_1ZGQM3G78AEDV1BNJGPK5YKK5E,ciqual,38107,review
nfx_1ZGQM3G78AEDV1BNJGPK5YKK5E,ciqual,38399,review
nfx_1ZGQM3G78AEDV1BNJGPK5YKK5E,ciqual,38404,review
nfx_1ZGQM3G78AEDV1BNJGPK5YKK5E,ciqual,38405,review
nfx_1ZGQM3G78AEDV1BNJGPK5YKK5E,ciqual,38411,review
nfx_1ZGQM3G78AEDV1BNJGPK5YKK5E,ciqual,38420,review
nfx_1ZGQM3G78AEDV1BNJGPK5YKK5E,ciqual,38422,review
nfx_1ZGQM3G78AEDV1BNJGPK5YKK5E,insa,464,review
nfx_1ZGQM3G78AEDV1BNJGPK5YKK5E,insa,464,review
nfx_1ZGQM3G78AEDV1BNJGPK5YKK5E,insa,464,review
nfx_1ZGQM3G78AEDV1BNJGPK5YKK5E,insa,464,review
nfx_1ZGQM3G78AEDV1BNJGPK5YKK5E,insa,464,review
nfx_1ZGQM3G78AEDV1BNJGPK5YKK5E,insa,464,review
nfx_1ZGQM3G78AEDV1BNJGPK5YKK5E,insa,464,review
nfx_1ZGQM3G78AEDV1BNJGPK5YKK5E,insa,464,review
nfx_1ZGQM3G78AEDV1BNJGPK5YKK5E,insa,464,review
nfx_1ZGQM3G78AEDV1BNJGPK5YKK5E,insa,464,review
nfx_1ZGQM3G78AEDV1BNJGPK5YKK5E,insa,464,review
nfx_1ZGQM3G78AEDV1BNJGPK5YKK5E,insa,464,review
nfx_1ZGQM3G78AEDV1BNJGPK5YKK5E,insa,464,review
nfx_1ZGQM3G78AEDV1BNJGPK5YKK5E,insa,464,review
nfx_1ZGQM3G78AEDV1BNJGPK5YKK5E,insa,464,review
nfx_1ZGQM3G78AEDV1BNJGPK5YKK5E,insa,464,review
nfx_1ZGQM3G78AEDV1BNJGPK5YKK5E,insa,464,review
nfx_1ZKY97438SYXTS0K4MRD95BYS9,ciqual,40305,review
nfx_1ZKY97438SYXTS0K4MRD95BYS9,ciqual,6211,review
nfx_1ZKY97438SYXTS0K4MRD95BYS9,ciqual,6562,review
nfx_1ZKY97438SYXTS0K4MRD95BYS9,ciqual,6908,review
nfx_1ZKY97438SYXTS0K4MRD95BYS9,insa,1142,review
nfx_1ZKY97438SYXTS0K4MRD95BYS9,insa,1142,review
nfx_1ZKY97438SYXTS0K4MRD95BYS9,insa,1142,review
nfx_1ZKY97438SYXTS0K4MRD95BYS9,insa,1142,review
nfx_1ZMF3477W9T67TEBA86J9D0WY9,ciqual,20906,review
nfx_1ZMF3477W9T67TEBA86J9D0WY9,insa,545,review
nfx_1ZN0Q7E8BDQ8D0G5C1VKN5XYZR,ciqual,76076,review
nfx_1ZN0Q7E8BDQ8D0G5C1VKN5XYZR,ciqual,76076,review
nfx_1ZN0Q7E8BDQ8D0G5C1VKN5XYZR,ciqual,76076,review
nfx_1ZN0Q7E8BDQ8D0G5C1VKN5XYZR,insa,2,review
nfx_1ZN0Q7E8BDQ8D0G5C1VKN5XYZR,insa,3,review
nfx_1ZN0Q7E8BDQ8D0G5C1VKN5XYZR,insa,5,review
nfx_1ZN3JH76JNKYDP54F5PKT2ZVPY,ciqual,12061,review
nfx_1ZN3JH76JNKYDP54F5PKT2ZVPY,ciqual,12061,review
nfx_1ZN3JH76JNKYDP54F5PKT2ZVPY,ciqual,12061,review
nfx_1ZN3JH76JNKYDP54F5PKT2ZVPY,ciqual,12061,review
nfx_1ZN3JH76JNKYDP54F5PKT2ZVPY,ciqual,12061,review
nfx_1ZN3JH76JNKYDP54F5PKT2ZVPY,ciqual,12061,review
nfx_1ZN3JH76JNKYDP54F5PKT2ZVPY,ciqual,12061,review
nfx_1ZN3JH76JNKYDP54F5PKT2ZVPY,ciqual,12061,review
nfx_1ZN3JH76JNKYDP54F5PKT2ZVPY,ciqual,12061,review
nfx_1ZN3JH76JNKYDP54F5PKT2ZVPY,ciqual,12061,review
nfx_1ZN3JH76JNKYDP54F5PKT2ZVPY,ciqual,12061,review
nfx_1ZN3JH76JNKYDP54F5PKT2ZVPY,ciqual,12061,review
nfx_1ZN3JH76JNKYDP54F5PKT2ZVPY,ciqual,12061,review
nfx_1ZN3JH76JNKYDP54F5PKT2ZVPY,ciqual,12061,review
nfx_1ZN3JH76JNKYDP54F5PKT2ZVPY,ciqual,12061,review
nfx_1ZN3JH76JNKYDP54F5PKT2ZVPY,insa,220006,review
nfx_1ZN3JH76JNKYDP54F5PKT2ZVPY,insa,220009,review
nfx_1ZN3JH76JNKYDP54F5PKT2ZVPY,insa,220010,review
nfx_1ZN3JH76JNKYDP54F5PKT2ZVPY,insa,220019,review
nfx_1ZN3JH76JNKYDP54F5PKT2ZVPY,insa,34,review
nfx_1ZN3JH76JNKYDP54F5PKT2ZVPY,insa,35,review
nfx_1ZN3JH76JNKYDP54F5PKT2ZVPY,insa,36,review
nfx_1ZN3JH76JNKYDP54F5PKT2ZVPY,insa,37,review
nfx_1ZN3JH76JNKYDP54F5PKT2ZVPY,insa,40,review
nfx_1ZN3JH76JNKYDP54F5PKT2ZVPY,insa,47,review
nfx_1ZN3JH76JNKYDP54F5PKT2ZVPY,insa,50800024,review
nfx_1ZN3JH76JNKYDP54F5PKT2ZVPY,insa,50800032,review
nfx_1ZN3JH76JNKYDP54F5PKT2ZVPY,insa,53,review
nfx_1ZN3JH76JNKYDP54F5PKT2ZVPY,insa,54,review
nfx_1ZN3JH76JNKYDP54F5PKT2ZVPY,insa,55,review
nfx_1ZP62W5AHV6CBZ92Z48WMM20E6,ciqual,25175,review
nfx_1ZP62W5AHV6CBZ92Z48WMM20E6,insa,1036,review
nfx_1ZQ5XEDQS4CMEJG8VQFHVWX4F4,ciqual,76065,review
nfx_1ZQ5XEDQS4CMEJG8VQFHVWX4F4,ciqual,76065,review
nfx_1ZQ5XEDQS4CMEJG8VQFHVWX4F4,ciqual,76065,review
nfx_1ZQ5XEDQS4CMEJG8VQFHVWX4F4,insa,2,review
nfx_1ZQ5XEDQS4CMEJG8VQFHVWX4F4,insa,3,review
nfx_1ZQ5XEDQS4CMEJG8VQFHVWX4F4,insa,5,review
nfx_1ZQK06GC147HX5YMRPTMRFWZ4D,ciqual,13204,review
nfx_1ZQK06GC147HX5YMRPTMRFWZ4D,insa,659,review
nfx_200TFPFF8V4BEJXHA58T7PVDYD,ciqual,23050,review
nfx_200TFPFF8V4BEJXHA58T7PVDYD,ciqual,24000,review
nfx_200TFPFF8V4BEJXHA58T7PVDYD,ciqual,24002,review
nfx_200TFPFF8V4BEJXHA58T7PVDYD,ciqual,24009,review
nfx_200TFPFF8V4BEJXHA58T7PVDYD,ciqual,24320,review
nfx_200TFPFF8V4BEJXHA58T7PVDYD,ciqual,24370,review
nfx_200TFPFF8V4BEJXHA58T7PVDYD,ciqual,24371,review
nfx_200TFPFF8V4BEJXHA58T7PVDYD,ciqual,24614,review
nfx_200TFPFF8V4BEJXHA58T7PVDYD,ciqual,24615,review
nfx_200TFPFF8V4BEJXHA58T7PVDYD,ciqual,38106,review
nfx_200TFPFF8V4BEJXHA58T7PVDYD,ciqual,38107,review
nfx_200TFPFF8V4BEJXHA58T7PVDYD,ciqual,38399,review
nfx_200TFPFF8V4BEJXHA58T7PVDYD,ciqual,38404,review
nfx_200TFPFF8V4BEJXHA58T7PVDYD,ciqual,38405,review
nfx_200TFPFF8V4BEJXHA58T7PVDYD,ciqual,38411,review
nfx_200TFPFF8V4BEJXHA58T7PVDYD,ciqual,38420,review
nfx_200TFPFF8V4BEJXHA58T7PVDYD,ciqual,38422,review
nfx_200TFPFF8V4BEJXHA58T7PVDYD,insa,466,review
nfx_200TFPFF8V4BEJXHA58T7PVDYD,insa,466,review
nfx_200TFPFF8V4BEJXHA58T7PVDYD,insa,466,review
nfx_200TFPFF8V4BEJXHA58T7PVDYD,insa,466,review
nfx_200TFPFF8V4BEJXHA58T7PVDYD,insa,466,review
nfx_200TFPFF8V4BEJXHA58T7PVDYD,insa,466,review
nfx_200TFPFF8V4BEJXHA58T7PVDYD,insa,466,review
nfx_200TFPFF8V4BEJXHA58T7PVDYD,insa,466,review
nfx_200TFPFF8V4BEJXHA58T7PVDYD,insa,466,review
nfx_200TFPFF8V4BEJXHA58T7PVDYD,insa,466,review
nfx_200TFPFF8V4BEJXHA58T7PVDYD,insa,466,review
nfx_200TFPFF8V4BEJXHA58T7PVDYD,insa,466,review
nfx_200TFPFF8V4BEJXHA58T7PVDYD,insa,466,review
nfx_200TFPFF8V4BEJXHA58T7PVDYD,insa,466,review
nfx_200TFPFF8V4BEJXHA58T7PVDYD,insa,466,review
nfx_200TFPFF8V4BEJXHA58T7PVDYD,insa,466,review
nfx_200TFPFF8V4BEJXHA58T7PVDYD,insa,466,review
nfx_201A3J767RNCAAF5QZK1H82BTM,ciqual,19579,review
nfx_201A3J767RNCAAF5QZK1H82BTM,insa,69,review
nfx_201Q560ZX5E7C78DGHPFHKVBH2,ciqual,31001,review
nfx_201Q560ZX5E7C78DGHPFHKVBH2,ciqual,31001,review
nfx_201Q560ZX5E7C78DGHPFHKVBH2,insa,465,review
nfx_201Q560ZX5E7C78DGHPFHKVBH2,insa,506,review
nfx_2044GB6TK7MBRQX577RT5WHVJT,ciqual,19023,review
nfx_2044GB6TK7MBRQX577RT5WHVJT,ciqual,19033,review
nfx_2044GB6TK7MBRQX577RT5WHVJT,ciqual,19037,review
nfx_2044GB6TK7MBRQX577RT5WHVJT,ciqual,19038,review
nfx_2044GB6TK7MBRQX577RT5WHVJT,ciqual,19039,review
nfx_2044GB6TK7MBRQX577RT5WHVJT,ciqual,19041,automatic
nfx_2044GB6TK7MBRQX577RT5WHVJT,ciqual,19060,review
nfx_2044GB6TK7MBRQX577RT5WHVJT,ciqual,19200,review
nfx_2044GB6TK7MBRQX577RT5WHVJT,ciqual,19201,review
nfx_2044GB6TK7MBRQX577RT5WHVJT,insa,25,automatic
nfx_2044GB6TK7MBRQX577RT5WHVJT,insa,25,review
nfx_2044GB6TK7MBRQX577RT5WHVJT,insa,25,review
nfx_2044GB6TK7MBRQX577RT5WHVJT,insa,25,review
nfx_2044GB6TK7MBRQX577RT5WHVJT,insa,25,review
nfx_2044GB6TK7MBRQX577RT5WHVJT,insa,25,review
nfx_2044GB6TK7MBRQX577RT5WHVJT,insa,25,review
nfx_2044GB6TK7MBRQX577RT5WHVJT,insa,25,review
nfx_2044GB6TK7MBRQX577RT5WHVJT,insa,25,review
nfx_20698W349YVRP1KK70DTQ01PGY,ciqual,6110,review
nfx_20698W349YVRP1KK70DTQ01PGY,ciqual,6111,review
nfx_20698W349YVRP1KK70DTQ01PGY,ciqual,6211,review
nfx_20698W349YVRP1KK70DTQ01PGY,insa,219,review
nfx_20698W349YVRP1KK70DTQ01PGY,insa,219,review
nfx_20698W349YVRP1KK70DTQ01PGY,insa,219,review
nfx_208T0R4RB39X48N69K6AZV0KWM,ciqual,76035,review
nfx_208T0R4RB39X48N69K6AZV0KWM,ciqual,76035,review
nfx_208T0R4RB39X48N69K6AZV0KWM,ciqual,76035,review
nfx_208T0R4RB39X48N69K6AZV0KWM,insa,2,review
nfx_208T0R4RB39X48N69K6AZV0KWM,insa,3,review
nfx_208T0R4RB39X48N69K6AZV0KWM,insa,5,review
nfx_20KBE2FV1V2XPTJGPFSHGT7S54,ciqual,9104,review
nfx_20KBE2FV1V2XPTJGPFSHGT7S54,ciqual,9105,review
nfx_20KBE2FV1V2XPTJGPFSHGT7S54,ciqual,9110,review
nfx_20KBE2FV1V2XPTJGPFSHGT7S54,ciqual,9111,review
nfx_20KBE2FV1V2XPTJGPFSHGT7S54,ciqual,9113,review
nfx_20KBE2FV1V2XPTJGPFSHGT7S54,ciqual,9124,review
nfx_20KBE2FV1V2XPTJGPFSHGT7S54,ciqual,9125,review
nfx_20KBE2FV1V2XPTJGPFSHGT7S54,ciqual,9901,review
nfx_20KBE2FV1V2XPTJGPFSHGT7S54,insa,403,review
nfx_20KBE2FV1V2XPTJGPFSHGT7S54,insa,403,review
nfx_20KBE2FV1V2XPTJGPFSHGT7S54,insa,403,review
nfx_20KBE2FV1V2XPTJGPFSHGT7S54,insa,403,review
nfx_20KBE2FV1V2XPTJGPFSHGT7S54,insa,403,review
nfx_20KBE2FV1V2XPTJGPFSHGT7S54,insa,403,review
nfx_20KBE2FV1V2XPTJGPFSHGT7S54,insa,403,review
nfx_20KBE2FV1V2XPTJGPFSHGT7S54,insa,403,review
nfx_20MCJEHQ6WV8TTR0YM2XVXMJ93,ciqual,25903,review
nfx_20MCJEHQ6WV8TTR0YM2XVXMJ93,ciqual,25953,review
nfx_20MCJEHQ6WV8TTR0YM2XVXMJ93,ciqual,25967,review
nfx_20MCJEHQ6WV8TTR0YM2XVXMJ93,ciqual,25974,review
nfx_20MCJEHQ6WV8TTR0YM2XVXMJ93,insa,797,review
nfx_20MCJEHQ6WV8TTR0YM2XVXMJ93,insa,797,review
nfx_20MCJEHQ6WV8TTR0YM2XVXMJ93,insa,797,review
nfx_20MCJEHQ6WV8TTR0YM2XVXMJ93,insa,797,review
nfx_20NBBNH552XK6DE5AX6270GDX4,ciqual,24675,review
nfx_20NBBNH552XK6DE5AX6270GDX4,insa,475,review
nfx_20NVX0ZEDC25H2Q48V17W3CYYA,ciqual,15001,review
nfx_20NVX0ZEDC25H2Q48V17W3CYYA,insa,701,review
nfx_20P2JYQYSB07ZRY15PP1XJZQ86,ciqual,26044,review
nfx_20P2JYQYSB07ZRY15PP1XJZQ86,ciqual,26044,review
nfx_20P2JYQYSB07ZRY15PP1XJZQ86,ciqual,26044,review
nfx_20P2JYQYSB07ZRY15PP1XJZQ86,ciqual,26044,review
nfx_20P2JYQYSB07ZRY15PP1XJZQ86,ciqual,26044,review
nfx_20P2JYQYSB07ZRY15PP1XJZQ86,insa,862,review
nfx_20P2JYQYSB07ZRY15PP1XJZQ86,insa,865,review
nfx_20P2JYQYSB07ZRY15PP1XJZQ86,insa,868,review
nfx_20P2JYQYSB07ZRY15PP1XJZQ86,insa,965,review
nfx_20P2JYQYSB07ZRY15PP1XJZQ86,insa,966,review
nfx_20PV832PANXZFFDFFV6Y15GTC5,ciqual,1006,review
nfx_20PV832PANXZFFDFFV6Y15GTC5,ciqual,1007,review
nfx_20PV832PANXZFFDFFV6Y15GTC5,ciqual,1015,review
nfx_20PV832PANXZFFDFFV6Y15GTC5,ciqual,5210,review
nfx_20PV832PANXZFFDFFV6Y15GTC5,ciqual,5214,review
nfx_20PV832PANXZFFDFFV6Y15GTC5,ciqual,5216,review
nfx_20PV832PANXZFFDFFV6Y15GTC5,insa,250021,review
nfx_20PV832PANXZFFDFFV6Y15GTC5,insa,250021,review
nfx_20PV832PANXZFFDFFV6Y15GTC5,insa,250021,review
nfx_20PV832PANXZFFDFFV6Y15GTC5,insa,250021,review
nfx_20PV832PANXZFFDFFV6Y15GTC5,insa,250021,review
nfx_20PV832PANXZFFDFFV6Y15GTC5,insa,250021,review
nfx_20Q4VQBE9VW7GN1PX4EDW9JJRY,ciqual,19599,review
nfx_20Q4VQBE9VW7GN1PX4EDW9JJRY,ciqual,19600,review
nfx_20Q4VQBE9VW7GN1PX4EDW9JJRY,ciqual,19860,review
nfx_20Q4VQBE9VW7GN1PX4EDW9JJRY,insa,71,review
nfx_20Q4VQBE9VW7GN1PX4EDW9JJRY,insa,71,review
nfx_20Q4VQBE9VW7GN1PX4EDW9JJRY,insa,71,review
nfx_20QTFQZ4K33CX1DAJGZ3Z5Q04W,ciqual,15000,review
nfx_20QTFQZ4K33CX1DAJGZ3Z5Q04W,insa,697,review
nfx_20VJ1SPJAEJ7FKVKBN3SVMRCGC,ciqual,28102,review
nfx_20VJ1SPJAEJ7FKVKBN3SVMRCGC,ciqual,28102,review
nfx_20VJ1SPJAEJ7FKVKBN3SVMRCGC,ciqual,28102,review
nfx_20VJ1SPJAEJ7FKVKBN3SVMRCGC,ciqual,28102,review
nfx_20VJ1SPJAEJ7FKVKBN3SVMRCGC,ciqual,28102,review
nfx_20VJ1SPJAEJ7FKVKBN3SVMRCGC,ciqual,28102,review
nfx_20VJ1SPJAEJ7FKVKBN3SVMRCGC,ciqual,28102,review
nfx_20VJ1SPJAEJ7FKVKBN3SVMRCGC,ciqual,28102,review
nfx_20VJ1SPJAEJ7FKVKBN3SVMRCGC,ciqual,28102,review
nfx_20VJ1SPJAEJ7FKVKBN3SVMRCGC,ciqual,28102,review
nfx_20VJ1SPJAEJ7FKVKBN3SVMRCGC,ciqual,28102,review
nfx_20VJ1SPJAEJ7FKVKBN3SVMRCGC,ciqual,28102,review
nfx_20VJ1SPJAEJ7FKVKBN3SVMRCGC,ciqual,28102,review
nfx_20VJ1SPJAEJ7FKVKBN3SVMRCGC,insa,1145,review
nfx_20VJ1SPJAEJ7FKVKBN3SVMRCGC,insa,1219,review
nfx_20VJ1SPJAEJ7FKVKBN3SVMRCGC,insa,1221,review
nfx_20VJ1SPJAEJ7FKVKBN3SVMRCGC,insa,1222,review
nfx_20VJ1SPJAEJ7FKVKBN3SVMRCGC,insa,1223,review
nfx_20VJ1SPJAEJ7FKVKBN3SVMRCGC,insa,141,review
nfx_20VJ1SPJAEJ7FKVKBN3SVMRCGC,insa,152,review
nfx_20VJ1SPJAEJ7FKVKBN3SVMRCGC,insa,156,review
nfx_20VJ1SPJAEJ7FKVKBN3SVMRCGC,insa,2120000005,review
nfx_20VJ1SPJAEJ7FKVKBN3SVMRCGC,insa,315,review
nfx_20VJ1SPJAEJ7FKVKBN3SVMRCGC,insa,321,review
nfx_20VJ1SPJAEJ7FKVKBN3SVMRCGC,insa,334,review
nfx_20VJ1SPJAEJ7FKVKBN3SVMRCGC,insa,70500004,review
nfx_218D37BE01AEWWRC03ZM13946Z,ciqual,19552,review
nfx_218D37BE01AEWWRC03ZM13946Z,ciqual,19555,review
nfx_218D37BE01AEWWRC03ZM13946Z,ciqual,19557,review
nfx_218D37BE01AEWWRC03ZM13946Z,ciqual,19587,review
nfx_218D37BE01AEWWRC03ZM13946Z,insa,75,review
nfx_218D37BE01AEWWRC03ZM13946Z,insa,75,review
nfx_218D37BE01AEWWRC03ZM13946Z,insa,75,review
nfx_218D37BE01AEWWRC03ZM13946Z,insa,75,review
nfx_21987AHKEQ1QYA7QSBSHY8KPW1,ciqual,31021,review
nfx_21987AHKEQ1QYA7QSBSHY8KPW1,insa,658,review
nfx_21ENFYH8YQXH0PCH9ME7Q8JQ1D,ciqual,12099,review
nfx_21ENFYH8YQXH0PCH9ME7Q8JQ1D,ciqual,12115,review
nfx_21ENFYH8YQXH0PCH9ME7Q8JQ1D,ciqual,12118,review
nfx_21ENFYH8YQXH0PCH9ME7Q8JQ1D,ciqual,12828,review
nfx_21ENFYH8YQXH0PCH9ME7Q8JQ1D,ciqual,12999,review
nfx_21ENFYH8YQXH0PCH9ME7Q8JQ1D,insa,39,review
nfx_21ENFYH8YQXH0PCH9ME7Q8JQ1D,insa,39,review
nfx_21ENFYH8YQXH0PCH9ME7Q8JQ1D,insa,39,review
nfx_21ENFYH8YQXH0PCH9ME7Q8JQ1D,insa,39,review
nfx_21ENFYH8YQXH0PCH9ME7Q8JQ1D,insa,39,review
nfx_21NMANM6WPKYWQ3FJPM9G0PKT6,ciqual,9060,review
nfx_21NMANM6WPKYWQ3FJPM9G0PKT6,ciqual,9100,review
nfx_21NMANM6WPKYWQ3FJPM9G0PKT6,ciqual,9102,automatic
nfx_21NMANM6WPKYWQ3FJPM9G0PKT6,ciqual,9109,review
nfx_21NMANM6WPKYWQ3FJPM9G0PKT6,ciqual,9119,review
nfx_21NMANM6WPKYWQ3FJPM9G0PKT6,ciqual,9121,review
nfx_21NMANM6WPKYWQ3FJPM9G0PKT6,ciqual,9320,review
nfx_21NMANM6WPKYWQ3FJPM9G0PKT6,ciqual,9330,review
nfx_21NMANM6WPKYWQ3FJPM9G0PKT6,ciqual,9380,review
nfx_21NMANM6WPKYWQ3FJPM9G0PKT6,ciqual,9390,review
nfx_21NMANM6WPKYWQ3FJPM9G0PKT6,ciqual,9900,review
nfx_21NMANM6WPKYWQ3FJPM9G0PKT6,insa,401,automatic
nfx_21NMANM6WPKYWQ3FJPM9G0PKT6,insa,401,review
nfx_21NMANM6WPKYWQ3FJPM9G0PKT6,insa,401,review
nfx_21NMANM6WPKYWQ3FJPM9G0PKT6,insa,401,review
nfx_21NMANM6WPKYWQ3FJPM9G0PKT6,insa,401,review
nfx_21NMANM6WPKYWQ3FJPM9G0PKT6,insa,401,review
nfx_21NMANM6WPKYWQ3FJPM9G0PKT6,insa,401,review
nfx_21NMANM6WPKYWQ3FJPM9G0PKT6,insa,401,review
nfx_21NMANM6WPKYWQ3FJPM9G0PKT6,insa,401,review
nfx_21NMANM6WPKYWQ3FJPM9G0PKT6,insa,401,review
nfx_21NMANM6WPKYWQ3FJPM9G0PKT6,insa,401,review
nfx_21WAVYFX2GK09GNFSMRCAS5RW2,ciqual,51510,review
nfx_21WAVYFX2GK09GNFSMRCAS5RW2,ciqual,9060,review
nfx_21WAVYFX2GK09GNFSMRCAS5RW2,ciqual,9610,review
nfx_21WAVYFX2GK09GNFSMRCAS5RW2,ciqual,9690,review
nfx_21WAVYFX2GK09GNFSMRCAS5RW2,insa,2122000002,review
nfx_21WAVYFX2GK09GNFSMRCAS5RW2,insa,2122000002,review
nfx_21WAVYFX2GK09GNFSMRCAS5RW2,insa,2122000002,review
nfx_21WAVYFX2GK09GNFSMRCAS5RW2,insa,2122000002,review
nfx_220VHWJ8CE67FEZE54PMAQ7FD6,ciqual,20052,automatic
nfx_220VHWJ8CE67FEZE54PMAQ7FD6,insa,582,automatic
nfx_224EWXD2M60AKP80TD4AWMBMAM,ciqual,4020,review
nfx_224EWXD2M60AKP80TD4AWMBMAM,insa,585,review
nfx_224H6R4MKCF80K9TFJ32X47MR4,ciqual,76046,review
nfx_224H6R4MKCF80K9TFJ32X47MR4,ciqual,76046,review
nfx_224H6R4MKCF80K9TFJ32X47MR4,ciqual,76046,review
nfx_224H6R4MKCF80K9TFJ32X47MR4,insa,2,review
nfx_224H6R4MKCF80K9TFJ32X47MR4,insa,3,review
nfx_224H6R4MKCF80K9TFJ32X47MR4,insa,5,review
nfx_224PQAAY7PHSA7HMD0RQF9X7WD,ciqual,40403,review
nfx_224PQAAY7PHSA7HMD0RQF9X7WD,ciqual,40403,review
nfx_224PQAAY7PHSA7HMD0RQF9X7WD,ciqual,40403,review
nfx_224PQAAY7PHSA7HMD0RQF9X7WD,insa,199,review
nfx_224PQAAY7PHSA7HMD0RQF9X7WD,insa,318,review
nfx_224PQAAY7PHSA7HMD0RQF9X7WD,insa,336,review
nfx_225MYWP5CE3KTWPGSN84SQ60XM,ciqual,36003,review
nfx_225MYWP5CE3KTWPGSN84SQ60XM,ciqual,36020,review
nfx_225MYWP5CE3KTWPGSN84SQ60XM,ciqual,36022,review
nfx_225MYWP5CE3KTWPGSN84SQ60XM,ciqual,40054,review
nfx_225MYWP5CE3KTWPGSN84SQ60XM,ciqual,40104,review
nfx_225MYWP5CE3KTWPGSN84SQ60XM,ciqual,40106,review
nfx_225MYWP5CE3KTWPGSN84SQ60XM,ciqual,40108,review
nfx_225MYWP5CE3KTWPGSN84SQ60XM,ciqual,40116,review
nfx_225MYWP5CE3KTWPGSN84SQ60XM,ciqual,40119,review
nfx_225MYWP5CE3KTWPGSN84SQ60XM,ciqual,40120,review
nfx_225MYWP5CE3KTWPGSN84SQ60XM,ciqual,40700,review
nfx_225MYWP5CE3KTWPGSN84SQ60XM,ciqual,8328,review
nfx_225MYWP5CE3KTWPGSN84SQ60XM,insa,1900000001,review
nfx_225MYWP5CE3KTWPGSN84SQ60XM,insa,1900000001,review
nfx_225MYWP5CE3KTWPGSN84SQ60XM,insa,1900000001,review
nfx_225MYWP5CE3KTWPGSN84SQ60XM,insa,1900000001,review
nfx_225MYWP5CE3KTWPGSN84SQ60XM,insa,1900000001,review
nfx_225MYWP5CE3KTWPGSN84SQ60XM,insa,1900000001,review
nfx_225MYWP5CE3KTWPGSN84SQ60XM,insa,1900000001,review
nfx_225MYWP5CE3KTWPGSN84SQ60XM,insa,1900000001,review
nfx_225MYWP5CE3KTWPGSN84SQ60XM,insa,1900000001,review
nfx_225MYWP5CE3KTWPGSN84SQ60XM,insa,1900000001,review
nfx_225MYWP5CE3KTWPGSN84SQ60XM,insa,1900000001,review
nfx_225MYWP5CE3KTWPGSN84SQ60XM,insa,1900000001,review
nfx_225QV4KPJW3SKHV01821P28BG1,ciqual,26177,review
nfx_225QV4KPJW3SKHV01821P28BG1,insa,1191,review
nfx_22C000R76RTQQNQ4M9PP1DZEBJ,ciqual,76069,review
nfx_22C000R76RTQQNQ4M9PP1DZEBJ,ciqual,76069,review
nfx_22C000R76RTQQNQ4M9PP1DZEBJ,ciqual,76069,review
nfx_22C000R76RTQQNQ4M9PP1DZEBJ,insa,2,review
nfx_22C000R76RTQQNQ4M9PP1DZEBJ,insa,3,review
nfx_22C000R76RTQQNQ4M9PP1DZEBJ,insa,5,review
nfx_22GGBRJZM84D80H4FX8R7HBAYE,ciqual,12010,review
nfx_22GGBRJZM84D80H4FX8R7HBAYE,ciqual,12031,review
nfx_22GGBRJZM84D80H4FX8R7HBAYE,ciqual,12038,review
nfx_22GGBRJZM84D80H4FX8R7HBAYE,ciqual,12051,review
nfx_22GGBRJZM84D80H4FX8R7HBAYE,ciqual,12052,review
nfx_22GGBRJZM84D80H4FX8R7HBAYE,ciqual,12060,review
nfx_22GGBRJZM84D80H4FX8R7HBAYE,ciqual,12105,review
nfx_22GGBRJZM84D80H4FX8R7HBAYE,ciqual,12111,review
nfx_22GGBRJZM84D80H4FX8R7HBAYE,ciqual,12121,review
nfx_22GGBRJZM84D80H4FX8R7HBAYE,ciqual,12122,review
nfx_22GGBRJZM84D80H4FX8R7HBAYE,ciqual,12123,review
nfx_22GGBRJZM84D80H4FX8R7HBAYE,ciqual,12300,review
nfx_22GGBRJZM84D80H4FX8R7HBAYE,ciqual,12356,review
nfx_22GGBRJZM84D80H4FX8R7HBAYE,ciqual,12524,review
nfx_22GGBRJZM84D80H4FX8R7HBAYE,ciqual,12716,review
nfx_22GGBRJZM84D80H4FX8R7HBAYE,ciqual,12761,review
nfx_22GGBRJZM84D80H4FX8R7HBAYE,ciqual,19000,review
nfx_22GGBRJZM84D80H4FX8R7HBAYE,ciqual,19016,review
nfx_22GGBRJZM84D80H4FX8R7HBAYE,ciqual,19033,review
nfx_22GGBRJZM84D80H4FX8R7HBAYE,ciqual,19225,review
nfx_22GGBRJZM84D80H4FX8R7HBAYE,ciqual,19250,review
nfx_22GGBRJZM84D80H4FX8R7HBAYE,ciqual,19584,review
nfx_22GGBRJZM84D80H4FX8R7HBAYE,ciqual,19585,review
nfx_22GGBRJZM84D80H4FX8R7HBAYE,ciqual,19865,review
nfx_22GGBRJZM84D80H4FX8R7HBAYE,insa,35,review
nfx_22GGBRJZM84D80H4FX8R7HBAYE,insa,35,review
nfx_22GGBRJZM84D80H4FX8R7HBAYE,insa,35,review
nfx_22GGBRJZM84D80H4FX8R7HBAYE,insa,35,review
nfx_22GGBRJZM84D80H4FX8R7HBAYE,insa,35,review
nfx_22GGBRJZM84D80H4FX8R7HBAYE,insa,35,review
nfx_22GGBRJZM84D80H4FX8R7HBAYE,insa,35,review
nfx_22GGBRJZM84D80H4FX8R7HBAYE,insa,35,review
nfx_22GGBRJZM84D80H4FX8R7HBAYE,insa,35,review
nfx_22GGBRJZM84D80H4FX8R7HBAYE,insa,35,review
nfx_22GGBRJZM84D80H4FX8R7HBAYE,insa,35,review
nfx_22GGBRJZM84D80H4FX8R7HBAYE,insa,35,review
nfx_22GGBRJZM84D80H4FX8R7HBAYE,insa,35,review
nfx_22GGBRJZM84D80H4FX8R7HBAYE,insa,35,review
nfx_22GGBRJZM84D80H4FX8R7HBAYE,insa,35,review
nfx_22GGBRJZM84D80H4FX8R7HBAYE,insa,35,review
nfx_22GGBRJZM84D80H4FX8R7HBAYE,insa,35,review
nfx_22GGBRJZM84D80H4FX8R7HBAYE,insa,35,review
nfx_22GGBRJZM84D80H4FX8R7HBAYE,insa,35,review
nfx_22GGBRJZM84D80H4FX8R7HBAYE,insa,35,review
nfx_22GGBRJZM84D80H4FX8R7HBAYE,insa,35,review
nfx_22GGBRJZM84D80H4FX8R7HBAYE,insa,35,review
nfx_22GGBRJZM84D80H4FX8R7HBAYE,insa,35,review
nfx_22GGBRJZM84D80H4FX8R7HBAYE,insa,35,review
nfx_22HPPVBZWQ5GAWFD56XTEYDCSR,ciqual,13704,review
nfx_22HPPVBZWQ5GAWFD56XTEYDCSR,ciqual,13712,review
nfx_22HPPVBZWQ5GAWFD56XTEYDCSR,ciqual,13714,review
nfx_22HPPVBZWQ5GAWFD56XTEYDCSR,ciqual,13715,review
nfx_22HPPVBZWQ5GAWFD56XTEYDCSR,insa,645,review
nfx_22HPPVBZWQ5GAWFD56XTEYDCSR,insa,645,review
nfx_22HPPVBZWQ5GAWFD56XTEYDCSR,insa,645,review
nfx_22HPPVBZWQ5GAWFD56XTEYDCSR,insa,645,review
nfx_22SK3WC3JF61RZE2KKGYTP8T19,ciqual,25404,automatic
nfx_22SK3WC3JF61RZE2KKGYTP8T19,ciqual,25404,review
nfx_22SK3WC3JF61RZE2KKGYTP8T19,insa,954,automatic
nfx_22SK3WC3JF61RZE2KKGYTP8T19,insa,955,review
nfx_22WH926PKCDSW8FYW78EZR2THW,ciqual,18003,review
nfx_22WH926PKCDSW8FYW78EZR2THW,insa,767,review
nfx_22XB0FJA3E3XWMST9303CHCFV4,ciqual,20261,review
nfx_22XB0FJA3E3XWMST9303CHCFV4,ciqual,20261,review
nfx_22XB0FJA3E3XWMST9303CHCFV4,ciqual,20261,review
nfx_22XB0FJA3E3XWMST9303CHCFV4,insa,1900000018,review
nfx_22XB0FJA3E3XWMST9303CHCFV4,insa,600,review
nfx_22XB0FJA3E3XWMST9303CHCFV4,insa,601,review
nfx_2308FR7AYPV4F30Q7DF2KDDTZN,ciqual,20058,automatic
nfx_2308FR7AYPV4F30Q7DF2KDDTZN,insa,554,automatic
nfx_231MTP4JM6K2MK8F6N6PM7R7RA,ciqual,12059,review
nfx_231MTP4JM6K2MK8F6N6PM7R7RA,ciqual,12066,review
nfx_231MTP4JM6K2MK8F6N6PM7R7RA,ciqual,12803,review
nfx_231MTP4JM6K2MK8F6N6PM7R7RA,ciqual,12805,review
nfx_231MTP4JM6K2MK8F6N6PM7R7RA,ciqual,12807,review
nfx_231MTP4JM6K2MK8F6N6PM7R7RA,ciqual,12810,review
nfx_231MTP4JM6K2MK8F6N6PM7R7RA,ciqual,12814,review
nfx_231MTP4JM6K2MK8F6N6PM7R7RA,ciqual,12815,review
nfx_231MTP4JM6K2MK8F6N6PM7R7RA,ciqual,12819,review
nfx_231MTP4JM6K2MK8F6N6PM7R7RA,ciqual,12831,review
nfx_231MTP4JM6K2MK8F6N6PM7R7RA,ciqual,12832,review
nfx_231MTP4JM6K2MK8F6N6PM7R7RA,ciqual,12836,review
nfx_231MTP4JM6K2MK8F6N6PM7R7RA,ciqual,12846,review
nfx_231MTP4JM6K2MK8F6N6PM7R7RA,ciqual,12847,review
nfx_231MTP4JM6K2MK8F6N6PM7R7RA,ciqual,12848,review
nfx_231MTP4JM6K2MK8F6N6PM7R7RA,insa,220015,review
nfx_231MTP4JM6K2MK8F6N6PM7R7RA,insa,220015,review
nfx_231MTP4JM6K2MK8F6N6PM7R7RA,insa,220015,review
nfx_231MTP4JM6K2MK8F6N6PM7R7RA,insa,220015,review
nfx_231MTP4JM6K2MK8F6N6PM7R7RA,insa,220015,review
nfx_231MTP4JM6K2MK8F6N6PM7R7RA,insa,220015,review
nfx_231MTP4JM6K2MK8F6N6PM7R7RA,insa,220015,review
nfx_231MTP4JM6K2MK8F6N6PM7R7RA,insa,220015,review
nfx_231MTP4JM6K2MK8F6N6PM7R7RA,insa,220015,review
nfx_231MTP4JM6K2MK8F6N6PM7R7RA,insa,220015,review
nfx_231MTP4JM6K2MK8F6N6PM7R7RA,insa,220015,review
nfx_231MTP4JM6K2MK8F6N6PM7R7RA,insa,220015,review
nfx_231MTP4JM6K2MK8F6N6PM7R7RA,insa,220015,review
nfx_231MTP4JM6K2MK8F6N6PM7R7RA,insa,220015,review
nfx_231MTP4JM6K2MK8F6N6PM7R7RA,insa,220015,review
nfx_2354681K3TVT6H82VQ65XBXX32,ciqual,23531,review
nfx_2354681K3TVT6H82VQ65XBXX32,ciqual,2500,review
nfx_2354681K3TVT6H82VQ65XBXX32,insa,260004,review
nfx_2354681K3TVT6H82VQ65XBXX32,insa,260004,review
nfx_236TZXTD85QQFSN83QJ4B025PM,ciqual,7125,review
nfx_236TZXTD85QQFSN83QJ4B025PM,ciqual,7400,review
nfx_236TZXTD85QQFSN83QJ4B025PM,ciqual,7402,review
nfx_236TZXTD85QQFSN83QJ4B025PM,ciqual,7711,review
nfx_236TZXTD85QQFSN83QJ4B025PM,insa,438,review
nfx_236TZXTD85QQFSN83QJ4B025PM,insa,438,review
nfx_236TZXTD85QQFSN83QJ4B025PM,insa,438,review
nfx_236TZXTD85QQFSN83QJ4B025PM,insa,438,review
nfx_23C3CTTWP920JFGQYJNB6KA6JX,ciqual,18045,review
nfx_23C3CTTWP920JFGQYJNB6KA6JX,ciqual,18045,review
nfx_23C3CTTWP920JFGQYJNB6KA6JX,ciqual,18045,review
nfx_23C3CTTWP920JFGQYJNB6KA6JX,insa,2,review
nfx_23C3CTTWP920JFGQYJNB6KA6JX,insa,3,review
nfx_23C3CTTWP920JFGQYJNB6KA6JX,insa,5,review
nfx_23JN1Y65GVZXRDHTSZ6RSN43J7,ciqual,15017,review
nfx_23JN1Y65GVZXRDHTSZ6RSN43J7,insa,1900000041,review
nfx_23NGDPS58G3WJB0Z8QD8569B03,ciqual,2043,review
nfx_23NGDPS58G3WJB0Z8QD8569B03,ciqual,2045,review
nfx_23NGDPS58G3WJB0Z8QD8569B03,ciqual,2054,review
nfx_23NGDPS58G3WJB0Z8QD8569B03,ciqual,2060,review
nfx_23NGDPS58G3WJB0Z8QD8569B03,ciqual,2061,review
nfx_23NGDPS58G3WJB0Z8QD8569B03,ciqual,2365,review
nfx_23NGDPS58G3WJB0Z8QD8569B03,ciqual,2366,review
nfx_23NGDPS58G3WJB0Z8QD8569B03,ciqual,2370,review
nfx_23NGDPS58G3WJB0Z8QD8569B03,ciqual,2371,review
nfx_23NGDPS58G3WJB0Z8QD8569B03,insa,751,review
nfx_23NGDPS58G3WJB0Z8QD8569B03,insa,751,review
nfx_23NGDPS58G3WJB0Z8QD8569B03,insa,751,review
nfx_23NGDPS58G3WJB0Z8QD8569B03,insa,751,review
nfx_23NGDPS58G3WJB0Z8QD8569B03,insa,751,review
nfx_23NGDPS58G3WJB0Z8QD8569B03,insa,751,review
nfx_23NGDPS58G3WJB0Z8QD8569B03,insa,751,review
nfx_23NGDPS58G3WJB0Z8QD8569B03,insa,751,review
nfx_23NGDPS58G3WJB0Z8QD8569B03,insa,751,review
nfx_23X0RK71KZ0PK47T2K6EHZPMBE,ciqual,24017,review
nfx_23X0RK71KZ0PK47T2K6EHZPMBE,ciqual,24017,review
nfx_23X0RK71KZ0PK47T2K6EHZPMBE,insa,465,review
nfx_23X0RK71KZ0PK47T2K6EHZPMBE,insa,468,review
nfx_242ZP0GJW9GPTPNDCT2MZC7EGH,ciqual,20015,review
nfx_242ZP0GJW9GPTPNDCT2MZC7EGH,ciqual,20015,review
nfx_242ZP0GJW9GPTPNDCT2MZC7EGH,ciqual,20015,review
nfx_242ZP0GJW9GPTPNDCT2MZC7EGH,ciqual,20015,review
nfx_242ZP0GJW9GPTPNDCT2MZC7EGH,insa,553,review
nfx_242ZP0GJW9GPTPNDCT2MZC7EGH,insa,561,review
nfx_242ZP0GJW9GPTPNDCT2MZC7EGH,insa,563,review
nfx_242ZP0GJW9GPTPNDCT2MZC7EGH,insa,566,review
nfx_2463J9SSY3NXPYJERA117Z8XQ4,ciqual,7301,review
nfx_2463J9SSY3NXPYJERA117Z8XQ4,ciqual,7302,review
nfx_2463J9SSY3NXPYJERA117Z8XQ4,ciqual,7351,review
nfx_2463J9SSY3NXPYJERA117Z8XQ4,ciqual,7407,review
nfx_2463J9SSY3NXPYJERA117Z8XQ4,ciqual,7419,review
nfx_2463J9SSY3NXPYJERA117Z8XQ4,insa,60302002,review
nfx_2463J9SSY3NXPYJERA117Z8XQ4,insa,60302002,review
nfx_2463J9SSY3NXPYJERA117Z8XQ4,insa,60302002,review
nfx_2463J9SSY3NXPYJERA117Z8XQ4,insa,60302002,review
nfx_2463J9SSY3NXPYJERA117Z8XQ4,insa,60302002,review
nfx_246QBES96TFE9ZRNVQNA8KFVXX,ciqual,13731,review
nfx_246QBES96TFE9ZRNVQNA8KFVXX,insa,686,review
nfx_24BKSNJWVS71DJBFQTG1NYMBYT,ciqual,25910,automatic
nfx_24BKSNJWVS71DJBFQTG1NYMBYT,insa,784,automatic
nfx_24C57DQS2SB0K4EMS4E65CQG8C,ciqual,20048,review
nfx_24C57DQS2SB0K4EMS4E65CQG8C,insa,616,review
nfx_24CHRCAJZ8K9PMT6KF5MPV4BFK,ciqual,21501,review
nfx_24CHRCAJZ8K9PMT6KF5MPV4BFK,ciqual,21501,review
nfx_24CHRCAJZ8K9PMT6KF5MPV4BFK,ciqual,21501,review
nfx_24CHRCAJZ8K9PMT6KF5MPV4BFK,ciqual,21501,review
nfx_24CHRCAJZ8K9PMT6KF5MPV4BFK,insa,113,review
nfx_24CHRCAJZ8K9PMT6KF5MPV4BFK,insa,1146,review
nfx_24CHRCAJZ8K9PMT6KF5MPV4BFK,insa,235,review
nfx_24CHRCAJZ8K9PMT6KF5MPV4BFK,insa,239,review
nfx_24D3DPX828ZQXCWMTQHDZD3DT8,ciqual,7302,review
nfx_24D3DPX828ZQXCWMTQHDZD3DT8,ciqual,7351,review
nfx_24D3DPX828ZQXCWMTQHDZD3DT8,ciqual,9660,review
nfx_24D3DPX828ZQXCWMTQHDZD3DT8,insa,1900000076,review
nfx_24D3DPX828ZQXCWMTQHDZD3DT8,insa,1900000076,review
nfx_24D3DPX828ZQXCWMTQHDZD3DT8,insa,1900000076,review
nfx_24KZGSKE223BXTTMNEYTT0NYP2,ciqual,5214,review
nfx_24KZGSKE223BXTTMNEYTT0NYP2,ciqual,5214,review
nfx_24KZGSKE223BXTTMNEYTT0NYP2,ciqual,5214,review
nfx_24KZGSKE223BXTTMNEYTT0NYP2,ciqual,5214,review
nfx_24KZGSKE223BXTTMNEYTT0NYP2,ciqual,5214,review
nfx_24KZGSKE223BXTTMNEYTT0NYP2,insa,250016,review
nfx_24KZGSKE223BXTTMNEYTT0NYP2,insa,250020,review
nfx_24KZGSKE223BXTTMNEYTT0NYP2,insa,713,review
nfx_24KZGSKE223BXTTMNEYTT0NYP2,insa,714,review
nfx_24KZGSKE223BXTTMNEYTT0NYP2,insa,715,review
nfx_24RDT8H0CBQV536GDT1M3X7A1K,ciqual,12814,review
nfx_24RDT8H0CBQV536GDT1M3X7A1K,insa,220004,review
nfx_24S15Q8CKXCHJWWRPWND8A58HH,ciqual,19016,review
nfx_24S15Q8CKXCHJWWRPWND8A58HH,ciqual,19016,review
nfx_24S15Q8CKXCHJWWRPWND8A58HH,ciqual,19016,review
nfx_24S15Q8CKXCHJWWRPWND8A58HH,insa,34,review
nfx_24S15Q8CKXCHJWWRPWND8A58HH,insa,36,review
nfx_24S15Q8CKXCHJWWRPWND8A58HH,insa,37,review
nfx_24S3K8AH3SSZBC5S7G7EEHCHD2,ciqual,23951,review
nfx_24S3K8AH3SSZBC5S7G7EEHCHD2,insa,495,review
nfx_24S5P4YM867B21PJTWVEXK18VV,ciqual,76053,review
nfx_24S5P4YM867B21PJTWVEXK18VV,ciqual,76053,review
nfx_24S5P4YM867B21PJTWVEXK18VV,ciqual,76053,review
nfx_24S5P4YM867B21PJTWVEXK18VV,insa,2,review
nfx_24S5P4YM867B21PJTWVEXK18VV,insa,3,review
nfx_24S5P4YM867B21PJTWVEXK18VV,insa,5,review
nfx_24ZG20VC7SKKK9DB9HT62P8VX9,ciqual,1007,review
nfx_24ZG20VC7SKKK9DB9HT62P8VX9,ciqual,1007,review
nfx_24ZG20VC7SKKK9DB9HT62P8VX9,ciqual,1007,review
nfx_24ZG20VC7SKKK9DB9HT62P8VX9,ciqual,1007,review
nfx_24ZG20VC7SKKK9DB9HT62P8VX9,insa,250016,review
nfx_24ZG20VC7SKKK9DB9HT62P8VX9,insa,250020,review
nfx_24ZG20VC7SKKK9DB9HT62P8VX9,insa,713,review
nfx_24ZG20VC7SKKK9DB9HT62P8VX9,insa,715,review
nfx_2506C6P0Y783B9YJ831X46EVV0,ciqual,20200,review
nfx_2506C6P0Y783B9YJ831X46EVV0,ciqual,20200,review
nfx_2506C6P0Y783B9YJ831X46EVV0,insa,1900000024,review
nfx_2506C6P0Y783B9YJ831X46EVV0,insa,584,review
nfx_25CAP2D9RD8MAT47AACNMQ6KEE,ciqual,7351,review
nfx_25CAP2D9RD8MAT47AACNMQ6KEE,ciqual,9410,review
nfx_25CAP2D9RD8MAT47AACNMQ6KEE,ciqual,9415,review
nfx_25CAP2D9RD8MAT47AACNMQ6KEE,ciqual,9435,review
nfx_25CAP2D9RD8MAT47AACNMQ6KEE,ciqual,9440,review
nfx_25CAP2D9RD8MAT47AACNMQ6KEE,ciqual,9445,review
nfx_25CAP2D9RD8MAT47AACNMQ6KEE,ciqual,9532,review
nfx_25CAP2D9RD8MAT47AACNMQ6KEE,ciqual,9540,review
nfx_25CAP2D9RD8MAT47AACNMQ6KEE,insa,60100002,review
nfx_25CAP2D9RD8MAT47AACNMQ6KEE,insa,60100002,review
nfx_25CAP2D9RD8MAT47AACNMQ6KEE,insa,60100002,review
nfx_25CAP2D9RD8MAT47AACNMQ6KEE,insa,60100002,review
nfx_25CAP2D9RD8MAT47AACNMQ6KEE,insa,60100002,review
nfx_25CAP2D9RD8MAT47AACNMQ6KEE,insa,60100002,review
nfx_25CAP2D9RD8MAT47AACNMQ6KEE,insa,60100002,review
nfx_25CAP2D9RD8MAT47AACNMQ6KEE,insa,60100002,review
nfx_25HK8NV90NTDGN458XJ0W02BVC,ciqual,26205,review
nfx_25HK8NV90NTDGN458XJ0W02BVC,insa,871,review
nfx_25PNE1MQKA0HAHHZXRT21HQ9NR,ciqual,8406,review
nfx_25PNE1MQKA0HAHHZXRT21HQ9NR,insa,1035,review
nfx_25Q6RRX3G12MWMWZY29XKRMDKD,ciqual,19023,review
nfx_25Q6RRX3G12MWMWZY29XKRMDKD,ciqual,19023,review
nfx_25Q6RRX3G12MWMWZY29XKRMDKD,ciqual,19023,review
nfx_25Q6RRX3G12MWMWZY29XKRMDKD,ciqual,19023,review
nfx_25Q6RRX3G12MWMWZY29XKRMDKD,ciqual,19023,review
nfx_25Q6RRX3G12MWMWZY29XKRMDKD,insa,1233,review
nfx_25Q6RRX3G12MWMWZY29XKRMDKD,insa,1234,review
nfx_25Q6RRX3G12MWMWZY29XKRMDKD,insa,1900000062,review
nfx_25Q6RRX3G12MWMWZY29XKRMDKD,insa,1900000063,review
nfx_25Q6RRX3G12MWMWZY29XKRMDKD,insa,27,review
nfx_25V7TM5B5MY4HDKERDBKJ5EGNK,ciqual,20517,review
nfx_25V7TM5B5MY4HDKERDBKJ5EGNK,insa,575,review
nfx_25YVB6HWWVYPZYSH95N8XKN5HB,ciqual,24659,review
nfx_25YVB6HWWVYPZYSH95N8XKN5HB,insa,459,review
nfx_265DC1PFXM2FYV9ZK8KN5JA90J,ciqual,25566,review
nfx_265DC1PFXM2FYV9ZK8KN5JA90J,insa,1035,review
nfx_2681HRK6BNVTR80R605N3QQKFX,ciqual,28473,review
nfx_2681HRK6BNVTR80R605N3QQKFX,insa,184,review
nfx_26EZKT7TS66JXEJ57YXCZJDY44,ciqual,26180,review
nfx_26EZKT7TS66JXEJ57YXCZJDY44,ciqual,26180,review
nfx_26EZKT7TS66JXEJ57YXCZJDY44,insa,1191,review
nfx_26EZKT7TS66JXEJ57YXCZJDY44,insa,814,review
nfx_26GCTJEKSHRHYHQNS9HGQGXVGD,ciqual,31038,review
nfx_26GCTJEKSHRHYHQNS9HGQGXVGD,insa,640,review
nfx_26RX5MN4CTCY2EGF18TJA1NQ3T,ciqual,22002,review
nfx_26RX5MN4CTCY2EGF18TJA1NQ3T,ciqual,22009,review
nfx_26RX5MN4CTCY2EGF18TJA1NQ3T,insa,1900000056,review
nfx_26RX5MN4CTCY2EGF18TJA1NQ3T,insa,1900000056,review
nfx_26XAPBAGRN4V16Z3N1TPX04TWA,ciqual,19021,review
nfx_26XAPBAGRN4V16Z3N1TPX04TWA,ciqual,19039,review
nfx_26XAPBAGRN4V16Z3N1TPX04TWA,ciqual,19054,review
nfx_26XAPBAGRN4V16Z3N1TPX04TWA,insa,31,review
nfx_26XAPBAGRN4V16Z3N1TPX04TWA,insa,31,review
nfx_26XAPBAGRN4V16Z3N1TPX04TWA,insa,31,review
nfx_270YD026KC0XE45V85WS1XXZNK,ciqual,25582,review
nfx_270YD026KC0XE45V85WS1XXZNK,insa,92,review
nfx_27869EX5QKK9D7JPA8530B4DJ6,ciqual,25955,review
nfx_27869EX5QKK9D7JPA8530B4DJ6,insa,799,review
nfx_279Q6XAXG83HNBMM9SRBZV581D,ciqual,19676,review
nfx_279Q6XAXG83HNBMM9SRBZV581D,insa,1920000001,review
nfx_27JP51S3ZDW5VSTNRYSSWK3FTJ,ciqual,20033,automatic
nfx_27JP51S3ZDW5VSTNRYSSWK3FTJ,ciqual,20033,review
nfx_27JP51S3ZDW5VSTNRYSSWK3FTJ,insa,568,review
nfx_27JP51S3ZDW5VSTNRYSSWK3FTJ,insa,610,automatic
nfx_27TP3SAT00PKYGWQBK49E9WVF9,ciqual,19021,review
nfx_27TP3SAT00PKYGWQBK49E9WVF9,ciqual,19033,review
nfx_27TP3SAT00PKYGWQBK49E9WVF9,ciqual,19041,review
nfx_27TP3SAT00PKYGWQBK49E9WVF9,ciqual,19054,review
nfx_27TP3SAT00PKYGWQBK49E9WVF9,insa,32,review
nfx_27TP3SAT00PKYGWQBK49E9WVF9,insa,32,review
nfx_27TP3SAT00PKYGWQBK49E9WVF9,insa,32,review
nfx_27TP3SAT00PKYGWQBK49E9WVF9,insa,32,review
nfx_27YXD5SYMYKJKRG73JTB0N32K5,ciqual,12771,review
nfx_27YXD5SYMYKJKRG73JTB0N32K5,insa,220010,review
nfx_281TECH4TWMXVF0R018MPNVDG5,ciqual,36206,review
nfx_281TECH4TWMXVF0R018MPNVDG5,insa,127,review
nfx_285FE2MPGR0JG5KBB1D38EDH7P,ciqual,2015,review
nfx_285FE2MPGR0JG5KBB1D38EDH7P,insa,739,review
nfx_285W8YDTFX82XK6KBFV8SREVSH,ciqual,11240,review
nfx_285W8YDTFX82XK6KBFV8SREVSH,ciqual,11240,review
nfx_285W8YDTFX82XK6KBFV8SREVSH,ciqual,11240,review
nfx_285W8YDTFX82XK6KBFV8SREVSH,ciqual,11240,review
nfx_285W8YDTFX82XK6KBFV8SREVSH,ciqual,11240,review
nfx_285W8YDTFX82XK6KBFV8SREVSH,insa,1164,review
nfx_285W8YDTFX82XK6KBFV8SREVSH,insa,1229,review
nfx_285W8YDTFX82XK6KBFV8SREVSH,insa,2120000007,review
nfx_285W8YDTFX82XK6KBFV8SREVSH,insa,928,review
nfx_285W8YDTFX82XK6KBFV8SREVSH,insa,933,review
nfx_286TW7ZHYVREF5AWCY0HFSY1A5,ciqual,24370,review
nfx_286TW7ZHYVREF5AWCY0HFSY1A5,ciqual,24370,review
nfx_286TW7ZHYVREF5AWCY0HFSY1A5,ciqual,24370,review
nfx_286TW7ZHYVREF5AWCY0HFSY1A5,ciqual,24370,review
nfx_286TW7ZHYVREF5AWCY0HFSY1A5,ciqual,24370,review
nfx_286TW7ZHYVREF5AWCY0HFSY1A5,insa,455,review
nfx_286TW7ZHYVREF5AWCY0HFSY1A5,insa,459,review
nfx_286TW7ZHYVREF5AWCY0HFSY1A5,insa,460,review
nfx_286TW7ZHYVREF5AWCY0HFSY1A5,insa,463,review
nfx_286TW7ZHYVREF5AWCY0HFSY1A5,insa,469,review
nfx_28C8FRW7ZAXHXZC98P5D39QKBB,ciqual,2061,review
nfx_28C8FRW7ZAXHXZC98P5D39QKBB,ciqual,2061,review
nfx_28C8FRW7ZAXHXZC98P5D39QKBB,ciqual,2061,review
nfx_28C8FRW7ZAXHXZC98P5D39QKBB,insa,749,review
nfx_28C8FRW7ZAXHXZC98P5D39QKBB,insa,750,review
nfx_28C8FRW7ZAXHXZC98P5D39QKBB,insa,754,review
nfx_28E2BA00F7V1R1FNRXHNA1HMA9,ciqual,53672,automatic
nfx_28E2BA00F7V1R1FNRXHNA1HMA9,insa,1900000059,automatic
nfx_28FD7NYKKRSDW3ECH2XHHGQ4Z3,ciqual,28105,review
nfx_28FD7NYKKRSDW3ECH2XHHGQ4Z3,ciqual,28105,review
nfx_28FD7NYKKRSDW3ECH2XHHGQ4Z3,ciqual,28105,review
nfx_28FD7NYKKRSDW3ECH2XHHGQ4Z3,ciqual,28105,review
nfx_28FD7NYKKRSDW3ECH2XHHGQ4Z3,insa,1217,review
nfx_28FD7NYKKRSDW3ECH2XHHGQ4Z3,insa,157,review
nfx_28FD7NYKKRSDW3ECH2XHHGQ4Z3,insa,2120000010,review
nfx_28FD7NYKKRSDW3ECH2XHHGQ4Z3,insa,2120000011,review
nfx_28GSAHRRWG44N21H4NFPZ2S4KF,ciqual,28476,review
nfx_28GSAHRRWG44N21H4NFPZ2S4KF,ciqual,28476,review
nfx_28GSAHRRWG44N21H4NFPZ2S4KF,ciqual,28476,review
nfx_28GSAHRRWG44N21H4NFPZ2S4KF,ciqual,28476,review
nfx_28GSAHRRWG44N21H4NFPZ2S4KF,ciqual,28476,review
nfx_28GSAHRRWG44N21H4NFPZ2S4KF,ciqual,28476,review
nfx_28GSAHRRWG44N21H4NFPZ2S4KF,ciqual,28476,review
nfx_28GSAHRRWG44N21H4NFPZ2S4KF,ciqual,28476,review
nfx_28GSAHRRWG44N21H4NFPZ2S4KF,ciqual,28476,review
nfx_28GSAHRRWG44N21H4NFPZ2S4KF,ciqual,28476,review
nfx_28GSAHRRWG44N21H4NFPZ2S4KF,ciqual,28476,review
nfx_28GSAHRRWG44N21H4NFPZ2S4KF,ciqual,28476,review
nfx_28GSAHRRWG44N21H4NFPZ2S4KF,insa,1219,review
nfx_28GSAHRRWG44N21H4NFPZ2S4KF,insa,1221,review
nfx_28GSAHRRWG44N21H4NFPZ2S4KF,insa,1222,review
nfx_28GSAHRRWG44N21H4NFPZ2S4KF,insa,1223,review
nfx_28GSAHRRWG44N21H4NFPZ2S4KF,insa,152,review
nfx_28GSAHRRWG44N21H4NFPZ2S4KF,insa,156,review
nfx_28GSAHRRWG44N21H4NFPZ2S4KF,insa,2120000011,review
nfx_28GSAHRRWG44N21H4NFPZ2S4KF,insa,307,review
nfx_28GSAHRRWG44N21H4NFPZ2S4KF,insa,308,review
nfx_28GSAHRRWG44N21H4NFPZ2S4KF,insa,315,review
nfx_28GSAHRRWG44N21H4NFPZ2S4KF,insa,321,review
nfx_28GSAHRRWG44N21H4NFPZ2S4KF,insa,334,review
nfx_28TH73D2RN1RB22KWBSCNRHB58,ciqual,5000,review
nfx_28TH73D2RN1RB22KWBSCNRHB58,ciqual,5004,review
nfx_28TH73D2RN1RB22KWBSCNRHB58,insa,727,review
nfx_28TH73D2RN1RB22KWBSCNRHB58,insa,727,review
nfx_29184FP9V8C1EFB7VP6V1Z0D20,ciqual,20306,review
nfx_29184FP9V8C1EFB7VP6V1Z0D20,insa,601,review
nfx_295BW7A6M5FQMAFZ7EKSFG5ZHE,ciqual,13000,review
nfx_295BW7A6M5FQMAFZ7EKSFG5ZHE,ciqual,13205,review
nfx_295BW7A6M5FQMAFZ7EKSFG5ZHE,ciqual,13406,review
nfx_295BW7A6M5FQMAFZ7EKSFG5ZHE,insa,644,review
nfx_295BW7A6M5FQMAFZ7EKSFG5ZHE,insa,644,review
nfx_295BW7A6M5FQMAFZ7EKSFG5ZHE,insa,644,review
nfx_29J0SK3ZX256JNZZZ3WBW8ZJH3,ciqual,26102,review
nfx_29J0SK3ZX256JNZZZ3WBW8ZJH3,ciqual,8083,review
nfx_29J0SK3ZX256JNZZZ3WBW8ZJH3,insa,820,review
nfx_29J0SK3ZX256JNZZZ3WBW8ZJH3,insa,820,review
nfx_29KZ1VBZCDW1P5SS06FNCD647R,ciqual,15052,review
nfx_29KZ1VBZCDW1P5SS06FNCD647R,insa,1900000034,review
nfx_29MQ21SZJDEGB7X5NRCB3RNFZB,ciqual,7258,review
nfx_29MQ21SZJDEGB7X5NRCB3RNFZB,ciqual,7258,review
nfx_29MQ21SZJDEGB7X5NRCB3RNFZB,ciqual,7258,review
nfx_29MQ21SZJDEGB7X5NRCB3RNFZB,insa,18,review
nfx_29MQ21SZJDEGB7X5NRCB3RNFZB,insa,426,review
nfx_29MQ21SZJDEGB7X5NRCB3RNFZB,insa,429,review
nfx_29N095BVWJXZACGBNPABNGB1G0,ciqual,4102,review
nfx_29N095BVWJXZACGBNPABNGB1G0,insa,594,review
nfx_29P6MQKNQP6JTWRV2GX8HQEYMZ,ciqual,13041,review
nfx_29P6MQKNQP6JTWRV2GX8HQEYMZ,ciqual,13041,review
nfx_29P6MQKNQP6JTWRV2GX8HQEYMZ,insa,627,review
nfx_29P6MQKNQP6JTWRV2GX8HQEYMZ,insa,630,review
nfx_29SX9YNKFE73FKM44JQ9WW1RRH,ciqual,26230,review
nfx_29SX9YNKFE73FKM44JQ9WW1RRH,insa,877,review
nfx_29YYTR480BC8TGSYHTPT29X5P5,ciqual,12066,review
nfx_29YYTR480BC8TGSYHTPT29X5P5,ciqual,12066,review
nfx_29YYTR480BC8TGSYHTPT29X5P5,insa,19,review
nfx_29YYTR480BC8TGSYHTPT29X5P5,insa,220022,review
nfx_2A15XBSANJRR36B4Q4FHWKH0YV,ciqual,18019,review
nfx_2A15XBSANJRR36B4Q4FHWKH0YV,insa,764,review
nfx_2A1MB110J9DDEKGDBA6S7FGF59,ciqual,28727,review
nfx_2A1MB110J9DDEKGDBA6S7FGF59,insa,312,review
nfx_2A5YCFPJ23XCDXCZXNKZ1WKG2E,ciqual,26002,review
nfx_2A5YCFPJ23XCDXCZXNKZ1WKG2E,insa,1155,review
nfx_2A7SMR0W1TPR13PGWTAFTAF02V,ciqual,11082,review
nfx_2A7SMR0W1TPR13PGWTAFTAF02V,ciqual,11083,review
nfx_2A7SMR0W1TPR13PGWTAFTAF02V,insa,1900000114,review
nfx_2A7SMR0W1TPR13PGWTAFTAF02V,insa,1900000114,review
nfx_2AAH7DETHD88TAZSX8ANNXM0Y0,ciqual,7302,review
nfx_2AAH7DETHD88TAZSX8ANNXM0Y0,ciqual,7349,review
nfx_2AAH7DETHD88TAZSX8ANNXM0Y0,ciqual,7407,review
nfx_2AAH7DETHD88TAZSX8ANNXM0Y0,ciqual,7419,review
nfx_2AAH7DETHD88TAZSX8ANNXM0Y0,ciqual,9060,review
nfx_2AAH7DETHD88TAZSX8ANNXM0Y0,ciqual,9080,review
nfx_2AAH7DETHD88TAZSX8ANNXM0Y0,insa,442,review
nfx_2AAH7DETHD88TAZSX8ANNXM0Y0,insa,442,review
nfx_2AAH7DETHD88TAZSX8ANNXM0Y0,insa,442,review
nfx_2AAH7DETHD88TAZSX8ANNXM0Y0,insa,442,review
nfx_2AAH7DETHD88TAZSX8ANNXM0Y0,insa,442,review
nfx_2AAH7DETHD88TAZSX8ANNXM0Y0,insa,442,review
nfx_2AFNG4NSEN4Q30ZNNVXR8M4ERG,ciqual,24614,review
nfx_2AFNG4NSEN4Q30ZNNVXR8M4ERG,ciqual,24614,review
nfx_2AFNG4NSEN4Q30ZNNVXR8M4ERG,ciqual,24614,review
nfx_2AFNG4NSEN4Q30ZNNVXR8M4ERG,ciqual,24614,review
nfx_2AFNG4NSEN4Q30ZNNVXR8M4ERG,ciqual,24614,review
nfx_2AFNG4NSEN4Q30ZNNVXR8M4ERG,insa,455,review
nfx_2AFNG4NSEN4Q30ZNNVXR8M4ERG,insa,459,review
nfx_2AFNG4NSEN4Q30ZNNVXR8M4ERG,insa,460,review
nfx_2AFNG4NSEN4Q30ZNNVXR8M4ERG,insa,463,review
nfx_2AFNG4NSEN4Q30ZNNVXR8M4ERG,insa,469,review
nfx_2AJ5AG0DXRYVCWY4G38A38BTCY,ciqual,23000,review
nfx_2AJ5AG0DXRYVCWY4G38A38BTCY,ciqual,23008,review
nfx_2AJ5AG0DXRYVCWY4G38A38BTCY,ciqual,23009,review
nfx_2AJ5AG0DXRYVCWY4G38A38BTCY,ciqual,23023,review
nfx_2AJ5AG0DXRYVCWY4G38A38BTCY,ciqual,23030,review
nfx_2AJ5AG0DXRYVCWY4G38A38BTCY,ciqual,23033,review
nfx_2AJ5AG0DXRYVCWY4G38A38BTCY,ciqual,23050,review
nfx_2AJ5AG0DXRYVCWY4G38A38BTCY,ciqual,23103,review
nfx_2AJ5AG0DXRYVCWY4G38A38BTCY,ciqual,23121,review
nfx_2AJ5AG0DXRYVCWY4G38A38BTCY,ciqual,23122,review
nfx_2AJ5AG0DXRYVCWY4G38A38BTCY,ciqual,23540,review
nfx_2AJ5AG0DXRYVCWY4G38A38BTCY,ciqual,23585,review
nfx_2AJ5AG0DXRYVCWY4G38A38BTCY,ciqual,23594,review
nfx_2AJ5AG0DXRYVCWY4G38A38BTCY,ciqual,23802,review
nfx_2AJ5AG0DXRYVCWY4G38A38BTCY,ciqual,23803,review
nfx_2AJ5AG0DXRYVCWY4G38A38BTCY,ciqual,23943,review
nfx_2AJ5AG0DXRYVCWY4G38A38BTCY,ciqual,24632,review
nfx_2AJ5AG0DXRYVCWY4G38A38BTCY,ciqual,24664,review
nfx_2AJ5AG0DXRYVCWY4G38A38BTCY,insa,479,review
nfx_2AJ5AG0DXRYVCWY4G38A38BTCY,insa,479,review
nfx_2AJ5AG0DXRYVCWY4G38A38BTCY,insa,479,review
nfx_2AJ5AG0DXRYVCWY4G38A38BTCY,insa,479,review
nfx_2AJ5AG0DXRYVCWY4G38A38BTCY,insa,479,review
nfx_2AJ5AG0DXRYVCWY4G38A38BTCY,insa,479,review
nfx_2AJ5AG0DXRYVCWY4G38A38BTCY,insa,479,review
nfx_2AJ5AG0DXRYVCWY4G38A38BTCY,insa,479,review
nfx_2AJ5AG0DXRYVCWY4G38A38BTCY,insa,479,review
nfx_2AJ5AG0DXRYVCWY4G38A38BTCY,insa,479,review
nfx_2AJ5AG0DXRYVCWY4G38A38BTCY,insa,479,review
nfx_2AJ5AG0DXRYVCWY4G38A38BTCY,insa,479,review
nfx_2AJ5AG0DXRYVCWY4G38A38BTCY,insa,479,review
nfx_2AJ5AG0DXRYVCWY4G38A38BTCY,insa,479,review
nfx_2AJ5AG0DXRYVCWY4G38A38BTCY,insa,479,review
nfx_2AJ5AG0DXRYVCWY4G38A38BTCY,insa,479,review
nfx_2AJ5AG0DXRYVCWY4G38A38BTCY,insa,479,review
nfx_2AJ5AG0DXRYVCWY4G38A38BTCY,insa,479,review
nfx_2B0WWA68A2Y3X1JXSKM8YGWW1H,ciqual,13212,review
nfx_2B0WWA68A2Y3X1JXSKM8YGWW1H,ciqual,13212,review
nfx_2B0WWA68A2Y3X1JXSKM8YGWW1H,insa,667,review
nfx_2B0WWA68A2Y3X1JXSKM8YGWW1H,insa,669,review
nfx_2B2Q1CB9XKJKNSE8KG78DXMZK7,ciqual,20069,review
nfx_2B2Q1CB9XKJKNSE8KG78DXMZK7,ciqual,20069,review
nfx_2B2Q1CB9XKJKNSE8KG78DXMZK7,ciqual,20069,review
nfx_2B2Q1CB9XKJKNSE8KG78DXMZK7,insa,552,review
nfx_2B2Q1CB9XKJKNSE8KG78DXMZK7,insa,562,review
nfx_2B2Q1CB9XKJKNSE8KG78DXMZK7,insa,565,review
nfx_2B603GV8FVCB5A90JHSQB1JMAG,ciqual,9545,automatic
nfx_2B603GV8FVCB5A90JHSQB1JMAG,ciqual,9545,review
nfx_2B603GV8FVCB5A90JHSQB1JMAG,ciqual,9545,review
nfx_2B603GV8FVCB5A90JHSQB1JMAG,ciqual,9545,review
nfx_2B603GV8FVCB5A90JHSQB1JMAG,ciqual,9545,review
nfx_2B603GV8FVCB5A90JHSQB1JMAG,ciqual,9545,review
nfx_2B603GV8FVCB5A90JHSQB1JMAG,ciqual,9545,review
nfx_2B603GV8FVCB5A90JHSQB1JMAG,insa,1900000071,review
nfx_2B603GV8FVCB5A90JHSQB1JMAG,insa,1900000077,review
nfx_2B603GV8FVCB5A90JHSQB1JMAG,insa,230003,review
nfx_2B603GV8FVCB5A90JHSQB1JMAG,insa,411,review
nfx_2B603GV8FVCB5A90JHSQB1JMAG,insa,413,automatic
nfx_2B603GV8FVCB5A90JHSQB1JMAG,insa,414,review
nfx_2B603GV8FVCB5A90JHSQB1JMAG,insa,415,review
nfx_2BPGBCXJ0484DXF381HYWFN26G,ciqual,25664,review
nfx_2BPGBCXJ0484DXF381HYWFN26G,ciqual,26270,review
nfx_2BPGBCXJ0484DXF381HYWFN26G,insa,1043,review
nfx_2BPGBCXJ0484DXF381HYWFN26G,insa,1043,review
nfx_2BPS6C85XEREQKKH4JPAW63RJM,ciqual,13164,review
nfx_2BPS6C85XEREQKKH4JPAW63RJM,ciqual,19420,review
nfx_2BPS6C85XEREQKKH4JPAW63RJM,ciqual,39213,review
nfx_2BPS6C85XEREQKKH4JPAW63RJM,ciqual,39214,review
nfx_2BPS6C85XEREQKKH4JPAW63RJM,ciqual,39229,review
nfx_2BPS6C85XEREQKKH4JPAW63RJM,ciqual,39247,review
nfx_2BPS6C85XEREQKKH4JPAW63RJM,ciqual,42000,review
nfx_2BPS6C85XEREQKKH4JPAW63RJM,insa,63,review
nfx_2BPS6C85XEREQKKH4JPAW63RJM,insa,63,review
nfx_2BPS6C85XEREQKKH4JPAW63RJM,insa,63,review
nfx_2BPS6C85XEREQKKH4JPAW63RJM,insa,63,review
nfx_2BPS6C85XEREQKKH4JPAW63RJM,insa,63,review
nfx_2BPS6C85XEREQKKH4JPAW63RJM,insa,63,review
nfx_2BPS6C85XEREQKKH4JPAW63RJM,insa,63,review
nfx_2BVSDC22JHP5QYNG8WK41ZVJT9,ciqual,7107,review
nfx_2BVSDC22JHP5QYNG8WK41ZVJT9,insa,434,review
nfx_2BYC4MD7N4GK0584KB0JE6X5P0,ciqual,12051,review
nfx_2BYC4MD7N4GK0584KB0JE6X5P0,ciqual,12051,review
nfx_2BYC4MD7N4GK0584KB0JE6X5P0,ciqual,12051,review
nfx_2BYC4MD7N4GK0584KB0JE6X5P0,ciqual,12051,review
nfx_2BYC4MD7N4GK0584KB0JE6X5P0,ciqual,12051,review
nfx_2BYC4MD7N4GK0584KB0JE6X5P0,ciqual,12051,review
nfx_2BYC4MD7N4GK0584KB0JE6X5P0,ciqual,12051,review
nfx_2BYC4MD7N4GK0584KB0JE6X5P0,ciqual,12051,review
nfx_2BYC4MD7N4GK0584KB0JE6X5P0,ciqual,12051,review
nfx_2BYC4MD7N4GK0584KB0JE6X5P0,ciqual,12051,review
nfx_2BYC4MD7N4GK0584KB0JE6X5P0,ciqual,12051,review
nfx_2BYC4MD7N4GK0584KB0JE6X5P0,ciqual,12051,review
nfx_2BYC4MD7N4GK0584KB0JE6X5P0,ciqual,12051,review
nfx_2BYC4MD7N4GK0584KB0JE6X5P0,ciqual,12051,review
nfx_2BYC4MD7N4GK0584KB0JE6X5P0,insa,220006,review
nfx_2BYC4MD7N4GK0584KB0JE6X5P0,insa,220009,review
nfx_2BYC4MD7N4GK0584KB0JE6X5P0,insa,220010,review
nfx_2BYC4MD7N4GK0584KB0JE6X5P0,insa,220019,review
nfx_2BYC4MD7N4GK0584KB0JE6X5P0,insa,34,review
nfx_2BYC4MD7N4GK0584KB0JE6X5P0,insa,36,review
nfx_2BYC4MD7N4GK0584KB0JE6X5P0,insa,37,review
nfx_2BYC4MD7N4GK0584KB0JE6X5P0,insa,40,review
nfx_2BYC4MD7N4GK0584KB0JE6X5P0,insa,47,review
nfx_2BYC4MD7N4GK0584KB0JE6X5P0,insa,50800024,review
nfx_2BYC4MD7N4GK0584KB0JE6X5P0,insa,50800032,review
nfx_2BYC4MD7N4GK0584KB0JE6X5P0,insa,53,review
nfx_2BYC4MD7N4GK0584KB0JE6X5P0,insa,54,review
nfx_2BYC4MD7N4GK0584KB0JE6X5P0,insa,55,review
nfx_2BZNNSMSQKVCJQ6G6ETW389QD3,ciqual,25525,review
nfx_2BZNNSMSQKVCJQ6G6ETW389QD3,insa,960,review
nfx_2C0K4J3YT5DRXZHHTZSZM10CPH,ciqual,26080,review
nfx_2C0K4J3YT5DRXZHHTZSZM10CPH,insa,828,review
nfx_2C4H1S8N2HYQW1ST2ASFE15GXN,ciqual,2007,review
nfx_2C4H1S8N2HYQW1ST2ASFE15GXN,ciqual,2013,review
nfx_2C4H1S8N2HYQW1ST2ASFE15GXN,ciqual,2023,review
nfx_2C4H1S8N2HYQW1ST2ASFE15GXN,ciqual,2024,review
nfx_2C4H1S8N2HYQW1ST2ASFE15GXN,ciqual,2025,review
nfx_2C4H1S8N2HYQW1ST2ASFE15GXN,ciqual,2028,review
nfx_2C4H1S8N2HYQW1ST2ASFE15GXN,ciqual,2030,review
nfx_2C4H1S8N2HYQW1ST2ASFE15GXN,ciqual,2039,review
nfx_2C4H1S8N2HYQW1ST2ASFE15GXN,insa,744,review
nfx_2C4H1S8N2HYQW1ST2ASFE15GXN,insa,744,review
nfx_2C4H1S8N2HYQW1ST2ASFE15GXN,insa,744,review
nfx_2C4H1S8N2HYQW1ST2ASFE15GXN,insa,744,review
nfx_2C4H1S8N2HYQW1ST2ASFE15GXN,insa,744,review
nfx_2C4H1S8N2HYQW1ST2ASFE15GXN,insa,744,review
nfx_2C4H1S8N2HYQW1ST2ASFE15GXN,insa,744,review
nfx_2C4H1S8N2HYQW1ST2ASFE15GXN,insa,744,review
nfx_2C77H9AHS3EN5BQN0RRFR9YGBF,ciqual,10019,automatic
nfx_2C77H9AHS3EN5BQN0RRFR9YGBF,insa,1900000100,automatic
nfx_2CAZYDHPXWFYDF6458544FH2RM,ciqual,13204,review
nfx_2CAZYDHPXWFYDF6458544FH2RM,insa,685,review
nfx_2CCCF61GZFR8T6G3HH6RZ8D58T,ciqual,19541,review
nfx_2CCCF61GZFR8T6G3HH6RZ8D58T,ciqual,19541,review
nfx_2CCCF61GZFR8T6G3HH6RZ8D58T,ciqual,19541,review
nfx_2CCCF61GZFR8T6G3HH6RZ8D58T,insa,1900000067,review
nfx_2CCCF61GZFR8T6G3HH6RZ8D58T,insa,1920000014,review
nfx_2CCCF61GZFR8T6G3HH6RZ8D58T,insa,1920000018,review
nfx_2CM57EPQ8Q61G5H1CGSB9HVZXA,ciqual,11035,review
nfx_2CM57EPQ8Q61G5H1CGSB9HVZXA,insa,1213,review
nfx_2CNZ8ND49Z947E6DAY29ZH0ZMM,ciqual,19552,review
nfx_2CNZ8ND49Z947E6DAY29ZH0ZMM,ciqual,19638,review
nfx_2CNZ8ND49Z947E6DAY29ZH0ZMM,insa,58,review
nfx_2CNZ8ND49Z947E6DAY29ZH0ZMM,insa,58,review
nfx_2CPJ1VZNDBGR3756R3MDKATTT4,ciqual,76020,review
nfx_2CPJ1VZNDBGR3756R3MDKATTT4,ciqual,76020,review
nfx_2CPJ1VZNDBGR3756R3MDKATTT4,ciqual,76020,review
nfx_2CPJ1VZNDBGR3756R3MDKATTT4,insa,2,review
nfx_2CPJ1VZNDBGR3756R3MDKATTT4,insa,3,review
nfx_2CPJ1VZNDBGR3756R3MDKATTT4,insa,5,review
nfx_2CW0VDK3X6R1DBNXDGKE5YPCQ6,ciqual,20057,automatic
nfx_2CW0VDK3X6R1DBNXDGKE5YPCQ6,ciqual,20057,review
nfx_2CW0VDK3X6R1DBNXDGKE5YPCQ6,insa,550,automatic
nfx_2CW0VDK3X6R1DBNXDGKE5YPCQ6,insa,551,review
nfx_2D5832B5WNJ4H1PD3M60YEGCTE,ciqual,6583,review
nfx_2D5832B5WNJ4H1PD3M60YEGCTE,ciqual,6583,review
nfx_2D5832B5WNJ4H1PD3M60YEGCTE,ciqual,6583,review
nfx_2D5832B5WNJ4H1PD3M60YEGCTE,ciqual,6583,review
nfx_2D5832B5WNJ4H1PD3M60YEGCTE,ciqual,6583,review
nfx_2D5832B5WNJ4H1PD3M60YEGCTE,insa,2120000005,review
nfx_2D5832B5WNJ4H1PD3M60YEGCTE,insa,222,review
nfx_2D5832B5WNJ4H1PD3M60YEGCTE,insa,223,review
nfx_2D5832B5WNJ4H1PD3M60YEGCTE,insa,320,review
nfx_2D5832B5WNJ4H1PD3M60YEGCTE,insa,326,review
nfx_2D671J7GFH813FZS1K4EVPSE2E,ciqual,23497,review
nfx_2D671J7GFH813FZS1K4EVPSE2E,ciqual,23852,review
nfx_2D671J7GFH813FZS1K4EVPSE2E,ciqual,31000,review
nfx_2D671J7GFH813FZS1K4EVPSE2E,ciqual,31004,review
nfx_2D671J7GFH813FZS1K4EVPSE2E,ciqual,31005,review
nfx_2D671J7GFH813FZS1K4EVPSE2E,ciqual,31009,review
nfx_2D671J7GFH813FZS1K4EVPSE2E,ciqual,31010,review
nfx_2D671J7GFH813FZS1K4EVPSE2E,ciqual,31012,review
nfx_2D671J7GFH813FZS1K4EVPSE2E,ciqual,31030,review
nfx_2D671J7GFH813FZS1K4EVPSE2E,ciqual,31035,review
nfx_2D671J7GFH813FZS1K4EVPSE2E,ciqual,31041,review
nfx_2D671J7GFH813FZS1K4EVPSE2E,ciqual,31066,review
nfx_2D671J7GFH813FZS1K4EVPSE2E,ciqual,31074,review
nfx_2D671J7GFH813FZS1K4EVPSE2E,ciqual,31080,review
nfx_2D671J7GFH813FZS1K4EVPSE2E,ciqual,31093,review
nfx_2D671J7GFH813FZS1K4EVPSE2E,ciqual,31098,review
nfx_2D671J7GFH813FZS1K4EVPSE2E,ciqual,31120,review
nfx_2D671J7GFH813FZS1K4EVPSE2E,ciqual,31122,review
nfx_2D671J7GFH813FZS1K4EVPSE2E,ciqual,39503,review
nfx_2D671J7GFH813FZS1K4EVPSE2E,insa,506,review
nfx_2D671J7GFH813FZS1K4EVPSE2E,insa,506,review
nfx_2D671J7GFH813FZS1K4EVPSE2E,insa,506,review
nfx_2D671J7GFH813FZS1K4EVPSE2E,insa,506,review
nfx_2D671J7GFH813FZS1K4EVPSE2E,insa,506,review
nfx_2D671J7GFH813FZS1K4EVPSE2E,insa,506,review
nfx_2D671J7GFH813FZS1K4EVPSE2E,insa,506,review
nfx_2D671J7GFH813FZS1K4EVPSE2E,insa,506,review
nfx_2D671J7GFH813FZS1K4EVPSE2E,insa,506,review
nfx_2D671J7GFH813FZS1K4EVPSE2E,insa,506,review
nfx_2D671J7GFH813FZS1K4EVPSE2E,insa,506,review
nfx_2D671J7GFH813FZS1K4EVPSE2E,insa,506,review
nfx_2D671J7GFH813FZS1K4EVPSE2E,insa,506,review
nfx_2D671J7GFH813FZS1K4EVPSE2E,insa,506,review
nfx_2D671J7GFH813FZS1K4EVPSE2E,insa,506,review
nfx_2D671J7GFH813FZS1K4EVPSE2E,insa,506,review
nfx_2D671J7GFH813FZS1K4EVPSE2E,insa,506,review
nfx_2D671J7GFH813FZS1K4EVPSE2E,insa,506,review
nfx_2D671J7GFH813FZS1K4EVPSE2E,insa,506,review
nfx_2DAF5FKHXFYW45ADA1SP7TEGWN,ciqual,30052,review
nfx_2DAF5FKHXFYW45ADA1SP7TEGWN,ciqual,30052,review
nfx_2DAF5FKHXFYW45ADA1SP7TEGWN,ciqual,30052,review
nfx_2DAF5FKHXFYW45ADA1SP7TEGWN,ciqual,30052,review
nfx_2DAF5FKHXFYW45ADA1SP7TEGWN,ciqual,30052,review
nfx_2DAF5FKHXFYW45ADA1SP7TEGWN,ciqual,30052,review
nfx_2DAF5FKHXFYW45ADA1SP7TEGWN,ciqual,30052,review
nfx_2DAF5FKHXFYW45ADA1SP7TEGWN,ciqual,30052,review
nfx_2DAF5FKHXFYW45ADA1SP7TEGWN,ciqual,30052,review
nfx_2DAF5FKHXFYW45ADA1SP7TEGWN,ciqual,30052,review
nfx_2DAF5FKHXFYW45ADA1SP7TEGWN,ciqual,30052,review
nfx_2DAF5FKHXFYW45ADA1SP7TEGWN,ciqual,30052,review
nfx_2DAF5FKHXFYW45ADA1SP7TEGWN,insa,1219,review
nfx_2DAF5FKHXFYW45ADA1SP7TEGWN,insa,1221,review
nfx_2DAF5FKHXFYW45ADA1SP7TEGWN,insa,1222,review
nfx_2DAF5FKHXFYW45ADA1SP7TEGWN,insa,1223,review
nfx_2DAF5FKHXFYW45ADA1SP7TEGWN,insa,156,review
nfx_2DAF5FKHXFYW45ADA1SP7TEGWN,insa,2120000003,review
nfx_2DAF5FKHXFYW45ADA1SP7TEGWN,insa,317,review
nfx_2DAF5FKHXFYW45ADA1SP7TEGWN,insa,321,review
nfx_2DAF5FKHXFYW45ADA1SP7TEGWN,insa,334,review
nfx_2DAF5FKHXFYW45ADA1SP7TEGWN,insa,341,review
nfx_2DAF5FKHXFYW45ADA1SP7TEGWN,insa,342,review
nfx_2DAF5FKHXFYW45ADA1SP7TEGWN,insa,70500004,review
nfx_2DB3G1TC7MSEC82SWVNX1SFAWP,ciqual,2026,review
nfx_2DB3G1TC7MSEC82SWVNX1SFAWP,insa,617,review
nfx_2DGDMKS96MVCMFNHD8FW9QR8V8,ciqual,20277,review
nfx_2DGDMKS96MVCMFNHD8FW9QR8V8,insa,607,review
nfx_2DMW6WMFJEBH13KP045MZ9SE4T,ciqual,19862,review
nfx_2DMW6WMFJEBH13KP045MZ9SE4T,ciqual,19862,review
nfx_2DMW6WMFJEBH13KP045MZ9SE4T,ciqual,19862,review
nfx_2DMW6WMFJEBH13KP045MZ9SE4T,ciqual,19862,review
nfx_2DMW6WMFJEBH13KP045MZ9SE4T,ciqual,19862,review
nfx_2DMW6WMFJEBH13KP045MZ9SE4T,insa,1900000102,review
nfx_2DMW6WMFJEBH13KP045MZ9SE4T,insa,1920000007,review
nfx_2DMW6WMFJEBH13KP045MZ9SE4T,insa,1920000009,review
nfx_2DMW6WMFJEBH13KP045MZ9SE4T,insa,78,review
nfx_2DMW6WMFJEBH13KP045MZ9SE4T,insa,82,review
nfx_2DNEJZ92CPDNC0G9MW4FY92X0C,ciqual,23456,review
nfx_2DNEJZ92CPDNC0G9MW4FY92X0C,insa,489,review
nfx_2DVYXPWBN5BYD54W9M0MDTMKSF,ciqual,21004,review
nfx_2DVYXPWBN5BYD54W9M0MDTMKSF,ciqual,21004,review
nfx_2DVYXPWBN5BYD54W9M0MDTMKSF,ciqual,21004,review
nfx_2DVYXPWBN5BYD54W9M0MDTMKSF,insa,1221,review
nfx_2DVYXPWBN5BYD54W9M0MDTMKSF,insa,332,review
nfx_2DVYXPWBN5BYD54W9M0MDTMKSF,insa,98,review
nfx_2DWYVHJZTAWD6V0KCP70YQQE56,ciqual,2381,review
nfx_2DWYVHJZTAWD6V0KCP70YQQE56,ciqual,2381,review
nfx_2DWYVHJZTAWD6V0KCP70YQQE56,ciqual,2381,review
nfx_2DWYVHJZTAWD6V0KCP70YQQE56,ciqual,2381,review
nfx_2DWYVHJZTAWD6V0KCP70YQQE56,insa,617,review
nfx_2DWYVHJZTAWD6V0KCP70YQQE56,insa,736,review
nfx_2DWYVHJZTAWD6V0KCP70YQQE56,insa,745,review
nfx_2DWYVHJZTAWD6V0KCP70YQQE56,insa,747,review
nfx_2DYNFASNEF34X0KQVWXK8QXDTV,ciqual,76063,review
nfx_2DYNFASNEF34X0KQVWXK8QXDTV,ciqual,76063,review
nfx_2DYNFASNEF34X0KQVWXK8QXDTV,ciqual,76063,review
nfx_2DYNFASNEF34X0KQVWXK8QXDTV,insa,2,review
nfx_2DYNFASNEF34X0KQVWXK8QXDTV,insa,3,review
nfx_2DYNFASNEF34X0KQVWXK8QXDTV,insa,5,review
nfx_2E0F43VEQBJTM1Z82XYQ6374TZ,ciqual,36039,review
nfx_2E0F43VEQBJTM1Z82XYQ6374TZ,insa,11,review
nfx_2E3MA81P8XXBS87BCNW21XPSQ2,ciqual,28009,review
nfx_2E3MA81P8XXBS87BCNW21XPSQ2,ciqual,28009,review
nfx_2E3MA81P8XXBS87BCNW21XPSQ2,ciqual,28009,review
nfx_2E3MA81P8XXBS87BCNW21XPSQ2,ciqual,28009,review
nfx_2E3MA81P8XXBS87BCNW21XPSQ2,ciqual,28009,review
nfx_2E3MA81P8XXBS87BCNW21XPSQ2,ciqual,28009,review
nfx_2E3MA81P8XXBS87BCNW21XPSQ2,ciqual,28009,review
nfx_2E3MA81P8XXBS87BCNW21XPSQ2,ciqual,28009,review
nfx_2E3MA81P8XXBS87BCNW21XPSQ2,ciqual,28009,review
nfx_2E3MA81P8XXBS87BCNW21XPSQ2,ciqual,28009,review
nfx_2E3MA81P8XXBS87BCNW21XPSQ2,ciqual,28009,review
nfx_2E3MA81P8XXBS87BCNW21XPSQ2,ciqual,28009,review
nfx_2E3MA81P8XXBS87BCNW21XPSQ2,ciqual,28009,review
nfx_2E3MA81P8XXBS87BCNW21XPSQ2,ciqual,28009,review
nfx_2E3MA81P8XXBS87BCNW21XPSQ2,ciqual,28009,review
nfx_2E3MA81P8XXBS87BCNW21XPSQ2,ciqual,28009,review
nfx_2E3MA81P8XXBS87BCNW21XPSQ2,insa,1219,review
nfx_2E3MA81P8XXBS87BCNW21XPSQ2,insa,1221,review
nfx_2E3MA81P8XXBS87BCNW21XPSQ2,insa,1222,review
nfx_2E3MA81P8XXBS87BCNW21XPSQ2,insa,1223,review
nfx_2E3MA81P8XXBS87BCNW21XPSQ2,insa,142,review
nfx_2E3MA81P8XXBS87BCNW21XPSQ2,insa,152,review
nfx_2E3MA81P8XXBS87BCNW21XPSQ2,insa,156,review
nfx_2E3MA81P8XXBS87BCNW21XPSQ2,insa,2120000010,review
nfx_2E3MA81P8XXBS87BCNW21XPSQ2,insa,2120000011,review
nfx_2E3MA81P8XXBS87BCNW21XPSQ2,insa,307,review
nfx_2E3MA81P8XXBS87BCNW21XPSQ2,insa,308,review
nfx_2E3MA81P8XXBS87BCNW21XPSQ2,insa,315,review
nfx_2E3MA81P8XXBS87BCNW21XPSQ2,insa,321,review
nfx_2E3MA81P8XXBS87BCNW21XPSQ2,insa,334,review
nfx_2E3MA81P8XXBS87BCNW21XPSQ2,insa,70500004,review
nfx_2E3MA81P8XXBS87BCNW21XPSQ2,insa,98,review
nfx_2EFY9SHHV7TKA2FW9A5WSTP0H6,ciqual,27009,review
nfx_2EFY9SHHV7TKA2FW9A5WSTP0H6,ciqual,27015,review
nfx_2EFY9SHHV7TKA2FW9A5WSTP0H6,insa,906,review
nfx_2EFY9SHHV7TKA2FW9A5WSTP0H6,insa,906,review
nfx_2EH7CDH6PXWM36N78VS3S4RYAD,ciqual,24666,review
nfx_2EH7CDH6PXWM36N78VS3S4RYAD,ciqual,24666,review
nfx_2EH7CDH6PXWM36N78VS3S4RYAD,ciqual,24666,review
nfx_2EH7CDH6PXWM36N78VS3S4RYAD,insa,370,review
nfx_2EH7CDH6PXWM36N78VS3S4RYAD,insa,488,review
nfx_2EH7CDH6PXWM36N78VS3S4RYAD,insa,489,review
nfx_2EJBF14EG062GZE4FGQD2Q0FG5,ciqual,32023,review
nfx_2EJBF14EG062GZE4FGQD2Q0FG5,insa,447,review
nfx_2EJCK09NETQNTQN7FTY4QT1QYA,ciqual,19677,review
nfx_2EJCK09NETQNTQN7FTY4QT1QYA,ciqual,19677,review
nfx_2EJCK09NETQNTQN7FTY4QT1QYA,ciqual,19677,review
nfx_2EJCK09NETQNTQN7FTY4QT1QYA,ciqual,19677,review
nfx_2EJCK09NETQNTQN7FTY4QT1QYA,insa,1920000004,review
nfx_2EJCK09NETQNTQN7FTY4QT1QYA,insa,1920000015,review
nfx_2EJCK09NETQNTQN7FTY4QT1QYA,insa,78,review
nfx_2EJCK09NETQNTQN7FTY4QT1QYA,insa,82,review
nfx_2EMZY34VMVFXF3S0835CBGJEKS,ciqual,20003,review
nfx_2EMZY34VMVFXF3S0835CBGJEKS,insa,596,review
nfx_2ENCDTV3WPZ9YWT6HC9KVBZNMW,ciqual,19552,review
nfx_2ENCDTV3WPZ9YWT6HC9KVBZNMW,ciqual,19555,review
nfx_2ENCDTV3WPZ9YWT6HC9KVBZNMW,ciqual,19557,review
nfx_2ENCDTV3WPZ9YWT6HC9KVBZNMW,insa,81,review
nfx_2ENCDTV3WPZ9YWT6HC9KVBZNMW,insa,81,review
nfx_2ENCDTV3WPZ9YWT6HC9KVBZNMW,insa,81,review
nfx_2EQ555V15YYAW0MRMSAD2JHKYX,ciqual,5215,review
nfx_2EQ555V15YYAW0MRMSAD2JHKYX,insa,724,review
nfx_2EYAQYGY0WRCYAMRJXK7CVSCBT,ciqual,26052,automatic
nfx_2EYAQYGY0WRCYAMRJXK7CVSCBT,insa,870,automatic
nfx_2F2AB00NZ9G3NC3W81M0X3CJTT,ciqual,24009,review
nfx_2F2AB00NZ9G3NC3W81M0X3CJTT,ciqual,24015,review
nfx_2F2AB00NZ9G3NC3W81M0X3CJTT,ciqual,24018,review
nfx_2F2AB00NZ9G3NC3W81M0X3CJTT,ciqual,24048,review
nfx_2F2AB00NZ9G3NC3W81M0X3CJTT,ciqual,24049,review
nfx_2F2AB00NZ9G3NC3W81M0X3CJTT,ciqual,24050,review
nfx_2F2AB00NZ9G3NC3W81M0X3CJTT,ciqual,38107,review
nfx_2F2AB00NZ9G3NC3W81M0X3CJTT,ciqual,38399,review
nfx_2F2AB00NZ9G3NC3W81M0X3CJTT,ciqual,38422,review
nfx_2F2AB00NZ9G3NC3W81M0X3CJTT,insa,468,review
nfx_2F2AB00NZ9G3NC3W81M0X3CJTT,insa,468,review
nfx_2F2AB00NZ9G3NC3W81M0X3CJTT,insa,468,review
nfx_2F2AB00NZ9G3NC3W81M0X3CJTT,insa,468,review
nfx_2F2AB00NZ9G3NC3W81M0X3CJTT,insa,468,review
nfx_2F2AB00NZ9G3NC3W81M0X3CJTT,insa,468,review
nfx_2F2AB00NZ9G3NC3W81M0X3CJTT,insa,468,review
nfx_2F2AB00NZ9G3NC3W81M0X3CJTT,insa,468,review
nfx_2F2AB00NZ9G3NC3W81M0X3CJTT,insa,468,review
nfx_2F96TFBQ01BX8JQ7GHS6K3SG2Z,ciqual,23455,review
nfx_2F96TFBQ01BX8JQ7GHS6K3SG2Z,insa,489,review
nfx_2FD4KY994Q46YDEAXQEXN9J669,ciqual,20340,review
nfx_2FD4KY994Q46YDEAXQEXN9J669,ciqual,20340,review
nfx_2FD4KY994Q46YDEAXQEXN9J669,ciqual,20340,review
nfx_2FD4KY994Q46YDEAXQEXN9J669,insa,552,review
nfx_2FD4KY994Q46YDEAXQEXN9J669,insa,562,review
nfx_2FD4KY994Q46YDEAXQEXN9J669,insa,565,review
nfx_2FD9KA2Q7VB06X391NPHG4MMK6,ciqual,6110,review
nfx_2FD9KA2Q7VB06X391NPHG4MMK6,ciqual,6111,review
nfx_2FD9KA2Q7VB06X391NPHG4MMK6,ciqual,6211,review
nfx_2FD9KA2Q7VB06X391NPHG4MMK6,insa,220,review
nfx_2FD9KA2Q7VB06X391NPHG4MMK6,insa,220,review
nfx_2FD9KA2Q7VB06X391NPHG4MMK6,insa,220,review
nfx_2FDT6AZ5SHENN44DYVKQ2TBTM1,ciqual,36700,review
nfx_2FDT6AZ5SHENN44DYVKQ2TBTM1,ciqual,36700,review
nfx_2FDT6AZ5SHENN44DYVKQ2TBTM1,insa,341,review
nfx_2FDT6AZ5SHENN44DYVKQ2TBTM1,insa,70500004,review
nfx_2FDZ5D2B4DHM2HNXEX298TR07F,ciqual,25609,review
nfx_2FDZ5D2B4DHM2HNXEX298TR07F,insa,592,review
nfx_2FHDP1KQWBY6E8M3ZEA0G6KWXD,ciqual,22009,review
nfx_2FHDP1KQWBY6E8M3ZEA0G6KWXD,ciqual,22010,review
nfx_2FHDP1KQWBY6E8M3ZEA0G6KWXD,ciqual,22014,review
nfx_2FHDP1KQWBY6E8M3ZEA0G6KWXD,insa,86,review
nfx_2FHDP1KQWBY6E8M3ZEA0G6KWXD,insa,86,review
nfx_2FHDP1KQWBY6E8M3ZEA0G6KWXD,insa,86,review
nfx_2FHFTTZBX9M77QZH61PYDNN419,ciqual,6271,review
nfx_2FHFTTZBX9M77QZH61PYDNN419,ciqual,6271,review
nfx_2FHFTTZBX9M77QZH61PYDNN419,insa,199,review
nfx_2FHFTTZBX9M77QZH61PYDNN419,insa,318,review
nfx_2FHMSY6KB7NNNY3BJAP0G18BWW,ciqual,40600,review
nfx_2FHMSY6KB7NNNY3BJAP0G18BWW,ciqual,40600,review
nfx_2FHMSY6KB7NNNY3BJAP0G18BWW,ciqual,40600,review
nfx_2FHMSY6KB7NNNY3BJAP0G18BWW,ciqual,40600,review
nfx_2FHMSY6KB7NNNY3BJAP0G18BWW,ciqual,40600,review
nfx_2FHMSY6KB7NNNY3BJAP0G18BWW,ciqual,40600,review
nfx_2FHMSY6KB7NNNY3BJAP0G18BWW,ciqual,40600,review
nfx_2FHMSY6KB7NNNY3BJAP0G18BWW,ciqual,40600,review
nfx_2FHMSY6KB7NNNY3BJAP0G18BWW,ciqual,40600,review
nfx_2FHMSY6KB7NNNY3BJAP0G18BWW,ciqual,40600,review
nfx_2FHMSY6KB7NNNY3BJAP0G18BWW,ciqual,40600,review
nfx_2FHMSY6KB7NNNY3BJAP0G18BWW,insa,1223,review
nfx_2FHMSY6KB7NNNY3BJAP0G18BWW,insa,195,review
nfx_2FHMSY6KB7NNNY3BJAP0G18BWW,insa,196,review
nfx_2FHMSY6KB7NNNY3BJAP0G18BWW,insa,198,review
nfx_2FHMSY6KB7NNNY3BJAP0G18BWW,insa,2120000002,review
nfx_2FHMSY6KB7NNNY3BJAP0G18BWW,insa,2120000003,review
nfx_2FHMSY6KB7NNNY3BJAP0G18BWW,insa,293,review
nfx_2FHMSY6KB7NNNY3BJAP0G18BWW,insa,317,review
nfx_2FHMSY6KB7NNNY3BJAP0G18BWW,insa,324,review
nfx_2FHMSY6KB7NNNY3BJAP0G18BWW,insa,330,review
nfx_2FHMSY6KB7NNNY3BJAP0G18BWW,insa,336,review
nfx_2FJXPJCVSX58S8CQ7QV1YKG4G5,ciqual,1003,review
nfx_2FJXPJCVSX58S8CQ7QV1YKG4G5,insa,733,review
nfx_2FM5HM68PF5DHGYCR7R2TM98YC,ciqual,31028,review
nfx_2FM5HM68PF5DHGYCR7R2TM98YC,insa,520,review
nfx_2FW8BK8A3CSP12QB995QSWMVWK,ciqual,15021,review
nfx_2FW8BK8A3CSP12QB995QSWMVWK,ciqual,15039,review
nfx_2FW8BK8A3CSP12QB995QSWMVWK,insa,705,review
nfx_2FW8BK8A3CSP12QB995QSWMVWK,insa,705,review
nfx_2FY8V9QNY5M3C6THKGYWA5RFQ7,ciqual,12805,review
nfx_2FY8V9QNY5M3C6THKGYWA5RFQ7,insa,220004,review
nfx_2G3CMARYM0SZ0AV7Y4SDP3MRJ4,ciqual,25186,review
nfx_2G3CMARYM0SZ0AV7Y4SDP3MRJ4,ciqual,25222,review
nfx_2G3CMARYM0SZ0AV7Y4SDP3MRJ4,insa,951,review
nfx_2G3CMARYM0SZ0AV7Y4SDP3MRJ4,insa,951,review
nfx_2G4JNY6KM124DXMWWSBPXZQBWY,ciqual,26055,automatic
nfx_2G4JNY6KM124DXMWWSBPXZQBWY,insa,891,automatic
nfx_2G5PG3T7S50K2FYB28Y7DPKC6Y,ciqual,6513,review
nfx_2G5PG3T7S50K2FYB28Y7DPKC6Y,ciqual,6513,review
nfx_2G5PG3T7S50K2FYB28Y7DPKC6Y,ciqual,6513,review
nfx_2G5PG3T7S50K2FYB28Y7DPKC6Y,ciqual,6513,review
nfx_2G5PG3T7S50K2FYB28Y7DPKC6Y,ciqual,6513,review
nfx_2G5PG3T7S50K2FYB28Y7DPKC6Y,ciqual,6513,review
nfx_2G5PG3T7S50K2FYB28Y7DPKC6Y,ciqual,6513,review
nfx_2G5PG3T7S50K2FYB28Y7DPKC6Y,insa,195,review
nfx_2G5PG3T7S50K2FYB28Y7DPKC6Y,insa,2120000005,review
nfx_2G5PG3T7S50K2FYB28Y7DPKC6Y,insa,222,review
nfx_2G5PG3T7S50K2FYB28Y7DPKC6Y,insa,223,review
nfx_2G5PG3T7S50K2FYB28Y7DPKC6Y,insa,234,review
nfx_2G5PG3T7S50K2FYB28Y7DPKC6Y,insa,320,review
nfx_2G5PG3T7S50K2FYB28Y7DPKC6Y,insa,326,review
nfx_2G6DREVJR6AG312WTPJGXZHV9V,ciqual,30051,review
nfx_2G6DREVJR6AG312WTPJGXZHV9V,ciqual,30051,review
nfx_2G6DREVJR6AG312WTPJGXZHV9V,ciqual,30051,review
nfx_2G6DREVJR6AG312WTPJGXZHV9V,ciqual,30051,review
nfx_2G6DREVJR6AG312WTPJGXZHV9V,ciqual,30051,review
nfx_2G6DREVJR6AG312WTPJGXZHV9V,ciqual,30051,review
nfx_2G6DREVJR6AG312WTPJGXZHV9V,ciqual,30051,review
nfx_2G6DREVJR6AG312WTPJGXZHV9V,ciqual,30051,review
nfx_2G6DREVJR6AG312WTPJGXZHV9V,ciqual,30051,review
nfx_2G6DREVJR6AG312WTPJGXZHV9V,ciqual,30051,review
nfx_2G6DREVJR6AG312WTPJGXZHV9V,ciqual,30051,review
nfx_2G6DREVJR6AG312WTPJGXZHV9V,insa,1219,review
nfx_2G6DREVJR6AG312WTPJGXZHV9V,insa,1221,review
nfx_2G6DREVJR6AG312WTPJGXZHV9V,insa,1222,review
nfx_2G6DREVJR6AG312WTPJGXZHV9V,insa,1223,review
nfx_2G6DREVJR6AG312WTPJGXZHV9V,insa,156,review
nfx_2G6DREVJR6AG312WTPJGXZHV9V,insa,315,review
nfx_2G6DREVJR6AG312WTPJGXZHV9V,insa,321,review
nfx_2G6DREVJR6AG312WTPJGXZHV9V,insa,334,review
nfx_2G6DREVJR6AG312WTPJGXZHV9V,insa,341,review
nfx_2G6DREVJR6AG312WTPJGXZHV9V,insa,342,review
nfx_2G6DREVJR6AG312WTPJGXZHV9V,insa,70500004,review
nfx_2GCQTVQ3V0F283TR28V1TNRJJT,ciqual,19508,review
nfx_2GCQTVQ3V0F283TR28V1TNRJJT,ciqual,19539,review
nfx_2GCQTVQ3V0F283TR28V1TNRJJT,ciqual,19553,review
nfx_2GCQTVQ3V0F283TR28V1TNRJJT,ciqual,19559,review
nfx_2GCQTVQ3V0F283TR28V1TNRJJT,ciqual,19578,review
nfx_2GCQTVQ3V0F283TR28V1TNRJJT,ciqual,19600,review
nfx_2GCQTVQ3V0F283TR28V1TNRJJT,ciqual,19671,review
nfx_2GCQTVQ3V0F283TR28V1TNRJJT,ciqual,19676,review
nfx_2GCQTVQ3V0F283TR28V1TNRJJT,insa,82,review
nfx_2GCQTVQ3V0F283TR28V1TNRJJT,insa,82,review
nfx_2GCQTVQ3V0F283TR28V1TNRJJT,insa,82,review
nfx_2GCQTVQ3V0F283TR28V1TNRJJT,insa,82,review
nfx_2GCQTVQ3V0F283TR28V1TNRJJT,insa,82,review
nfx_2GCQTVQ3V0F283TR28V1TNRJJT,insa,82,review
nfx_2GCQTVQ3V0F283TR28V1TNRJJT,insa,82,review
nfx_2GCQTVQ3V0F283TR28V1TNRJJT,insa,82,review
nfx_2GGJVRE6D19ZYJ3S1699GCN6QK,ciqual,25904,review
nfx_2GGJVRE6D19ZYJ3S1699GCN6QK,ciqual,25904,review
nfx_2GGJVRE6D19ZYJ3S1699GCN6QK,insa,1120,review
nfx_2GGJVRE6D19ZYJ3S1699GCN6QK,insa,799,review
nfx_2GGKG5HT4XCT04RBESTD0XBN85,ciqual,20068,review
nfx_2GGKG5HT4XCT04RBESTD0XBN85,ciqual,20170,review
nfx_2GGKG5HT4XCT04RBESTD0XBN85,ciqual,20260,review
nfx_2GGKG5HT4XCT04RBESTD0XBN85,ciqual,20268,review
nfx_2GGKG5HT4XCT04RBESTD0XBN85,insa,616,review
nfx_2GGKG5HT4XCT04RBESTD0XBN85,insa,616,review
nfx_2GGKG5HT4XCT04RBESTD0XBN85,insa,616,review
nfx_2GGKG5HT4XCT04RBESTD0XBN85,insa,616,review
nfx_2GGVJEZP8FAZFYAJEXJ9SFJST7,ciqual,18046,review
nfx_2GGVJEZP8FAZFYAJEXJ9SFJST7,ciqual,18046,review
nfx_2GGVJEZP8FAZFYAJEXJ9SFJST7,ciqual,18046,review
nfx_2GGVJEZP8FAZFYAJEXJ9SFJST7,insa,2,review
nfx_2GGVJEZP8FAZFYAJEXJ9SFJST7,insa,3,review
nfx_2GGVJEZP8FAZFYAJEXJ9SFJST7,insa,5,review
nfx_2GPRK7PAVJAGHFPW4VEYTWEQHJ,ciqual,7407,review
nfx_2GPRK7PAVJAGHFPW4VEYTWEQHJ,ciqual,7407,review
nfx_2GPRK7PAVJAGHFPW4VEYTWEQHJ,ciqual,7407,review
nfx_2GPRK7PAVJAGHFPW4VEYTWEQHJ,insa,429,review
nfx_2GPRK7PAVJAGHFPW4VEYTWEQHJ,insa,430,review
nfx_2GPRK7PAVJAGHFPW4VEYTWEQHJ,insa,440,review
nfx_2GQG2HZ3QWD8CBBSWNWHBRQCA9,ciqual,76097,review
nfx_2GQG2HZ3QWD8CBBSWNWHBRQCA9,ciqual,76097,review
nfx_2GQG2HZ3QWD8CBBSWNWHBRQCA9,ciqual,76097,review
nfx_2GQG2HZ3QWD8CBBSWNWHBRQCA9,insa,2,review
nfx_2GQG2HZ3QWD8CBBSWNWHBRQCA9,insa,3,review
nfx_2GQG2HZ3QWD8CBBSWNWHBRQCA9,insa,5,review
nfx_2GT7C34H2TE2FAK4YQVXHN9AA5,ciqual,18009,review
nfx_2GT7C34H2TE2FAK4YQVXHN9AA5,ciqual,18009,review
nfx_2GT7C34H2TE2FAK4YQVXHN9AA5,ciqual,18009,review
nfx_2GT7C34H2TE2FAK4YQVXHN9AA5,insa,2,review
nfx_2GT7C34H2TE2FAK4YQVXHN9AA5,insa,3,review
nfx_2GT7C34H2TE2FAK4YQVXHN9AA5,insa,5,review
nfx_2GV298G93P0B0FHT50PZZ5FZ83,ciqual,25903,review
nfx_2GV298G93P0B0FHT50PZZ5FZ83,ciqual,25913,review
nfx_2GV298G93P0B0FHT50PZZ5FZ83,ciqual,25953,review
nfx_2GV298G93P0B0FHT50PZZ5FZ83,ciqual,25967,review
nfx_2GV298G93P0B0FHT50PZZ5FZ83,ciqual,25974,review
nfx_2GV298G93P0B0FHT50PZZ5FZ83,insa,1112,review
nfx_2GV298G93P0B0FHT50PZZ5FZ83,insa,1112,review
nfx_2GV298G93P0B0FHT50PZZ5FZ83,insa,1112,review
nfx_2GV298G93P0B0FHT50PZZ5FZ83,insa,1112,review
nfx_2GV298G93P0B0FHT50PZZ5FZ83,insa,1112,review
nfx_2H19ZH4R9GA2FFQPHV65XA9BE8,ciqual,25999,review
nfx_2H19ZH4R9GA2FFQPHV65XA9BE8,ciqual,26000,automatic
nfx_2H19ZH4R9GA2FFQPHV65XA9BE8,ciqual,26034,review
nfx_2H19ZH4R9GA2FFQPHV65XA9BE8,ciqual,26245,review
nfx_2H19ZH4R9GA2FFQPHV65XA9BE8,ciqual,26692,review
nfx_2H19ZH4R9GA2FFQPHV65XA9BE8,ciqual,26693,review
nfx_2H19ZH4R9GA2FFQPHV65XA9BE8,ciqual,26694,review
nfx_2H19ZH4R9GA2FFQPHV65XA9BE8,ciqual,26697,review
nfx_2H19ZH4R9GA2FFQPHV65XA9BE8,ciqual,26698,review
nfx_2H19ZH4R9GA2FFQPHV65XA9BE8,ciqual,26700,review
nfx_2H19ZH4R9GA2FFQPHV65XA9BE8,insa,1191,automatic
nfx_2H19ZH4R9GA2FFQPHV65XA9BE8,insa,1191,review
nfx_2H19ZH4R9GA2FFQPHV65XA9BE8,insa,1191,review
nfx_2H19ZH4R9GA2FFQPHV65XA9BE8,insa,1191,review
nfx_2H19ZH4R9GA2FFQPHV65XA9BE8,insa,1191,review
nfx_2H19ZH4R9GA2FFQPHV65XA9BE8,insa,1191,review
nfx_2H19ZH4R9GA2FFQPHV65XA9BE8,insa,1191,review
nfx_2H19ZH4R9GA2FFQPHV65XA9BE8,insa,1191,review
nfx_2H19ZH4R9GA2FFQPHV65XA9BE8,insa,1191,review
nfx_2H19ZH4R9GA2FFQPHV65XA9BE8,insa,1191,review
nfx_2H5KMJ4ESH0SY0GZTP6MHZ4RNX,ciqual,25173,review
nfx_2H5KMJ4ESH0SY0GZTP6MHZ4RNX,insa,1143,review
nfx_2HBP4YTP81DJ5S3MXF4PC87380,ciqual,5100,review
nfx_2HBP4YTP81DJ5S3MXF4PC87380,ciqual,5201,review
nfx_2HBP4YTP81DJ5S3MXF4PC87380,ciqual,5209,review
nfx_2HBP4YTP81DJ5S3MXF4PC87380,ciqual,5210,review
nfx_2HBP4YTP81DJ5S3MXF4PC87380,ciqual,5215,review
nfx_2HBP4YTP81DJ5S3MXF4PC87380,insa,720,review
nfx_2HBP4YTP81DJ5S3MXF4PC87380,insa,720,review
nfx_2HBP4YTP81DJ5S3MXF4PC87380,insa,720,review
nfx_2HBP4YTP81DJ5S3MXF4PC87380,insa,720,review
nfx_2HBP4YTP81DJ5S3MXF4PC87380,insa,720,review
nfx_2HFSCSTTW3E9Q2Y19745477H4P,ciqual,19681,review
nfx_2HFSCSTTW3E9Q2Y19745477H4P,insa,64,review
nfx_2HGAQEQ6VH8PJRGKD0DWP19BRN,ciqual,20189,review
nfx_2HGAQEQ6VH8PJRGKD0DWP19BRN,insa,615,review
nfx_2HJDWWMSBPH09CEJFZ4SY8RQJQ,ciqual,2074,automatic
nfx_2HJDWWMSBPH09CEJFZ4SY8RQJQ,ciqual,2074,review
nfx_2HJDWWMSBPH09CEJFZ4SY8RQJQ,insa,617,review
nfx_2HJDWWMSBPH09CEJFZ4SY8RQJQ,insa,745,automatic
nfx_2HQ0EXFDCYMQAMWZV2X4GQ3DJ8,ciqual,40002,review
nfx_2HQ0EXFDCYMQAMWZV2X4GQ3DJ8,insa,96,review
nfx_2HW7AW6V5AY3YHPR8GAQ7ZHRN1,ciqual,28104,review
nfx_2HW7AW6V5AY3YHPR8GAQ7ZHRN1,ciqual,28401,review
nfx_2HW7AW6V5AY3YHPR8GAQ7ZHRN1,ciqual,40004,review
nfx_2HW7AW6V5AY3YHPR8GAQ7ZHRN1,ciqual,40005,review
nfx_2HW7AW6V5AY3YHPR8GAQ7ZHRN1,ciqual,8001,review
nfx_2HW7AW6V5AY3YHPR8GAQ7ZHRN1,ciqual,8002,review
nfx_2HW7AW6V5AY3YHPR8GAQ7ZHRN1,ciqual,8010,review
nfx_2HW7AW6V5AY3YHPR8GAQ7ZHRN1,ciqual,8015,review
nfx_2HW7AW6V5AY3YHPR8GAQ7ZHRN1,insa,1217,review
nfx_2HW7AW6V5AY3YHPR8GAQ7ZHRN1,insa,1217,review
nfx_2HW7AW6V5AY3YHPR8GAQ7ZHRN1,insa,1217,review
nfx_2HW7AW6V5AY3YHPR8GAQ7ZHRN1,insa,1217,review
nfx_2HW7AW6V5AY3YHPR8GAQ7ZHRN1,insa,1217,review
nfx_2HW7AW6V5AY3YHPR8GAQ7ZHRN1,insa,1217,review
nfx_2HW7AW6V5AY3YHPR8GAQ7ZHRN1,insa,1217,review
nfx_2HW7AW6V5AY3YHPR8GAQ7ZHRN1,insa,1217,review
nfx_2HXE0RFEYHZTH22A9KZ686CNZQ,ciqual,20039,automatic
nfx_2HXE0RFEYHZTH22A9KZ686CNZQ,ciqual,20135,review
nfx_2HXE0RFEYHZTH22A9KZ686CNZQ,insa,581,automatic
nfx_2HXE0RFEYHZTH22A9KZ686CNZQ,insa,581,review
nfx_2HZ7B57W1VF8F9YAS16MD3Y2HA,ciqual,11019,review
nfx_2HZ7B57W1VF8F9YAS16MD3Y2HA,insa,1900000046,review
nfx_2J3C6NYMT8PWPX79AY01XFWRNJ,ciqual,26262,review
nfx_2J3C6NYMT8PWPX79AY01XFWRNJ,ciqual,8407,review
nfx_2J3C6NYMT8PWPX79AY01XFWRNJ,insa,1073,review
nfx_2J3C6NYMT8PWPX79AY01XFWRNJ,insa,1073,review
nfx_2J4H9J2F73WEB3P5337ZYKF8BE,ciqual,13015,review
nfx_2J4H9J2F73WEB3P5337ZYKF8BE,ciqual,13015,review
nfx_2J4H9J2F73WEB3P5337ZYKF8BE,insa,1900000106,review
nfx_2J4H9J2F73WEB3P5337ZYKF8BE,insa,653,review
nfx_2J5HA41SSE5732K7YZTGV6W4TN,ciqual,8026,review
nfx_2J5HA41SSE5732K7YZTGV6W4TN,insa,1162,review
nfx_2J5TP2BC7BJ88Q67MHRMYN2F82,ciqual,25664,review
nfx_2J5TP2BC7BJ88Q67MHRMYN2F82,ciqual,25664,review
nfx_2J5TP2BC7BJ88Q67MHRMYN2F82,insa,1159,review
nfx_2J5TP2BC7BJ88Q67MHRMYN2F82,insa,589,review
nfx_2J83Z4YZ75SPG0E59QK9RBKSP6,ciqual,20270,review
nfx_2J83Z4YZ75SPG0E59QK9RBKSP6,insa,1900000019,review
nfx_2JBV074APRWMMGSN15Q02GRXWT,ciqual,24009,review
nfx_2JBV074APRWMMGSN15Q02GRXWT,ciqual,24655,review
nfx_2JBV074APRWMMGSN15Q02GRXWT,ciqual,38107,review
nfx_2JBV074APRWMMGSN15Q02GRXWT,ciqual,38399,review
nfx_2JBV074APRWMMGSN15Q02GRXWT,ciqual,38422,review
nfx_2JBV074APRWMMGSN15Q02GRXWT,insa,462,review
nfx_2JBV074APRWMMGSN15Q02GRXWT,insa,462,review
nfx_2JBV074APRWMMGSN15Q02GRXWT,insa,462,review
nfx_2JBV074APRWMMGSN15Q02GRXWT,insa,462,review
nfx_2JBV074APRWMMGSN15Q02GRXWT,insa,462,review
nfx_2JHWXK7CGTXDBDW6ERD1B8N1SB,ciqual,11039,review
nfx_2JHWXK7CGTXDBDW6ERD1B8N1SB,insa,1188,review
nfx_2JRZRW5T68BGY7BXK0E819AZF4,ciqual,11051,review
nfx_2JRZRW5T68BGY7BXK0E819AZF4,ciqual,11097,review
nfx_2JRZRW5T68BGY7BXK0E819AZF4,ciqual,11101,review
nfx_2JRZRW5T68BGY7BXK0E819AZF4,ciqual,11102,review
nfx_2JRZRW5T68BGY7BXK0E819AZF4,ciqual,11105,review
nfx_2JRZRW5T68BGY7BXK0E819AZF4,ciqual,11120,review
nfx_2JRZRW5T68BGY7BXK0E819AZF4,ciqual,11140,review
nfx_2JRZRW5T68BGY7BXK0E819AZF4,ciqual,11163,review
nfx_2JRZRW5T68BGY7BXK0E819AZF4,ciqual,11184,review
nfx_2JRZRW5T68BGY7BXK0E819AZF4,ciqual,11187,review
nfx_2JRZRW5T68BGY7BXK0E819AZF4,ciqual,11202,review
nfx_2JRZRW5T68BGY7BXK0E819AZF4,ciqual,11203,review
nfx_2JRZRW5T68BGY7BXK0E819AZF4,ciqual,11210,review
nfx_2JRZRW5T68BGY7BXK0E819AZF4,ciqual,11218,review
nfx_2JRZRW5T68BGY7BXK0E819AZF4,ciqual,11243,review
nfx_2JRZRW5T68BGY7BXK0E819AZF4,ciqual,11244,review
nfx_2JRZRW5T68BGY7BXK0E819AZF4,ciqual,11302,review
nfx_2JRZRW5T68BGY7BXK0E819AZF4,insa,928,review
nfx_2JRZRW5T68BGY7BXK0E819AZF4,insa,928,review
nfx_2JRZRW5T68BGY7BXK0E819AZF4,insa,928,review
nfx_2JRZRW5T68BGY7BXK0E819AZF4,insa,928,review
nfx_2JRZRW5T68BGY7BXK0E819AZF4,insa,928,review
nfx_2JRZRW5T68BGY7BXK0E819AZF4,insa,928,review
nfx_2JRZRW5T68BGY7BXK0E819AZF4,insa,928,review
nfx_2JRZRW5T68BGY7BXK0E819AZF4,insa,928,review
nfx_2JRZRW5T68BGY7BXK0E819AZF4,insa,928,review
nfx_2JRZRW5T68BGY7BXK0E819AZF4,insa,928,review
nfx_2JRZRW5T68BGY7BXK0E819AZF4,insa,928,review
nfx_2JRZRW5T68BGY7BXK0E819AZF4,insa,928,review
nfx_2JRZRW5T68BGY7BXK0E819AZF4,insa,928,review
nfx_2JRZRW5T68BGY7BXK0E819AZF4,insa,928,review
nfx_2JRZRW5T68BGY7BXK0E819AZF4,insa,928,review
nfx_2JRZRW5T68BGY7BXK0E819AZF4,insa,928,review
nfx_2JRZRW5T68BGY7BXK0E819AZF4,insa,928,review
nfx_2JSG1ZNXTC5QBF7CDYF6TVHHDA,ciqual,27016,review
nfx_2JSG1ZNXTC5QBF7CDYF6TVHHDA,insa,832,review
nfx_2JX3TQ2BB2FV8JHTNAW4TGC2D2,ciqual,19643,review
nfx_2JX3TQ2BB2FV8JHTNAW4TGC2D2,insa,61,review
nfx_2K5BFTR43CSDFW4TXP0B4MR57J,ciqual,26270,review
nfx_2K5BFTR43CSDFW4TXP0B4MR57J,insa,1159,review
nfx_2K924BP3THXN0X1WTC1FMQQW3M,ciqual,20513,review
nfx_2K924BP3THXN0X1WTC1FMQQW3M,ciqual,20513,review
nfx_2K924BP3THXN0X1WTC1FMQQW3M,ciqual,20513,review
nfx_2K924BP3THXN0X1WTC1FMQQW3M,ciqual,20513,review
nfx_2K924BP3THXN0X1WTC1FMQQW3M,insa,240003,review
nfx_2K924BP3THXN0X1WTC1FMQQW3M,insa,530,review
nfx_2K924BP3THXN0X1WTC1FMQQW3M,insa,532,review
nfx_2K924BP3THXN0X1WTC1FMQQW3M,insa,534,review
nfx_2KJV129B0Y939K9XS9NZ0XBDYH,ciqual,51550,review
nfx_2KJV129B0Y939K9XS9NZ0XBDYH,ciqual,51550,review
nfx_2KJV129B0Y939K9XS9NZ0XBDYH,ciqual,51550,review
nfx_2KJV129B0Y939K9XS9NZ0XBDYH,insa,370,review
nfx_2KJV129B0Y939K9XS9NZ0XBDYH,insa,488,review
nfx_2KJV129B0Y939K9XS9NZ0XBDYH,insa,489,review
nfx_2KQ0RGSJYD1043D0K8CAA3B3BM,ciqual,20034,automatic
nfx_2KQ0RGSJYD1043D0K8CAA3B3BM,ciqual,20235,review
nfx_2KQ0RGSJYD1043D0K8CAA3B3BM,ciqual,20238,review
nfx_2KQ0RGSJYD1043D0K8CAA3B3BM,ciqual,20239,review
nfx_2KQ0RGSJYD1043D0K8CAA3B3BM,insa,597,automatic
nfx_2KQ0RGSJYD1043D0K8CAA3B3BM,insa,597,review
nfx_2KQ0RGSJYD1043D0K8CAA3B3BM,insa,597,review
nfx_2KQ0RGSJYD1043D0K8CAA3B3BM,insa,597,review
nfx_2M2ERNJES0EE44AZVTP6KZD40K,ciqual,20019,review
nfx_2M2ERNJES0EE44AZVTP6KZD40K,ciqual,20210,review
nfx_2M2ERNJES0EE44AZVTP6KZD40K,ciqual,20809,review
nfx_2M2ERNJES0EE44AZVTP6KZD40K,insa,611,review
nfx_2M2ERNJES0EE44AZVTP6KZD40K,insa,611,review
nfx_2M2ERNJES0EE44AZVTP6KZD40K,insa,611,review
nfx_2M670XZJB3S1HBMVHX7EH77A93,ciqual,76056,review
nfx_2M670XZJB3S1HBMVHX7EH77A93,ciqual,76056,review
nfx_2M670XZJB3S1HBMVHX7EH77A93,insa,2,review
nfx_2M670XZJB3S1HBMVHX7EH77A93,insa,5,review
nfx_2M9ENCVCWRE9274F4H75ZFCSDB,ciqual,27008,review
nfx_2M9ENCVCWRE9274F4H75ZFCSDB,insa,905,review
nfx_2MAPRS16Z7VKJZGDAZD0RFS8CP,ciqual,9060,review
nfx_2MAPRS16Z7VKJZGDAZD0RFS8CP,ciqual,9060,review
nfx_2MAPRS16Z7VKJZGDAZD0RFS8CP,ciqual,9060,review
nfx_2MAPRS16Z7VKJZGDAZD0RFS8CP,ciqual,9060,review
nfx_2MAPRS16Z7VKJZGDAZD0RFS8CP,insa,433,review
nfx_2MAPRS16Z7VKJZGDAZD0RFS8CP,insa,435,review
nfx_2MAPRS16Z7VKJZGDAZD0RFS8CP,insa,449,review
nfx_2MAPRS16Z7VKJZGDAZD0RFS8CP,insa,467,review
nfx_2MAQ5H1NKTZYHM035PJBF45CVT,ciqual,20172,review
nfx_2MAQ5H1NKTZYHM035PJBF45CVT,insa,615,review
nfx_2MG1P0W5XW0ST8HB9901BJJS2W,ciqual,25539,review
nfx_2MG1P0W5XW0ST8HB9901BJJS2W,insa,408,review
nfx_2MQQC5G3T1VAXAYVV3DXSVV429,ciqual,7106,review
nfx_2MQQC5G3T1VAXAYVV3DXSVV429,ciqual,7106,review
nfx_2MQQC5G3T1VAXAYVV3DXSVV429,ciqual,7106,review
nfx_2MQQC5G3T1VAXAYVV3DXSVV429,insa,426,review
nfx_2MQQC5G3T1VAXAYVV3DXSVV429,insa,427,review
nfx_2MQQC5G3T1VAXAYVV3DXSVV429,insa,433,review
nfx_2MT0CYJC86EGCJYT88XX1VFVNZ,ciqual,14004,review
nfx_2MT0CYJC86EGCJYT88XX1VFVNZ,insa,1900000004,review
nfx_2MXT7T857TPGK86DF5JSSQ8581,ciqual,21503,review
nfx_2MXT7T857TPGK86DF5JSSQ8581,ciqual,21503,review
nfx_2MXT7T857TPGK86DF5JSSQ8581,ciqual,21503,review
nfx_2MXT7T857TPGK86DF5JSSQ8581,ciqual,21503,review
nfx_2MXT7T857TPGK86DF5JSSQ8581,insa,102,review
nfx_2MXT7T857TPGK86DF5JSSQ8581,insa,1147,review
nfx_2MXT7T857TPGK86DF5JSSQ8581,insa,116,review
nfx_2MXT7T857TPGK86DF5JSSQ8581,insa,123,review
nfx_2N4E0JZGHT0X0KW5BBD5H01VC6,ciqual,13164,review
nfx_2N4E0JZGHT0X0KW5BBD5H01VC6,ciqual,13164,review
nfx_2N4E0JZGHT0X0KW5BBD5H01VC6,insa,62,review
nfx_2N4E0JZGHT0X0KW5BBD5H01VC6,insa,65,review
nfx_2N8T3FTHTR42H5F6KWHKVED95V,ciqual,20293,review
nfx_2N8T3FTHTR42H5F6KWHKVED95V,ciqual,20502,review
nfx_2N8T3FTHTR42H5F6KWHKVED95V,insa,532,review
nfx_2N8T3FTHTR42H5F6KWHKVED95V,insa,532,review
nfx_2NA05XHBV6SD4W8PDP0660AQ8D,ciqual,20134,review
nfx_2NA05XHBV6SD4W8PDP0660AQ8D,insa,579,review
nfx_2NA2Q3CWWF37VZAR9J0G3TXNEE,ciqual,31004,review
nfx_2NA2Q3CWWF37VZAR9J0G3TXNEE,insa,507,review
nfx_2NC8HA45Y07GF2EDA08RAAPF6A,ciqual,13110,review
nfx_2NC8HA45Y07GF2EDA08RAAPF6A,insa,655,review
nfx_2NKWMVFRG579VV056RVXC137BX,ciqual,20529,review
nfx_2NKWMVFRG579VV056RVXC137BX,ciqual,20530,review
nfx_2NKWMVFRG579VV056RVXC137BX,insa,533,review
nfx_2NKWMVFRG579VV056RVXC137BX,insa,533,review
nfx_2NQ7KS0Y3RA71CCJ9C2KFAWBGA,ciqual,36201,review
nfx_2NQ7KS0Y3RA71CCJ9C2KFAWBGA,insa,70500004,review
nfx_2NRQJK3GC1JKJWYV9XBQ2109E5,ciqual,6906,review
nfx_2NRQJK3GC1JKJWYV9XBQ2109E5,ciqual,6906,review
nfx_2NRQJK3GC1JKJWYV9XBQ2109E5,ciqual,6906,review
nfx_2NRQJK3GC1JKJWYV9XBQ2109E5,insa,143,review
nfx_2NRQJK3GC1JKJWYV9XBQ2109E5,insa,144,review
nfx_2NRQJK3GC1JKJWYV9XBQ2109E5,insa,145,review
nfx_2NVQM98N4VNHW3EMPSWH5YAMD2,ciqual,6151,review
nfx_2NVQM98N4VNHW3EMPSWH5YAMD2,ciqual,6151,review
nfx_2NVQM98N4VNHW3EMPSWH5YAMD2,insa,199,review
nfx_2NVQM98N4VNHW3EMPSWH5YAMD2,insa,318,review
nfx_2P955H3J7NV5QN67M87FFHENW2,ciqual,7000,review
nfx_2P955H3J7NV5QN67M87FFHENW2,ciqual,7000,review
nfx_2P955H3J7NV5QN67M87FFHENW2,ciqual,7000,review
nfx_2P955H3J7NV5QN67M87FFHENW2,insa,18,review
nfx_2P955H3J7NV5QN67M87FFHENW2,insa,426,review
nfx_2P955H3J7NV5QN67M87FFHENW2,insa,429,review
nfx_2PBHTWSM7BXF4W3HDS9JWB0B9D,ciqual,11214,review
nfx_2PBHTWSM7BXF4W3HDS9JWB0B9D,ciqual,20928,review
nfx_2PBHTWSM7BXF4W3HDS9JWB0B9D,insa,250026,review
nfx_2PBHTWSM7BXF4W3HDS9JWB0B9D,insa,250026,review
nfx_2PBR758XGM81S2X4JSN47FQR10,ciqual,7210,review
nfx_2PBR758XGM81S2X4JSN47FQR10,ciqual,7210,review
nfx_2PBR758XGM81S2X4JSN47FQR10,insa,431,review
nfx_2PBR758XGM81S2X4JSN47FQR10,insa,432,review
nfx_2PDDZXCDNDEGMXYQSR5EV9ZAAA,ciqual,20239,review
nfx_2PDDZXCDNDEGMXYQSR5EV9ZAAA,insa,220002,review
nfx_2PZ0PN2H8CB64DWG1W771TE51R,ciqual,19037,review
nfx_2PZ0PN2H8CB64DWG1W771TE51R,ciqual,19037,review
nfx_2PZ0PN2H8CB64DWG1W771TE51R,ciqual,19037,review
nfx_2PZ0PN2H8CB64DWG1W771TE51R,ciqual,19037,review
nfx_2PZ0PN2H8CB64DWG1W771TE51R,insa,1233,review
nfx_2PZ0PN2H8CB64DWG1W771TE51R,insa,1234,review
nfx_2PZ0PN2H8CB64DWG1W771TE51R,insa,1900000063,review
nfx_2PZ0PN2H8CB64DWG1W771TE51R,insa,27,review
nfx_2Q2828MPEJ4M7MDT4AG1EP8ARY,ciqual,96781,review
nfx_2Q2828MPEJ4M7MDT4AG1EP8ARY,ciqual,96781,review
nfx_2Q2828MPEJ4M7MDT4AG1EP8ARY,insa,445,review
nfx_2Q2828MPEJ4M7MDT4AG1EP8ARY,insa,473,review
nfx_2Q83X5Y63JXVPTGFJ7NXZ5GEFJ,ciqual,7099,review
nfx_2Q83X5Y63JXVPTGFJ7NXZ5GEFJ,ciqual,7099,review
nfx_2Q83X5Y63JXVPTGFJ7NXZ5GEFJ,ciqual,7099,review
nfx_2Q83X5Y63JXVPTGFJ7NXZ5GEFJ,ciqual,7099,review
nfx_2Q83X5Y63JXVPTGFJ7NXZ5GEFJ,ciqual,7099,review
nfx_2Q83X5Y63JXVPTGFJ7NXZ5GEFJ,insa,18,review
nfx_2Q83X5Y63JXVPTGFJ7NXZ5GEFJ,insa,426,review
nfx_2Q83X5Y63JXVPTGFJ7NXZ5GEFJ,insa,427,review
nfx_2Q83X5Y63JXVPTGFJ7NXZ5GEFJ,insa,429,review
nfx_2Q83X5Y63JXVPTGFJ7NXZ5GEFJ,insa,430,review
nfx_2QDCPQ419B18J0BN8WK7241ES8,ciqual,13716,review
nfx_2QDCPQ419B18J0BN8WK7241ES8,ciqual,13718,review
nfx_2QDCPQ419B18J0BN8WK7241ES8,insa,633,review
nfx_2QDCPQ419B18J0BN8WK7241ES8,insa,633,review
nfx_2QGF8EJMQ2842GNZN88GBT1PSJ,ciqual,31016,review
nfx_2QGF8EJMQ2842GNZN88GBT1PSJ,ciqual,31017,review
nfx_2QGF8EJMQ2842GNZN88GBT1PSJ,insa,503,review
nfx_2QGF8EJMQ2842GNZN88GBT1PSJ,insa,503,review
nfx_2QGX3TFRMF7YVXA8C59DGYD6JH,ciqual,31039,review
nfx_2QGX3TFRMF7YVXA8C59DGYD6JH,insa,672,review
nfx_2QMT396YPS157KHS4SA5SMFD6W,ciqual,26000,review
nfx_2QMT396YPS157KHS4SA5SMFD6W,ciqual,26039,review
nfx_2QMT396YPS157KHS4SA5SMFD6W,ciqual,26181,review
nfx_2QMT396YPS157KHS4SA5SMFD6W,ciqual,26245,review
nfx_2QMT396YPS157KHS4SA5SMFD6W,insa,814,review
nfx_2QMT396YPS157KHS4SA5SMFD6W,insa,814,review
nfx_2QMT396YPS157KHS4SA5SMFD6W,insa,814,review
nfx_2QMT396YPS157KHS4SA5SMFD6W,insa,814,review
nfx_2QPZK1G2T0GNPKYRA3F8NYAVKZ,ciqual,9870,review
nfx_2QPZK1G2T0GNPKYRA3F8NYAVKZ,ciqual,9874,review
nfx_2QPZK1G2T0GNPKYRA3F8NYAVKZ,insa,418,review
nfx_2QPZK1G2T0GNPKYRA3F8NYAVKZ,insa,418,review
nfx_2QTQXMFPP39MRYA6G1EESEX8SM,ciqual,26178,automatic
nfx_2QTQXMFPP39MRYA6G1EESEX8SM,insa,899,automatic
nfx_2QZ026A4H8MHAD3ZKPPFG3CXZV,ciqual,12010,review
nfx_2QZ026A4H8MHAD3ZKPPFG3CXZV,ciqual,12031,review
nfx_2QZ026A4H8MHAD3ZKPPFG3CXZV,ciqual,12034,review
nfx_2QZ026A4H8MHAD3ZKPPFG3CXZV,ciqual,12038,review
nfx_2QZ026A4H8MHAD3ZKPPFG3CXZV,ciqual,12052,review
nfx_2QZ026A4H8MHAD3ZKPPFG3CXZV,ciqual,12059,review
nfx_2QZ026A4H8MHAD3ZKPPFG3CXZV,ciqual,12060,review
nfx_2QZ026A4H8MHAD3ZKPPFG3CXZV,ciqual,12105,review
nfx_2QZ026A4H8MHAD3ZKPPFG3CXZV,ciqual,12111,review
nfx_2QZ026A4H8MHAD3ZKPPFG3CXZV,ciqual,12121,review
nfx_2QZ026A4H8MHAD3ZKPPFG3CXZV,ciqual,12122,review
nfx_2QZ026A4H8MHAD3ZKPPFG3CXZV,ciqual,12123,review
nfx_2QZ026A4H8MHAD3ZKPPFG3CXZV,ciqual,12300,review
nfx_2QZ026A4H8MHAD3ZKPPFG3CXZV,ciqual,12356,review
nfx_2QZ026A4H8MHAD3ZKPPFG3CXZV,ciqual,12524,review
nfx_2QZ026A4H8MHAD3ZKPPFG3CXZV,ciqual,12716,review
nfx_2QZ026A4H8MHAD3ZKPPFG3CXZV,ciqual,12761,review
nfx_2QZ026A4H8MHAD3ZKPPFG3CXZV,ciqual,12828,review
nfx_2QZ026A4H8MHAD3ZKPPFG3CXZV,ciqual,12999,review
nfx_2QZ026A4H8MHAD3ZKPPFG3CXZV,ciqual,19584,review
nfx_2QZ026A4H8MHAD3ZKPPFG3CXZV,ciqual,19585,review
nfx_2QZ026A4H8MHAD3ZKPPFG3CXZV,ciqual,25020,review
nfx_2QZ026A4H8MHAD3ZKPPFG3CXZV,ciqual,25444,review
nfx_2QZ026A4H8MHAD3ZKPPFG3CXZV,ciqual,38501,review
nfx_2QZ026A4H8MHAD3ZKPPFG3CXZV,insa,220006,review
nfx_2QZ026A4H8MHAD3ZKPPFG3CXZV,insa,220006,review
nfx_2QZ026A4H8MHAD3ZKPPFG3CXZV,insa,220006,review
nfx_2QZ026A4H8MHAD3ZKPPFG3CXZV,insa,220006,review
nfx_2QZ026A4H8MHAD3ZKPPFG3CXZV,insa,220006,review
nfx_2QZ026A4H8MHAD3ZKPPFG3CXZV,insa,220006,review
nfx_2QZ026A4H8MHAD3ZKPPFG3CXZV,insa,220006,review
nfx_2QZ026A4H8MHAD3ZKPPFG3CXZV,insa,220006,review
nfx_2QZ026A4H8MHAD3ZKPPFG3CXZV,insa,220006,review
nfx_2QZ026A4H8MHAD3ZKPPFG3CXZV,insa,220006,review
nfx_2QZ026A4H8MHAD3ZKPPFG3CXZV,insa,220006,review
nfx_2QZ026A4H8MHAD3ZKPPFG3CXZV,insa,220006,review
nfx_2QZ026A4H8MHAD3ZKPPFG3CXZV,insa,220006,review
nfx_2QZ026A4H8MHAD3ZKPPFG3CXZV,insa,220006,review
nfx_2QZ026A4H8MHAD3ZKPPFG3CXZV,insa,220006,review
nfx_2QZ026A4H8MHAD3ZKPPFG3CXZV,insa,220006,review
nfx_2QZ026A4H8MHAD3ZKPPFG3CXZV,insa,220006,review
nfx_2QZ026A4H8MHAD3ZKPPFG3CXZV,insa,220006,review
nfx_2QZ026A4H8MHAD3ZKPPFG3CXZV,insa,220006,review
nfx_2QZ026A4H8MHAD3ZKPPFG3CXZV,insa,220006,review
nfx_2QZ026A4H8MHAD3ZKPPFG3CXZV,insa,220006,review
nfx_2QZ026A4H8MHAD3ZKPPFG3CXZV,insa,220006,review
nfx_2QZ026A4H8MHAD3ZKPPFG3CXZV,insa,220006,review
nfx_2QZ026A4H8MHAD3ZKPPFG3CXZV,insa,220006,review
nfx_2R0GZ6V7D5E8857MPR0VZRT3VH,ciqual,20074,review
nfx_2R0GZ6V7D5E8857MPR0VZRT3VH,insa,583,review
nfx_2R0NA44YNSX58Z16R65HTQFDGV,ciqual,21518,review
nfx_2R0NA44YNSX58Z16R65HTQFDGV,ciqual,21518,review
nfx_2R0NA44YNSX58Z16R65HTQFDGV,insa,113,review
nfx_2R0NA44YNSX58Z16R65HTQFDGV,insa,1147,review
nfx_2REGD2KQ9B8C1EWT1Q6PYXYSMB,ciqual,8742,review
nfx_2REGD2KQ9B8C1EWT1Q6PYXYSMB,insa,345,review
nfx_2RN1NCFWJM93NZDVEGKRDQTJ9D,ciqual,14006,review
nfx_2RN1NCFWJM93NZDVEGKRDQTJ9D,ciqual,14006,review
nfx_2RN1NCFWJM93NZDVEGKRDQTJ9D,insa,1900000003,review
nfx_2RN1NCFWJM93NZDVEGKRDQTJ9D,insa,70500004,review
nfx_2RRA4P7RSJZ0VZW684QV3P2BJX,ciqual,6590,review
nfx_2RRA4P7RSJZ0VZW684QV3P2BJX,ciqual,6590,review
nfx_2RRA4P7RSJZ0VZW684QV3P2BJX,ciqual,6590,review
nfx_2RRA4P7RSJZ0VZW684QV3P2BJX,ciqual,6590,review
nfx_2RRA4P7RSJZ0VZW684QV3P2BJX,ciqual,6590,review
nfx_2RRA4P7RSJZ0VZW684QV3P2BJX,insa,2120000005,review
nfx_2RRA4P7RSJZ0VZW684QV3P2BJX,insa,222,review
nfx_2RRA4P7RSJZ0VZW684QV3P2BJX,insa,223,review
nfx_2RRA4P7RSJZ0VZW684QV3P2BJX,insa,320,review
nfx_2RRA4P7RSJZ0VZW684QV3P2BJX,insa,326,review
nfx_2RVJ30NV4QS0E2ZGG4P7YCY3VQ,ciqual,31097,review
nfx_2RVJ30NV4QS0E2ZGG4P7YCY3VQ,insa,520,review
nfx_2RXFH5KDBX7JRMC8613JMMD9X4,ciqual,11001,review
nfx_2RXFH5KDBX7JRMC8613JMMD9X4,insa,297,review
nfx_2RYCAPNS4YC3GZWVZNBG783NJ7,ciqual,20339,review
nfx_2RYCAPNS4YC3GZWVZNBG783NJ7,ciqual,20339,review
nfx_2RYCAPNS4YC3GZWVZNBG783NJ7,ciqual,20339,review
nfx_2RYCAPNS4YC3GZWVZNBG783NJ7,ciqual,20339,review
nfx_2RYCAPNS4YC3GZWVZNBG783NJ7,insa,553,review
nfx_2RYCAPNS4YC3GZWVZNBG783NJ7,insa,561,review
nfx_2RYCAPNS4YC3GZWVZNBG783NJ7,insa,563,review
nfx_2RYCAPNS4YC3GZWVZNBG783NJ7,insa,566,review
nfx_2RYKYVGA4A8SAVT16H7QCY44XW,ciqual,20928,review
nfx_2RYKYVGA4A8SAVT16H7QCY44XW,ciqual,20928,review
nfx_2RYKYVGA4A8SAVT16H7QCY44XW,ciqual,20928,review
nfx_2RYKYVGA4A8SAVT16H7QCY44XW,ciqual,20928,review
nfx_2RYKYVGA4A8SAVT16H7QCY44XW,insa,2122000001,review
nfx_2RYKYVGA4A8SAVT16H7QCY44XW,insa,240005,review
nfx_2RYKYVGA4A8SAVT16H7QCY44XW,insa,543,review
nfx_2RYKYVGA4A8SAVT16H7QCY44XW,insa,544,review
nfx_2S1MA14TQT0A6C01KAB51JFWWX,ciqual,20501,review
nfx_2S1MA14TQT0A6C01KAB51JFWWX,ciqual,20529,review
nfx_2S1MA14TQT0A6C01KAB51JFWWX,ciqual,20530,review
nfx_2S1MA14TQT0A6C01KAB51JFWWX,ciqual,20539,review
nfx_2S1MA14TQT0A6C01KAB51JFWWX,insa,220024,review
nfx_2S1MA14TQT0A6C01KAB51JFWWX,insa,220024,review
nfx_2S1MA14TQT0A6C01KAB51JFWWX,insa,220024,review
nfx_2S1MA14TQT0A6C01KAB51JFWWX,insa,220024,review
nfx_2S38YEE07Y4GQQ3AAK50XC3K12,ciqual,25903,review
nfx_2S38YEE07Y4GQQ3AAK50XC3K12,ciqual,25953,review
nfx_2S38YEE07Y4GQQ3AAK50XC3K12,ciqual,25954,review
nfx_2S38YEE07Y4GQQ3AAK50XC3K12,ciqual,25967,review
nfx_2S38YEE07Y4GQQ3AAK50XC3K12,ciqual,25974,review
nfx_2S38YEE07Y4GQQ3AAK50XC3K12,insa,780,review
nfx_2S38YEE07Y4GQQ3AAK50XC3K12,insa,780,review
nfx_2S38YEE07Y4GQQ3AAK50XC3K12,insa,780,review
nfx_2S38YEE07Y4GQQ3AAK50XC3K12,insa,780,review
nfx_2S38YEE07Y4GQQ3AAK50XC3K12,insa,780,review
nfx_2SM3VBR8QCR1EQDW8ZR8K28DZX,ciqual,19581,review
nfx_2SM3VBR8QCR1EQDW8ZR8K28DZX,insa,80,review
nfx_2SMQCTFR4NS31YS5T1V1JRC76G,ciqual,18305,review
nfx_2SMQCTFR4NS31YS5T1V1JRC76G,ciqual,18305,review
nfx_2SMQCTFR4NS31YS5T1V1JRC76G,insa,763,review
nfx_2SMQCTFR4NS31YS5T1V1JRC76G,insa,764,review
nfx_2STZ4E5HC25GHCTC1ME19AJ1H6,ciqual,20243,review
nfx_2STZ4E5HC25GHCTC1ME19AJ1H6,insa,571,review
nfx_2T2K4FZEYG28RE7NFCGAJ8F7Z3,ciqual,12105,review
nfx_2T2K4FZEYG28RE7NFCGAJ8F7Z3,ciqual,12105,review
nfx_2T2K4FZEYG28RE7NFCGAJ8F7Z3,ciqual,12105,review
nfx_2T2K4FZEYG28RE7NFCGAJ8F7Z3,ciqual,12105,review
nfx_2T2K4FZEYG28RE7NFCGAJ8F7Z3,ciqual,12105,review
nfx_2T2K4FZEYG28RE7NFCGAJ8F7Z3,ciqual,12105,review
nfx_2T2K4FZEYG28RE7NFCGAJ8F7Z3,ciqual,12105,review
nfx_2T2K4FZEYG28RE7NFCGAJ8F7Z3,ciqual,12105,review
nfx_2T2K4FZEYG28RE7NFCGAJ8F7Z3,ciqual,12105,review
nfx_2T2K4FZEYG28RE7NFCGAJ8F7Z3,ciqual,12105,review
nfx_2T2K4FZEYG28RE7NFCGAJ8F7Z3,ciqual,12105,review
nfx_2T2K4FZEYG28RE7NFCGAJ8F7Z3,ciqual,12105,review
nfx_2T2K4FZEYG28RE7NFCGAJ8F7Z3,ciqual,12105,review
nfx_2T2K4FZEYG28RE7NFCGAJ8F7Z3,insa,220009,review
nfx_2T2K4FZEYG28RE7NFCGAJ8F7Z3,insa,220010,review
nfx_2T2K4FZEYG28RE7NFCGAJ8F7Z3,insa,220019,review
nfx_2T2K4FZEYG28RE7NFCGAJ8F7Z3,insa,34,review
nfx_2T2K4FZEYG28RE7NFCGAJ8F7Z3,insa,36,review
nfx_2T2K4FZEYG28RE7NFCGAJ8F7Z3,insa,37,review
nfx_2T2K4FZEYG28RE7NFCGAJ8F7Z3,insa,40,review
nfx_2T2K4FZEYG28RE7NFCGAJ8F7Z3,insa,47,review
nfx_2T2K4FZEYG28RE7NFCGAJ8F7Z3,insa,50800024,review
nfx_2T2K4FZEYG28RE7NFCGAJ8F7Z3,insa,50800032,review
nfx_2T2K4FZEYG28RE7NFCGAJ8F7Z3,insa,53,review
nfx_2T2K4FZEYG28RE7NFCGAJ8F7Z3,insa,54,review
nfx_2T2K4FZEYG28RE7NFCGAJ8F7Z3,insa,55,review
nfx_2T4NNY2WMYDJ6BCFGQDTJNV45S,ciqual,26211,review
nfx_2T4NNY2WMYDJ6BCFGQDTJNV45S,insa,876,review
nfx_2TAM20WQPC7TDKGNZ0CEQ391VH,ciqual,12010,review
nfx_2TAM20WQPC7TDKGNZ0CEQ391VH,ciqual,12031,review
nfx_2TAM20WQPC7TDKGNZ0CEQ391VH,ciqual,12034,review
nfx_2TAM20WQPC7TDKGNZ0CEQ391VH,ciqual,12038,review
nfx_2TAM20WQPC7TDKGNZ0CEQ391VH,ciqual,12052,review
nfx_2TAM20WQPC7TDKGNZ0CEQ391VH,ciqual,12059,review
nfx_2TAM20WQPC7TDKGNZ0CEQ391VH,ciqual,12060,review
nfx_2TAM20WQPC7TDKGNZ0CEQ391VH,ciqual,12111,review
nfx_2TAM20WQPC7TDKGNZ0CEQ391VH,ciqual,12121,review
nfx_2TAM20WQPC7TDKGNZ0CEQ391VH,ciqual,12122,review
nfx_2TAM20WQPC7TDKGNZ0CEQ391VH,ciqual,12123,review
nfx_2TAM20WQPC7TDKGNZ0CEQ391VH,ciqual,12300,review
nfx_2TAM20WQPC7TDKGNZ0CEQ391VH,ciqual,12356,review
nfx_2TAM20WQPC7TDKGNZ0CEQ391VH,ciqual,12524,review
nfx_2TAM20WQPC7TDKGNZ0CEQ391VH,ciqual,12716,review
nfx_2TAM20WQPC7TDKGNZ0CEQ391VH,ciqual,12761,review
nfx_2TAM20WQPC7TDKGNZ0CEQ391VH,ciqual,12828,review
nfx_2TAM20WQPC7TDKGNZ0CEQ391VH,ciqual,12999,review
nfx_2TAM20WQPC7TDKGNZ0CEQ391VH,ciqual,19584,review
nfx_2TAM20WQPC7TDKGNZ0CEQ391VH,ciqual,19585,review
nfx_2TAM20WQPC7TDKGNZ0CEQ391VH,ciqual,25020,review
nfx_2TAM20WQPC7TDKGNZ0CEQ391VH,ciqual,25444,review
nfx_2TAM20WQPC7TDKGNZ0CEQ391VH,ciqual,38501,review
nfx_2TAM20WQPC7TDKGNZ0CEQ391VH,insa,55,review
nfx_2TAM20WQPC7TDKGNZ0CEQ391VH,insa,55,review
nfx_2TAM20WQPC7TDKGNZ0CEQ391VH,insa,55,review
nfx_2TAM20WQPC7TDKGNZ0CEQ391VH,insa,55,review
nfx_2TAM20WQPC7TDKGNZ0CEQ391VH,insa,55,review
nfx_2TAM20WQPC7TDKGNZ0CEQ391VH,insa,55,review
nfx_2TAM20WQPC7TDKGNZ0CEQ391VH,insa,55,review
nfx_2TAM20WQPC7TDKGNZ0CEQ391VH,insa,55,review
nfx_2TAM20WQPC7TDKGNZ0CEQ391VH,insa,55,review
nfx_2TAM20WQPC7TDKGNZ0CEQ391VH,insa,55,review
nfx_2TAM20WQPC7TDKGNZ0CEQ391VH,insa,55,review
nfx_2TAM20WQPC7TDKGNZ0CEQ391VH,insa,55,review
nfx_2TAM20WQPC7TDKGNZ0CEQ391VH,insa,55,review
nfx_2TAM20WQPC7TDKGNZ0CEQ391VH,insa,55,review
nfx_2TAM20WQPC7TDKGNZ0CEQ391VH,insa,55,review
nfx_2TAM20WQPC7TDKGNZ0CEQ391VH,insa,55,review
nfx_2TAM20WQPC7TDKGNZ0CEQ391VH,insa,55,review
nfx_2TAM20WQPC7TDKGNZ0CEQ391VH,insa,55,review
nfx_2TAM20WQPC7TDKGNZ0CEQ391VH,insa,55,review
nfx_2TAM20WQPC7TDKGNZ0CEQ391VH,insa,55,review
nfx_2TAM20WQPC7TDKGNZ0CEQ391VH,insa,55,review
nfx_2TAM20WQPC7TDKGNZ0CEQ391VH,insa,55,review
nfx_2TAM20WQPC7TDKGNZ0CEQ391VH,insa,55,review
nfx_2TATQFFW5GHPAEX1CWW48C8B39,ciqual,26248,review
nfx_2TATQFFW5GHPAEX1CWW48C8B39,insa,847,review
nfx_2TAVA5VB8K3ACP3MHCQSNW8YW9,ciqual,1006,review
nfx_2TAVA5VB8K3ACP3MHCQSNW8YW9,ciqual,1018,review
nfx_2TAVA5VB8K3ACP3MHCQSNW8YW9,ciqual,5201,review
nfx_2TAVA5VB8K3ACP3MHCQSNW8YW9,ciqual,5209,review
nfx_2TAVA5VB8K3ACP3MHCQSNW8YW9,ciqual,5210,review
nfx_2TAVA5VB8K3ACP3MHCQSNW8YW9,ciqual,5215,review
nfx_2TAVA5VB8K3ACP3MHCQSNW8YW9,ciqual,5216,review
nfx_2TAVA5VB8K3ACP3MHCQSNW8YW9,insa,250014,review
nfx_2TAVA5VB8K3ACP3MHCQSNW8YW9,insa,250014,review
nfx_2TAVA5VB8K3ACP3MHCQSNW8YW9,insa,250014,review
nfx_2TAVA5VB8K3ACP3MHCQSNW8YW9,insa,250014,review
nfx_2TAVA5VB8K3ACP3MHCQSNW8YW9,insa,250014,review
nfx_2TAVA5VB8K3ACP3MHCQSNW8YW9,insa,250014,review
nfx_2TAVA5VB8K3ACP3MHCQSNW8YW9,insa,250014,review
nfx_2TC4ZJQCFDDHNRQ9EMK2TMX4S2,ciqual,8232,review
nfx_2TC4ZJQCFDDHNRQ9EMK2TMX4S2,insa,1162,review
nfx_2TCF9GN2X1H77X6426PYPPSGAX,ciqual,20128,review
nfx_2TCF9GN2X1H77X6426PYPPSGAX,insa,579,review
nfx_2TE1CM32VWANVP9V5MKPY08FNT,ciqual,15026,review
nfx_2TE1CM32VWANVP9V5MKPY08FNT,insa,1900000049,review
nfx_2TFTHTVMBBYD1KJTX3EQHR8247,ciqual,28470,review
nfx_2TFTHTVMBBYD1KJTX3EQHR8247,ciqual,28473,review
nfx_2TFTHTVMBBYD1KJTX3EQHR8247,insa,175,review
nfx_2TFTHTVMBBYD1KJTX3EQHR8247,insa,175,review
nfx_2TGC21NDAH9ANPAQ9RR8V14RCV,ciqual,27009,automatic
nfx_2TGC21NDAH9ANPAQ9RR8V14RCV,insa,905,automatic
nfx_2TWHZHCYXN1EVEY4S9MDVKCW45,ciqual,30993,review
nfx_2TWHZHCYXN1EVEY4S9MDVKCW45,insa,687,review
nfx_2TXP926QXJQMX25W2384VGGBD2,ciqual,9330,review
nfx_2TXP926QXJQMX25W2384VGGBD2,insa,220026,review
nfx_2TZBF7B6Z0EY3020QN66GRCWXY,ciqual,23586,review
nfx_2TZBF7B6Z0EY3020QN66GRCWXY,ciqual,23586,review
nfx_2TZBF7B6Z0EY3020QN66GRCWXY,insa,475,review
nfx_2TZBF7B6Z0EY3020QN66GRCWXY,insa,498,review
nfx_2V0W6RKAGYECMCNEBNR2P5VCZN,ciqual,7180,review
nfx_2V0W6RKAGYECMCNEBNR2P5VCZN,insa,1214,review
nfx_2V801MG6A286MM5RNGSJM0ES0P,ciqual,20321,review
nfx_2V801MG6A286MM5RNGSJM0ES0P,insa,568,review
nfx_2V8K8SEC5X1SEH7DKSXKJ18N2X,ciqual,28001,review
nfx_2V8K8SEC5X1SEH7DKSXKJ18N2X,ciqual,28002,review
nfx_2V8K8SEC5X1SEH7DKSXKJ18N2X,ciqual,28010,review
nfx_2V8K8SEC5X1SEH7DKSXKJ18N2X,ciqual,28100,review
nfx_2V8K8SEC5X1SEH7DKSXKJ18N2X,ciqual,28104,review
nfx_2V8K8SEC5X1SEH7DKSXKJ18N2X,ciqual,28203,review
nfx_2V8K8SEC5X1SEH7DKSXKJ18N2X,ciqual,28300,review
nfx_2V8K8SEC5X1SEH7DKSXKJ18N2X,ciqual,28301,review
nfx_2V8K8SEC5X1SEH7DKSXKJ18N2X,ciqual,28401,review
nfx_2V8K8SEC5X1SEH7DKSXKJ18N2X,ciqual,28540,review
nfx_2V8K8SEC5X1SEH7DKSXKJ18N2X,ciqual,30351,review
nfx_2V8K8SEC5X1SEH7DKSXKJ18N2X,ciqual,30790,review
nfx_2V8K8SEC5X1SEH7DKSXKJ18N2X,ciqual,40004,review
nfx_2V8K8SEC5X1SEH7DKSXKJ18N2X,ciqual,40005,review
nfx_2V8K8SEC5X1SEH7DKSXKJ18N2X,ciqual,40119,review
nfx_2V8K8SEC5X1SEH7DKSXKJ18N2X,ciqual,40205,review
nfx_2V8K8SEC5X1SEH7DKSXKJ18N2X,ciqual,8001,review
nfx_2V8K8SEC5X1SEH7DKSXKJ18N2X,ciqual,8002,review
nfx_2V8K8SEC5X1SEH7DKSXKJ18N2X,ciqual,8010,review
nfx_2V8K8SEC5X1SEH7DKSXKJ18N2X,ciqual,8015,review
nfx_2V8K8SEC5X1SEH7DKSXKJ18N2X,ciqual,8373,review
nfx_2V8K8SEC5X1SEH7DKSXKJ18N2X,insa,2120000010,review
nfx_2V8K8SEC5X1SEH7DKSXKJ18N2X,insa,2120000010,review
nfx_2V8K8SEC5X1SEH7DKSXKJ18N2X,insa,2120000010,review
nfx_2V8K8SEC5X1SEH7DKSXKJ18N2X,insa,2120000010,review
nfx_2V8K8SEC5X1SEH7DKSXKJ18N2X,insa,2120000010,review
nfx_2V8K8SEC5X1SEH7DKSXKJ18N2X,insa,2120000010,review
nfx_2V8K8SEC5X1SEH7DKSXKJ18N2X,insa,2120000010,review
nfx_2V8K8SEC5X1SEH7DKSXKJ18N2X,insa,2120000010,review
nfx_2V8K8SEC5X1SEH7DKSXKJ18N2X,insa,2120000010,review
nfx_2V8K8SEC5X1SEH7DKSXKJ18N2X,insa,2120000010,review
nfx_2V8K8SEC5X1SEH7DKSXKJ18N2X,insa,2120000010,review
nfx_2V8K8SEC5X1SEH7DKSXKJ18N2X,insa,2120000010,review
nfx_2V8K8SEC5X1SEH7DKSXKJ18N2X,insa,2120000010,review
nfx_2V8K8SEC5X1SEH7DKSXKJ18N2X,insa,2120000010,review
nfx_2V8K8SEC5X1SEH7DKSXKJ18N2X,insa,2120000010,review
nfx_2V8K8SEC5X1SEH7DKSXKJ18N2X,insa,2120000010,review
nfx_2V8K8SEC5X1SEH7DKSXKJ18N2X,insa,2120000010,review
nfx_2V8K8SEC5X1SEH7DKSXKJ18N2X,insa,2120000010,review
nfx_2V8K8SEC5X1SEH7DKSXKJ18N2X,insa,2120000010,review
nfx_2V8K8SEC5X1SEH7DKSXKJ18N2X,insa,2120000010,review
nfx_2V8K8SEC5X1SEH7DKSXKJ18N2X,insa,2120000010,review
nfx_2V8WDSX9FY8EHXWP215ZNQ2WQ4,ciqual,23122,review
nfx_2V8WDSX9FY8EHXWP215ZNQ2WQ4,ciqual,23122,review
nfx_2V8WDSX9FY8EHXWP215ZNQ2WQ4,ciqual,23122,review
nfx_2V8WDSX9FY8EHXWP215ZNQ2WQ4,ciqual,23122,review
nfx_2V8WDSX9FY8EHXWP215ZNQ2WQ4,ciqual,23122,review
nfx_2V8WDSX9FY8EHXWP215ZNQ2WQ4,insa,473,review
nfx_2V8WDSX9FY8EHXWP215ZNQ2WQ4,insa,474,review
nfx_2V8WDSX9FY8EHXWP215ZNQ2WQ4,insa,475,review
nfx_2V8WDSX9FY8EHXWP215ZNQ2WQ4,insa,477,review
nfx_2V8WDSX9FY8EHXWP215ZNQ2WQ4,insa,478,review
nfx_2VMKQPF32BSCRY1TYGYSJSM6KS,ciqual,7007,review
nfx_2VMKQPF32BSCRY1TYGYSJSM6KS,ciqual,7007,review
nfx_2VMKQPF32BSCRY1TYGYSJSM6KS,ciqual,7007,review
nfx_2VMKQPF32BSCRY1TYGYSJSM6KS,insa,18,review
nfx_2VMKQPF32BSCRY1TYGYSJSM6KS,insa,426,review
nfx_2VMKQPF32BSCRY1TYGYSJSM6KS,insa,429,review
nfx_2VSVB0QE64N7ZPBQD4TG9VCNJC,ciqual,9119,review
nfx_2VSVB0QE64N7ZPBQD4TG9VCNJC,ciqual,9119,review
nfx_2VSVB0QE64N7ZPBQD4TG9VCNJC,insa,400,review
nfx_2VSVB0QE64N7ZPBQD4TG9VCNJC,insa,402,review
nfx_2VWCVQQE95Y1GHJ1HTNP13D2JW,ciqual,76036,review
nfx_2VWCVQQE95Y1GHJ1HTNP13D2JW,ciqual,76036,review
nfx_2VWCVQQE95Y1GHJ1HTNP13D2JW,ciqual,76036,review
nfx_2VWCVQQE95Y1GHJ1HTNP13D2JW,insa,2,review
nfx_2VWCVQQE95Y1GHJ1HTNP13D2JW,insa,3,review
nfx_2VWCVQQE95Y1GHJ1HTNP13D2JW,insa,5,review
nfx_2VYVVW10QKW4B8ERWZB4DJWRR8,ciqual,20801,review
nfx_2VYVVW10QKW4B8ERWZB4DJWRR8,ciqual,20801,review
nfx_2VYVVW10QKW4B8ERWZB4DJWRR8,insa,579,review
nfx_2VYVVW10QKW4B8ERWZB4DJWRR8,insa,625,review
nfx_2WAM47VX537NY3BVTRQ7FXX9QJ,ciqual,30152,review
nfx_2WAM47VX537NY3BVTRQ7FXX9QJ,ciqual,40202,review
nfx_2WAM47VX537NY3BVTRQ7FXX9QJ,ciqual,40402,review
nfx_2WAM47VX537NY3BVTRQ7FXX9QJ,ciqual,40404,review
nfx_2WAM47VX537NY3BVTRQ7FXX9QJ,ciqual,40409,review
nfx_2WAM47VX537NY3BVTRQ7FXX9QJ,ciqual,40502,review
nfx_2WAM47VX537NY3BVTRQ7FXX9QJ,ciqual,6001,review
nfx_2WAM47VX537NY3BVTRQ7FXX9QJ,ciqual,6002,review
nfx_2WAM47VX537NY3BVTRQ7FXX9QJ,ciqual,6003,review
nfx_2WAM47VX537NY3BVTRQ7FXX9QJ,ciqual,6102,review
nfx_2WAM47VX537NY3BVTRQ7FXX9QJ,ciqual,6106,review
nfx_2WAM47VX537NY3BVTRQ7FXX9QJ,ciqual,6111,review
nfx_2WAM47VX537NY3BVTRQ7FXX9QJ,ciqual,6116,review
nfx_2WAM47VX537NY3BVTRQ7FXX9QJ,ciqual,6122,review
nfx_2WAM47VX537NY3BVTRQ7FXX9QJ,ciqual,6130,review
nfx_2WAM47VX537NY3BVTRQ7FXX9QJ,ciqual,6140,review
nfx_2WAM47VX537NY3BVTRQ7FXX9QJ,ciqual,6160,review
nfx_2WAM47VX537NY3BVTRQ7FXX9QJ,ciqual,6201,review
nfx_2WAM47VX537NY3BVTRQ7FXX9QJ,ciqual,6202,review
nfx_2WAM47VX537NY3BVTRQ7FXX9QJ,ciqual,6204,review
nfx_2WAM47VX537NY3BVTRQ7FXX9QJ,ciqual,6206,review
nfx_2WAM47VX537NY3BVTRQ7FXX9QJ,ciqual,6212,review
nfx_2WAM47VX537NY3BVTRQ7FXX9QJ,ciqual,6231,review
nfx_2WAM47VX537NY3BVTRQ7FXX9QJ,ciqual,6240,review
nfx_2WAM47VX537NY3BVTRQ7FXX9QJ,ciqual,6270,review
nfx_2WAM47VX537NY3BVTRQ7FXX9QJ,insa,336,review
nfx_2WAM47VX537NY3BVTRQ7FXX9QJ,insa,336,review
nfx_2WAM47VX537NY3BVTRQ7FXX9QJ,insa,336,review
nfx_2WAM47VX537NY3BVTRQ7FXX9QJ,insa,336,review
nfx_2WAM47VX537NY3BVTRQ7FXX9QJ,insa,336,review
nfx_2WAM47VX537NY3BVTRQ7FXX9QJ,insa,336,review
nfx_2WAM47VX537NY3BVTRQ7FXX9QJ,insa,336,review
nfx_2WAM47VX537NY3BVTRQ7FXX9QJ,insa,336,review
nfx_2WAM47VX537NY3BVTRQ7FXX9QJ,insa,336,review
nfx_2WAM47VX537NY3BVTRQ7FXX9QJ,insa,336,review
nfx_2WAM47VX537NY3BVTRQ7FXX9QJ,insa,336,review
nfx_2WAM47VX537NY3BVTRQ7FXX9QJ,insa,336,review
nfx_2WAM47VX537NY3BVTRQ7FXX9QJ,insa,336,review
nfx_2WAM47VX537NY3BVTRQ7FXX9QJ,insa,336,review
nfx_2WAM47VX537NY3BVTRQ7FXX9QJ,insa,336,review
nfx_2WAM47VX537NY3BVTRQ7FXX9QJ,insa,336,review
nfx_2WAM47VX537NY3BVTRQ7FXX9QJ,insa,336,review
nfx_2WAM47VX537NY3BVTRQ7FXX9QJ,insa,336,review
nfx_2WAM47VX537NY3BVTRQ7FXX9QJ,insa,336,review
nfx_2WAM47VX537NY3BVTRQ7FXX9QJ,insa,336,review
nfx_2WAM47VX537NY3BVTRQ7FXX9QJ,insa,336,review
nfx_2WAM47VX537NY3BVTRQ7FXX9QJ,insa,336,review
nfx_2WAM47VX537NY3BVTRQ7FXX9QJ,insa,336,review
nfx_2WAM47VX537NY3BVTRQ7FXX9QJ,insa,336,review
nfx_2WAM47VX537NY3BVTRQ7FXX9QJ,insa,336,review
nfx_2WDN9BE1HBSH2PT3CKXZBCMY8K,ciqual,21006,review
nfx_2WDN9BE1HBSH2PT3CKXZBCMY8K,ciqual,21502,review
nfx_2WDN9BE1HBSH2PT3CKXZBCMY8K,ciqual,21800,review
nfx_2WDN9BE1HBSH2PT3CKXZBCMY8K,ciqual,36014,review
nfx_2WDN9BE1HBSH2PT3CKXZBCMY8K,ciqual,36307,review
nfx_2WDN9BE1HBSH2PT3CKXZBCMY8K,ciqual,36311,review
nfx_2WDN9BE1HBSH2PT3CKXZBCMY8K,ciqual,36703,review
nfx_2WDN9BE1HBSH2PT3CKXZBCMY8K,insa,128,review
nfx_2WDN9BE1HBSH2PT3CKXZBCMY8K,insa,128,review
nfx_2WDN9BE1HBSH2PT3CKXZBCMY8K,insa,128,review
nfx_2WDN9BE1HBSH2PT3CKXZBCMY8K,insa,128,review
nfx_2WDN9BE1HBSH2PT3CKXZBCMY8K,insa,128,review
nfx_2WDN9BE1HBSH2PT3CKXZBCMY8K,insa,128,review
nfx_2WDN9BE1HBSH2PT3CKXZBCMY8K,insa,128,review
nfx_2WM4G8QZ5EZRR5KBZA3BK7SDRJ,ciqual,12010,review
nfx_2WM4G8QZ5EZRR5KBZA3BK7SDRJ,ciqual,12031,review
nfx_2WM4G8QZ5EZRR5KBZA3BK7SDRJ,ciqual,12034,review
nfx_2WM4G8QZ5EZRR5KBZA3BK7SDRJ,ciqual,12038,review
nfx_2WM4G8QZ5EZRR5KBZA3BK7SDRJ,ciqual,12052,review
nfx_2WM4G8QZ5EZRR5KBZA3BK7SDRJ,ciqual,12059,review
nfx_2WM4G8QZ5EZRR5KBZA3BK7SDRJ,ciqual,12060,review
nfx_2WM4G8QZ5EZRR5KBZA3BK7SDRJ,ciqual,12111,review
nfx_2WM4G8QZ5EZRR5KBZA3BK7SDRJ,ciqual,12121,review
nfx_2WM4G8QZ5EZRR5KBZA3BK7SDRJ,ciqual,12122,review
nfx_2WM4G8QZ5EZRR5KBZA3BK7SDRJ,ciqual,12123,review
nfx_2WM4G8QZ5EZRR5KBZA3BK7SDRJ,ciqual,12300,review
nfx_2WM4G8QZ5EZRR5KBZA3BK7SDRJ,ciqual,12356,review
nfx_2WM4G8QZ5EZRR5KBZA3BK7SDRJ,ciqual,12524,review
nfx_2WM4G8QZ5EZRR5KBZA3BK7SDRJ,ciqual,12716,review
nfx_2WM4G8QZ5EZRR5KBZA3BK7SDRJ,ciqual,12761,review
nfx_2WM4G8QZ5EZRR5KBZA3BK7SDRJ,ciqual,12828,review
nfx_2WM4G8QZ5EZRR5KBZA3BK7SDRJ,ciqual,12999,review
nfx_2WM4G8QZ5EZRR5KBZA3BK7SDRJ,ciqual,19584,review
nfx_2WM4G8QZ5EZRR5KBZA3BK7SDRJ,ciqual,19585,review
nfx_2WM4G8QZ5EZRR5KBZA3BK7SDRJ,ciqual,25020,review
nfx_2WM4G8QZ5EZRR5KBZA3BK7SDRJ,ciqual,25444,review
nfx_2WM4G8QZ5EZRR5KBZA3BK7SDRJ,ciqual,38501,review
nfx_2WM4G8QZ5EZRR5KBZA3BK7SDRJ,insa,40,review
nfx_2WM4G8QZ5EZRR5KBZA3BK7SDRJ,insa,40,review
nfx_2WM4G8QZ5EZRR5KBZA3BK7SDRJ,insa,40,review
nfx_2WM4G8QZ5EZRR5KBZA3BK7SDRJ,insa,40,review
nfx_2WM4G8QZ5EZRR5KBZA3BK7SDRJ,insa,40,review
nfx_2WM4G8QZ5EZRR5KBZA3BK7SDRJ,insa,40,review
nfx_2WM4G8QZ5EZRR5KBZA3BK7SDRJ,insa,40,review
nfx_2WM4G8QZ5EZRR5KBZA3BK7SDRJ,insa,40,review
nfx_2WM4G8QZ5EZRR5KBZA3BK7SDRJ,insa,40,review
nfx_2WM4G8QZ5EZRR5KBZA3BK7SDRJ,insa,40,review
nfx_2WM4G8QZ5EZRR5KBZA3BK7SDRJ,insa,40,review
nfx_2WM4G8QZ5EZRR5KBZA3BK7SDRJ,insa,40,review
nfx_2WM4G8QZ5EZRR5KBZA3BK7SDRJ,insa,40,review
nfx_2WM4G8QZ5EZRR5KBZA3BK7SDRJ,insa,40,review
nfx_2WM4G8QZ5EZRR5KBZA3BK7SDRJ,insa,40,review
nfx_2WM4G8QZ5EZRR5KBZA3BK7SDRJ,insa,40,review
nfx_2WM4G8QZ5EZRR5KBZA3BK7SDRJ,insa,40,review
nfx_2WM4G8QZ5EZRR5KBZA3BK7SDRJ,insa,40,review
nfx_2WM4G8QZ5EZRR5KBZA3BK7SDRJ,insa,40,review
nfx_2WM4G8QZ5EZRR5KBZA3BK7SDRJ,insa,40,review
nfx_2WM4G8QZ5EZRR5KBZA3BK7SDRJ,insa,40,review
nfx_2WM4G8QZ5EZRR5KBZA3BK7SDRJ,insa,40,review
nfx_2WM4G8QZ5EZRR5KBZA3BK7SDRJ,insa,40,review
nfx_2WS7GNBAVSP45S9NA18ZDJJ05V,ciqual,23480,review
nfx_2WS7GNBAVSP45S9NA18ZDJJ05V,ciqual,23490,review
nfx_2WS7GNBAVSP45S9NA18ZDJJ05V,ciqual,23493,review
nfx_2WS7GNBAVSP45S9NA18ZDJJ05V,ciqual,23496,review
nfx_2WS7GNBAVSP45S9NA18ZDJJ05V,insa,496,review
nfx_2WS7GNBAVSP45S9NA18ZDJJ05V,insa,496,review
nfx_2WS7GNBAVSP45S9NA18ZDJJ05V,insa,496,review
nfx_2WS7GNBAVSP45S9NA18ZDJJ05V,insa,496,review
nfx_2WTEC6YZ0HAMXXC715A8PWEJ4C,ciqual,20532,review
nfx_2WTEC6YZ0HAMXXC715A8PWEJ4C,ciqual,20532,review
nfx_2WTEC6YZ0HAMXXC715A8PWEJ4C,ciqual,20532,review
nfx_2WTEC6YZ0HAMXXC715A8PWEJ4C,ciqual,20532,review
nfx_2WTEC6YZ0HAMXXC715A8PWEJ4C,insa,569,review
nfx_2WTEC6YZ0HAMXXC715A8PWEJ4C,insa,570,review
nfx_2WTEC6YZ0HAMXXC715A8PWEJ4C,insa,573,review
nfx_2WTEC6YZ0HAMXXC715A8PWEJ4C,insa,574,review
nfx_2WYDQ32T9SFN71FHR8MG2P2FW7,ciqual,17210,review
nfx_2WYDQ32T9SFN71FHR8MG2P2FW7,ciqual,17210,review
nfx_2WYDQ32T9SFN71FHR8MG2P2FW7,ciqual,17210,review
nfx_2WYDQ32T9SFN71FHR8MG2P2FW7,ciqual,17210,review
nfx_2WYDQ32T9SFN71FHR8MG2P2FW7,insa,1900000092,review
nfx_2WYDQ32T9SFN71FHR8MG2P2FW7,insa,389,review
nfx_2WYDQ32T9SFN71FHR8MG2P2FW7,insa,392,review
nfx_2WYDQ32T9SFN71FHR8MG2P2FW7,insa,393,review
nfx_2X6K3WF7HXQGGZK7ZC2K3P71MN,ciqual,40055,review
nfx_2X6K3WF7HXQGGZK7ZC2K3P71MN,ciqual,40055,review
nfx_2X6K3WF7HXQGGZK7ZC2K3P71MN,ciqual,40055,review
nfx_2X6K3WF7HXQGGZK7ZC2K3P71MN,ciqual,40055,review
nfx_2X6K3WF7HXQGGZK7ZC2K3P71MN,insa,1900000007,review
nfx_2X6K3WF7HXQGGZK7ZC2K3P71MN,insa,315,review
nfx_2X6K3WF7HXQGGZK7ZC2K3P71MN,insa,317,review
nfx_2X6K3WF7HXQGGZK7ZC2K3P71MN,insa,320,review
nfx_2X9CCD2D6Y6FCW46ZJKRTYFFZT,ciqual,18299,review
nfx_2X9CCD2D6Y6FCW46ZJKRTYFFZT,insa,764,review
nfx_2XAR2SN41YFADY5GAWMBN1PMV1,ciqual,2043,review
nfx_2XAR2SN41YFADY5GAWMBN1PMV1,ciqual,2045,review
nfx_2XAR2SN41YFADY5GAWMBN1PMV1,ciqual,2054,review
nfx_2XAR2SN41YFADY5GAWMBN1PMV1,ciqual,2060,review
nfx_2XAR2SN41YFADY5GAWMBN1PMV1,ciqual,2073,review
nfx_2XAR2SN41YFADY5GAWMBN1PMV1,ciqual,2366,review
nfx_2XAR2SN41YFADY5GAWMBN1PMV1,ciqual,2370,review
nfx_2XAR2SN41YFADY5GAWMBN1PMV1,ciqual,2371,review
nfx_2XAR2SN41YFADY5GAWMBN1PMV1,insa,749,review
nfx_2XAR2SN41YFADY5GAWMBN1PMV1,insa,749,review
nfx_2XAR2SN41YFADY5GAWMBN1PMV1,insa,749,review
nfx_2XAR2SN41YFADY5GAWMBN1PMV1,insa,749,review
nfx_2XAR2SN41YFADY5GAWMBN1PMV1,insa,749,review
nfx_2XAR2SN41YFADY5GAWMBN1PMV1,insa,749,review
nfx_2XAR2SN41YFADY5GAWMBN1PMV1,insa,749,review
nfx_2XAR2SN41YFADY5GAWMBN1PMV1,insa,749,review
nfx_2XDKNZP55MQ2QGPVVXSG7MDS09,ciqual,13044,review
nfx_2XDKNZP55MQ2QGPVVXSG7MDS09,insa,40200041,review
nfx_2XJNSDGNPHHDDKNBQA4ECW8PMS,ciqual,6535,review
nfx_2XJNSDGNPHHDDKNBQA4ECW8PMS,ciqual,6535,review
nfx_2XJNSDGNPHHDDKNBQA4ECW8PMS,ciqual,6535,review
nfx_2XJNSDGNPHHDDKNBQA4ECW8PMS,ciqual,6535,review
nfx_2XJNSDGNPHHDDKNBQA4ECW8PMS,ciqual,6535,review
nfx_2XJNSDGNPHHDDKNBQA4ECW8PMS,insa,2120000005,review
nfx_2XJNSDGNPHHDDKNBQA4ECW8PMS,insa,222,review
nfx_2XJNSDGNPHHDDKNBQA4ECW8PMS,insa,223,review
nfx_2XJNSDGNPHHDDKNBQA4ECW8PMS,insa,293,review
nfx_2XJNSDGNPHHDDKNBQA4ECW8PMS,insa,320,review
nfx_2XMDP6XJN60850MWM6FYBK22DQ,ciqual,18324,review
nfx_2XMDP6XJN60850MWM6FYBK22DQ,insa,764,review
nfx_2XNS8E2BQ1MKYZHA883RASRE1Y,ciqual,23121,review
nfx_2XNS8E2BQ1MKYZHA883RASRE1Y,ciqual,23121,review
nfx_2XNS8E2BQ1MKYZHA883RASRE1Y,insa,477,review
nfx_2XNS8E2BQ1MKYZHA883RASRE1Y,insa,478,review
nfx_2XX2EVNDM31WSNV07Z43V5NK62,ciqual,20307,review
nfx_2XX2EVNDM31WSNV07Z43V5NK62,insa,601,review
nfx_2Y99R2C28BXRC9N93J6R1V1EJC,ciqual,51511,review
nfx_2Y99R2C28BXRC9N93J6R1V1EJC,ciqual,51511,review
nfx_2Y99R2C28BXRC9N93J6R1V1EJC,insa,437,review
nfx_2Y99R2C28BXRC9N93J6R1V1EJC,insa,441,review
nfx_2YC9N156JB04KF37QMD5M9NS5C,ciqual,25903,review
nfx_2YC9N156JB04KF37QMD5M9NS5C,ciqual,25915,review
nfx_2YC9N156JB04KF37QMD5M9NS5C,ciqual,25953,review
nfx_2YC9N156JB04KF37QMD5M9NS5C,ciqual,25967,review
nfx_2YC9N156JB04KF37QMD5M9NS5C,ciqual,25968,review
nfx_2YC9N156JB04KF37QMD5M9NS5C,ciqual,25974,review
nfx_2YC9N156JB04KF37QMD5M9NS5C,insa,798,review
nfx_2YC9N156JB04KF37QMD5M9NS5C,insa,798,review
nfx_2YC9N156JB04KF37QMD5M9NS5C,insa,798,review
nfx_2YC9N156JB04KF37QMD5M9NS5C,insa,798,review
nfx_2YC9N156JB04KF37QMD5M9NS5C,insa,798,review
nfx_2YC9N156JB04KF37QMD5M9NS5C,insa,798,review
nfx_2YFBQGGNTSZZTYP9TFM82XA0P8,ciqual,20061,review
nfx_2YFBQGGNTSZZTYP9TFM82XA0P8,insa,577,review
nfx_2YHHSZAHEMBM9CJ2BVT479FR25,ciqual,20359,review
nfx_2YHHSZAHEMBM9CJ2BVT479FR25,ciqual,20359,review
nfx_2YHHSZAHEMBM9CJ2BVT479FR25,insa,537,review
nfx_2YHHSZAHEMBM9CJ2BVT479FR25,insa,538,review
nfx_2YHZWM7SFZDH3P407SJ74SA5Y0,ciqual,20234,review
nfx_2YHZWM7SFZDH3P407SJ74SA5Y0,insa,567,review
nfx_2YP3CMGV5MK2TJ4EX79TA1SBNG,ciqual,6256,review
nfx_2YP3CMGV5MK2TJ4EX79TA1SBNG,ciqual,6256,review
nfx_2YP3CMGV5MK2TJ4EX79TA1SBNG,ciqual,6256,review
nfx_2YP3CMGV5MK2TJ4EX79TA1SBNG,ciqual,6256,review
nfx_2YP3CMGV5MK2TJ4EX79TA1SBNG,insa,198,review
nfx_2YP3CMGV5MK2TJ4EX79TA1SBNG,insa,2120000003,review
nfx_2YP3CMGV5MK2TJ4EX79TA1SBNG,insa,217,review
nfx_2YP3CMGV5MK2TJ4EX79TA1SBNG,insa,293,review
nfx_2YRQYQ2YZNYX92ZEYA6DK0W012,ciqual,24051,review
nfx_2YRQYQ2YZNYX92ZEYA6DK0W012,ciqual,24051,review
nfx_2YRQYQ2YZNYX92ZEYA6DK0W012,ciqual,24051,review
nfx_2YRQYQ2YZNYX92ZEYA6DK0W012,ciqual,24051,review
nfx_2YRQYQ2YZNYX92ZEYA6DK0W012,insa,465,review
nfx_2YRQYQ2YZNYX92ZEYA6DK0W012,insa,474,review
nfx_2YRQYQ2YZNYX92ZEYA6DK0W012,insa,475,review
nfx_2YRQYQ2YZNYX92ZEYA6DK0W012,insa,498,review
nfx_2YZR9MVPR9J3B49KN0J3MY8J4F,ciqual,12031,review
nfx_2YZR9MVPR9J3B49KN0J3MY8J4F,ciqual,12031,review
nfx_2YZR9MVPR9J3B49KN0J3MY8J4F,ciqual,12031,review
nfx_2YZR9MVPR9J3B49KN0J3MY8J4F,ciqual,12031,review
nfx_2YZR9MVPR9J3B49KN0J3MY8J4F,ciqual,12031,review
nfx_2YZR9MVPR9J3B49KN0J3MY8J4F,ciqual,12031,review
nfx_2YZR9MVPR9J3B49KN0J3MY8J4F,ciqual,12031,review
nfx_2YZR9MVPR9J3B49KN0J3MY8J4F,ciqual,12031,review
nfx_2YZR9MVPR9J3B49KN0J3MY8J4F,ciqual,12031,review
nfx_2YZR9MVPR9J3B49KN0J3MY8J4F,ciqual,12031,review
nfx_2YZR9MVPR9J3B49KN0J3MY8J4F,ciqual,12031,review
nfx_2YZR9MVPR9J3B49KN0J3MY8J4F,insa,220009,review
nfx_2YZR9MVPR9J3B49KN0J3MY8J4F,insa,220010,review
nfx_2YZR9MVPR9J3B49KN0J3MY8J4F,insa,220019,review
nfx_2YZR9MVPR9J3B49KN0J3MY8J4F,insa,34,review
nfx_2YZR9MVPR9J3B49KN0J3MY8J4F,insa,36,review
nfx_2YZR9MVPR9J3B49KN0J3MY8J4F,insa,37,review
nfx_2YZR9MVPR9J3B49KN0J3MY8J4F,insa,47,review
nfx_2YZR9MVPR9J3B49KN0J3MY8J4F,insa,50800024,review
nfx_2YZR9MVPR9J3B49KN0J3MY8J4F,insa,50800032,review
nfx_2YZR9MVPR9J3B49KN0J3MY8J4F,insa,53,review
nfx_2YZR9MVPR9J3B49KN0J3MY8J4F,insa,54,review
nfx_2Z03D45HMRN5RNGRT4RZ471KEN,ciqual,76015,review
nfx_2Z03D45HMRN5RNGRT4RZ471KEN,ciqual,76015,review
nfx_2Z03D45HMRN5RNGRT4RZ471KEN,ciqual,76015,review
nfx_2Z03D45HMRN5RNGRT4RZ471KEN,insa,2,review
nfx_2Z03D45HMRN5RNGRT4RZ471KEN,insa,3,review
nfx_2Z03D45HMRN5RNGRT4RZ471KEN,insa,5,review
nfx_2Z6T136E3EHS3HSGTJ0ENMA74W,ciqual,31008,automatic
nfx_2Z6T136E3EHS3HSGTJ0ENMA74W,insa,504,automatic
nfx_2ZA43B55YB19VWK64T4HW10HET,ciqual,24001,review
nfx_2ZA43B55YB19VWK64T4HW10HET,ciqual,24001,review
nfx_2ZA43B55YB19VWK64T4HW10HET,ciqual,24001,review
nfx_2ZA43B55YB19VWK64T4HW10HET,insa,455,review
nfx_2ZA43B55YB19VWK64T4HW10HET,insa,459,review
nfx_2ZA43B55YB19VWK64T4HW10HET,insa,460,review
nfx_2ZEQ3EQ5DE4WPBG94HV8DJTNJ9,ciqual,7412,review
nfx_2ZEQ3EQ5DE4WPBG94HV8DJTNJ9,insa,498,review
nfx_2ZGWC20VK6S6WX7KJ9931TXERW,ciqual,6123,review
nfx_2ZGWC20VK6S6WX7KJ9931TXERW,ciqual,6123,review
nfx_2ZGWC20VK6S6WX7KJ9931TXERW,insa,199,review
nfx_2ZGWC20VK6S6WX7KJ9931TXERW,insa,318,review
nfx_2ZGWZCMKCPM630240P1C6JFF35,ciqual,20518,review
nfx_2ZGWZCMKCPM630240P1C6JFF35,insa,528,review
nfx_2ZY7CH4SE047WRDYFEMAN0FKXZ,ciqual,23944,review
nfx_2ZY7CH4SE047WRDYFEMAN0FKXZ,insa,475,review
nfx_301HCVZM885XRPH3H0HM2A6JTX,ciqual,20119,review
nfx_301HCVZM885XRPH3H0HM2A6JTX,ciqual,20170,review
nfx_301HCVZM885XRPH3H0HM2A6JTX,ciqual,20276,automatic
nfx_301HCVZM885XRPH3H0HM2A6JTX,ciqual,20344,review
nfx_301HCVZM885XRPH3H0HM2A6JTX,ciqual,20835,review
nfx_301HCVZM885XRPH3H0HM2A6JTX,insa,615,automatic
nfx_301HCVZM885XRPH3H0HM2A6JTX,insa,615,review
nfx_301HCVZM885XRPH3H0HM2A6JTX,insa,615,review
nfx_301HCVZM885XRPH3H0HM2A6JTX,insa,615,review
nfx_301HCVZM885XRPH3H0HM2A6JTX,insa,615,review
nfx_301J4AZY5D5F6NXNNA1Y5ETG6H,ciqual,25186,review
nfx_301J4AZY5D5F6NXNNA1Y5ETG6H,ciqual,25222,review
nfx_301J4AZY5D5F6NXNNA1Y5ETG6H,insa,1030,review
nfx_301J4AZY5D5F6NXNNA1Y5ETG6H,insa,1030,review
nfx_305A0VD6R8YTBYK9K7714X7NNM,ciqual,20010,review
nfx_305A0VD6R8YTBYK9K7714X7NNM,ciqual,20105,review
nfx_305A0VD6R8YTBYK9K7714X7NNM,ciqual,20159,review
nfx_305A0VD6R8YTBYK9K7714X7NNM,ciqual,20160,review
nfx_305A0VD6R8YTBYK9K7714X7NNM,ciqual,20161,review
nfx_305A0VD6R8YTBYK9K7714X7NNM,ciqual,20212,review
nfx_305A0VD6R8YTBYK9K7714X7NNM,insa,603,review
nfx_305A0VD6R8YTBYK9K7714X7NNM,insa,603,review
nfx_305A0VD6R8YTBYK9K7714X7NNM,insa,603,review
nfx_305A0VD6R8YTBYK9K7714X7NNM,insa,603,review
nfx_305A0VD6R8YTBYK9K7714X7NNM,insa,603,review
nfx_305A0VD6R8YTBYK9K7714X7NNM,insa,603,review
nfx_3067PNPBWH3SV0C14S8MHKES1X,ciqual,40004,review
nfx_3067PNPBWH3SV0C14S8MHKES1X,ciqual,8001,review
nfx_3067PNPBWH3SV0C14S8MHKES1X,ciqual,8002,review
nfx_3067PNPBWH3SV0C14S8MHKES1X,ciqual,8010,review
nfx_3067PNPBWH3SV0C14S8MHKES1X,ciqual,8015,review
nfx_3067PNPBWH3SV0C14S8MHKES1X,ciqual,8214,review
nfx_3067PNPBWH3SV0C14S8MHKES1X,ciqual,8300,review
nfx_3067PNPBWH3SV0C14S8MHKES1X,ciqual,8316,review
nfx_3067PNPBWH3SV0C14S8MHKES1X,ciqual,8332,review
nfx_3067PNPBWH3SV0C14S8MHKES1X,ciqual,8373,review
nfx_3067PNPBWH3SV0C14S8MHKES1X,insa,355,review
nfx_3067PNPBWH3SV0C14S8MHKES1X,insa,355,review
nfx_3067PNPBWH3SV0C14S8MHKES1X,insa,355,review
nfx_3067PNPBWH3SV0C14S8MHKES1X,insa,355,review
nfx_3067PNPBWH3SV0C14S8MHKES1X,insa,355,review
nfx_3067PNPBWH3SV0C14S8MHKES1X,insa,355,review
nfx_3067PNPBWH3SV0C14S8MHKES1X,insa,355,review
nfx_3067PNPBWH3SV0C14S8MHKES1X,insa,355,review
nfx_3067PNPBWH3SV0C14S8MHKES1X,insa,355,review
nfx_3067PNPBWH3SV0C14S8MHKES1X,insa,355,review
nfx_30808MZWTCX9TDS2YX1QK4TKJ3,ciqual,23943,review
nfx_30808MZWTCX9TDS2YX1QK4TKJ3,ciqual,23943,review
nfx_30808MZWTCX9TDS2YX1QK4TKJ3,ciqual,23943,review
nfx_30808MZWTCX9TDS2YX1QK4TKJ3,insa,477,review
nfx_30808MZWTCX9TDS2YX1QK4TKJ3,insa,478,review
nfx_30808MZWTCX9TDS2YX1QK4TKJ3,insa,498,review
nfx_308E7WK77NAX652RAXMK67XGX6,ciqual,23925,review
nfx_308E7WK77NAX652RAXMK67XGX6,ciqual,23925,review
nfx_308E7WK77NAX652RAXMK67XGX6,insa,475,review
nfx_308E7WK77NAX652RAXMK67XGX6,insa,498,review
nfx_30G7KMNEECAPXBTJAZ4HT5Q4M8,ciqual,25606,review
nfx_30G7KMNEECAPXBTJAZ4HT5Q4M8,ciqual,25606,review
nfx_30G7KMNEECAPXBTJAZ4HT5Q4M8,insa,589,review
nfx_30G7KMNEECAPXBTJAZ4HT5Q4M8,insa,591,review
nfx_30NFCT5FM5ZWEH3086VEGE4A3G,ciqual,8015,review
nfx_30NFCT5FM5ZWEH3086VEGE4A3G,ciqual,8015,review
nfx_30NFCT5FM5ZWEH3086VEGE4A3G,ciqual,8015,review
nfx_30NFCT5FM5ZWEH3086VEGE4A3G,ciqual,8015,review
nfx_30NFCT5FM5ZWEH3086VEGE4A3G,ciqual,8015,review
nfx_30NFCT5FM5ZWEH3086VEGE4A3G,insa,1035,review
nfx_30NFCT5FM5ZWEH3086VEGE4A3G,insa,1216,review
nfx_30NFCT5FM5ZWEH3086VEGE4A3G,insa,1222,review
nfx_30NFCT5FM5ZWEH3086VEGE4A3G,insa,1231,review
nfx_30NFCT5FM5ZWEH3086VEGE4A3G,insa,2120000011,review
nfx_30TRGHPGVF5RAX21DYJP0XCM54,ciqual,23032,review
nfx_30TRGHPGVF5RAX21DYJP0XCM54,ciqual,23032,review
nfx_30TRGHPGVF5RAX21DYJP0XCM54,insa,475,review
nfx_30TRGHPGVF5RAX21DYJP0XCM54,insa,498,review
nfx_313SK3WHD62XZBX1NYYKDEM6PH,ciqual,19600,review
nfx_313SK3WHD62XZBX1NYYKDEM6PH,ciqual,19600,review
nfx_313SK3WHD62XZBX1NYYKDEM6PH,ciqual,19600,review
nfx_313SK3WHD62XZBX1NYYKDEM6PH,ciqual,19600,review
nfx_313SK3WHD62XZBX1NYYKDEM6PH,insa,1900000067,review
nfx_313SK3WHD62XZBX1NYYKDEM6PH,insa,1920000006,review
nfx_313SK3WHD62XZBX1NYYKDEM6PH,insa,1920000014,review
nfx_313SK3WHD62XZBX1NYYKDEM6PH,insa,80,review
nfx_31NKRY73P8MKWBF0C4GV40KHH3,ciqual,12828,review
nfx_31NKRY73P8MKWBF0C4GV40KHH3,ciqual,12828,review
nfx_31NKRY73P8MKWBF0C4GV40KHH3,ciqual,12828,review
nfx_31NKRY73P8MKWBF0C4GV40KHH3,ciqual,12828,review
nfx_31NKRY73P8MKWBF0C4GV40KHH3,ciqual,12828,review
nfx_31NKRY73P8MKWBF0C4GV40KHH3,ciqual,12828,review
nfx_31NKRY73P8MKWBF0C4GV40KHH3,ciqual,12828,review
nfx_31NKRY73P8MKWBF0C4GV40KHH3,ciqual,12828,review
nfx_31NKRY73P8MKWBF0C4GV40KHH3,ciqual,12828,review
nfx_31NKRY73P8MKWBF0C4GV40KHH3,ciqual,12828,review
nfx_31NKRY73P8MKWBF0C4GV40KHH3,ciqual,12828,review
nfx_31NKRY73P8MKWBF0C4GV40KHH3,ciqual,12828,review
nfx_31NKRY73P8MKWBF0C4GV40KHH3,ciqual,12828,review
nfx_31NKRY73P8MKWBF0C4GV40KHH3,ciqual,12828,review
nfx_31NKRY73P8MKWBF0C4GV40KHH3,ciqual,12828,review
nfx_31NKRY73P8MKWBF0C4GV40KHH3,ciqual,12828,review
nfx_31NKRY73P8MKWBF0C4GV40KHH3,ciqual,12828,review
nfx_31NKRY73P8MKWBF0C4GV40KHH3,ciqual,12828,review
nfx_31NKRY73P8MKWBF0C4GV40KHH3,ciqual,12828,review
nfx_31NKRY73P8MKWBF0C4GV40KHH3,ciqual,12828,review
nfx_31NKRY73P8MKWBF0C4GV40KHH3,insa,1900000087,review
nfx_31NKRY73P8MKWBF0C4GV40KHH3,insa,1900000088,review
nfx_31NKRY73P8MKWBF0C4GV40KHH3,insa,220005,review
nfx_31NKRY73P8MKWBF0C4GV40KHH3,insa,220007,review
nfx_31NKRY73P8MKWBF0C4GV40KHH3,insa,220009,review
nfx_31NKRY73P8MKWBF0C4GV40KHH3,insa,220010,review
nfx_31NKRY73P8MKWBF0C4GV40KHH3,insa,220016,review
nfx_31NKRY73P8MKWBF0C4GV40KHH3,insa,220019,review
nfx_31NKRY73P8MKWBF0C4GV40KHH3,insa,220020,review
nfx_31NKRY73P8MKWBF0C4GV40KHH3,insa,220022,review
nfx_31NKRY73P8MKWBF0C4GV40KHH3,insa,47,review
nfx_31NKRY73P8MKWBF0C4GV40KHH3,insa,48,review
nfx_31NKRY73P8MKWBF0C4GV40KHH3,insa,50800016,review
nfx_31NKRY73P8MKWBF0C4GV40KHH3,insa,50800020,review
nfx_31NKRY73P8MKWBF0C4GV40KHH3,insa,50800024,review
nfx_31NKRY73P8MKWBF0C4GV40KHH3,insa,50800032,review
nfx_31NKRY73P8MKWBF0C4GV40KHH3,insa,51,review
nfx_31NKRY73P8MKWBF0C4GV40KHH3,insa,52,review
nfx_31NKRY73P8MKWBF0C4GV40KHH3,insa,53,review
nfx_31NKRY73P8MKWBF0C4GV40KHH3,insa,54,review
nfx_31RCJ632A4G8JAGYVXDNAGW1ZQ,ciqual,7225,review
nfx_31RCJ632A4G8JAGYVXDNAGW1ZQ,ciqual,7225,review
nfx_31RCJ632A4G8JAGYVXDNAGW1ZQ,ciqual,7225,review
nfx_31RCJ632A4G8JAGYVXDNAGW1ZQ,insa,18,review
nfx_31RCJ632A4G8JAGYVXDNAGW1ZQ,insa,426,review
nfx_31RCJ632A4G8JAGYVXDNAGW1ZQ,insa,429,review
nfx_31T97QWYND41FN18EWGRG1FRSZ,ciqual,19033,review
nfx_31T97QWYND41FN18EWGRG1FRSZ,ciqual,19039,review
nfx_31T97QWYND41FN18EWGRG1FRSZ,ciqual,19060,review
nfx_31T97QWYND41FN18EWGRG1FRSZ,ciqual,19200,review
nfx_31T97QWYND41FN18EWGRG1FRSZ,ciqual,19201,review
nfx_31T97QWYND41FN18EWGRG1FRSZ,insa,1234,review
nfx_31T97QWYND41FN18EWGRG1FRSZ,insa,1234,review
nfx_31T97QWYND41FN18EWGRG1FRSZ,insa,1234,review
nfx_31T97QWYND41FN18EWGRG1FRSZ,insa,1234,review
nfx_31T97QWYND41FN18EWGRG1FRSZ,insa,1234,review
nfx_31W7TE8QR5Z7Z17CYB51MTGM6A,ciqual,11219,review
nfx_31W7TE8QR5Z7Z17CYB51MTGM6A,insa,2120000007,review
nfx_31YJGRQ60J4PTW4HS0R18BVG0A,ciqual,13128,review
nfx_31YJGRQ60J4PTW4HS0R18BVG0A,insa,1196,review
nfx_31ZA867977AC5AA5H2KSW33G7P,ciqual,16040,review
nfx_31ZA867977AC5AA5H2KSW33G7P,insa,1900000092,review
nfx_325Z66PPEMYHH0WVZ2E9N9MAJX,ciqual,10001,review
nfx_325Z66PPEMYHH0WVZ2E9N9MAJX,insa,1900000060,review
nfx_326QB63VX0RH19P0JAVG50H9DW,ciqual,11101,review
nfx_326QB63VX0RH19P0JAVG50H9DW,ciqual,11101,review
nfx_326QB63VX0RH19P0JAVG50H9DW,ciqual,11101,review
nfx_326QB63VX0RH19P0JAVG50H9DW,ciqual,11101,review
nfx_326QB63VX0RH19P0JAVG50H9DW,insa,1164,review
nfx_326QB63VX0RH19P0JAVG50H9DW,insa,1229,review
nfx_326QB63VX0RH19P0JAVG50H9DW,insa,2120000007,review
nfx_326QB63VX0RH19P0JAVG50H9DW,insa,933,review
nfx_32K5A4B95ZTSWQ9FXGERCH8C9T,ciqual,10010,automatic
nfx_32K5A4B95ZTSWQ9FXGERCH8C9T,insa,2120000016,automatic
nfx_32P49S6KD30ZREPJ83P9JKBCAG,ciqual,25207,review
nfx_32P49S6KD30ZREPJ83P9JKBCAG,insa,1035,review
nfx_32Q15R7JR16QKSSQZWC0W3X89J,ciqual,30350,automatic
nfx_32Q15R7JR16QKSSQZWC0W3X89J,insa,359,automatic
nfx_32X0RXB8QS3HA55H4Q1D42SYG8,ciqual,19860,review
nfx_32X0RXB8QS3HA55H4Q1D42SYG8,ciqual,19860,review
nfx_32X0RXB8QS3HA55H4Q1D42SYG8,ciqual,19860,review
nfx_32X0RXB8QS3HA55H4Q1D42SYG8,ciqual,19860,review
nfx_32X0RXB8QS3HA55H4Q1D42SYG8,insa,1920000006,review
nfx_32X0RXB8QS3HA55H4Q1D42SYG8,insa,1920000010,review
nfx_32X0RXB8QS3HA55H4Q1D42SYG8,insa,1920000011,review
nfx_32X0RXB8QS3HA55H4Q1D42SYG8,insa,79,review
nfx_32XY86T71HQ9JVBFJSAXFB4BGX,ciqual,22060,review
nfx_32XY86T71HQ9JVBFJSAXFB4BGX,ciqual,22070,review
nfx_32XY86T71HQ9JVBFJSAXFB4BGX,insa,83,review
nfx_32XY86T71HQ9JVBFJSAXFB4BGX,insa,83,review
nfx_33CB6XFREDVGG93DEPWGHNMR2W,ciqual,36703,review
nfx_33CB6XFREDVGG93DEPWGHNMR2W,insa,96,review
nfx_33D5QVMJTTKXDXTPRT9PF13HTR,ciqual,5209,review
nfx_33D5QVMJTTKXDXTPRT9PF13HTR,ciqual,5209,review
nfx_33D5QVMJTTKXDXTPRT9PF13HTR,ciqual,5209,review
nfx_33D5QVMJTTKXDXTPRT9PF13HTR,ciqual,5209,review
nfx_33D5QVMJTTKXDXTPRT9PF13HTR,ciqual,5209,review
nfx_33D5QVMJTTKXDXTPRT9PF13HTR,ciqual,5209,review
nfx_33D5QVMJTTKXDXTPRT9PF13HTR,insa,250017,review
nfx_33D5QVMJTTKXDXTPRT9PF13HTR,insa,250018,review
nfx_33D5QVMJTTKXDXTPRT9PF13HTR,insa,250023,review
nfx_33D5QVMJTTKXDXTPRT9PF13HTR,insa,718,review
nfx_33D5QVMJTTKXDXTPRT9PF13HTR,insa,719,review
nfx_33D5QVMJTTKXDXTPRT9PF13HTR,insa,721,review
nfx_33G0TS5KR58356387FBGQ38VQF,ciqual,20903,review
nfx_33G0TS5KR58356387FBGQ38VQF,ciqual,20903,review
nfx_33G0TS5KR58356387FBGQ38VQF,ciqual,20903,review
nfx_33G0TS5KR58356387FBGQ38VQF,insa,2122000003,review
nfx_33G0TS5KR58356387FBGQ38VQF,insa,2122000005,review
nfx_33G0TS5KR58356387FBGQ38VQF,insa,2122000007,review
nfx_33NHGVHX8HB96C9DB6G000DTAR,ciqual,17900,review
nfx_33NHGVHX8HB96C9DB6G000DTAR,ciqual,17900,review
nfx_33NHGVHX8HB96C9DB6G000DTAR,ciqual,17900,review
nfx_33NHGVHX8HB96C9DB6G000DTAR,ciqual,17900,review
nfx_33NHGVHX8HB96C9DB6G000DTAR,ciqual,17900,review
nfx_33NHGVHX8HB96C9DB6G000DTAR,ciqual,17900,review
nfx_33NHGVHX8HB96C9DB6G000DTAR,insa,1900000092,review
nfx_33NHGVHX8HB96C9DB6G000DTAR,insa,2120000009,review
nfx_33NHGVHX8HB96C9DB6G000DTAR,insa,389,review
nfx_33NHGVHX8HB96C9DB6G000DTAR,insa,392,review
nfx_33NHGVHX8HB96C9DB6G000DTAR,insa,393,review
nfx_33NHGVHX8HB96C9DB6G000DTAR,insa,394,review
nfx_33YQGZ3S20RTRFPCQE79VT6QM7,ciqual,1018,review
nfx_33YQGZ3S20RTRFPCQE79VT6QM7,ciqual,5201,review
nfx_33YQGZ3S20RTRFPCQE79VT6QM7,ciqual,5215,review
nfx_33YQGZ3S20RTRFPCQE79VT6QM7,insa,250023,review
nfx_33YQGZ3S20RTRFPCQE79VT6QM7,insa,250023,review
nfx_33YQGZ3S20RTRFPCQE79VT6QM7,insa,250023,review
nfx_344DD3HWB0EGADNXS5F3RS1B0V,ciqual,6130,review
nfx_344DD3HWB0EGADNXS5F3RS1B0V,ciqual,6130,review
nfx_344DD3HWB0EGADNXS5F3RS1B0V,ciqual,6130,review
nfx_344DD3HWB0EGADNXS5F3RS1B0V,ciqual,6130,review
nfx_344DD3HWB0EGADNXS5F3RS1B0V,ciqual,6130,review
nfx_344DD3HWB0EGADNXS5F3RS1B0V,ciqual,6130,review
nfx_344DD3HWB0EGADNXS5F3RS1B0V,ciqual,6130,review
nfx_344DD3HWB0EGADNXS5F3RS1B0V,ciqual,6130,review
nfx_344DD3HWB0EGADNXS5F3RS1B0V,ciqual,6130,review
nfx_344DD3HWB0EGADNXS5F3RS1B0V,ciqual,6130,review
nfx_344DD3HWB0EGADNXS5F3RS1B0V,insa,195,review
nfx_344DD3HWB0EGADNXS5F3RS1B0V,insa,196,review
nfx_344DD3HWB0EGADNXS5F3RS1B0V,insa,198,review
nfx_344DD3HWB0EGADNXS5F3RS1B0V,insa,2120000002,review
nfx_344DD3HWB0EGADNXS5F3RS1B0V,insa,2120000003,review
nfx_344DD3HWB0EGADNXS5F3RS1B0V,insa,217,review
nfx_344DD3HWB0EGADNXS5F3RS1B0V,insa,293,review
nfx_344DD3HWB0EGADNXS5F3RS1B0V,insa,317,review
nfx_344DD3HWB0EGADNXS5F3RS1B0V,insa,324,review
nfx_344DD3HWB0EGADNXS5F3RS1B0V,insa,330,review
nfx_3456HXTNVEYS21N997R8R9GJRS,ciqual,36307,review
nfx_3456HXTNVEYS21N997R8R9GJRS,insa,70500004,review
nfx_345APVNVT3RXVNGDCGK67K46DF,ciqual,21800,review
nfx_345APVNVT3RXVNGDCGK67K46DF,ciqual,28002,review
nfx_345APVNVT3RXVNGDCGK67K46DF,ciqual,28502,review
nfx_345APVNVT3RXVNGDCGK67K46DF,ciqual,36702,review
nfx_345APVNVT3RXVNGDCGK67K46DF,ciqual,6540,review
nfx_345APVNVT3RXVNGDCGK67K46DF,insa,127,review
nfx_345APVNVT3RXVNGDCGK67K46DF,insa,127,review
nfx_345APVNVT3RXVNGDCGK67K46DF,insa,127,review
nfx_345APVNVT3RXVNGDCGK67K46DF,insa,127,review
nfx_345APVNVT3RXVNGDCGK67K46DF,insa,127,review
nfx_348J0KEGSRFVCRP7R7TPAEV9B7,ciqual,20501,review
nfx_348J0KEGSRFVCRP7R7TPAEV9B7,ciqual,20529,review
nfx_348J0KEGSRFVCRP7R7TPAEV9B7,insa,531,review
nfx_348J0KEGSRFVCRP7R7TPAEV9B7,insa,531,review
nfx_349KGZD0V8MSPRDNXRRT4E9156,ciqual,19599,review
nfx_349KGZD0V8MSPRDNXRRT4E9156,ciqual,19599,review
nfx_349KGZD0V8MSPRDNXRRT4E9156,insa,1920000002,review
nfx_349KGZD0V8MSPRDNXRRT4E9156,insa,1920000006,review
nfx_34HCY72ZQA11S6B3ZZD9C6C3H7,ciqual,20350,review
nfx_34HCY72ZQA11S6B3ZZD9C6C3H7,insa,551,review
nfx_34J3M2PG2HEXKAFMK4D9RP3NYM,ciqual,5100,review
nfx_34J3M2PG2HEXKAFMK4D9RP3NYM,ciqual,5201,review
nfx_34J3M2PG2HEXKAFMK4D9RP3NYM,insa,719,review
nfx_34J3M2PG2HEXKAFMK4D9RP3NYM,insa,719,review
nfx_34M62KWA0VCF01BCT1RQM9R1FX,ciqual,11027,review
nfx_34M62KWA0VCF01BCT1RQM9R1FX,insa,1900000031,review
nfx_34XTDW7012M49XG3J3336M1WEV,ciqual,7262,review
nfx_34XTDW7012M49XG3J3336M1WEV,insa,427,review
nfx_35188BRSAX9DKGNNKDY6Z35EQC,ciqual,36401,review
nfx_35188BRSAX9DKGNNKDY6Z35EQC,insa,70500004,review
nfx_35C4S5RHSY81JA24ZKXNB692QG,ciqual,76075,review
nfx_35C4S5RHSY81JA24ZKXNB692QG,ciqual,76075,review
nfx_35C4S5RHSY81JA24ZKXNB692QG,ciqual,76075,review
nfx_35C4S5RHSY81JA24ZKXNB692QG,insa,2,review
nfx_35C4S5RHSY81JA24ZKXNB692QG,insa,3,review
nfx_35C4S5RHSY81JA24ZKXNB692QG,insa,5,review
nfx_35DJDEM6XB0TKMF6F02JXR3TKV,ciqual,19552,review
nfx_35DJDEM6XB0TKMF6F02JXR3TKV,ciqual,19552,review
nfx_35DJDEM6XB0TKMF6F02JXR3TKV,insa,2122000009,review
nfx_35DJDEM6XB0TKMF6F02JXR3TKV,insa,80,review
nfx_35KJEGT41YF5G978206DZ9VA5C,ciqual,31122,review
nfx_35KJEGT41YF5G978206DZ9VA5C,insa,520,review
nfx_35QF9HQKEHVJ7Z63486Y80MZX0,ciqual,23000,review
nfx_35QF9HQKEHVJ7Z63486Y80MZX0,ciqual,23008,review
nfx_35QF9HQKEHVJ7Z63486Y80MZX0,ciqual,23023,review
nfx_35QF9HQKEHVJ7Z63486Y80MZX0,ciqual,23030,review
nfx_35QF9HQKEHVJ7Z63486Y80MZX0,ciqual,23031,review
nfx_35QF9HQKEHVJ7Z63486Y80MZX0,ciqual,23497,review
nfx_35QF9HQKEHVJ7Z63486Y80MZX0,ciqual,23585,automatic
nfx_35QF9HQKEHVJ7Z63486Y80MZX0,ciqual,23803,review
nfx_35QF9HQKEHVJ7Z63486Y80MZX0,ciqual,23852,review
nfx_35QF9HQKEHVJ7Z63486Y80MZX0,ciqual,23939,review
nfx_35QF9HQKEHVJ7Z63486Y80MZX0,ciqual,23945,review
nfx_35QF9HQKEHVJ7Z63486Y80MZX0,ciqual,24371,review
nfx_35QF9HQKEHVJ7Z63486Y80MZX0,ciqual,24674,review
nfx_35QF9HQKEHVJ7Z63486Y80MZX0,insa,475,automatic
nfx_35QF9HQKEHVJ7Z63486Y80MZX0,insa,475,review
nfx_35QF9HQKEHVJ7Z63486Y80MZX0,insa,475,review
nfx_35QF9HQKEHVJ7Z63486Y80MZX0,insa,475,review
nfx_35QF9HQKEHVJ7Z63486Y80MZX0,insa,475,review
nfx_35QF9HQKEHVJ7Z63486Y80MZX0,insa,475,review
nfx_35QF9HQKEHVJ7Z63486Y80MZX0,insa,475,review
nfx_35QF9HQKEHVJ7Z63486Y80MZX0,insa,475,review
nfx_35QF9HQKEHVJ7Z63486Y80MZX0,insa,475,review
nfx_35QF9HQKEHVJ7Z63486Y80MZX0,insa,475,review
nfx_35QF9HQKEHVJ7Z63486Y80MZX0,insa,475,review
nfx_35QF9HQKEHVJ7Z63486Y80MZX0,insa,475,review
nfx_35QF9HQKEHVJ7Z63486Y80MZX0,insa,475,review
nfx_35R9GCXTT046ZWH76XHPHBVXEH,ciqual,20353,automatic
nfx_35R9GCXTT046ZWH76XHPHBVXEH,insa,601,automatic
nfx_363QYRVWWDEK2XVFQ1JATSZHV2,ciqual,20014,automatic
nfx_363QYRVWWDEK2XVFQ1JATSZHV2,insa,564,automatic
nfx_3644EQZ8ZQVNHS13B3Z47Y37NV,ciqual,19544,review
nfx_3644EQZ8ZQVNHS13B3Z47Y37NV,ciqual,19546,review
nfx_3644EQZ8ZQVNHS13B3Z47Y37NV,ciqual,19554,review
nfx_3644EQZ8ZQVNHS13B3Z47Y37NV,ciqual,19594,review
nfx_3644EQZ8ZQVNHS13B3Z47Y37NV,ciqual,19596,review
nfx_3644EQZ8ZQVNHS13B3Z47Y37NV,ciqual,19712,review
nfx_3644EQZ8ZQVNHS13B3Z47Y37NV,ciqual,19882,review
nfx_3644EQZ8ZQVNHS13B3Z47Y37NV,insa,1920000014,review
nfx_3644EQZ8ZQVNHS13B3Z47Y37NV,insa,1920000014,review
nfx_3644EQZ8ZQVNHS13B3Z47Y37NV,insa,1920000014,review
nfx_3644EQZ8ZQVNHS13B3Z47Y37NV,insa,1920000014,review
nfx_3644EQZ8ZQVNHS13B3Z47Y37NV,insa,1920000014,review
nfx_3644EQZ8ZQVNHS13B3Z47Y37NV,insa,1920000014,review
nfx_3644EQZ8ZQVNHS13B3Z47Y37NV,insa,1920000014,review
nfx_36CZXSBHBS96DGYVYYTV3Z1Q7D,ciqual,21800,review
nfx_36CZXSBHBS96DGYVYYTV3Z1Q7D,insa,70500004,review
nfx_36PQWNR4MM8EMRD5N8ZG8HDDCJ,ciqual,23300,review
nfx_36PQWNR4MM8EMRD5N8ZG8HDDCJ,ciqual,23457,review
nfx_36PQWNR4MM8EMRD5N8ZG8HDDCJ,ciqual,23900,review
nfx_36PQWNR4MM8EMRD5N8ZG8HDDCJ,ciqual,7600,review
nfx_36PQWNR4MM8EMRD5N8ZG8HDDCJ,insa,489,review
nfx_36PQWNR4MM8EMRD5N8ZG8HDDCJ,insa,489,review
nfx_36PQWNR4MM8EMRD5N8ZG8HDDCJ,insa,489,review
nfx_36PQWNR4MM8EMRD5N8ZG8HDDCJ,insa,489,review
nfx_36QF0MPGY19A9Y7JPEECCMBJXN,ciqual,23803,review
nfx_36QF0MPGY19A9Y7JPEECCMBJXN,ciqual,23803,review
nfx_36QF0MPGY19A9Y7JPEECCMBJXN,ciqual,23803,review
nfx_36QF0MPGY19A9Y7JPEECCMBJXN,ciqual,23803,review
nfx_36QF0MPGY19A9Y7JPEECCMBJXN,insa,473,review
nfx_36QF0MPGY19A9Y7JPEECCMBJXN,insa,474,review
nfx_36QF0MPGY19A9Y7JPEECCMBJXN,insa,477,review
nfx_36QF0MPGY19A9Y7JPEECCMBJXN,insa,478,review
nfx_36R07YD9789MDFCV38727N0YKE,ciqual,26282,review
nfx_36R07YD9789MDFCV38727N0YKE,insa,1117,review
nfx_36S5KP4DBJKEZQ2WV4VGCQJHVJ,ciqual,20138,review
nfx_36S5KP4DBJKEZQ2WV4VGCQJHVJ,insa,579,review
nfx_36TCC0E2G2PY56BJFX1PBHHWA6,ciqual,19578,review
nfx_36TCC0E2G2PY56BJFX1PBHHWA6,ciqual,19578,review
nfx_36TCC0E2G2PY56BJFX1PBHHWA6,ciqual,19578,review
nfx_36TCC0E2G2PY56BJFX1PBHHWA6,insa,1900000102,review
nfx_36TCC0E2G2PY56BJFX1PBHHWA6,insa,1920000007,review
nfx_36TCC0E2G2PY56BJFX1PBHHWA6,insa,78,review
nfx_36ZYE4QQQFK6TQZ9K9N5R4DCQK,ciqual,23000,review
nfx_36ZYE4QQQFK6TQZ9K9N5R4DCQK,ciqual,23000,review
nfx_36ZYE4QQQFK6TQZ9K9N5R4DCQK,ciqual,23000,review
nfx_36ZYE4QQQFK6TQZ9K9N5R4DCQK,ciqual,23000,review
nfx_36ZYE4QQQFK6TQZ9K9N5R4DCQK,insa,473,review
nfx_36ZYE4QQQFK6TQZ9K9N5R4DCQK,insa,474,review
nfx_36ZYE4QQQFK6TQZ9K9N5R4DCQK,insa,477,review
nfx_36ZYE4QQQFK6TQZ9K9N5R4DCQK,insa,478,review
nfx_37BVRV5A6G3AQ8F35EGBTCW9RC,ciqual,23594,review
nfx_37BVRV5A6G3AQ8F35EGBTCW9RC,ciqual,23594,review
nfx_37BVRV5A6G3AQ8F35EGBTCW9RC,insa,477,review
nfx_37BVRV5A6G3AQ8F35EGBTCW9RC,insa,478,review
nfx_37M54WHGEAECMM8J9F0FYGSEPJ,ciqual,25958,review
nfx_37M54WHGEAECMM8J9F0FYGSEPJ,insa,1111,review
nfx_37QN74DJTT9B14DCEF5FC6JTQ8,ciqual,8002,review
nfx_37QN74DJTT9B14DCEF5FC6JTQ8,ciqual,8002,review
nfx_37QN74DJTT9B14DCEF5FC6JTQ8,ciqual,8002,review
nfx_37QN74DJTT9B14DCEF5FC6JTQ8,ciqual,8002,review
nfx_37QN74DJTT9B14DCEF5FC6JTQ8,ciqual,8002,review
nfx_37QN74DJTT9B14DCEF5FC6JTQ8,insa,1035,review
nfx_37QN74DJTT9B14DCEF5FC6JTQ8,insa,1216,review
nfx_37QN74DJTT9B14DCEF5FC6JTQ8,insa,1222,review
nfx_37QN74DJTT9B14DCEF5FC6JTQ8,insa,1231,review
nfx_37QN74DJTT9B14DCEF5FC6JTQ8,insa,2120000011,review
nfx_37QSM5FKXS879AW3KX09JEXX9D,ciqual,21524,review
nfx_37QSM5FKXS879AW3KX09JEXX9D,ciqual,28100,review
nfx_37QSM5FKXS879AW3KX09JEXX9D,insa,1146,review
nfx_37QSM5FKXS879AW3KX09JEXX9D,insa,1146,review
nfx_385DS42QTSKA4CS8C36XBRC8A8,ciqual,20525,review
nfx_385DS42QTSKA4CS8C36XBRC8A8,insa,529,review
nfx_387AYKG3C1XYR37QEZBVAPXWTK,ciqual,25435,review
nfx_387AYKG3C1XYR37QEZBVAPXWTK,ciqual,25435,review
nfx_387AYKG3C1XYR37QEZBVAPXWTK,insa,954,review
nfx_387AYKG3C1XYR37QEZBVAPXWTK,insa,955,review
nfx_38M0DQRKFS1AWM841BEMNZRZE3,ciqual,38401,review
nfx_38M0DQRKFS1AWM841BEMNZRZE3,insa,467,review
nfx_396084CP64PZWWPCTV6SMCKFCY,ciqual,36050,review
nfx_396084CP64PZWWPCTV6SMCKFCY,ciqual,36050,review
nfx_396084CP64PZWWPCTV6SMCKFCY,insa,341,review
nfx_396084CP64PZWWPCTV6SMCKFCY,insa,70500004,review
nfx_3961KPGSBJD1S2MCTRVXCP180Y,ciqual,15021,review
nfx_3961KPGSBJD1S2MCTRVXCP180Y,ciqual,15039,review
nfx_3961KPGSBJD1S2MCTRVXCP180Y,insa,707,review
nfx_3961KPGSBJD1S2MCTRVXCP180Y,insa,707,review
nfx_39BR19QZ72DBS4MXM0WNQX6203,ciqual,6900,review
nfx_39BR19QZ72DBS4MXM0WNQX6203,ciqual,6900,review
nfx_39BR19QZ72DBS4MXM0WNQX6203,ciqual,6900,review
nfx_39BR19QZ72DBS4MXM0WNQX6203,insa,141,review
nfx_39BR19QZ72DBS4MXM0WNQX6203,insa,142,review
nfx_39BR19QZ72DBS4MXM0WNQX6203,insa,70500004,review
nfx_39FCDM4QDNDJT73Z2F564R821Z,ciqual,12761,review
nfx_39FCDM4QDNDJT73Z2F564R821Z,ciqual,12761,review
nfx_39FCDM4QDNDJT73Z2F564R821Z,ciqual,12761,review
nfx_39FCDM4QDNDJT73Z2F564R821Z,ciqual,12761,review
nfx_39FCDM4QDNDJT73Z2F564R821Z,ciqual,12761,review
nfx_39FCDM4QDNDJT73Z2F564R821Z,ciqual,12761,review
nfx_39FCDM4QDNDJT73Z2F564R821Z,ciqual,12761,review
nfx_39FCDM4QDNDJT73Z2F564R821Z,ciqual,12761,review
nfx_39FCDM4QDNDJT73Z2F564R821Z,ciqual,12761,review
nfx_39FCDM4QDNDJT73Z2F564R821Z,ciqual,12761,review
nfx_39FCDM4QDNDJT73Z2F564R821Z,ciqual,12761,review
nfx_39FCDM4QDNDJT73Z2F564R821Z,insa,220009,review
nfx_39FCDM4QDNDJT73Z2F564R821Z,insa,220010,review
nfx_39FCDM4QDNDJT73Z2F564R821Z,insa,220019,review
nfx_39FCDM4QDNDJT73Z2F564R821Z,insa,34,review
nfx_39FCDM4QDNDJT73Z2F564R821Z,insa,36,review
nfx_39FCDM4QDNDJT73Z2F564R821Z,insa,37,review
nfx_39FCDM4QDNDJT73Z2F564R821Z,insa,47,review
nfx_39FCDM4QDNDJT73Z2F564R821Z,insa,50800024,review
nfx_39FCDM4QDNDJT73Z2F564R821Z,insa,50800032,review
nfx_39FCDM4QDNDJT73Z2F564R821Z,insa,53,review
nfx_39FCDM4QDNDJT73Z2F564R821Z,insa,54,review
nfx_39JXBAEPW0FJ5Q2KM1D257264S,ciqual,12999,review
nfx_39JXBAEPW0FJ5Q2KM1D257264S,insa,50800016,review
nfx_39K1MN362WYF1H9BJ183X1T2ZZ,ciqual,18298,review
nfx_39K1MN362WYF1H9BJ183X1T2ZZ,insa,763,review
nfx_39V2VN2GHB6WMFP367E3NM8PNE,ciqual,76022,review
nfx_39V2VN2GHB6WMFP367E3NM8PNE,ciqual,76022,review
nfx_39V2VN2GHB6WMFP367E3NM8PNE,insa,2,review
nfx_39V2VN2GHB6WMFP367E3NM8PNE,insa,5,review
nfx_39X2695EHD60D4QYH274DX4S4B,ciqual,20065,review
nfx_39X2695EHD60D4QYH274DX4S4B,ciqual,20116,review
nfx_39X2695EHD60D4QYH274DX4S4B,ciqual,20218,review
nfx_39X2695EHD60D4QYH274DX4S4B,insa,562,review
nfx_39X2695EHD60D4QYH274DX4S4B,insa,562,review
nfx_39X2695EHD60D4QYH274DX4S4B,insa,562,review
nfx_39YR4R44BTV16BRQ9DB2NYZ2XH,ciqual,24320,review
nfx_39YR4R44BTV16BRQ9DB2NYZ2XH,ciqual,24320,review
nfx_39YR4R44BTV16BRQ9DB2NYZ2XH,ciqual,24320,review
nfx_39YR4R44BTV16BRQ9DB2NYZ2XH,ciqual,24320,review
nfx_39YR4R44BTV16BRQ9DB2NYZ2XH,ciqual,24320,review
nfx_39YR4R44BTV16BRQ9DB2NYZ2XH,insa,455,review
nfx_39YR4R44BTV16BRQ9DB2NYZ2XH,insa,459,review
nfx_39YR4R44BTV16BRQ9DB2NYZ2XH,insa,460,review
nfx_39YR4R44BTV16BRQ9DB2NYZ2XH,insa,463,review
nfx_39YR4R44BTV16BRQ9DB2NYZ2XH,insa,469,review
nfx_39YTPN5P2TT07Y5KB1E4X26JKD,ciqual,12776,review
nfx_39YTPN5P2TT07Y5KB1E4X26JKD,ciqual,12776,review
nfx_39YTPN5P2TT07Y5KB1E4X26JKD,insa,1900000088,review
nfx_39YTPN5P2TT07Y5KB1E4X26JKD,insa,34,review
nfx_3A0ENKMK579NF3HKYQQ7PZ8R50,ciqual,20272,review
nfx_3A0ENKMK579NF3HKYQQ7PZ8R50,insa,250027,review
nfx_3A59NV4NA4W0DTGKJC74GF2MCN,ciqual,25020,review
nfx_3A59NV4NA4W0DTGKJC74GF2MCN,ciqual,25020,review
nfx_3A59NV4NA4W0DTGKJC74GF2MCN,ciqual,25020,review
nfx_3A59NV4NA4W0DTGKJC74GF2MCN,ciqual,25020,review
nfx_3A59NV4NA4W0DTGKJC74GF2MCN,ciqual,25020,review
nfx_3A59NV4NA4W0DTGKJC74GF2MCN,ciqual,25020,review
nfx_3A59NV4NA4W0DTGKJC74GF2MCN,ciqual,25020,review
nfx_3A59NV4NA4W0DTGKJC74GF2MCN,ciqual,25020,review
nfx_3A59NV4NA4W0DTGKJC74GF2MCN,insa,220009,review
nfx_3A59NV4NA4W0DTGKJC74GF2MCN,insa,220010,review
nfx_3A59NV4NA4W0DTGKJC74GF2MCN,insa,220019,review
nfx_3A59NV4NA4W0DTGKJC74GF2MCN,insa,47,review
nfx_3A59NV4NA4W0DTGKJC74GF2MCN,insa,50800024,review
nfx_3A59NV4NA4W0DTGKJC74GF2MCN,insa,50800032,review
nfx_3A59NV4NA4W0DTGKJC74GF2MCN,insa,53,review
nfx_3A59NV4NA4W0DTGKJC74GF2MCN,insa,54,review
nfx_3A9THJ5PAZRPVH2AYGVSEABVKN,ciqual,11021,review
nfx_3A9THJ5PAZRPVH2AYGVSEABVKN,insa,1210,review
nfx_3AAJQRA4V5JSK35PN74CHPEM9Q,ciqual,25477,review
nfx_3AAJQRA4V5JSK35PN74CHPEM9Q,ciqual,25477,review
nfx_3AAJQRA4V5JSK35PN74CHPEM9Q,insa,954,review
nfx_3AAJQRA4V5JSK35PN74CHPEM9Q,insa,955,review
nfx_3AWXJH670DX0Y568PZKG27DBXK,ciqual,13101,review
nfx_3AWXJH670DX0Y568PZKG27DBXK,ciqual,13395,review
nfx_3AWXJH670DX0Y568PZKG27DBXK,insa,694,review
nfx_3AWXJH670DX0Y568PZKG27DBXK,insa,694,review
nfx_3B6884FKGMBH6H85HY3G5W7MJZ,ciqual,20082,review
nfx_3B6884FKGMBH6H85HY3G5W7MJZ,ciqual,20312,review
nfx_3B6884FKGMBH6H85HY3G5W7MJZ,insa,556,review
nfx_3B6884FKGMBH6H85HY3G5W7MJZ,insa,556,review
nfx_3B9070E34DWD8P8JS19VVDZFJD,ciqual,10021,review
nfx_3B9070E34DWD8P8JS19VVDZFJD,ciqual,10038,review
nfx_3B9070E34DWD8P8JS19VVDZFJD,insa,1920000020,review
nfx_3B9070E34DWD8P8JS19VVDZFJD,insa,1920000020,review
nfx_3BAHT346K4BBZ9ZSMZZ1EW3EAQ,ciqual,20352,review
nfx_3BAHT346K4BBZ9ZSMZZ1EW3EAQ,insa,601,review
nfx_3BP86XYFH3YXW8PA1B95S7YDD7,ciqual,19546,review
nfx_3BP86XYFH3YXW8PA1B95S7YDD7,ciqual,19550,review
nfx_3BP86XYFH3YXW8PA1B95S7YDD7,ciqual,19554,review
nfx_3BP86XYFH3YXW8PA1B95S7YDD7,ciqual,19556,review
nfx_3BP86XYFH3YXW8PA1B95S7YDD7,ciqual,19593,review
nfx_3BP86XYFH3YXW8PA1B95S7YDD7,ciqual,19594,review
nfx_3BP86XYFH3YXW8PA1B95S7YDD7,ciqual,19598,review
nfx_3BP86XYFH3YXW8PA1B95S7YDD7,ciqual,19624,review
nfx_3BP86XYFH3YXW8PA1B95S7YDD7,ciqual,19723,review
nfx_3BP86XYFH3YXW8PA1B95S7YDD7,ciqual,19882,review
nfx_3BP86XYFH3YXW8PA1B95S7YDD7,insa,79,review
nfx_3BP86XYFH3YXW8PA1B95S7YDD7,insa,79,review
nfx_3BP86XYFH3YXW8PA1B95S7YDD7,insa,79,review
nfx_3BP86XYFH3YXW8PA1B95S7YDD7,insa,79,review
nfx_3BP86XYFH3YXW8PA1B95S7YDD7,insa,79,review
nfx_3BP86XYFH3YXW8PA1B95S7YDD7,insa,79,review
nfx_3BP86XYFH3YXW8PA1B95S7YDD7,insa,79,review
nfx_3BP86XYFH3YXW8PA1B95S7YDD7,insa,79,review
nfx_3BP86XYFH3YXW8PA1B95S7YDD7,insa,79,review
nfx_3BP86XYFH3YXW8PA1B95S7YDD7,insa,79,review
nfx_3BSE0TA8DZKHSGB85RG62M17T1,ciqual,19000,review
nfx_3BSE0TA8DZKHSGB85RG62M17T1,ciqual,19000,review
nfx_3BSE0TA8DZKHSGB85RG62M17T1,ciqual,19000,review
nfx_3BSE0TA8DZKHSGB85RG62M17T1,ciqual,19000,review
nfx_3BSE0TA8DZKHSGB85RG62M17T1,ciqual,19000,review
nfx_3BSE0TA8DZKHSGB85RG62M17T1,ciqual,19000,review
nfx_3BSE0TA8DZKHSGB85RG62M17T1,ciqual,19000,review
nfx_3BSE0TA8DZKHSGB85RG62M17T1,insa,19,review
nfx_3BSE0TA8DZKHSGB85RG62M17T1,insa,20,review
nfx_3BSE0TA8DZKHSGB85RG62M17T1,insa,230004,review
nfx_3BSE0TA8DZKHSGB85RG62M17T1,insa,34,review
nfx_3BSE0TA8DZKHSGB85RG62M17T1,insa,36,review
nfx_3BSE0TA8DZKHSGB85RG62M17T1,insa,37,review
nfx_3BSE0TA8DZKHSGB85RG62M17T1,insa,500,review
nfx_3BWVFV4AT8YGQ9K5NY7X6M34F3,ciqual,9550,review
nfx_3BWVFV4AT8YGQ9K5NY7X6M34F3,ciqual,9550,review
nfx_3BWVFV4AT8YGQ9K5NY7X6M34F3,insa,1900000071,review
nfx_3BWVFV4AT8YGQ9K5NY7X6M34F3,insa,1900000077,review
nfx_3BZ7PMVCHGD60MS0F0X4Z81PK3,ciqual,30366,review
nfx_3BZ7PMVCHGD60MS0F0X4Z81PK3,insa,359,review
nfx_3C0H100VKJ06F9VWZ2D17V149Z,ciqual,6206,review
nfx_3C0H100VKJ06F9VWZ2D17V149Z,ciqual,6206,review
nfx_3C0H100VKJ06F9VWZ2D17V149Z,ciqual,6206,review
nfx_3C0H100VKJ06F9VWZ2D17V149Z,ciqual,6206,review
nfx_3C0H100VKJ06F9VWZ2D17V149Z,ciqual,6206,review
nfx_3C0H100VKJ06F9VWZ2D17V149Z,ciqual,6206,review
nfx_3C0H100VKJ06F9VWZ2D17V149Z,ciqual,6206,review
nfx_3C0H100VKJ06F9VWZ2D17V149Z,ciqual,6206,review
nfx_3C0H100VKJ06F9VWZ2D17V149Z,ciqual,6206,review
nfx_3C0H100VKJ06F9VWZ2D17V149Z,ciqual,6206,review
nfx_3C0H100VKJ06F9VWZ2D17V149Z,ciqual,6206,review
nfx_3C0H100VKJ06F9VWZ2D17V149Z,ciqual,6206,review
nfx_3C0H100VKJ06F9VWZ2D17V149Z,insa,141,review
nfx_3C0H100VKJ06F9VWZ2D17V149Z,insa,195,review
nfx_3C0H100VKJ06F9VWZ2D17V149Z,insa,196,review
nfx_3C0H100VKJ06F9VWZ2D17V149Z,insa,198,review
nfx_3C0H100VKJ06F9VWZ2D17V149Z,insa,2120000002,review
nfx_3C0H100VKJ06F9VWZ2D17V149Z,insa,2120000003,review
nfx_3C0H100VKJ06F9VWZ2D17V149Z,insa,2120000005,review
nfx_3C0H100VKJ06F9VWZ2D17V149Z,insa,217,review
nfx_3C0H100VKJ06F9VWZ2D17V149Z,insa,293,review
nfx_3C0H100VKJ06F9VWZ2D17V149Z,insa,317,review
nfx_3C0H100VKJ06F9VWZ2D17V149Z,insa,324,review
nfx_3C0H100VKJ06F9VWZ2D17V149Z,insa,330,review
nfx_3C0SSB685RAWFJYPVJYN6G7E92,ciqual,6102,review
nfx_3C0SSB685RAWFJYPVJYN6G7E92,ciqual,6102,review
nfx_3C0SSB685RAWFJYPVJYN6G7E92,ciqual,6102,review
nfx_3C0SSB685RAWFJYPVJYN6G7E92,ciqual,6102,review
nfx_3C0SSB685RAWFJYPVJYN6G7E92,ciqual,6102,review
nfx_3C0SSB685RAWFJYPVJYN6G7E92,ciqual,6102,review
nfx_3C0SSB685RAWFJYPVJYN6G7E92,ciqual,6102,review
nfx_3C0SSB685RAWFJYPVJYN6G7E92,ciqual,6102,review
nfx_3C0SSB685RAWFJYPVJYN6G7E92,ciqual,6102,review
nfx_3C0SSB685RAWFJYPVJYN6G7E92,insa,195,review
nfx_3C0SSB685RAWFJYPVJYN6G7E92,insa,196,review
nfx_3C0SSB685RAWFJYPVJYN6G7E92,insa,198,review
nfx_3C0SSB685RAWFJYPVJYN6G7E92,insa,2120000002,review
nfx_3C0SSB685RAWFJYPVJYN6G7E92,insa,2120000003,review
nfx_3C0SSB685RAWFJYPVJYN6G7E92,insa,293,review
nfx_3C0SSB685RAWFJYPVJYN6G7E92,insa,317,review
nfx_3C0SSB685RAWFJYPVJYN6G7E92,insa,324,review
nfx_3C0SSB685RAWFJYPVJYN6G7E92,insa,330,review
nfx_3C7RCSQF89668FQ78DVYTDHSPE,ciqual,25131,review
nfx_3C7RCSQF89668FQ78DVYTDHSPE,insa,1153,review
nfx_3C937YX3XKH9YFXG3HBHGYH6JA,ciqual,24615,review
nfx_3C937YX3XKH9YFXG3HBHGYH6JA,ciqual,24615,review
nfx_3C937YX3XKH9YFXG3HBHGYH6JA,ciqual,24615,review
nfx_3C937YX3XKH9YFXG3HBHGYH6JA,ciqual,24615,review
nfx_3C937YX3XKH9YFXG3HBHGYH6JA,ciqual,24615,review
nfx_3C937YX3XKH9YFXG3HBHGYH6JA,insa,455,review
nfx_3C937YX3XKH9YFXG3HBHGYH6JA,insa,459,review
nfx_3C937YX3XKH9YFXG3HBHGYH6JA,insa,460,review
nfx_3C937YX3XKH9YFXG3HBHGYH6JA,insa,463,review
nfx_3C937YX3XKH9YFXG3HBHGYH6JA,insa,469,review
nfx_3C9Z644KYK9NZT16M4TVS2WHDE,ciqual,26020,review
nfx_3C9Z644KYK9NZT16M4TVS2WHDE,ciqual,26051,review
nfx_3C9Z644KYK9NZT16M4TVS2WHDE,ciqual,8083,review
nfx_3C9Z644KYK9NZT16M4TVS2WHDE,insa,1129,review
nfx_3C9Z644KYK9NZT16M4TVS2WHDE,insa,1129,review
nfx_3C9Z644KYK9NZT16M4TVS2WHDE,insa,1129,review
nfx_3CG22SS427D3YCY9X1Y3PXQMAA,ciqual,9100,review
nfx_3CG22SS427D3YCY9X1Y3PXQMAA,ciqual,9100,review
nfx_3CG22SS427D3YCY9X1Y3PXQMAA,insa,400,review
nfx_3CG22SS427D3YCY9X1Y3PXQMAA,insa,402,review
nfx_3CPXJ191XCNNX653WD08W8RJA2,ciqual,36020,review
nfx_3CPXJ191XCNNX653WD08W8RJA2,insa,1900000007,review
nfx_3CQ0S6QCHR6P9HS2BCA20WCPCK,ciqual,9870,review
nfx_3CQ0S6QCHR6P9HS2BCA20WCPCK,ciqual,9874,review
nfx_3CQ0S6QCHR6P9HS2BCA20WCPCK,insa,422,review
nfx_3CQ0S6QCHR6P9HS2BCA20WCPCK,insa,422,review
nfx_3CR4X5AAHX11EMQM45Y7R3D59D,ciqual,28302,review
nfx_3CR4X5AAHX11EMQM45Y7R3D59D,ciqual,28302,review
nfx_3CR4X5AAHX11EMQM45Y7R3D59D,ciqual,28302,review
nfx_3CR4X5AAHX11EMQM45Y7R3D59D,ciqual,28302,review
nfx_3CR4X5AAHX11EMQM45Y7R3D59D,ciqual,28302,review
nfx_3CR4X5AAHX11EMQM45Y7R3D59D,ciqual,28302,review
nfx_3CR4X5AAHX11EMQM45Y7R3D59D,ciqual,28302,review
nfx_3CR4X5AAHX11EMQM45Y7R3D59D,ciqual,28302,review
nfx_3CR4X5AAHX11EMQM45Y7R3D59D,ciqual,28302,review
nfx_3CR4X5AAHX11EMQM45Y7R3D59D,ciqual,28302,review
nfx_3CR4X5AAHX11EMQM45Y7R3D59D,ciqual,28302,review
nfx_3CR4X5AAHX11EMQM45Y7R3D59D,ciqual,28302,review
nfx_3CR4X5AAHX11EMQM45Y7R3D59D,ciqual,28302,review
nfx_3CR4X5AAHX11EMQM45Y7R3D59D,ciqual,28302,review
nfx_3CR4X5AAHX11EMQM45Y7R3D59D,insa,1219,review
nfx_3CR4X5AAHX11EMQM45Y7R3D59D,insa,1221,review
nfx_3CR4X5AAHX11EMQM45Y7R3D59D,insa,1222,review
nfx_3CR4X5AAHX11EMQM45Y7R3D59D,insa,1223,review
nfx_3CR4X5AAHX11EMQM45Y7R3D59D,insa,152,review
nfx_3CR4X5AAHX11EMQM45Y7R3D59D,insa,156,review
nfx_3CR4X5AAHX11EMQM45Y7R3D59D,insa,176,review
nfx_3CR4X5AAHX11EMQM45Y7R3D59D,insa,222,review
nfx_3CR4X5AAHX11EMQM45Y7R3D59D,insa,307,review
nfx_3CR4X5AAHX11EMQM45Y7R3D59D,insa,315,review
nfx_3CR4X5AAHX11EMQM45Y7R3D59D,insa,321,review
nfx_3CR4X5AAHX11EMQM45Y7R3D59D,insa,334,review
nfx_3CR4X5AAHX11EMQM45Y7R3D59D,insa,70204048,review
nfx_3CR4X5AAHX11EMQM45Y7R3D59D,insa,70204054,review
nfx_3CRFSP376H3R2DXS5P7A5GX0M3,ciqual,76014,review
nfx_3CRFSP376H3R2DXS5P7A5GX0M3,ciqual,76014,review
nfx_3CRFSP376H3R2DXS5P7A5GX0M3,ciqual,76014,review
nfx_3CRFSP376H3R2DXS5P7A5GX0M3,insa,2,review
nfx_3CRFSP376H3R2DXS5P7A5GX0M3,insa,3,review
nfx_3CRFSP376H3R2DXS5P7A5GX0M3,insa,5,review
nfx_3CRN4ZQ1BCMPP2GSXTYR2Z92P4,ciqual,31060,review
nfx_3CRN4ZQ1BCMPP2GSXTYR2Z92P4,ciqual,31081,review
nfx_3CRN4ZQ1BCMPP2GSXTYR2Z92P4,ciqual,31094,review
nfx_3CRN4ZQ1BCMPP2GSXTYR2Z92P4,ciqual,31112,review
nfx_3CRN4ZQ1BCMPP2GSXTYR2Z92P4,ciqual,31124,review
nfx_3CRN4ZQ1BCMPP2GSXTYR2Z92P4,insa,520,review
nfx_3CRN4ZQ1BCMPP2GSXTYR2Z92P4,insa,520,review
nfx_3CRN4ZQ1BCMPP2GSXTYR2Z92P4,insa,520,review
nfx_3CRN4ZQ1BCMPP2GSXTYR2Z92P4,insa,520,review
nfx_3CRN4ZQ1BCMPP2GSXTYR2Z92P4,insa,520,review
nfx_3CV1Y73AF80RW5S4TZYV3MKWH8,ciqual,76018,review
nfx_3CV1Y73AF80RW5S4TZYV3MKWH8,ciqual,76018,review
nfx_3CV1Y73AF80RW5S4TZYV3MKWH8,ciqual,76018,review
nfx_3CV1Y73AF80RW5S4TZYV3MKWH8,insa,2,review
nfx_3CV1Y73AF80RW5S4TZYV3MKWH8,insa,3,review
nfx_3CV1Y73AF80RW5S4TZYV3MKWH8,insa,5,review
nfx_3D03FK2CNEETWFQAC1CC5J9XDD,ciqual,26233,review
nfx_3D03FK2CNEETWFQAC1CC5J9XDD,ciqual,26233,review
nfx_3D03FK2CNEETWFQAC1CC5J9XDD,ciqual,26233,review
nfx_3D03FK2CNEETWFQAC1CC5J9XDD,insa,862,review
nfx_3D03FK2CNEETWFQAC1CC5J9XDD,insa,865,review
nfx_3D03FK2CNEETWFQAC1CC5J9XDD,insa,868,review
nfx_3DE3M1SFF7YAC9JP4ERYVZ4Z87,ciqual,23009,review
nfx_3DE3M1SFF7YAC9JP4ERYVZ4Z87,ciqual,23009,review
nfx_3DE3M1SFF7YAC9JP4ERYVZ4Z87,insa,477,review
nfx_3DE3M1SFF7YAC9JP4ERYVZ4Z87,insa,478,review
nfx_3DG7MVBQ2T4HRXJXZZ03XM1CT0,ciqual,18078,review
nfx_3DG7MVBQ2T4HRXJXZZ03XM1CT0,insa,764,review
nfx_3DGHFFZ7YMZ17Z724YM09YEY7P,ciqual,7110,review
nfx_3DGHFFZ7YMZ17Z724YM09YEY7P,ciqual,7110,review
nfx_3DGHFFZ7YMZ17Z724YM09YEY7P,ciqual,7110,review
nfx_3DGHFFZ7YMZ17Z724YM09YEY7P,ciqual,7110,review
nfx_3DGHFFZ7YMZ17Z724YM09YEY7P,insa,427,review
nfx_3DGHFFZ7YMZ17Z724YM09YEY7P,insa,433,review
nfx_3DGHFFZ7YMZ17Z724YM09YEY7P,insa,435,review
nfx_3DGHFFZ7YMZ17Z724YM09YEY7P,insa,436,review
nfx_3DGW0P9ZCA371S1TEWF5BC171N,ciqual,12356,review
nfx_3DGW0P9ZCA371S1TEWF5BC171N,ciqual,12356,review
nfx_3DGW0P9ZCA371S1TEWF5BC171N,ciqual,12356,review
nfx_3DGW0P9ZCA371S1TEWF5BC171N,ciqual,12356,review
nfx_3DGW0P9ZCA371S1TEWF5BC171N,ciqual,12356,review
nfx_3DGW0P9ZCA371S1TEWF5BC171N,ciqual,12356,review
nfx_3DGW0P9ZCA371S1TEWF5BC171N,ciqual,12356,review
nfx_3DGW0P9ZCA371S1TEWF5BC171N,ciqual,12356,review
nfx_3DGW0P9ZCA371S1TEWF5BC171N,ciqual,12356,review
nfx_3DGW0P9ZCA371S1TEWF5BC171N,ciqual,12356,review
nfx_3DGW0P9ZCA371S1TEWF5BC171N,ciqual,12356,review
nfx_3DGW0P9ZCA371S1TEWF5BC171N,insa,220009,review
nfx_3DGW0P9ZCA371S1TEWF5BC171N,insa,220010,review
nfx_3DGW0P9ZCA371S1TEWF5BC171N,insa,220019,review
nfx_3DGW0P9ZCA371S1TEWF5BC171N,insa,34,review
nfx_3DGW0P9ZCA371S1TEWF5BC171N,insa,36,review
nfx_3DGW0P9ZCA371S1TEWF5BC171N,insa,37,review
nfx_3DGW0P9ZCA371S1TEWF5BC171N,insa,47,review
nfx_3DGW0P9ZCA371S1TEWF5BC171N,insa,50800024,review
nfx_3DGW0P9ZCA371S1TEWF5BC171N,insa,50800032,review
nfx_3DGW0P9ZCA371S1TEWF5BC171N,insa,53,review
nfx_3DGW0P9ZCA371S1TEWF5BC171N,insa,54,review
nfx_3DHJATZYXRQYZE5J3T29X38HEC,ciqual,28100,review
nfx_3DHJATZYXRQYZE5J3T29X38HEC,insa,177,review
nfx_3DPA30ZCFZTKVVDAX7BTAJ4V3E,ciqual,17440,review
nfx_3DPA30ZCFZTKVVDAX7BTAJ4V3E,ciqual,17440,review
nfx_3DPA30ZCFZTKVVDAX7BTAJ4V3E,ciqual,17440,review
nfx_3DPA30ZCFZTKVVDAX7BTAJ4V3E,ciqual,17440,review
nfx_3DPA30ZCFZTKVVDAX7BTAJ4V3E,insa,1900000092,review
nfx_3DPA30ZCFZTKVVDAX7BTAJ4V3E,insa,389,review
nfx_3DPA30ZCFZTKVVDAX7BTAJ4V3E,insa,392,review
nfx_3DPA30ZCFZTKVVDAX7BTAJ4V3E,insa,393,review
nfx_3DVZYVS44SDXQ4XQPFRTEEQ33A,ciqual,11000,review
nfx_3DVZYVS44SDXQ4XQPFRTEEQ33A,insa,8,review
nfx_3DWTZPH4T1NSMWX56951MRM0J2,ciqual,9415,automatic
nfx_3DWTZPH4T1NSMWX56951MRM0J2,ciqual,9415,review
nfx_3DWTZPH4T1NSMWX56951MRM0J2,ciqual,9415,review
nfx_3DWTZPH4T1NSMWX56951MRM0J2,ciqual,9415,review
nfx_3DWTZPH4T1NSMWX56951MRM0J2,ciqual,9415,review
nfx_3DWTZPH4T1NSMWX56951MRM0J2,insa,230003,review
nfx_3DWTZPH4T1NSMWX56951MRM0J2,insa,411,review
nfx_3DWTZPH4T1NSMWX56951MRM0J2,insa,413,review
nfx_3DWTZPH4T1NSMWX56951MRM0J2,insa,414,automatic
nfx_3DWTZPH4T1NSMWX56951MRM0J2,insa,415,review
nfx_3E6TRQTW6JS13GKVNY66979HF3,ciqual,24021,review
nfx_3E6TRQTW6JS13GKVNY66979HF3,ciqual,38411,review
nfx_3E6TRQTW6JS13GKVNY66979HF3,ciqual,7349,review
nfx_3E6TRQTW6JS13GKVNY66979HF3,insa,467,review
nfx_3E6TRQTW6JS13GKVNY66979HF3,insa,467,review
nfx_3E6TRQTW6JS13GKVNY66979HF3,insa,467,review
nfx_3E7JJ08YD7ATE24X3AMPTYN7VE,ciqual,10089,review
nfx_3E7JJ08YD7ATE24X3AMPTYN7VE,insa,970,review
nfx_3E7KQ4XYV2GWCS6Q5S0G1SD271,ciqual,17030,review
nfx_3E7KQ4XYV2GWCS6Q5S0G1SD271,ciqual,17030,review
nfx_3E7KQ4XYV2GWCS6Q5S0G1SD271,ciqual,17030,review
nfx_3E7KQ4XYV2GWCS6Q5S0G1SD271,insa,389,review
nfx_3E7KQ4XYV2GWCS6Q5S0G1SD271,insa,392,review
nfx_3E7KQ4XYV2GWCS6Q5S0G1SD271,insa,394,review
nfx_3E9N83ZQ5TRFPBNBXFQTHEW2KT,ciqual,12010,review
nfx_3E9N83ZQ5TRFPBNBXFQTHEW2KT,ciqual,12010,review
nfx_3E9N83ZQ5TRFPBNBXFQTHEW2KT,ciqual,12010,review
nfx_3E9N83ZQ5TRFPBNBXFQTHEW2KT,ciqual,12010,review
nfx_3E9N83ZQ5TRFPBNBXFQTHEW2KT,ciqual,12010,review
nfx_3E9N83ZQ5TRFPBNBXFQTHEW2KT,ciqual,12010,review
nfx_3E9N83ZQ5TRFPBNBXFQTHEW2KT,ciqual,12010,review
nfx_3E9N83ZQ5TRFPBNBXFQTHEW2KT,ciqual,12010,review
nfx_3E9N83ZQ5TRFPBNBXFQTHEW2KT,ciqual,12010,review
nfx_3E9N83ZQ5TRFPBNBXFQTHEW2KT,ciqual,12010,review
nfx_3E9N83ZQ5TRFPBNBXFQTHEW2KT,ciqual,12010,review
nfx_3E9N83ZQ5TRFPBNBXFQTHEW2KT,insa,220009,review
nfx_3E9N83ZQ5TRFPBNBXFQTHEW2KT,insa,220010,review
nfx_3E9N83ZQ5TRFPBNBXFQTHEW2KT,insa,220019,review
nfx_3E9N83ZQ5TRFPBNBXFQTHEW2KT,insa,34,review
nfx_3E9N83ZQ5TRFPBNBXFQTHEW2KT,insa,36,review
nfx_3E9N83ZQ5TRFPBNBXFQTHEW2KT,insa,37,review
nfx_3E9N83ZQ5TRFPBNBXFQTHEW2KT,insa,47,review
nfx_3E9N83ZQ5TRFPBNBXFQTHEW2KT,insa,50800024,review
nfx_3E9N83ZQ5TRFPBNBXFQTHEW2KT,insa,50800032,review
nfx_3E9N83ZQ5TRFPBNBXFQTHEW2KT,insa,53,review
nfx_3E9N83ZQ5TRFPBNBXFQTHEW2KT,insa,54,review
nfx_3EFFGM3JX8P1RMGGD8N4WXC6ZX,ciqual,8083,review
nfx_3EFFGM3JX8P1RMGGD8N4WXC6ZX,insa,1128,review
nfx_3EKDPVZYX84V7VMPWRZHBN69EE,ciqual,7125,review
nfx_3EKDPVZYX84V7VMPWRZHBN69EE,ciqual,7125,review
nfx_3EKDPVZYX84V7VMPWRZHBN69EE,ciqual,7125,review
nfx_3EKDPVZYX84V7VMPWRZHBN69EE,ciqual,7125,review
nfx_3EKDPVZYX84V7VMPWRZHBN69EE,ciqual,7125,review
nfx_3EKDPVZYX84V7VMPWRZHBN69EE,ciqual,7125,review
nfx_3EKDPVZYX84V7VMPWRZHBN69EE,ciqual,7125,review
nfx_3EKDPVZYX84V7VMPWRZHBN69EE,ciqual,7125,review
nfx_3EKDPVZYX84V7VMPWRZHBN69EE,insa,426,review
nfx_3EKDPVZYX84V7VMPWRZHBN69EE,insa,427,review
nfx_3EKDPVZYX84V7VMPWRZHBN69EE,insa,429,review
nfx_3EKDPVZYX84V7VMPWRZHBN69EE,insa,430,review
nfx_3EKDPVZYX84V7VMPWRZHBN69EE,insa,433,review
nfx_3EKDPVZYX84V7VMPWRZHBN69EE,insa,435,review
nfx_3EKDPVZYX84V7VMPWRZHBN69EE,insa,436,review
nfx_3EKDPVZYX84V7VMPWRZHBN69EE,insa,437,review
nfx_3EKV5S9C6282D6Y48EMGPBPHF4,ciqual,15055,review
nfx_3EKV5S9C6282D6Y48EMGPBPHF4,insa,1900000052,review
nfx_3F39H2SENZH3N90ZTFYAZHW25S,ciqual,20321,review
nfx_3F39H2SENZH3N90ZTFYAZHW25S,insa,610,review
nfx_3F69VQ58DFZFND1PSAEZ41RD9B,ciqual,12034,review
nfx_3F69VQ58DFZFND1PSAEZ41RD9B,ciqual,12038,review
nfx_3F69VQ58DFZFND1PSAEZ41RD9B,ciqual,12052,review
nfx_3F69VQ58DFZFND1PSAEZ41RD9B,ciqual,12059,review
nfx_3F69VQ58DFZFND1PSAEZ41RD9B,ciqual,12060,review
nfx_3F69VQ58DFZFND1PSAEZ41RD9B,ciqual,12111,review
nfx_3F69VQ58DFZFND1PSAEZ41RD9B,ciqual,12121,review
nfx_3F69VQ58DFZFND1PSAEZ41RD9B,ciqual,12122,review
nfx_3F69VQ58DFZFND1PSAEZ41RD9B,ciqual,12123,review
nfx_3F69VQ58DFZFND1PSAEZ41RD9B,ciqual,12300,review
nfx_3F69VQ58DFZFND1PSAEZ41RD9B,ciqual,12500,review
nfx_3F69VQ58DFZFND1PSAEZ41RD9B,ciqual,12524,review
nfx_3F69VQ58DFZFND1PSAEZ41RD9B,ciqual,12716,review
nfx_3F69VQ58DFZFND1PSAEZ41RD9B,ciqual,12999,review
nfx_3F69VQ58DFZFND1PSAEZ41RD9B,ciqual,19584,review
nfx_3F69VQ58DFZFND1PSAEZ41RD9B,ciqual,19585,review
nfx_3F69VQ58DFZFND1PSAEZ41RD9B,ciqual,25444,review
nfx_3F69VQ58DFZFND1PSAEZ41RD9B,ciqual,38501,review
nfx_3F69VQ58DFZFND1PSAEZ41RD9B,insa,220010,review
nfx_3F69VQ58DFZFND1PSAEZ41RD9B,insa,220010,review
nfx_3F69VQ58DFZFND1PSAEZ41RD9B,insa,220010,review
nfx_3F69VQ58DFZFND1PSAEZ41RD9B,insa,220010,review
nfx_3F69VQ58DFZFND1PSAEZ41RD9B,insa,220010,review
nfx_3F69VQ58DFZFND1PSAEZ41RD9B,insa,220010,review
nfx_3F69VQ58DFZFND1PSAEZ41RD9B,insa,220010,review
nfx_3F69VQ58DFZFND1PSAEZ41RD9B,insa,220010,review
nfx_3F69VQ58DFZFND1PSAEZ41RD9B,insa,220010,review
nfx_3F69VQ58DFZFND1PSAEZ41RD9B,insa,220010,review
nfx_3F69VQ58DFZFND1PSAEZ41RD9B,insa,220010,review
nfx_3F69VQ58DFZFND1PSAEZ41RD9B,insa,220010,review
nfx_3F69VQ58DFZFND1PSAEZ41RD9B,insa,220010,review
nfx_3F69VQ58DFZFND1PSAEZ41RD9B,insa,220010,review
nfx_3F69VQ58DFZFND1PSAEZ41RD9B,insa,220010,review
nfx_3F69VQ58DFZFND1PSAEZ41RD9B,insa,220010,review
nfx_3F69VQ58DFZFND1PSAEZ41RD9B,insa,220010,review
nfx_3F69VQ58DFZFND1PSAEZ41RD9B,insa,220010,review
nfx_3F9R2NQMBA9JJMGMAM22YVDGD9,ciqual,28727,review
nfx_3F9R2NQMBA9JJMGMAM22YVDGD9,insa,354,review
nfx_3FEXT8FN2B4DYDV928Q3THTV7R,ciqual,76010,review
nfx_3FEXT8FN2B4DYDV928Q3THTV7R,ciqual,76010,review
nfx_3FEXT8FN2B4DYDV928Q3THTV7R,ciqual,76010,review
nfx_3FEXT8FN2B4DYDV928Q3THTV7R,insa,2,review
nfx_3FEXT8FN2B4DYDV928Q3THTV7R,insa,3,review
nfx_3FEXT8FN2B4DYDV928Q3THTV7R,insa,5,review
nfx_3FFMCPRKKM2Q96AGR2SZ0D2MRR,ciqual,12832,review
nfx_3FFMCPRKKM2Q96AGR2SZ0D2MRR,ciqual,12832,review
nfx_3FFMCPRKKM2Q96AGR2SZ0D2MRR,ciqual,12832,review
nfx_3FFMCPRKKM2Q96AGR2SZ0D2MRR,insa,19,review
nfx_3FFMCPRKKM2Q96AGR2SZ0D2MRR,insa,20,review
nfx_3FFMCPRKKM2Q96AGR2SZ0D2MRR,insa,220022,review
nfx_3FH82ZHFSV4FPCFV57XBHCYTM9,ciqual,17001,review
nfx_3FH82ZHFSV4FPCFV57XBHCYTM9,ciqual,17001,review
nfx_3FH82ZHFSV4FPCFV57XBHCYTM9,insa,389,review
nfx_3FH82ZHFSV4FPCFV57XBHCYTM9,insa,392,review
nfx_3FHJY0HNV231H3QWG8B0GJ219Q,ciqual,16402,review
nfx_3FHJY0HNV231H3QWG8B0GJ219Q,ciqual,16411,review
nfx_3FHJY0HNV231H3QWG8B0GJ219Q,ciqual,16416,review
nfx_3FHJY0HNV231H3QWG8B0GJ219Q,insa,386,review
nfx_3FHJY0HNV231H3QWG8B0GJ219Q,insa,386,review
nfx_3FHJY0HNV231H3QWG8B0GJ219Q,insa,386,review
nfx_3FMPQQB7FGY7SDY80RER3B8AQK,ciqual,19039,review
nfx_3FMPQQB7FGY7SDY80RER3B8AQK,ciqual,19039,review
nfx_3FMPQQB7FGY7SDY80RER3B8AQK,ciqual,19039,review
nfx_3FMPQQB7FGY7SDY80RER3B8AQK,ciqual,19039,review
nfx_3FMPQQB7FGY7SDY80RER3B8AQK,ciqual,19039,review
nfx_3FMPQQB7FGY7SDY80RER3B8AQK,insa,1233,review
nfx_3FMPQQB7FGY7SDY80RER3B8AQK,insa,1900000062,review
nfx_3FMPQQB7FGY7SDY80RER3B8AQK,insa,1900000063,review
nfx_3FMPQQB7FGY7SDY80RER3B8AQK,insa,27,review
nfx_3FMPQQB7FGY7SDY80RER3B8AQK,insa,30,review
nfx_3FS1DQGZ5MYRVKT4R059BJBKW8,ciqual,18339,review
nfx_3FS1DQGZ5MYRVKT4R059BJBKW8,insa,764,review
nfx_3FW5W49FYYPW7CCAAHT9PSNB2P,ciqual,4049,review
nfx_3FW5W49FYYPW7CCAAHT9PSNB2P,insa,585,review
nfx_3G5EK95Z45G3D833ZNH6066K0Y,ciqual,17350,review
nfx_3G5EK95Z45G3D833ZNH6066K0Y,ciqual,17350,review
nfx_3G5EK95Z45G3D833ZNH6066K0Y,insa,389,review
nfx_3G5EK95Z45G3D833ZNH6066K0Y,insa,392,review
nfx_3GBGS22TR9SAT3W7Z3S9C1D92V,ciqual,6101,review
nfx_3GBGS22TR9SAT3W7Z3S9C1D92V,ciqual,6101,review
nfx_3GBGS22TR9SAT3W7Z3S9C1D92V,insa,1036,review
nfx_3GBGS22TR9SAT3W7Z3S9C1D92V,insa,1141,review
nfx_3GDKBSNWDF21JWDKJ8PWX18HC1,ciqual,20238,review
nfx_3GDKBSNWDF21JWDKJ8PWX18HC1,insa,220002,review
nfx_3GF2J2BVRMK7H6S008Z15KKBHX,ciqual,7256,review
nfx_3GF2J2BVRMK7H6S008Z15KKBHX,ciqual,7256,review
nfx_3GF2J2BVRMK7H6S008Z15KKBHX,ciqual,7256,review
nfx_3GF2J2BVRMK7H6S008Z15KKBHX,insa,433,review
nfx_3GF2J2BVRMK7H6S008Z15KKBHX,insa,435,review
nfx_3GF2J2BVRMK7H6S008Z15KKBHX,insa,436,review
nfx_3GPA0PSPJY3MDNJ86VJFVH419V,ciqual,26016,review
nfx_3GPA0PSPJY3MDNJ86VJFVH419V,ciqual,26062,automatic
nfx_3GPA0PSPJY3MDNJ86VJFVH419V,insa,847,automatic
nfx_3GPA0PSPJY3MDNJ86VJFVH419V,insa,847,review
nfx_3GQTW35JBREEKWE06W619YPCEE,ciqual,11013,review
nfx_3GQTW35JBREEKWE06W619YPCEE,ciqual,11157,review
nfx_3GQTW35JBREEKWE06W619YPCEE,insa,1210,review
nfx_3GQTW35JBREEKWE06W619YPCEE,insa,1210,review
nfx_3GTHQWKRBX5P7FNW6KSVEFCJ18,ciqual,23200,review
nfx_3GTHQWKRBX5P7FNW6KSVEFCJ18,ciqual,7100,review
nfx_3GTHQWKRBX5P7FNW6KSVEFCJ18,ciqual,7130,review
nfx_3GTHQWKRBX5P7FNW6KSVEFCJ18,ciqual,7170,review
nfx_3GTHQWKRBX5P7FNW6KSVEFCJ18,ciqual,7351,review
nfx_3GTHQWKRBX5P7FNW6KSVEFCJ18,ciqual,7400,review
nfx_3GTHQWKRBX5P7FNW6KSVEFCJ18,ciqual,7402,review
nfx_3GTHQWKRBX5P7FNW6KSVEFCJ18,insa,429,review
nfx_3GTHQWKRBX5P7FNW6KSVEFCJ18,insa,429,review
nfx_3GTHQWKRBX5P7FNW6KSVEFCJ18,insa,429,review
nfx_3GTHQWKRBX5P7FNW6KSVEFCJ18,insa,429,review
nfx_3GTHQWKRBX5P7FNW6KSVEFCJ18,insa,429,review
nfx_3GTHQWKRBX5P7FNW6KSVEFCJ18,insa,429,review
nfx_3GTHQWKRBX5P7FNW6KSVEFCJ18,insa,429,review
nfx_3GVWXPT8YPEP1NE1XX9BRP8BX4,ciqual,40402,review
nfx_3GVWXPT8YPEP1NE1XX9BRP8BX4,ciqual,40402,review
nfx_3GVWXPT8YPEP1NE1XX9BRP8BX4,ciqual,40402,review
nfx_3GVWXPT8YPEP1NE1XX9BRP8BX4,ciqual,40402,review
nfx_3GVWXPT8YPEP1NE1XX9BRP8BX4,ciqual,40402,review
nfx_3GVWXPT8YPEP1NE1XX9BRP8BX4,ciqual,40402,review
nfx_3GVWXPT8YPEP1NE1XX9BRP8BX4,ciqual,40402,review
nfx_3GVWXPT8YPEP1NE1XX9BRP8BX4,ciqual,40402,review
nfx_3GVWXPT8YPEP1NE1XX9BRP8BX4,ciqual,40402,review
nfx_3GVWXPT8YPEP1NE1XX9BRP8BX4,ciqual,40402,review
nfx_3GVWXPT8YPEP1NE1XX9BRP8BX4,ciqual,40402,review
nfx_3GVWXPT8YPEP1NE1XX9BRP8BX4,insa,195,review
nfx_3GVWXPT8YPEP1NE1XX9BRP8BX4,insa,196,review
nfx_3GVWXPT8YPEP1NE1XX9BRP8BX4,insa,198,review
nfx_3GVWXPT8YPEP1NE1XX9BRP8BX4,insa,2120000002,review
nfx_3GVWXPT8YPEP1NE1XX9BRP8BX4,insa,2120000003,review
nfx_3GVWXPT8YPEP1NE1XX9BRP8BX4,insa,293,review
nfx_3GVWXPT8YPEP1NE1XX9BRP8BX4,insa,317,review
nfx_3GVWXPT8YPEP1NE1XX9BRP8BX4,insa,324,review
nfx_3GVWXPT8YPEP1NE1XX9BRP8BX4,insa,330,review
nfx_3GVWXPT8YPEP1NE1XX9BRP8BX4,insa,332,review
nfx_3GVWXPT8YPEP1NE1XX9BRP8BX4,insa,334,review
nfx_3GY5115M4JC1TPCX0NSQWGA8YX,ciqual,25928,review
nfx_3GY5115M4JC1TPCX0NSQWGA8YX,insa,783,review
nfx_3H1QEQPW8TRGDJFE9ZW5R0HHQ8,ciqual,13111,review
nfx_3H1QEQPW8TRGDJFE9ZW5R0HHQ8,ciqual,23490,review
nfx_3H1QEQPW8TRGDJFE9ZW5R0HHQ8,ciqual,23493,review
nfx_3H1QEQPW8TRGDJFE9ZW5R0HHQ8,ciqual,23496,review
nfx_3H1QEQPW8TRGDJFE9ZW5R0HHQ8,insa,40200010,review
nfx_3H1QEQPW8TRGDJFE9ZW5R0HHQ8,insa,40200010,review
nfx_3H1QEQPW8TRGDJFE9ZW5R0HHQ8,insa,40200010,review
nfx_3H1QEQPW8TRGDJFE9ZW5R0HHQ8,insa,40200010,review
nfx_3H6735VBRSHMXAKM785VFEWET2,ciqual,1027,review
nfx_3H6735VBRSHMXAKM785VFEWET2,ciqual,1029,review
nfx_3H6735VBRSHMXAKM785VFEWET2,ciqual,13160,review
nfx_3H6735VBRSHMXAKM785VFEWET2,ciqual,19013,review
nfx_3H6735VBRSHMXAKM785VFEWET2,ciqual,19014,review
nfx_3H6735VBRSHMXAKM785VFEWET2,insa,240005,review
nfx_3H6735VBRSHMXAKM785VFEWET2,insa,240005,review
nfx_3H6735VBRSHMXAKM785VFEWET2,insa,240005,review
nfx_3H6735VBRSHMXAKM785VFEWET2,insa,240005,review
nfx_3H6735VBRSHMXAKM785VFEWET2,insa,240005,review
nfx_3HGDR2F5KVYXDWX0A5QKJ6TR2M,ciqual,28001,review
nfx_3HGDR2F5KVYXDWX0A5QKJ6TR2M,ciqual,28002,review
nfx_3HGDR2F5KVYXDWX0A5QKJ6TR2M,ciqual,28100,review
nfx_3HGDR2F5KVYXDWX0A5QKJ6TR2M,ciqual,28104,review
nfx_3HGDR2F5KVYXDWX0A5QKJ6TR2M,ciqual,28204,review
nfx_3HGDR2F5KVYXDWX0A5QKJ6TR2M,ciqual,28300,review
nfx_3HGDR2F5KVYXDWX0A5QKJ6TR2M,ciqual,28400,review
nfx_3HGDR2F5KVYXDWX0A5QKJ6TR2M,ciqual,28460,review
nfx_3HGDR2F5KVYXDWX0A5QKJ6TR2M,ciqual,28470,review
nfx_3HGDR2F5KVYXDWX0A5QKJ6TR2M,ciqual,28472,review
nfx_3HGDR2F5KVYXDWX0A5QKJ6TR2M,ciqual,28474,review
nfx_3HGDR2F5KVYXDWX0A5QKJ6TR2M,ciqual,28477,review
nfx_3HGDR2F5KVYXDWX0A5QKJ6TR2M,ciqual,28502,review
nfx_3HGDR2F5KVYXDWX0A5QKJ6TR2M,ciqual,30153,review
nfx_3HGDR2F5KVYXDWX0A5QKJ6TR2M,ciqual,40005,review
nfx_3HGDR2F5KVYXDWX0A5QKJ6TR2M,ciqual,40054,review
nfx_3HGDR2F5KVYXDWX0A5QKJ6TR2M,ciqual,40060,automatic
nfx_3HGDR2F5KVYXDWX0A5QKJ6TR2M,ciqual,40062,review
nfx_3HGDR2F5KVYXDWX0A5QKJ6TR2M,ciqual,40119,review
nfx_3HGDR2F5KVYXDWX0A5QKJ6TR2M,ciqual,40205,review
nfx_3HGDR2F5KVYXDWX0A5QKJ6TR2M,ciqual,40404,review
nfx_3HGDR2F5KVYXDWX0A5QKJ6TR2M,insa,315,automatic
nfx_3HGDR2F5KVYXDWX0A5QKJ6TR2M,insa,315,review
nfx_3HGDR2F5KVYXDWX0A5QKJ6TR2M,insa,315,review
nfx_3HGDR2F5KVYXDWX0A5QKJ6TR2M,insa,315,review
nfx_3HGDR2F5KVYXDWX0A5QKJ6TR2M,insa,315,review
nfx_3HGDR2F5KVYXDWX0A5QKJ6TR2M,insa,315,review
nfx_3HGDR2F5KVYXDWX0A5QKJ6TR2M,insa,315,review
nfx_3HGDR2F5KVYXDWX0A5QKJ6TR2M,insa,315,review
nfx_3HGDR2F5KVYXDWX0A5QKJ6TR2M,insa,315,review
nfx_3HGDR2F5KVYXDWX0A5QKJ6TR2M,insa,315,review
nfx_3HGDR2F5KVYXDWX0A5QKJ6TR2M,insa,315,review
nfx_3HGDR2F5KVYXDWX0A5QKJ6TR2M,insa,315,review
nfx_3HGDR2F5KVYXDWX0A5QKJ6TR2M,insa,315,review
nfx_3HGDR2F5KVYXDWX0A5QKJ6TR2M,insa,315,review
nfx_3HGDR2F5KVYXDWX0A5QKJ6TR2M,insa,315,review
nfx_3HGDR2F5KVYXDWX0A5QKJ6TR2M,insa,315,review
nfx_3HGDR2F5KVYXDWX0A5QKJ6TR2M,insa,315,review
nfx_3HGDR2F5KVYXDWX0A5QKJ6TR2M,insa,315,review
nfx_3HGDR2F5KVYXDWX0A5QKJ6TR2M,insa,315,review
nfx_3HGDR2F5KVYXDWX0A5QKJ6TR2M,insa,315,review
nfx_3HGDR2F5KVYXDWX0A5QKJ6TR2M,insa,315,review
nfx_3HKDYMMT8ZE0Y3J6VVQTHSGRGG,ciqual,20163,review
nfx_3HKDYMMT8ZE0Y3J6VVQTHSGRGG,ciqual,20163,review
nfx_3HKDYMMT8ZE0Y3J6VVQTHSGRGG,insa,1900000025,review
nfx_3HKDYMMT8ZE0Y3J6VVQTHSGRGG,insa,602,review
nfx_3HKSN42HHZNSJRPTNE0M2D6SB2,ciqual,13409,review
nfx_3HKSN42HHZNSJRPTNE0M2D6SB2,insa,623,review
nfx_3HNGJNM822RJF79PC5PN8JZWHX,ciqual,24009,review
nfx_3HNGJNM822RJF79PC5PN8JZWHX,ciqual,38107,review
nfx_3HNGJNM822RJF79PC5PN8JZWHX,ciqual,38399,review
nfx_3HNGJNM822RJF79PC5PN8JZWHX,ciqual,38422,review
nfx_3HNGJNM822RJF79PC5PN8JZWHX,insa,470,review
nfx_3HNGJNM822RJF79PC5PN8JZWHX,insa,470,review
nfx_3HNGJNM822RJF79PC5PN8JZWHX,insa,470,review
nfx_3HNGJNM822RJF79PC5PN8JZWHX,insa,470,review
nfx_3HS6A7BKTTPRY3A1N65WAA34AF,ciqual,20530,review
nfx_3HS6A7BKTTPRY3A1N65WAA34AF,insa,529,review
nfx_3HX1CP45CRXMFHFA1A5CX62X27,ciqual,10033,review
nfx_3HX1CP45CRXMFHFA1A5CX62X27,insa,970,review
nfx_3J2ME8DWF09JJ7D86CWZ8RKTGN,ciqual,20311,review
nfx_3J2ME8DWF09JJ7D86CWZ8RKTGN,ciqual,20311,review
nfx_3J2ME8DWF09JJ7D86CWZ8RKTGN,ciqual,20311,review
nfx_3J2ME8DWF09JJ7D86CWZ8RKTGN,ciqual,20311,review
nfx_3J2ME8DWF09JJ7D86CWZ8RKTGN,insa,553,review
nfx_3J2ME8DWF09JJ7D86CWZ8RKTGN,insa,561,review
nfx_3J2ME8DWF09JJ7D86CWZ8RKTGN,insa,563,review
nfx_3J2ME8DWF09JJ7D86CWZ8RKTGN,insa,566,review
nfx_3J5EM1TB2Y9RT95DDA4XR5KWYF,ciqual,14002,review
nfx_3J5EM1TB2Y9RT95DDA4XR5KWYF,ciqual,14002,review
nfx_3J5EM1TB2Y9RT95DDA4XR5KWYF,insa,1900000006,review
nfx_3J5EM1TB2Y9RT95DDA4XR5KWYF,insa,70500004,review
nfx_3J5TQX86NB7NW6W3KW22HTXT1W,ciqual,21003,review
nfx_3J5TQX86NB7NW6W3KW22HTXT1W,ciqual,28010,review
nfx_3J5TQX86NB7NW6W3KW22HTXT1W,ciqual,28911,review
nfx_3J5TQX86NB7NW6W3KW22HTXT1W,ciqual,28924,review
nfx_3J5TQX86NB7NW6W3KW22HTXT1W,ciqual,6563,review
nfx_3J5TQX86NB7NW6W3KW22HTXT1W,insa,104,review
nfx_3J5TQX86NB7NW6W3KW22HTXT1W,insa,104,review
nfx_3J5TQX86NB7NW6W3KW22HTXT1W,insa,104,review
nfx_3J5TQX86NB7NW6W3KW22HTXT1W,insa,104,review
nfx_3J5TQX86NB7NW6W3KW22HTXT1W,insa,104,review
nfx_3J7RBHAV2V0MEDYHT8914HFT7S,ciqual,10101,review
nfx_3J7RBHAV2V0MEDYHT8914HFT7S,insa,970,review
nfx_3JDHXKC82GS3JPPY6ZS2AEQK17,ciqual,36300,review
nfx_3JDHXKC82GS3JPPY6ZS2AEQK17,insa,70500004,review
nfx_3JH6N2WNR2K5RTR1J6BSN62F62,ciqual,20230,review
nfx_3JH6N2WNR2K5RTR1J6BSN62F62,insa,621,review
nfx_3JK4W9NP9S06MJS18C6CKR161R,ciqual,11244,review
nfx_3JK4W9NP9S06MJS18C6CKR161R,ciqual,11244,review
nfx_3JK4W9NP9S06MJS18C6CKR161R,ciqual,11244,review
nfx_3JK4W9NP9S06MJS18C6CKR161R,ciqual,11244,review
nfx_3JK4W9NP9S06MJS18C6CKR161R,insa,1164,review
nfx_3JK4W9NP9S06MJS18C6CKR161R,insa,1229,review
nfx_3JK4W9NP9S06MJS18C6CKR161R,insa,2120000007,review
nfx_3JK4W9NP9S06MJS18C6CKR161R,insa,933,review
nfx_3JV0ET6K5STQ06QF7MMVMMBXM2,ciqual,76002,review
nfx_3JV0ET6K5STQ06QF7MMVMMBXM2,ciqual,76002,review
nfx_3JV0ET6K5STQ06QF7MMVMMBXM2,ciqual,76002,review
nfx_3JV0ET6K5STQ06QF7MMVMMBXM2,insa,2,review
nfx_3JV0ET6K5STQ06QF7MMVMMBXM2,insa,3,review
nfx_3JV0ET6K5STQ06QF7MMVMMBXM2,insa,5,review
nfx_3K376M0HSQTTZ6J34VHZJ1EHSM,ciqual,20259,review
nfx_3K376M0HSQTTZ6J34VHZJ1EHSM,ciqual,20259,review
nfx_3K376M0HSQTTZ6J34VHZJ1EHSM,insa,550,review
nfx_3K376M0HSQTTZ6J34VHZJ1EHSM,insa,551,review
nfx_3K4E38VVD8RZQTYRZ6X3EPCZ2H,ciqual,23802,review
nfx_3K4E38VVD8RZQTYRZ6X3EPCZ2H,ciqual,23802,review
nfx_3K4E38VVD8RZQTYRZ6X3EPCZ2H,insa,477,review
nfx_3K4E38VVD8RZQTYRZ6X3EPCZ2H,insa,478,review
nfx_3KFB92SC6V2W3N7EHPJ44BZMNZ,ciqual,7400,review
nfx_3KFB92SC6V2W3N7EHPJ44BZMNZ,ciqual,7400,review
nfx_3KFB92SC6V2W3N7EHPJ44BZMNZ,ciqual,7400,review
nfx_3KFB92SC6V2W3N7EHPJ44BZMNZ,insa,430,review
nfx_3KFB92SC6V2W3N7EHPJ44BZMNZ,insa,433,review
nfx_3KFB92SC6V2W3N7EHPJ44BZMNZ,insa,437,review
nfx_3KWP4XAKD6CJ3YTVSS88W3NCTK,ciqual,12123,review
nfx_3KWP4XAKD6CJ3YTVSS88W3NCTK,ciqual,12123,review
nfx_3KWP4XAKD6CJ3YTVSS88W3NCTK,ciqual,12123,review
nfx_3KWP4XAKD6CJ3YTVSS88W3NCTK,ciqual,12123,review
nfx_3KWP4XAKD6CJ3YTVSS88W3NCTK,ciqual,12123,review
nfx_3KWP4XAKD6CJ3YTVSS88W3NCTK,ciqual,12123,review
nfx_3KWP4XAKD6CJ3YTVSS88W3NCTK,ciqual,12123,review
nfx_3KWP4XAKD6CJ3YTVSS88W3NCTK,ciqual,12123,review
nfx_3KWP4XAKD6CJ3YTVSS88W3NCTK,ciqual,12123,review
nfx_3KWP4XAKD6CJ3YTVSS88W3NCTK,ciqual,12123,review
nfx_3KWP4XAKD6CJ3YTVSS88W3NCTK,insa,220009,review
nfx_3KWP4XAKD6CJ3YTVSS88W3NCTK,insa,220019,review
nfx_3KWP4XAKD6CJ3YTVSS88W3NCTK,insa,34,review
nfx_3KWP4XAKD6CJ3YTVSS88W3NCTK,insa,36,review
nfx_3KWP4XAKD6CJ3YTVSS88W3NCTK,insa,37,review
nfx_3KWP4XAKD6CJ3YTVSS88W3NCTK,insa,47,review
nfx_3KWP4XAKD6CJ3YTVSS88W3NCTK,insa,50800024,review
nfx_3KWP4XAKD6CJ3YTVSS88W3NCTK,insa,50800032,review
nfx_3KWP4XAKD6CJ3YTVSS88W3NCTK,insa,53,review
nfx_3KWP4XAKD6CJ3YTVSS88W3NCTK,insa,54,review
nfx_3KYFA4219VFMD81FQ1Q32XM232,ciqual,25412,review
nfx_3KYFA4219VFMD81FQ1Q32XM232,insa,1017,review
nfx_3KZK8MNH9HDD5HGGFC2C3EBS6Z,ciqual,12038,review
nfx_3KZK8MNH9HDD5HGGFC2C3EBS6Z,ciqual,12052,review
nfx_3KZK8MNH9HDD5HGGFC2C3EBS6Z,ciqual,12060,review
nfx_3KZK8MNH9HDD5HGGFC2C3EBS6Z,ciqual,12111,review
nfx_3KZK8MNH9HDD5HGGFC2C3EBS6Z,ciqual,12121,review
nfx_3KZK8MNH9HDD5HGGFC2C3EBS6Z,ciqual,12122,review
nfx_3KZK8MNH9HDD5HGGFC2C3EBS6Z,ciqual,12300,review
nfx_3KZK8MNH9HDD5HGGFC2C3EBS6Z,ciqual,12524,review
nfx_3KZK8MNH9HDD5HGGFC2C3EBS6Z,ciqual,12716,review
nfx_3KZK8MNH9HDD5HGGFC2C3EBS6Z,ciqual,12764,review
nfx_3KZK8MNH9HDD5HGGFC2C3EBS6Z,ciqual,19033,review
nfx_3KZK8MNH9HDD5HGGFC2C3EBS6Z,ciqual,19225,review
nfx_3KZK8MNH9HDD5HGGFC2C3EBS6Z,ciqual,19250,review
nfx_3KZK8MNH9HDD5HGGFC2C3EBS6Z,ciqual,19584,review
nfx_3KZK8MNH9HDD5HGGFC2C3EBS6Z,ciqual,19585,review
nfx_3KZK8MNH9HDD5HGGFC2C3EBS6Z,ciqual,19865,review
nfx_3KZK8MNH9HDD5HGGFC2C3EBS6Z,insa,34,review
nfx_3KZK8MNH9HDD5HGGFC2C3EBS6Z,insa,34,review
nfx_3KZK8MNH9HDD5HGGFC2C3EBS6Z,insa,34,review
nfx_3KZK8MNH9HDD5HGGFC2C3EBS6Z,insa,34,review
nfx_3KZK8MNH9HDD5HGGFC2C3EBS6Z,insa,34,review
nfx_3KZK8MNH9HDD5HGGFC2C3EBS6Z,insa,34,review
nfx_3KZK8MNH9HDD5HGGFC2C3EBS6Z,insa,34,review
nfx_3KZK8MNH9HDD5HGGFC2C3EBS6Z,insa,34,review
nfx_3KZK8MNH9HDD5HGGFC2C3EBS6Z,insa,34,review
nfx_3KZK8MNH9HDD5HGGFC2C3EBS6Z,insa,34,review
nfx_3KZK8MNH9HDD5HGGFC2C3EBS6Z,insa,34,review
nfx_3KZK8MNH9HDD5HGGFC2C3EBS6Z,insa,34,review
nfx_3KZK8MNH9HDD5HGGFC2C3EBS6Z,insa,34,review
nfx_3KZK8MNH9HDD5HGGFC2C3EBS6Z,insa,34,review
nfx_3KZK8MNH9HDD5HGGFC2C3EBS6Z,insa,34,review
nfx_3KZK8MNH9HDD5HGGFC2C3EBS6Z,insa,34,review
nfx_3M447N9V7DF9HT768271PWPCQQ,ciqual,40202,automatic
nfx_3M447N9V7DF9HT768271PWPCQQ,ciqual,40202,review
nfx_3M447N9V7DF9HT768271PWPCQQ,ciqual,40202,review
nfx_3M447N9V7DF9HT768271PWPCQQ,ciqual,40202,review
nfx_3M447N9V7DF9HT768271PWPCQQ,ciqual,40202,review
nfx_3M447N9V7DF9HT768271PWPCQQ,ciqual,40202,review
nfx_3M447N9V7DF9HT768271PWPCQQ,ciqual,40202,review
nfx_3M447N9V7DF9HT768271PWPCQQ,ciqual,40202,review
nfx_3M447N9V7DF9HT768271PWPCQQ,ciqual,40202,review
nfx_3M447N9V7DF9HT768271PWPCQQ,insa,195,review
nfx_3M447N9V7DF9HT768271PWPCQQ,insa,196,review
nfx_3M447N9V7DF9HT768271PWPCQQ,insa,198,review
nfx_3M447N9V7DF9HT768271PWPCQQ,insa,2120000002,review
nfx_3M447N9V7DF9HT768271PWPCQQ,insa,2120000003,review
nfx_3M447N9V7DF9HT768271PWPCQQ,insa,293,review
nfx_3M447N9V7DF9HT768271PWPCQQ,insa,317,review
nfx_3M447N9V7DF9HT768271PWPCQQ,insa,324,review
nfx_3M447N9V7DF9HT768271PWPCQQ,insa,330,automatic
nfx_3M701D24V3H7RWD2493E1K8RSK,ciqual,9811,review
nfx_3M701D24V3H7RWD2493E1K8RSK,ciqual,9816,review
nfx_3M701D24V3H7RWD2493E1K8RSK,ciqual,9822,review
nfx_3M701D24V3H7RWD2493E1K8RSK,ciqual,9824,review
nfx_3M701D24V3H7RWD2493E1K8RSK,ciqual,9877,review
nfx_3M701D24V3H7RWD2493E1K8RSK,insa,423,review
nfx_3M701D24V3H7RWD2493E1K8RSK,insa,423,review
nfx_3M701D24V3H7RWD2493E1K8RSK,insa,423,review
nfx_3M701D24V3H7RWD2493E1K8RSK,insa,423,review
nfx_3M701D24V3H7RWD2493E1K8RSK,insa,423,review
nfx_3M8EJE22GS1C55PGFNM16ZJ1SY,ciqual,25510,review
nfx_3M8EJE22GS1C55PGFNM16ZJ1SY,insa,586,review
nfx_3MC2GAEYTYFJSH241MT162Y3T4,ciqual,30750,review
nfx_3MC2GAEYTYFJSH241MT162Y3T4,ciqual,30750,review
nfx_3MC2GAEYTYFJSH241MT162Y3T4,ciqual,30750,review
nfx_3MC2GAEYTYFJSH241MT162Y3T4,ciqual,30750,review
nfx_3MC2GAEYTYFJSH241MT162Y3T4,ciqual,30750,review
nfx_3MC2GAEYTYFJSH241MT162Y3T4,ciqual,30750,review
nfx_3MC2GAEYTYFJSH241MT162Y3T4,ciqual,30750,review
nfx_3MC2GAEYTYFJSH241MT162Y3T4,ciqual,30750,review
nfx_3MC2GAEYTYFJSH241MT162Y3T4,ciqual,30750,review
nfx_3MC2GAEYTYFJSH241MT162Y3T4,ciqual,30750,review
nfx_3MC2GAEYTYFJSH241MT162Y3T4,ciqual,30750,review
nfx_3MC2GAEYTYFJSH241MT162Y3T4,insa,1221,review
nfx_3MC2GAEYTYFJSH241MT162Y3T4,insa,1222,review
nfx_3MC2GAEYTYFJSH241MT162Y3T4,insa,1223,review
nfx_3MC2GAEYTYFJSH241MT162Y3T4,insa,156,review
nfx_3MC2GAEYTYFJSH241MT162Y3T4,insa,2120000005,review
nfx_3MC2GAEYTYFJSH241MT162Y3T4,insa,222,review
nfx_3MC2GAEYTYFJSH241MT162Y3T4,insa,223,review
nfx_3MC2GAEYTYFJSH241MT162Y3T4,insa,320,review
nfx_3MC2GAEYTYFJSH241MT162Y3T4,insa,321,review
nfx_3MC2GAEYTYFJSH241MT162Y3T4,insa,326,review
nfx_3MC2GAEYTYFJSH241MT162Y3T4,insa,334,review
nfx_3MDBM2T25GRJ8C1T1H1J0H22GK,ciqual,40303,review
nfx_3MDBM2T25GRJ8C1T1H1J0H22GK,insa,102,review
nfx_3MFNRTFWZ5P5NZE1A45EPW25DJ,ciqual,18150,review
nfx_3MFNRTFWZ5P5NZE1A45EPW25DJ,insa,776,review
nfx_3MH1T89QE8NZMD1P1J6SWDEXNJ,ciqual,18003,review
nfx_3MH1T89QE8NZMD1P1J6SWDEXNJ,insa,769,review
nfx_3MNW0WM52Y5Q141ARDRJEKMWFY,ciqual,6141,review
nfx_3MNW0WM52Y5Q141ARDRJEKMWFY,ciqual,6141,review
nfx_3MNW0WM52Y5Q141ARDRJEKMWFY,insa,199,review
nfx_3MNW0WM52Y5Q141ARDRJEKMWFY,insa,318,review
nfx_3MVT7Q9E2MTAGPWQWE7XXB66K5,ciqual,31010,review
nfx_3MVT7Q9E2MTAGPWQWE7XXB66K5,insa,507,review
nfx_3MY4SFB4JH4NFZ4JZJF9P9XY5R,ciqual,20065,review
nfx_3MY4SFB4JH4NFZ4JZJF9P9XY5R,ciqual,20065,review
nfx_3MY4SFB4JH4NFZ4JZJF9P9XY5R,insa,552,review
nfx_3MY4SFB4JH4NFZ4JZJF9P9XY5R,insa,565,review
nfx_3MZRPF3YP555FZXVYM4FP947SN,ciqual,36501,review
nfx_3MZRPF3YP555FZXVYM4FP947SN,insa,70500004,review
nfx_3N5CSQ86H9F7FH2Y8WB8A1WN4C,ciqual,40004,review
nfx_3N5CSQ86H9F7FH2Y8WB8A1WN4C,insa,1218,review
nfx_3N8S2T4HX396PVM36BH9FENBTB,ciqual,20529,review
nfx_3N8S2T4HX396PVM36BH9FENBTB,ciqual,20529,review
nfx_3N8S2T4HX396PVM36BH9FENBTB,insa,220025,review
nfx_3N8S2T4HX396PVM36BH9FENBTB,insa,529,review
nfx_3NCKQ6SYSN5JEJ43BATRRY8ABQ,ciqual,20507,review
nfx_3NCKQ6SYSN5JEJ43BATRRY8ABQ,ciqual,20507,review
nfx_3NCKQ6SYSN5JEJ43BATRRY8ABQ,ciqual,20507,review
nfx_3NCKQ6SYSN5JEJ43BATRRY8ABQ,ciqual,20507,review
nfx_3NCKQ6SYSN5JEJ43BATRRY8ABQ,insa,569,review
nfx_3NCKQ6SYSN5JEJ43BATRRY8ABQ,insa,570,review
nfx_3NCKQ6SYSN5JEJ43BATRRY8ABQ,insa,573,review
nfx_3NCKQ6SYSN5JEJ43BATRRY8ABQ,insa,574,review
nfx_3NHGQHPP1QDXMV1SNCNJZJDWZ3,ciqual,26206,review
nfx_3NHGQHPP1QDXMV1SNCNJZJDWZ3,insa,871,review
nfx_3NRPY2D8DR4A0ERH33T6GHEE1W,ciqual,4101,review
nfx_3NRPY2D8DR4A0ERH33T6GHEE1W,insa,594,review
nfx_3NVCD79MH7Z1YF0A078MAHCECJ,ciqual,19415,review
nfx_3NVCD79MH7Z1YF0A078MAHCECJ,ciqual,19420,review
nfx_3NVCD79MH7Z1YF0A078MAHCECJ,ciqual,19430,review
nfx_3NVCD79MH7Z1YF0A078MAHCECJ,insa,67,review
nfx_3NVCD79MH7Z1YF0A078MAHCECJ,insa,67,review
nfx_3NVCD79MH7Z1YF0A078MAHCECJ,insa,67,review
nfx_3P1XP6AXNXDNYNDBT8KGAPMPJZ,ciqual,30153,review
nfx_3P1XP6AXNXDNYNDBT8KGAPMPJZ,ciqual,30153,review
nfx_3P1XP6AXNXDNYNDBT8KGAPMPJZ,ciqual,30153,review
nfx_3P1XP6AXNXDNYNDBT8KGAPMPJZ,ciqual,30153,review
nfx_3P1XP6AXNXDNYNDBT8KGAPMPJZ,ciqual,30153,review
nfx_3P1XP6AXNXDNYNDBT8KGAPMPJZ,ciqual,30153,review
nfx_3P1XP6AXNXDNYNDBT8KGAPMPJZ,ciqual,30153,review
nfx_3P1XP6AXNXDNYNDBT8KGAPMPJZ,ciqual,30153,review
nfx_3P1XP6AXNXDNYNDBT8KGAPMPJZ,ciqual,30153,review
nfx_3P1XP6AXNXDNYNDBT8KGAPMPJZ,ciqual,30153,review
nfx_3P1XP6AXNXDNYNDBT8KGAPMPJZ,insa,1219,review
nfx_3P1XP6AXNXDNYNDBT8KGAPMPJZ,insa,1221,review
nfx_3P1XP6AXNXDNYNDBT8KGAPMPJZ,insa,1222,review
nfx_3P1XP6AXNXDNYNDBT8KGAPMPJZ,insa,1223,review
nfx_3P1XP6AXNXDNYNDBT8KGAPMPJZ,insa,156,review
nfx_3P1XP6AXNXDNYNDBT8KGAPMPJZ,insa,2120000003,review
nfx_3P1XP6AXNXDNYNDBT8KGAPMPJZ,insa,293,review
nfx_3P1XP6AXNXDNYNDBT8KGAPMPJZ,insa,317,review
nfx_3P1XP6AXNXDNYNDBT8KGAPMPJZ,insa,321,review
nfx_3P1XP6AXNXDNYNDBT8KGAPMPJZ,insa,334,review
nfx_3P3Z1BVKG4681NPYBMJAGMJBFM,ciqual,26232,review
nfx_3P3Z1BVKG4681NPYBMJAGMJBFM,ciqual,26232,review
nfx_3P3Z1BVKG4681NPYBMJAGMJBFM,insa,389,review
nfx_3P3Z1BVKG4681NPYBMJAGMJBFM,insa,392,review
nfx_3PC1KFQNHBF53K4M0KRGZ1H318,ciqual,36301,review
nfx_3PC1KFQNHBF53K4M0KRGZ1H318,insa,70500004,review
nfx_3PHJ4FD0G24RXW60NJ58VW06ED,ciqual,12034,review
nfx_3PHJ4FD0G24RXW60NJ58VW06ED,ciqual,12038,review
nfx_3PHJ4FD0G24RXW60NJ58VW06ED,ciqual,12052,review
nfx_3PHJ4FD0G24RXW60NJ58VW06ED,ciqual,12059,review
nfx_3PHJ4FD0G24RXW60NJ58VW06ED,ciqual,12060,review
nfx_3PHJ4FD0G24RXW60NJ58VW06ED,ciqual,12111,review
nfx_3PHJ4FD0G24RXW60NJ58VW06ED,ciqual,12121,review
nfx_3PHJ4FD0G24RXW60NJ58VW06ED,ciqual,12122,review
nfx_3PHJ4FD0G24RXW60NJ58VW06ED,ciqual,12300,review
nfx_3PHJ4FD0G24RXW60NJ58VW06ED,ciqual,12524,review
nfx_3PHJ4FD0G24RXW60NJ58VW06ED,ciqual,12716,review
nfx_3PHJ4FD0G24RXW60NJ58VW06ED,ciqual,12999,review
nfx_3PHJ4FD0G24RXW60NJ58VW06ED,ciqual,19584,review
nfx_3PHJ4FD0G24RXW60NJ58VW06ED,ciqual,19585,review
nfx_3PHJ4FD0G24RXW60NJ58VW06ED,ciqual,25444,review
nfx_3PHJ4FD0G24RXW60NJ58VW06ED,ciqual,38501,review
nfx_3PHJ4FD0G24RXW60NJ58VW06ED,insa,53,review
nfx_3PHJ4FD0G24RXW60NJ58VW06ED,insa,53,review
nfx_3PHJ4FD0G24RXW60NJ58VW06ED,insa,53,review
nfx_3PHJ4FD0G24RXW60NJ58VW06ED,insa,53,review
nfx_3PHJ4FD0G24RXW60NJ58VW06ED,insa,53,review
nfx_3PHJ4FD0G24RXW60NJ58VW06ED,insa,53,review
nfx_3PHJ4FD0G24RXW60NJ58VW06ED,insa,53,review
nfx_3PHJ4FD0G24RXW60NJ58VW06ED,insa,53,review
nfx_3PHJ4FD0G24RXW60NJ58VW06ED,insa,53,review
nfx_3PHJ4FD0G24RXW60NJ58VW06ED,insa,53,review
nfx_3PHJ4FD0G24RXW60NJ58VW06ED,insa,53,review
nfx_3PHJ4FD0G24RXW60NJ58VW06ED,insa,53,review
nfx_3PHJ4FD0G24RXW60NJ58VW06ED,insa,53,review
nfx_3PHJ4FD0G24RXW60NJ58VW06ED,insa,53,review
nfx_3PHJ4FD0G24RXW60NJ58VW06ED,insa,53,review
nfx_3PHJ4FD0G24RXW60NJ58VW06ED,insa,53,review
nfx_3PKKFY99YZ26T396TB8MXQ80WS,ciqual,4034,review
nfx_3PKKFY99YZ26T396TB8MXQ80WS,insa,586,review
nfx_3PSJMR3RTPTRZPSQ4VMH4BQJ51,ciqual,11104,review
nfx_3PSJMR3RTPTRZPSQ4VMH4BQJ51,insa,2120000007,review
nfx_3PVB7HX1EYJW8XGV1RAF263JEH,ciqual,18003,review
nfx_3PVB7HX1EYJW8XGV1RAF263JEH,insa,770,review
nfx_3QQEA1878TH117DQA7WQ3ND2CG,ciqual,9109,review
nfx_3QQEA1878TH117DQA7WQ3ND2CG,ciqual,9109,review
nfx_3QQEA1878TH117DQA7WQ3ND2CG,insa,400,review
nfx_3QQEA1878TH117DQA7WQ3ND2CG,insa,402,review
nfx_3QX5F7P5XAKD6K0FV81JRNVRA5,ciqual,6116,review
nfx_3QX5F7P5XAKD6K0FV81JRNVRA5,ciqual,6116,review
nfx_3QX5F7P5XAKD6K0FV81JRNVRA5,ciqual,6116,review
nfx_3QX5F7P5XAKD6K0FV81JRNVRA5,ciqual,6116,review
nfx_3QX5F7P5XAKD6K0FV81JRNVRA5,ciqual,6116,review
nfx_3QX5F7P5XAKD6K0FV81JRNVRA5,ciqual,6116,review
nfx_3QX5F7P5XAKD6K0FV81JRNVRA5,ciqual,6116,review
nfx_3QX5F7P5XAKD6K0FV81JRNVRA5,ciqual,6116,review
nfx_3QX5F7P5XAKD6K0FV81JRNVRA5,ciqual,6116,review
nfx_3QX5F7P5XAKD6K0FV81JRNVRA5,ciqual,6116,review
nfx_3QX5F7P5XAKD6K0FV81JRNVRA5,ciqual,6116,review
nfx_3QX5F7P5XAKD6K0FV81JRNVRA5,ciqual,6116,review
nfx_3QX5F7P5XAKD6K0FV81JRNVRA5,insa,142,review
nfx_3QX5F7P5XAKD6K0FV81JRNVRA5,insa,195,review
nfx_3QX5F7P5XAKD6K0FV81JRNVRA5,insa,196,review
nfx_3QX5F7P5XAKD6K0FV81JRNVRA5,insa,198,review
nfx_3QX5F7P5XAKD6K0FV81JRNVRA5,insa,2120000002,review
nfx_3QX5F7P5XAKD6K0FV81JRNVRA5,insa,2120000003,review
nfx_3QX5F7P5XAKD6K0FV81JRNVRA5,insa,217,review
nfx_3QX5F7P5XAKD6K0FV81JRNVRA5,insa,222,review
nfx_3QX5F7P5XAKD6K0FV81JRNVRA5,insa,293,review
nfx_3QX5F7P5XAKD6K0FV81JRNVRA5,insa,317,review
nfx_3QX5F7P5XAKD6K0FV81JRNVRA5,insa,324,review
nfx_3QX5F7P5XAKD6K0FV81JRNVRA5,insa,330,review
nfx_3R0R7RXVX36WV7EH48JNXCJQ56,ciqual,6510,review
nfx_3R0R7RXVX36WV7EH48JNXCJQ56,insa,239,review
nfx_3R1X6GZRVS6GF6Y99MS3GSX4PB,ciqual,8242,review
nfx_3R1X6GZRVS6GF6Y99MS3GSX4PB,insa,274,review
nfx_3R8FD9SWXYHGN9G8VRYEVFRKCB,ciqual,25088,review
nfx_3R8FD9SWXYHGN9G8VRYEVFRKCB,insa,408,review
nfx_3RA361RM9WV8MGS5CF4GJPKS2P,ciqual,20022,automatic
nfx_3RA361RM9WV8MGS5CF4GJPKS2P,ciqual,20810,review
nfx_3RA361RM9WV8MGS5CF4GJPKS2P,insa,580,automatic
nfx_3RA361RM9WV8MGS5CF4GJPKS2P,insa,580,review
nfx_3RCTVFSDHBYS41MZGW7028XD62,ciqual,5215,review
nfx_3RCTVFSDHBYS41MZGW7028XD62,ciqual,5215,review
nfx_3RCTVFSDHBYS41MZGW7028XD62,ciqual,5215,review
nfx_3RCTVFSDHBYS41MZGW7028XD62,insa,250018,review
nfx_3RCTVFSDHBYS41MZGW7028XD62,insa,721,review
nfx_3RCTVFSDHBYS41MZGW7028XD62,insa,725,review
nfx_3RH4PYP5DKMK5EA9FZ4P58H974,ciqual,1003,review
nfx_3RH4PYP5DKMK5EA9FZ4P58H974,ciqual,1003,review
nfx_3RH4PYP5DKMK5EA9FZ4P58H974,ciqual,1003,review
nfx_3RH4PYP5DKMK5EA9FZ4P58H974,insa,732,review
nfx_3RH4PYP5DKMK5EA9FZ4P58H974,insa,734,review
nfx_3RH4PYP5DKMK5EA9FZ4P58H974,insa,735,review
nfx_3RK6QK9GRPPF4E1S702BJSV7B0,ciqual,25405,review
nfx_3RK6QK9GRPPF4E1S702BJSV7B0,ciqual,25556,review
nfx_3RK6QK9GRPPF4E1S702BJSV7B0,ciqual,25573,review
nfx_3RK6QK9GRPPF4E1S702BJSV7B0,insa,1066,review
nfx_3RK6QK9GRPPF4E1S702BJSV7B0,insa,1066,review
nfx_3RK6QK9GRPPF4E1S702BJSV7B0,insa,1066,review
nfx_3RMM83SGNR20AKNMKF1V4AM6SN,ciqual,1027,review
nfx_3RMM83SGNR20AKNMKF1V4AM6SN,insa,2122000001,review
nfx_3RPW36VSQ5FG1D2C7RKSBNTBJX,ciqual,10018,automatic
nfx_3RPW36VSQ5FG1D2C7RKSBNTBJX,insa,917,automatic
nfx_3RWXXTQQKVKZJ79SQHZCT6QZWD,ciqual,25949,review
nfx_3RWXXTQQKVKZJ79SQHZCT6QZWD,insa,1101,review
nfx_3RZMF0C5FQV3NEKZ0BVGFVDSNF,ciqual,26133,automatic
nfx_3RZMF0C5FQV3NEKZ0BVGFVDSNF,insa,2120000015,automatic
nfx_3S32PJMXT1CGXRNR8VQB4MYRC4,ciqual,28001,review
nfx_3S32PJMXT1CGXRNR8VQB4MYRC4,ciqual,28002,review
nfx_3S32PJMXT1CGXRNR8VQB4MYRC4,ciqual,28100,review
nfx_3S32PJMXT1CGXRNR8VQB4MYRC4,ciqual,28104,review
nfx_3S32PJMXT1CGXRNR8VQB4MYRC4,ciqual,28204,review
nfx_3S32PJMXT1CGXRNR8VQB4MYRC4,ciqual,28300,review
nfx_3S32PJMXT1CGXRNR8VQB4MYRC4,ciqual,28400,review
nfx_3S32PJMXT1CGXRNR8VQB4MYRC4,ciqual,28460,review
nfx_3S32PJMXT1CGXRNR8VQB4MYRC4,ciqual,28470,review
nfx_3S32PJMXT1CGXRNR8VQB4MYRC4,ciqual,28477,review
nfx_3S32PJMXT1CGXRNR8VQB4MYRC4,ciqual,28502,review
nfx_3S32PJMXT1CGXRNR8VQB4MYRC4,ciqual,40005,review
nfx_3S32PJMXT1CGXRNR8VQB4MYRC4,ciqual,40060,review
nfx_3S32PJMXT1CGXRNR8VQB4MYRC4,ciqual,40119,review
nfx_3S32PJMXT1CGXRNR8VQB4MYRC4,insa,307,review
nfx_3S32PJMXT1CGXRNR8VQB4MYRC4,insa,307,review
nfx_3S32PJMXT1CGXRNR8VQB4MYRC4,insa,307,review
nfx_3S32PJMXT1CGXRNR8VQB4MYRC4,insa,307,review
nfx_3S32PJMXT1CGXRNR8VQB4MYRC4,insa,307,review
nfx_3S32PJMXT1CGXRNR8VQB4MYRC4,insa,307,review
nfx_3S32PJMXT1CGXRNR8VQB4MYRC4,insa,307,review
nfx_3S32PJMXT1CGXRNR8VQB4MYRC4,insa,307,review
nfx_3S32PJMXT1CGXRNR8VQB4MYRC4,insa,307,review
nfx_3S32PJMXT1CGXRNR8VQB4MYRC4,insa,307,review
nfx_3S32PJMXT1CGXRNR8VQB4MYRC4,insa,307,review
nfx_3S32PJMXT1CGXRNR8VQB4MYRC4,insa,307,review
nfx_3S32PJMXT1CGXRNR8VQB4MYRC4,insa,307,review
nfx_3S32PJMXT1CGXRNR8VQB4MYRC4,insa,307,review
nfx_3S51AAF6A0ZZZA20FMNSE3HT1H,ciqual,13046,review
nfx_3S51AAF6A0ZZZA20FMNSE3HT1H,insa,1900000078,review
nfx_3SF88M0D8Z64CM7RY3W7KE4NBV,ciqual,26120,review
nfx_3SF88M0D8Z64CM7RY3W7KE4NBV,insa,869,review
nfx_3SFFPQN3XZTVAE32BT327THN9W,ciqual,27015,review
nfx_3SFFPQN3XZTVAE32BT327THN9W,insa,905,review
nfx_3SG387Y5TNB2T1K128TSEMVEKP,ciqual,5100,review
nfx_3SG387Y5TNB2T1K128TSEMVEKP,ciqual,5201,review
nfx_3SG387Y5TNB2T1K128TSEMVEKP,insa,721,review
nfx_3SG387Y5TNB2T1K128TSEMVEKP,insa,721,review
nfx_3SMNTCZ925WQXCY9GMW23EM41G,ciqual,38422,review
nfx_3SMNTCZ925WQXCY9GMW23EM41G,ciqual,38422,review
nfx_3SMNTCZ925WQXCY9GMW23EM41G,ciqual,38422,review
nfx_3SMNTCZ925WQXCY9GMW23EM41G,ciqual,38422,review
nfx_3SMNTCZ925WQXCY9GMW23EM41G,ciqual,38422,review
nfx_3SMNTCZ925WQXCY9GMW23EM41G,ciqual,38422,review
nfx_3SMNTCZ925WQXCY9GMW23EM41G,ciqual,38422,review
nfx_3SMNTCZ925WQXCY9GMW23EM41G,ciqual,38422,review
nfx_3SMNTCZ925WQXCY9GMW23EM41G,insa,455,review
nfx_3SMNTCZ925WQXCY9GMW23EM41G,insa,456,review
nfx_3SMNTCZ925WQXCY9GMW23EM41G,insa,459,review
nfx_3SMNTCZ925WQXCY9GMW23EM41G,insa,460,review
nfx_3SMNTCZ925WQXCY9GMW23EM41G,insa,463,review
nfx_3SMNTCZ925WQXCY9GMW23EM41G,insa,465,review
nfx_3SMNTCZ925WQXCY9GMW23EM41G,insa,469,review
nfx_3SMNTCZ925WQXCY9GMW23EM41G,insa,474,review
nfx_3SSRDN0YY40QNWQE9HMKJKX821,ciqual,13417,review
nfx_3SSRDN0YY40QNWQE9HMKJKX821,ciqual,13418,review
nfx_3SSRDN0YY40QNWQE9HMKJKX821,insa,690,review
nfx_3SSRDN0YY40QNWQE9HMKJKX821,insa,690,review
nfx_3SSX9M62ZNB0A2JXMZ6CZKG8Y6,ciqual,25915,review
nfx_3SSX9M62ZNB0A2JXMZ6CZKG8Y6,ciqual,25967,review
nfx_3SSX9M62ZNB0A2JXMZ6CZKG8Y6,insa,1024,review
nfx_3SSX9M62ZNB0A2JXMZ6CZKG8Y6,insa,1024,review
nfx_3SVS2ESV3BJA0NEC5HRZCF2KKJ,ciqual,28203,review
nfx_3SVS2ESV3BJA0NEC5HRZCF2KKJ,ciqual,28204,review
nfx_3SVS2ESV3BJA0NEC5HRZCF2KKJ,insa,176,review
nfx_3SVS2ESV3BJA0NEC5HRZCF2KKJ,insa,176,review
nfx_3SWA11EZ9G3TEAW1V425B7RC8K,ciqual,16402,review
nfx_3SWA11EZ9G3TEAW1V425B7RC8K,ciqual,16411,review
nfx_3SWA11EZ9G3TEAW1V425B7RC8K,ciqual,16416,review
nfx_3SWA11EZ9G3TEAW1V425B7RC8K,insa,385,review
nfx_3SWA11EZ9G3TEAW1V425B7RC8K,insa,385,review
nfx_3SWA11EZ9G3TEAW1V425B7RC8K,insa,385,review
nfx_3SXBSXXXWC7V2F1XQ1VT1VVHNM,ciqual,12060,review
nfx_3SXBSXXXWC7V2F1XQ1VT1VVHNM,ciqual,12060,review
nfx_3SXBSXXXWC7V2F1XQ1VT1VVHNM,ciqual,12060,review
nfx_3SXBSXXXWC7V2F1XQ1VT1VVHNM,ciqual,12060,review
nfx_3SXBSXXXWC7V2F1XQ1VT1VVHNM,ciqual,12060,review
nfx_3SXBSXXXWC7V2F1XQ1VT1VVHNM,ciqual,12060,review
nfx_3SXBSXXXWC7V2F1XQ1VT1VVHNM,ciqual,12060,review
nfx_3SXBSXXXWC7V2F1XQ1VT1VVHNM,ciqual,12060,review
nfx_3SXBSXXXWC7V2F1XQ1VT1VVHNM,insa,220009,review
nfx_3SXBSXXXWC7V2F1XQ1VT1VVHNM,insa,220019,review
nfx_3SXBSXXXWC7V2F1XQ1VT1VVHNM,insa,36,review
nfx_3SXBSXXXWC7V2F1XQ1VT1VVHNM,insa,37,review
nfx_3SXBSXXXWC7V2F1XQ1VT1VVHNM,insa,47,review
nfx_3SXBSXXXWC7V2F1XQ1VT1VVHNM,insa,50800024,review
nfx_3SXBSXXXWC7V2F1XQ1VT1VVHNM,insa,50800032,review
nfx_3SXBSXXXWC7V2F1XQ1VT1VVHNM,insa,54,review
nfx_3T69GZDYTCS8RHQ9A4PJ6KSC5V,ciqual,39218,review
nfx_3T69GZDYTCS8RHQ9A4PJ6KSC5V,ciqual,39218,review
nfx_3T69GZDYTCS8RHQ9A4PJ6KSC5V,insa,493,review
nfx_3T69GZDYTCS8RHQ9A4PJ6KSC5V,insa,494,review
nfx_3T6WZ22KC2G04KVZJK263CQ8XS,ciqual,2366,review
nfx_3T6WZ22KC2G04KVZJK263CQ8XS,ciqual,2366,review
nfx_3T6WZ22KC2G04KVZJK263CQ8XS,ciqual,2366,review
nfx_3T6WZ22KC2G04KVZJK263CQ8XS,insa,750,review
nfx_3T6WZ22KC2G04KVZJK263CQ8XS,insa,754,review
nfx_3T6WZ22KC2G04KVZJK263CQ8XS,insa,757,review
nfx_3T78D824QH343SM94A76JQMHAM,ciqual,20295,review
nfx_3T78D824QH343SM94A76JQMHAM,ciqual,20295,review
nfx_3T78D824QH343SM94A76JQMHAM,insa,1900000024,review
nfx_3T78D824QH343SM94A76JQMHAM,insa,584,review
nfx_3TD9BFV7DHYA0R9K85MYSWMM05,ciqual,25186,review
nfx_3TD9BFV7DHYA0R9K85MYSWMM05,ciqual,25186,review
nfx_3TD9BFV7DHYA0R9K85MYSWMM05,insa,1025,review
nfx_3TD9BFV7DHYA0R9K85MYSWMM05,insa,373,review
nfx_3TDQFA475D5JDPDTYPXGXQ69M5,ciqual,14004,review
nfx_3TDQFA475D5JDPDTYPXGXQ69M5,insa,70500004,review
nfx_3TG4CQZRKHMDZR4BWVP0T236M0,ciqual,31101,review
nfx_3TG4CQZRKHMDZR4BWVP0T236M0,insa,447,review
nfx_3TMB7RTZFTBQZP103CSS5PPWP1,ciqual,31120,review
nfx_3TMB7RTZFTBQZP103CSS5PPWP1,ciqual,31120,review
nfx_3TMB7RTZFTBQZP103CSS5PPWP1,insa,498,review
nfx_3TMB7RTZFTBQZP103CSS5PPWP1,insa,507,review
nfx_3TQFVQKXE9T4EAJK6CS4256K3H,ciqual,13160,review
nfx_3TQFVQKXE9T4EAJK6CS4256K3H,ciqual,19013,review
nfx_3TQFVQKXE9T4EAJK6CS4256K3H,ciqual,19014,review
nfx_3TQFVQKXE9T4EAJK6CS4256K3H,insa,240006,review
nfx_3TQFVQKXE9T4EAJK6CS4256K3H,insa,240006,review
nfx_3TQFVQKXE9T4EAJK6CS4256K3H,insa,240006,review
nfx_3TSZ39TAQERQ99P1A08NWNF9C6,ciqual,5100,review
nfx_3TSZ39TAQERQ99P1A08NWNF9C6,ciqual,5100,review
nfx_3TSZ39TAQERQ99P1A08NWNF9C6,ciqual,5100,review
nfx_3TSZ39TAQERQ99P1A08NWNF9C6,insa,250017,review
nfx_3TSZ39TAQERQ99P1A08NWNF9C6,insa,250018,review
nfx_3TSZ39TAQERQ99P1A08NWNF9C6,insa,718,review
nfx_3TX58VAMN657A77B5C1Y4K7T16,ciqual,19033,review
nfx_3TX58VAMN657A77B5C1Y4K7T16,ciqual,19033,review
nfx_3TX58VAMN657A77B5C1Y4K7T16,ciqual,19033,review
nfx_3TX58VAMN657A77B5C1Y4K7T16,ciqual,19033,review
nfx_3TX58VAMN657A77B5C1Y4K7T16,ciqual,19033,review
nfx_3TX58VAMN657A77B5C1Y4K7T16,insa,1900000063,review
nfx_3TX58VAMN657A77B5C1Y4K7T16,insa,36,review
nfx_3TX58VAMN657A77B5C1Y4K7T16,insa,37,review
nfx_3TX58VAMN657A77B5C1Y4K7T16,insa,493,review
nfx_3TX58VAMN657A77B5C1Y4K7T16,insa,500,review
nfx_3V438HVDN1V3928VXD4WX4K0ZJ,ciqual,12122,review
nfx_3V438HVDN1V3928VXD4WX4K0ZJ,ciqual,12122,review
nfx_3V438HVDN1V3928VXD4WX4K0ZJ,ciqual,12122,review
nfx_3V438HVDN1V3928VXD4WX4K0ZJ,ciqual,12122,review
nfx_3V438HVDN1V3928VXD4WX4K0ZJ,ciqual,12122,review
nfx_3V438HVDN1V3928VXD4WX4K0ZJ,ciqual,12122,review
nfx_3V438HVDN1V3928VXD4WX4K0ZJ,ciqual,12122,review
nfx_3V438HVDN1V3928VXD4WX4K0ZJ,ciqual,12122,review
nfx_3V438HVDN1V3928VXD4WX4K0ZJ,insa,220009,review
nfx_3V438HVDN1V3928VXD4WX4K0ZJ,insa,220019,review
nfx_3V438HVDN1V3928VXD4WX4K0ZJ,insa,36,review
nfx_3V438HVDN1V3928VXD4WX4K0ZJ,insa,37,review
nfx_3V438HVDN1V3928VXD4WX4K0ZJ,insa,47,review
nfx_3V438HVDN1V3928VXD4WX4K0ZJ,insa,50800024,review
nfx_3V438HVDN1V3928VXD4WX4K0ZJ,insa,50800032,review
nfx_3V438HVDN1V3928VXD4WX4K0ZJ,insa,54,review
nfx_3VB15TAFBQ9C86ZJSWD5ACWZDM,ciqual,28001,review
nfx_3VB15TAFBQ9C86ZJSWD5ACWZDM,ciqual,28002,review
nfx_3VB15TAFBQ9C86ZJSWD5ACWZDM,ciqual,28100,review
nfx_3VB15TAFBQ9C86ZJSWD5ACWZDM,ciqual,28104,review
nfx_3VB15TAFBQ9C86ZJSWD5ACWZDM,ciqual,28204,review
nfx_3VB15TAFBQ9C86ZJSWD5ACWZDM,ciqual,28300,review
nfx_3VB15TAFBQ9C86ZJSWD5ACWZDM,ciqual,28400,review
nfx_3VB15TAFBQ9C86ZJSWD5ACWZDM,ciqual,28460,review
nfx_3VB15TAFBQ9C86ZJSWD5ACWZDM,ciqual,28470,review
nfx_3VB15TAFBQ9C86ZJSWD5ACWZDM,ciqual,28472,review
nfx_3VB15TAFBQ9C86ZJSWD5ACWZDM,ciqual,28474,review
nfx_3VB15TAFBQ9C86ZJSWD5ACWZDM,ciqual,28477,review
nfx_3VB15TAFBQ9C86ZJSWD5ACWZDM,ciqual,28502,review
nfx_3VB15TAFBQ9C86ZJSWD5ACWZDM,ciqual,40005,review
nfx_3VB15TAFBQ9C86ZJSWD5ACWZDM,ciqual,40060,review
nfx_3VB15TAFBQ9C86ZJSWD5ACWZDM,ciqual,40119,review
nfx_3VB15TAFBQ9C86ZJSWD5ACWZDM,ciqual,40205,review
nfx_3VB15TAFBQ9C86ZJSWD5ACWZDM,ciqual,40404,review
nfx_3VB15TAFBQ9C86ZJSWD5ACWZDM,insa,1223,review
nfx_3VB15TAFBQ9C86ZJSWD5ACWZDM,insa,1223,review
nfx_3VB15TAFBQ9C86ZJSWD5ACWZDM,insa,1223,review
nfx_3VB15TAFBQ9C86ZJSWD5ACWZDM,insa,1223,review
nfx_3VB15TAFBQ9C86ZJSWD5ACWZDM,insa,1223,review
nfx_3VB15TAFBQ9C86ZJSWD5ACWZDM,insa,1223,review
nfx_3VB15TAFBQ9C86ZJSWD5ACWZDM,insa,1223,review
nfx_3VB15TAFBQ9C86ZJSWD5ACWZDM,insa,1223,review
nfx_3VB15TAFBQ9C86ZJSWD5ACWZDM,insa,1223,review
nfx_3VB15TAFBQ9C86ZJSWD5ACWZDM,insa,1223,review
nfx_3VB15TAFBQ9C86ZJSWD5ACWZDM,insa,1223,review
nfx_3VB15TAFBQ9C86ZJSWD5ACWZDM,insa,1223,review
nfx_3VB15TAFBQ9C86ZJSWD5ACWZDM,insa,1223,review
nfx_3VB15TAFBQ9C86ZJSWD5ACWZDM,insa,1223,review
nfx_3VB15TAFBQ9C86ZJSWD5ACWZDM,insa,1223,review
nfx_3VB15TAFBQ9C86ZJSWD5ACWZDM,insa,1223,review
nfx_3VB15TAFBQ9C86ZJSWD5ACWZDM,insa,1223,review
nfx_3VB15TAFBQ9C86ZJSWD5ACWZDM,insa,1223,review
nfx_3VBANHJ4K86YSY1Z9ZXBH0QSXB,ciqual,36800,review
nfx_3VBANHJ4K86YSY1Z9ZXBH0QSXB,ciqual,36800,review
nfx_3VBANHJ4K86YSY1Z9ZXBH0QSXB,ciqual,36800,review
nfx_3VBANHJ4K86YSY1Z9ZXBH0QSXB,insa,341,review
nfx_3VBANHJ4K86YSY1Z9ZXBH0QSXB,insa,342,review
nfx_3VBANHJ4K86YSY1Z9ZXBH0QSXB,insa,70500004,review
nfx_3VEMBKF1DK10K3TB9AVQ1FHM02,ciqual,40119,automatic
nfx_3VEMBKF1DK10K3TB9AVQ1FHM02,ciqual,40119,review
nfx_3VEMBKF1DK10K3TB9AVQ1FHM02,ciqual,40119,review
nfx_3VEMBKF1DK10K3TB9AVQ1FHM02,ciqual,40119,review
nfx_3VEMBKF1DK10K3TB9AVQ1FHM02,ciqual,40119,review
nfx_3VEMBKF1DK10K3TB9AVQ1FHM02,ciqual,40119,review
nfx_3VEMBKF1DK10K3TB9AVQ1FHM02,ciqual,40119,review
nfx_3VEMBKF1DK10K3TB9AVQ1FHM02,ciqual,40119,review
nfx_3VEMBKF1DK10K3TB9AVQ1FHM02,ciqual,40119,review
nfx_3VEMBKF1DK10K3TB9AVQ1FHM02,ciqual,40119,review
nfx_3VEMBKF1DK10K3TB9AVQ1FHM02,ciqual,40119,review
nfx_3VEMBKF1DK10K3TB9AVQ1FHM02,ciqual,40119,review
nfx_3VEMBKF1DK10K3TB9AVQ1FHM02,insa,1219,review
nfx_3VEMBKF1DK10K3TB9AVQ1FHM02,insa,1221,review
nfx_3VEMBKF1DK10K3TB9AVQ1FHM02,insa,1222,review
nfx_3VEMBKF1DK10K3TB9AVQ1FHM02,insa,152,review
nfx_3VEMBKF1DK10K3TB9AVQ1FHM02,insa,156,review
nfx_3VEMBKF1DK10K3TB9AVQ1FHM02,insa,321,automatic
nfx_3VEMBKF1DK10K3TB9AVQ1FHM02,insa,324,review
nfx_3VEMBKF1DK10K3TB9AVQ1FHM02,insa,326,review
nfx_3VEMBKF1DK10K3TB9AVQ1FHM02,insa,334,review
nfx_3VEMBKF1DK10K3TB9AVQ1FHM02,insa,341,review
nfx_3VEMBKF1DK10K3TB9AVQ1FHM02,insa,342,review
nfx_3VEMBKF1DK10K3TB9AVQ1FHM02,insa,70500004,review
nfx_3VESJ09WS81EPVW5RYNPXGBJK8,ciqual,31113,review
nfx_3VESJ09WS81EPVW5RYNPXGBJK8,insa,447,review
nfx_3VFTXKBEMENTE7BYBVVEE2Y7DW,ciqual,20059,automatic
nfx_3VFTXKBEMENTE7BYBVVEE2Y7DW,insa,608,automatic
nfx_3VGP9A2P1DMXM7HTHXTZ6Q96X6,ciqual,11075,review
nfx_3VGP9A2P1DMXM7HTHXTZ6Q96X6,insa,1900000044,review
nfx_3VPGAE9P4A057C349ZF143HSBX,ciqual,23540,review
nfx_3VPGAE9P4A057C349ZF143HSBX,ciqual,23540,review
nfx_3VPGAE9P4A057C349ZF143HSBX,insa,477,review
nfx_3VPGAE9P4A057C349ZF143HSBX,insa,478,review
nfx_3VV83W9RZ51GPVQAVMB5K6EFQ2,ciqual,25556,review
nfx_3VV83W9RZ51GPVQAVMB5K6EFQ2,insa,1109,review
nfx_3VX7DQWQDW2WJBAVBGE1HGPFD7,ciqual,20263,review
nfx_3VX7DQWQDW2WJBAVBGE1HGPFD7,ciqual,20263,review
nfx_3VX7DQWQDW2WJBAVBGE1HGPFD7,insa,1900000026,review
nfx_3VX7DQWQDW2WJBAVBGE1HGPFD7,insa,608,review
nfx_3W3B5SS6X5M0ZDDM1RBDVGXN7H,ciqual,26698,review
nfx_3W3B5SS6X5M0ZDDM1RBDVGXN7H,insa,889,review
nfx_3W8DDNB12BFPYS7NPBFYN106VM,ciqual,12038,review
nfx_3W8DDNB12BFPYS7NPBFYN106VM,ciqual,12052,review
nfx_3W8DDNB12BFPYS7NPBFYN106VM,ciqual,12111,review
nfx_3W8DDNB12BFPYS7NPBFYN106VM,ciqual,12121,review
nfx_3W8DDNB12BFPYS7NPBFYN106VM,ciqual,12300,review
nfx_3W8DDNB12BFPYS7NPBFYN106VM,ciqual,12524,review
nfx_3W8DDNB12BFPYS7NPBFYN106VM,ciqual,12716,review
nfx_3W8DDNB12BFPYS7NPBFYN106VM,ciqual,19225,review
nfx_3W8DDNB12BFPYS7NPBFYN106VM,ciqual,19250,review
nfx_3W8DDNB12BFPYS7NPBFYN106VM,ciqual,19584,review
nfx_3W8DDNB12BFPYS7NPBFYN106VM,ciqual,19585,review
nfx_3W8DDNB12BFPYS7NPBFYN106VM,ciqual,19865,review
nfx_3W8DDNB12BFPYS7NPBFYN106VM,insa,36,review
nfx_3W8DDNB12BFPYS7NPBFYN106VM,insa,36,review
nfx_3W8DDNB12BFPYS7NPBFYN106VM,insa,36,review
nfx_3W8DDNB12BFPYS7NPBFYN106VM,insa,36,review
nfx_3W8DDNB12BFPYS7NPBFYN106VM,insa,36,review
nfx_3W8DDNB12BFPYS7NPBFYN106VM,insa,36,review
nfx_3W8DDNB12BFPYS7NPBFYN106VM,insa,36,review
nfx_3W8DDNB12BFPYS7NPBFYN106VM,insa,36,review
nfx_3W8DDNB12BFPYS7NPBFYN106VM,insa,36,review
nfx_3W8DDNB12BFPYS7NPBFYN106VM,insa,36,review
nfx_3W8DDNB12BFPYS7NPBFYN106VM,insa,36,review
nfx_3W8DDNB12BFPYS7NPBFYN106VM,insa,36,review
nfx_3WACQKZ3TN87YQ17MC2K5BAHGF,ciqual,76079,review
nfx_3WACQKZ3TN87YQ17MC2K5BAHGF,ciqual,76079,review
nfx_3WACQKZ3TN87YQ17MC2K5BAHGF,insa,2,review
nfx_3WACQKZ3TN87YQ17MC2K5BAHGF,insa,5,review
nfx_3WGGPCAQZ2PHJAD7AX2XYTRM2J,ciqual,8373,review
nfx_3WGGPCAQZ2PHJAD7AX2XYTRM2J,ciqual,8373,review
nfx_3WGGPCAQZ2PHJAD7AX2XYTRM2J,insa,1231,review
nfx_3WGGPCAQZ2PHJAD7AX2XYTRM2J,insa,2120000011,review
nfx_3WRCK433YS907MHJRZ0YMJXK00,ciqual,2002,review
nfx_3WRCK433YS907MHJRZ0YMJXK00,ciqual,2014,review
nfx_3WRCK433YS907MHJRZ0YMJXK00,ciqual,2018,review
nfx_3WRCK433YS907MHJRZ0YMJXK00,ciqual,2048,review
nfx_3WRCK433YS907MHJRZ0YMJXK00,ciqual,2050,review
nfx_3WRCK433YS907MHJRZ0YMJXK00,insa,745,review
nfx_3WRCK433YS907MHJRZ0YMJXK00,insa,745,review
nfx_3WRCK433YS907MHJRZ0YMJXK00,insa,745,review
nfx_3WRCK433YS907MHJRZ0YMJXK00,insa,745,review
nfx_3WRCK433YS907MHJRZ0YMJXK00,insa,745,review
nfx_3WRD6THXVRRQSY6ZT9XG9PXN25,ciqual,19013,review
nfx_3WRD6THXVRRQSY6ZT9XG9PXN25,insa,240007,review
nfx_3WV73ZK9S3ESG77GPP6QS745CM,ciqual,23008,review
nfx_3WV73ZK9S3ESG77GPP6QS745CM,ciqual,23023,review
nfx_3WV73ZK9S3ESG77GPP6QS745CM,ciqual,23030,review
nfx_3WV73ZK9S3ESG77GPP6QS745CM,ciqual,23033,review
nfx_3WV73ZK9S3ESG77GPP6QS745CM,ciqual,23050,review
nfx_3WV73ZK9S3ESG77GPP6QS745CM,ciqual,23103,review
nfx_3WV73ZK9S3ESG77GPP6QS745CM,ciqual,23585,review
nfx_3WV73ZK9S3ESG77GPP6QS745CM,ciqual,24632,review
nfx_3WV73ZK9S3ESG77GPP6QS745CM,ciqual,24664,review
nfx_3WV73ZK9S3ESG77GPP6QS745CM,insa,477,review
nfx_3WV73ZK9S3ESG77GPP6QS745CM,insa,477,review
nfx_3WV73ZK9S3ESG77GPP6QS745CM,insa,477,review
nfx_3WV73ZK9S3ESG77GPP6QS745CM,insa,477,review
nfx_3WV73ZK9S3ESG77GPP6QS745CM,insa,477,review
nfx_3WV73ZK9S3ESG77GPP6QS745CM,insa,477,review
nfx_3WV73ZK9S3ESG77GPP6QS745CM,insa,477,review
nfx_3WV73ZK9S3ESG77GPP6QS745CM,insa,477,review
nfx_3WV73ZK9S3ESG77GPP6QS745CM,insa,477,review
nfx_3WVK66YWQ1VH9PJH5HW7G9J5Y4,ciqual,20010,review
nfx_3WVK66YWQ1VH9PJH5HW7G9J5Y4,ciqual,20105,review
nfx_3WVK66YWQ1VH9PJH5HW7G9J5Y4,ciqual,20159,review
nfx_3WVK66YWQ1VH9PJH5HW7G9J5Y4,ciqual,20160,review
nfx_3WVK66YWQ1VH9PJH5HW7G9J5Y4,ciqual,20161,review
nfx_3WVK66YWQ1VH9PJH5HW7G9J5Y4,ciqual,20212,review
nfx_3WVK66YWQ1VH9PJH5HW7G9J5Y4,insa,604,review
nfx_3WVK66YWQ1VH9PJH5HW7G9J5Y4,insa,604,review
nfx_3WVK66YWQ1VH9PJH5HW7G9J5Y4,insa,604,review
nfx_3WVK66YWQ1VH9PJH5HW7G9J5Y4,insa,604,review
nfx_3WVK66YWQ1VH9PJH5HW7G9J5Y4,insa,604,review
nfx_3WVK66YWQ1VH9PJH5HW7G9J5Y4,insa,604,review
nfx_3WW81DP4VP0KRSC4JQYHYWP95A,ciqual,11052,review
nfx_3WW81DP4VP0KRSC4JQYHYWP95A,insa,1198,review
nfx_3WYSQ0ZFK0120PP4XAR4JRR86Z,ciqual,6250,review
nfx_3WYSQ0ZFK0120PP4XAR4JRR86Z,ciqual,6250,review
nfx_3WYSQ0ZFK0120PP4XAR4JRR86Z,ciqual,6250,review
nfx_3WYSQ0ZFK0120PP4XAR4JRR86Z,ciqual,6250,review
nfx_3WYSQ0ZFK0120PP4XAR4JRR86Z,insa,198,review
nfx_3WYSQ0ZFK0120PP4XAR4JRR86Z,insa,2120000003,review
nfx_3WYSQ0ZFK0120PP4XAR4JRR86Z,insa,217,review
nfx_3WYSQ0ZFK0120PP4XAR4JRR86Z,insa,293,review
nfx_3X0EB84007FCB9ZMN0ZH1H9NWH,ciqual,12803,review
nfx_3X0EB84007FCB9ZMN0ZH1H9NWH,ciqual,12803,review
nfx_3X0EB84007FCB9ZMN0ZH1H9NWH,insa,220004,review
nfx_3X0EB84007FCB9ZMN0ZH1H9NWH,insa,220022,review
nfx_3X0V0HX8NCY2BN1HW920ADJQTN,ciqual,13013,review
nfx_3X0V0HX8NCY2BN1HW920ADJQTN,insa,651,review
nfx_3X4QK7RYG484WW2TJ0B4CTNRBX,ciqual,26065,review
nfx_3X4QK7RYG484WW2TJ0B4CTNRBX,ciqual,26065,review
nfx_3X4QK7RYG484WW2TJ0B4CTNRBX,insa,882,review
nfx_3X4QK7RYG484WW2TJ0B4CTNRBX,insa,885,review
nfx_3X9PYFAJMXVYZNGZP11GWHRE3F,ciqual,11051,review
nfx_3X9PYFAJMXVYZNGZP11GWHRE3F,ciqual,11097,review
nfx_3X9PYFAJMXVYZNGZP11GWHRE3F,ciqual,11102,review
nfx_3X9PYFAJMXVYZNGZP11GWHRE3F,ciqual,11105,review
nfx_3X9PYFAJMXVYZNGZP11GWHRE3F,ciqual,11120,review
nfx_3X9PYFAJMXVYZNGZP11GWHRE3F,ciqual,11163,review
nfx_3X9PYFAJMXVYZNGZP11GWHRE3F,ciqual,11184,review
nfx_3X9PYFAJMXVYZNGZP11GWHRE3F,ciqual,11187,review
nfx_3X9PYFAJMXVYZNGZP11GWHRE3F,ciqual,11202,review
nfx_3X9PYFAJMXVYZNGZP11GWHRE3F,ciqual,11203,review
nfx_3X9PYFAJMXVYZNGZP11GWHRE3F,ciqual,11210,review
nfx_3X9PYFAJMXVYZNGZP11GWHRE3F,ciqual,11218,review
nfx_3X9PYFAJMXVYZNGZP11GWHRE3F,ciqual,11243,review
nfx_3X9PYFAJMXVYZNGZP11GWHRE3F,ciqual,11302,review
nfx_3X9PYFAJMXVYZNGZP11GWHRE3F,insa,1164,review
nfx_3X9PYFAJMXVYZNGZP11GWHRE3F,insa,1164,review
nfx_3X9PYFAJMXVYZNGZP11GWHRE3F,insa,1164,review
nfx_3X9PYFAJMXVYZNGZP11GWHRE3F,insa,1164,review
nfx_3X9PYFAJMXVYZNGZP11GWHRE3F,insa,1164,review
nfx_3X9PYFAJMXVYZNGZP11GWHRE3F,insa,1164,review
nfx_3X9PYFAJMXVYZNGZP11GWHRE3F,insa,1164,review
nfx_3X9PYFAJMXVYZNGZP11GWHRE3F,insa,1164,review
nfx_3X9PYFAJMXVYZNGZP11GWHRE3F,insa,1164,review
nfx_3X9PYFAJMXVYZNGZP11GWHRE3F,insa,1164,review
nfx_3X9PYFAJMXVYZNGZP11GWHRE3F,insa,1164,review
nfx_3X9PYFAJMXVYZNGZP11GWHRE3F,insa,1164,review
nfx_3X9PYFAJMXVYZNGZP11GWHRE3F,insa,1164,review
nfx_3X9PYFAJMXVYZNGZP11GWHRE3F,insa,1164,review
nfx_3XC7T81PCM4GYE9RPCN6NWBAX1,ciqual,7002,review
nfx_3XC7T81PCM4GYE9RPCN6NWBAX1,insa,18,review
nfx_3XFKEZHMNA17HQFMTZ3EJAJD4A,ciqual,15039,review
nfx_3XFKEZHMNA17HQFMTZ3EJAJD4A,insa,1900000093,review
nfx_3XK0KBESJGSWJGQKKAEWAWBSQJ,ciqual,20026,review
nfx_3XK0KBESJGSWJGQKKAEWAWBSQJ,insa,1900000025,review
nfx_3XK1B6V3XQ04M0X4G9EJBQ4WW3,ciqual,18354,review
nfx_3XK1B6V3XQ04M0X4G9EJBQ4WW3,insa,764,review
nfx_3YB7Z0SR9ZV5RYF0Z4PDVCW41V,ciqual,20204,review
nfx_3YB7Z0SR9ZV5RYF0Z4PDVCW41V,insa,550,review
nfx_3YFHJQ7X9ZVXZKD66HGKSQCYER,ciqual,28460,review
nfx_3YFHJQ7X9ZVXZKD66HGKSQCYER,ciqual,28502,review
nfx_3YFHJQ7X9ZVXZKD66HGKSQCYER,ciqual,34003,review
nfx_3YFHJQ7X9ZVXZKD66HGKSQCYER,ciqual,40005,review
nfx_3YFHJQ7X9ZVXZKD66HGKSQCYER,ciqual,40060,review
nfx_3YFHJQ7X9ZVXZKD66HGKSQCYER,ciqual,40404,review
nfx_3YFHJQ7X9ZVXZKD66HGKSQCYER,insa,341,review
nfx_3YFHJQ7X9ZVXZKD66HGKSQCYER,insa,341,review
nfx_3YFHJQ7X9ZVXZKD66HGKSQCYER,insa,341,review
nfx_3YFHJQ7X9ZVXZKD66HGKSQCYER,insa,341,review
nfx_3YFHJQ7X9ZVXZKD66HGKSQCYER,insa,341,review
nfx_3YFHJQ7X9ZVXZKD66HGKSQCYER,insa,341,review
nfx_3YH37DTQWFRD5SQ06JSQZQ38WM,ciqual,28202,review
nfx_3YH37DTQWFRD5SQ06JSQZQ38WM,ciqual,28202,review
nfx_3YH37DTQWFRD5SQ06JSQZQ38WM,ciqual,28202,review
nfx_3YH37DTQWFRD5SQ06JSQZQ38WM,ciqual,28202,review
nfx_3YH37DTQWFRD5SQ06JSQZQ38WM,insa,157,review
nfx_3YH37DTQWFRD5SQ06JSQZQ38WM,insa,180,review
nfx_3YH37DTQWFRD5SQ06JSQZQ38WM,insa,186,review
nfx_3YH37DTQWFRD5SQ06JSQZQ38WM,insa,70204048,review
nfx_3YJ9CF8ZMFMVBVVH692YB1ET9P,ciqual,76060,review
nfx_3YJ9CF8ZMFMVBVVH692YB1ET9P,ciqual,76060,review
nfx_3YJ9CF8ZMFMVBVVH692YB1ET9P,ciqual,76060,review
nfx_3YJ9CF8ZMFMVBVVH692YB1ET9P,insa,2,review
nfx_3YJ9CF8ZMFMVBVVH692YB1ET9P,insa,3,review
nfx_3YJ9CF8ZMFMVBVVH692YB1ET9P,insa,5,review
nfx_3YQFDXG1XKATCKVCRHEC5HNMHW,ciqual,2002,review
nfx_3YQFDXG1XKATCKVCRHEC5HNMHW,ciqual,2018,review
nfx_3YQFDXG1XKATCKVCRHEC5HNMHW,ciqual,2032,review
nfx_3YQFDXG1XKATCKVCRHEC5HNMHW,ciqual,2053,automatic
nfx_3YQFDXG1XKATCKVCRHEC5HNMHW,insa,617,automatic
nfx_3YQFDXG1XKATCKVCRHEC5HNMHW,insa,617,review
nfx_3YQFDXG1XKATCKVCRHEC5HNMHW,insa,617,review
nfx_3YQFDXG1XKATCKVCRHEC5HNMHW,insa,617,review
nfx_3YQTQ2QGMFX2SGAVAHV8CQQ4BC,ciqual,19010,review
nfx_3YQTQ2QGMFX2SGAVAHV8CQQ4BC,ciqual,19010,review
nfx_3YQTQ2QGMFX2SGAVAHV8CQQ4BC,insa,19,review
nfx_3YQTQ2QGMFX2SGAVAHV8CQQ4BC,insa,20,review
nfx_3YRSVMJ9V5NF2TG7THW4MHH5HJ,ciqual,11202,review
nfx_3YRSVMJ9V5NF2TG7THW4MHH5HJ,ciqual,11202,review
nfx_3YRSVMJ9V5NF2TG7THW4MHH5HJ,ciqual,11202,review
nfx_3YRSVMJ9V5NF2TG7THW4MHH5HJ,insa,1229,review
nfx_3YRSVMJ9V5NF2TG7THW4MHH5HJ,insa,2120000007,review
nfx_3YRSVMJ9V5NF2TG7THW4MHH5HJ,insa,933,review
nfx_3YVADZ492JSFW6G2MXWV5WK1XX,ciqual,25903,review
nfx_3YVADZ492JSFW6G2MXWV5WK1XX,ciqual,25953,review
nfx_3YVADZ492JSFW6G2MXWV5WK1XX,ciqual,25967,review
nfx_3YVADZ492JSFW6G2MXWV5WK1XX,ciqual,25974,review
nfx_3YVADZ492JSFW6G2MXWV5WK1XX,insa,1106,review
nfx_3YVADZ492JSFW6G2MXWV5WK1XX,insa,1106,review
nfx_3YVADZ492JSFW6G2MXWV5WK1XX,insa,1106,review
nfx_3YVADZ492JSFW6G2MXWV5WK1XX,insa,1106,review
nfx_3Z1HAQYQ964J1BVDX35BQN6WG9,ciqual,16520,review
nfx_3Z1HAQYQ964J1BVDX35BQN6WG9,insa,313,review
nfx_3Z4E7RZS55EKBKAJ6H4DVNFWK4,ciqual,25570,review
nfx_3Z4E7RZS55EKBKAJ6H4DVNFWK4,ciqual,25570,review
nfx_3Z4E7RZS55EKBKAJ6H4DVNFWK4,insa,954,review
nfx_3Z4E7RZS55EKBKAJ6H4DVNFWK4,insa,955,review
nfx_3Z5J4YHB676QNM73HXR70WFFEN,ciqual,15019,review
nfx_3Z5J4YHB676QNM73HXR70WFFEN,insa,704,review
nfx_3Z680CZ7AGS812A67FJBFR0S4M,ciqual,20145,review
nfx_3Z680CZ7AGS812A67FJBFR0S4M,insa,579,review
nfx_3Z9VDT72QXDCTDC3AEZ1SCEK5H,ciqual,13413,review
nfx_3Z9VDT72QXDCTDC3AEZ1SCEK5H,insa,1900000009,review
nfx_3ZCVT57R8P55R5M7VRSNENJKKC,ciqual,26231,review
nfx_3ZCVT57R8P55R5M7VRSNENJKKC,ciqual,26231,review
nfx_3ZCVT57R8P55R5M7VRSNENJKKC,ciqual,26231,review
nfx_3ZCVT57R8P55R5M7VRSNENJKKC,insa,822,review
nfx_3ZCVT57R8P55R5M7VRSNENJKKC,insa,888,review
nfx_3ZCVT57R8P55R5M7VRSNENJKKC,insa,889,review
nfx_3ZJ9768AVCSDY32GB66WCSMK0N,ciqual,21504,review
nfx_3ZJ9768AVCSDY32GB66WCSMK0N,ciqual,21504,review
nfx_3ZJ9768AVCSDY32GB66WCSMK0N,ciqual,21504,review
nfx_3ZJ9768AVCSDY32GB66WCSMK0N,insa,142,review
nfx_3ZJ9768AVCSDY32GB66WCSMK0N,insa,96,review
nfx_3ZJ9768AVCSDY32GB66WCSMK0N,insa,98,review
nfx_3ZMJ9RG68JF75RSE189RM8S8Q5,ciqual,40120,review
nfx_3ZMJ9RG68JF75RSE189RM8S8Q5,ciqual,40120,review
nfx_3ZMJ9RG68JF75RSE189RM8S8Q5,ciqual,40120,review
nfx_3ZMJ9RG68JF75RSE189RM8S8Q5,insa,321,review
nfx_3ZMJ9RG68JF75RSE189RM8S8Q5,insa,324,review
nfx_3ZMJ9RG68JF75RSE189RM8S8Q5,insa,326,review
nfx_402TSR7GDTGXZ65941CMTREKSD,ciqual,13414,review
nfx_402TSR7GDTGXZ65941CMTREKSD,insa,696,review
nfx_406KKZC6GQ7DYC0CS1JKDY2AHX,ciqual,21001,review
nfx_406KKZC6GQ7DYC0CS1JKDY2AHX,ciqual,21001,review
nfx_406KKZC6GQ7DYC0CS1JKDY2AHX,ciqual,21001,review
nfx_406KKZC6GQ7DYC0CS1JKDY2AHX,insa,332,review
nfx_406KKZC6GQ7DYC0CS1JKDY2AHX,insa,70500004,review
nfx_406KKZC6GQ7DYC0CS1JKDY2AHX,insa,98,review
nfx_408C585W0Q55AWFE3NN6C7NFY5,ciqual,11208,review
nfx_408C585W0Q55AWFE3NN6C7NFY5,insa,960,review
nfx_409BHAFWCR48ZV9JE664BZM92B,ciqual,31041,review
nfx_409BHAFWCR48ZV9JE664BZM92B,ciqual,31041,review
nfx_409BHAFWCR48ZV9JE664BZM92B,insa,498,review
nfx_409BHAFWCR48ZV9JE664BZM92B,insa,507,review
nfx_40BWTW0WM161MKMR7DHWWVMCT4,ciqual,12999,review
nfx_40BWTW0WM161MKMR7DHWWVMCT4,insa,220016,review
nfx_40DZBVCYV1TX4HF8741XTZ6ZZF,ciqual,12034,review
nfx_40DZBVCYV1TX4HF8741XTZ6ZZF,ciqual,12034,review
nfx_40DZBVCYV1TX4HF8741XTZ6ZZF,ciqual,12034,review
nfx_40DZBVCYV1TX4HF8741XTZ6ZZF,ciqual,12034,review
nfx_40DZBVCYV1TX4HF8741XTZ6ZZF,ciqual,12034,review
nfx_40DZBVCYV1TX4HF8741XTZ6ZZF,ciqual,12034,review
nfx_40DZBVCYV1TX4HF8741XTZ6ZZF,insa,220009,review
nfx_40DZBVCYV1TX4HF8741XTZ6ZZF,insa,220019,review
nfx_40DZBVCYV1TX4HF8741XTZ6ZZF,insa,47,review
nfx_40DZBVCYV1TX4HF8741XTZ6ZZF,insa,50800024,review
nfx_40DZBVCYV1TX4HF8741XTZ6ZZF,insa,50800032,review
nfx_40DZBVCYV1TX4HF8741XTZ6ZZF,insa,54,review
nfx_40RMQS410BV3DTDVTH8NHTBK5H,ciqual,25009,review
nfx_40RMQS410BV3DTDVTH8NHTBK5H,ciqual,25195,review
nfx_40RMQS410BV3DTDVTH8NHTBK5H,ciqual,25553,review
nfx_40RMQS410BV3DTDVTH8NHTBK5H,insa,371,review
nfx_40RMQS410BV3DTDVTH8NHTBK5H,insa,371,review
nfx_40RMQS410BV3DTDVTH8NHTBK5H,insa,371,review
nfx_410EB5R8T38Z5W37TF2GSXE5PS,ciqual,20219,review
nfx_410EB5R8T38Z5W37TF2GSXE5PS,ciqual,20219,review
nfx_410EB5R8T38Z5W37TF2GSXE5PS,ciqual,20219,review
nfx_410EB5R8T38Z5W37TF2GSXE5PS,ciqual,20219,review
nfx_410EB5R8T38Z5W37TF2GSXE5PS,insa,553,review
nfx_410EB5R8T38Z5W37TF2GSXE5PS,insa,561,review
nfx_410EB5R8T38Z5W37TF2GSXE5PS,insa,563,review
nfx_410EB5R8T38Z5W37TF2GSXE5PS,insa,566,review
nfx_413JHK944492WNBE6D3M6BF58Q,ciqual,6901,review
nfx_413JHK944492WNBE6D3M6BF58Q,ciqual,6907,review
nfx_413JHK944492WNBE6D3M6BF58Q,ciqual,6908,review
nfx_413JHK944492WNBE6D3M6BF58Q,insa,143,review
nfx_413JHK944492WNBE6D3M6BF58Q,insa,143,review
nfx_413JHK944492WNBE6D3M6BF58Q,insa,143,review
nfx_416DAJSCH0J7KDNKN8F089EQQ4,ciqual,23881,review
nfx_416DAJSCH0J7KDNKN8F089EQQ4,ciqual,7738,review
nfx_416DAJSCH0J7KDNKN8F089EQQ4,insa,482,review
nfx_416DAJSCH0J7KDNKN8F089EQQ4,insa,482,review
nfx_418TENQN3AP4NGBWX9DT01FPFE,ciqual,40006,review
nfx_418TENQN3AP4NGBWX9DT01FPFE,ciqual,40062,review
nfx_418TENQN3AP4NGBWX9DT01FPFE,ciqual,40104,review
nfx_418TENQN3AP4NGBWX9DT01FPFE,ciqual,40106,automatic
nfx_418TENQN3AP4NGBWX9DT01FPFE,ciqual,40107,review
nfx_418TENQN3AP4NGBWX9DT01FPFE,ciqual,40108,review
nfx_418TENQN3AP4NGBWX9DT01FPFE,ciqual,40304,review
nfx_418TENQN3AP4NGBWX9DT01FPFE,ciqual,40409,review
nfx_418TENQN3AP4NGBWX9DT01FPFE,ciqual,6510,review
nfx_418TENQN3AP4NGBWX9DT01FPFE,ciqual,6522,review
nfx_418TENQN3AP4NGBWX9DT01FPFE,ciqual,6540,review
nfx_418TENQN3AP4NGBWX9DT01FPFE,ciqual,6560,review
nfx_418TENQN3AP4NGBWX9DT01FPFE,ciqual,6580,review
nfx_418TENQN3AP4NGBWX9DT01FPFE,ciqual,8328,review
nfx_418TENQN3AP4NGBWX9DT01FPFE,insa,326,automatic
nfx_418TENQN3AP4NGBWX9DT01FPFE,insa,326,review
nfx_418TENQN3AP4NGBWX9DT01FPFE,insa,326,review
nfx_418TENQN3AP4NGBWX9DT01FPFE,insa,326,review
nfx_418TENQN3AP4NGBWX9DT01FPFE,insa,326,review
nfx_418TENQN3AP4NGBWX9DT01FPFE,insa,326,review
nfx_418TENQN3AP4NGBWX9DT01FPFE,insa,326,review
nfx_418TENQN3AP4NGBWX9DT01FPFE,insa,326,review
nfx_418TENQN3AP4NGBWX9DT01FPFE,insa,326,review
nfx_418TENQN3AP4NGBWX9DT01FPFE,insa,326,review
nfx_418TENQN3AP4NGBWX9DT01FPFE,insa,326,review
nfx_418TENQN3AP4NGBWX9DT01FPFE,insa,326,review
nfx_418TENQN3AP4NGBWX9DT01FPFE,insa,326,review
nfx_418TENQN3AP4NGBWX9DT01FPFE,insa,326,review
nfx_419076MQ2CBMGZHPNVS0M13K0V,ciqual,7100,review
nfx_419076MQ2CBMGZHPNVS0M13K0V,ciqual,7100,review
nfx_419076MQ2CBMGZHPNVS0M13K0V,ciqual,7100,review
nfx_419076MQ2CBMGZHPNVS0M13K0V,insa,18,review
nfx_419076MQ2CBMGZHPNVS0M13K0V,insa,426,review
nfx_419076MQ2CBMGZHPNVS0M13K0V,insa,433,review
nfx_41BDX8XZN26G4BXJHF09Z1CHDJ,ciqual,5000,review
nfx_41BDX8XZN26G4BXJHF09Z1CHDJ,ciqual,5001,review
nfx_41BDX8XZN26G4BXJHF09Z1CHDJ,ciqual,5004,review
nfx_41BDX8XZN26G4BXJHF09Z1CHDJ,insa,728,review
nfx_41BDX8XZN26G4BXJHF09Z1CHDJ,insa,728,review
nfx_41BDX8XZN26G4BXJHF09Z1CHDJ,insa,728,review
nfx_41BJ6M3VWSX7MK5EJ5GWSJDSJT,ciqual,28502,review
nfx_41BJ6M3VWSX7MK5EJ5GWSJDSJT,ciqual,28502,review
nfx_41BJ6M3VWSX7MK5EJ5GWSJDSJT,ciqual,28502,review
nfx_41BJ6M3VWSX7MK5EJ5GWSJDSJT,ciqual,28502,review
nfx_41BJ6M3VWSX7MK5EJ5GWSJDSJT,ciqual,28502,review
nfx_41BJ6M3VWSX7MK5EJ5GWSJDSJT,ciqual,28502,review
nfx_41BJ6M3VWSX7MK5EJ5GWSJDSJT,ciqual,28502,review
nfx_41BJ6M3VWSX7MK5EJ5GWSJDSJT,ciqual,28502,review
nfx_41BJ6M3VWSX7MK5EJ5GWSJDSJT,ciqual,28502,review
nfx_41BJ6M3VWSX7MK5EJ5GWSJDSJT,ciqual,28502,review
nfx_41BJ6M3VWSX7MK5EJ5GWSJDSJT,insa,1219,review
nfx_41BJ6M3VWSX7MK5EJ5GWSJDSJT,insa,1221,review
nfx_41BJ6M3VWSX7MK5EJ5GWSJDSJT,insa,1222,review
nfx_41BJ6M3VWSX7MK5EJ5GWSJDSJT,insa,152,review
nfx_41BJ6M3VWSX7MK5EJ5GWSJDSJT,insa,156,review
nfx_41BJ6M3VWSX7MK5EJ5GWSJDSJT,insa,308,review
nfx_41BJ6M3VWSX7MK5EJ5GWSJDSJT,insa,321,review
nfx_41BJ6M3VWSX7MK5EJ5GWSJDSJT,insa,334,review
nfx_41BJ6M3VWSX7MK5EJ5GWSJDSJT,insa,342,review
nfx_41BJ6M3VWSX7MK5EJ5GWSJDSJT,insa,70500004,review
nfx_41EHWB3EJ8SKZ4QQBDNK0PATY0,ciqual,23050,review
nfx_41EHWB3EJ8SKZ4QQBDNK0PATY0,ciqual,24000,review
nfx_41EHWB3EJ8SKZ4QQBDNK0PATY0,ciqual,24002,review
nfx_41EHWB3EJ8SKZ4QQBDNK0PATY0,ciqual,24009,review
nfx_41EHWB3EJ8SKZ4QQBDNK0PATY0,ciqual,24371,review
nfx_41EHWB3EJ8SKZ4QQBDNK0PATY0,ciqual,38106,review
nfx_41EHWB3EJ8SKZ4QQBDNK0PATY0,ciqual,38107,review
nfx_41EHWB3EJ8SKZ4QQBDNK0PATY0,ciqual,38399,review
nfx_41EHWB3EJ8SKZ4QQBDNK0PATY0,ciqual,38404,review
nfx_41EHWB3EJ8SKZ4QQBDNK0PATY0,ciqual,38405,review
nfx_41EHWB3EJ8SKZ4QQBDNK0PATY0,ciqual,38411,review
nfx_41EHWB3EJ8SKZ4QQBDNK0PATY0,ciqual,38420,review
nfx_41EHWB3EJ8SKZ4QQBDNK0PATY0,insa,463,review
nfx_41EHWB3EJ8SKZ4QQBDNK0PATY0,insa,463,review
nfx_41EHWB3EJ8SKZ4QQBDNK0PATY0,insa,463,review
nfx_41EHWB3EJ8SKZ4QQBDNK0PATY0,insa,463,review
nfx_41EHWB3EJ8SKZ4QQBDNK0PATY0,insa,463,review
nfx_41EHWB3EJ8SKZ4QQBDNK0PATY0,insa,463,review
nfx_41EHWB3EJ8SKZ4QQBDNK0PATY0,insa,463,review
nfx_41EHWB3EJ8SKZ4QQBDNK0PATY0,insa,463,review
nfx_41EHWB3EJ8SKZ4QQBDNK0PATY0,insa,463,review
nfx_41EHWB3EJ8SKZ4QQBDNK0PATY0,insa,463,review
nfx_41EHWB3EJ8SKZ4QQBDNK0PATY0,insa,463,review
nfx_41EHWB3EJ8SKZ4QQBDNK0PATY0,insa,463,review
nfx_41FRX8940YWMV0AH10SXC9G6K3,ciqual,36022,review
nfx_41FRX8940YWMV0AH10SXC9G6K3,insa,1900000007,review
nfx_423WBQP3F1FVYH1SXHG3WAXBAN,ciqual,28204,review
nfx_423WBQP3F1FVYH1SXHG3WAXBAN,ciqual,30152,review
nfx_423WBQP3F1FVYH1SXHG3WAXBAN,ciqual,40502,review
nfx_423WBQP3F1FVYH1SXHG3WAXBAN,ciqual,6001,review
nfx_423WBQP3F1FVYH1SXHG3WAXBAN,ciqual,6002,review
nfx_423WBQP3F1FVYH1SXHG3WAXBAN,ciqual,6003,review
nfx_423WBQP3F1FVYH1SXHG3WAXBAN,ciqual,6106,review
nfx_423WBQP3F1FVYH1SXHG3WAXBAN,ciqual,6111,review
nfx_423WBQP3F1FVYH1SXHG3WAXBAN,ciqual,6122,review
nfx_423WBQP3F1FVYH1SXHG3WAXBAN,ciqual,6140,review
nfx_423WBQP3F1FVYH1SXHG3WAXBAN,ciqual,6160,review
nfx_423WBQP3F1FVYH1SXHG3WAXBAN,ciqual,6201,review
nfx_423WBQP3F1FVYH1SXHG3WAXBAN,ciqual,6202,review
nfx_423WBQP3F1FVYH1SXHG3WAXBAN,ciqual,6204,review
nfx_423WBQP3F1FVYH1SXHG3WAXBAN,ciqual,6212,review
nfx_423WBQP3F1FVYH1SXHG3WAXBAN,ciqual,6231,review
nfx_423WBQP3F1FVYH1SXHG3WAXBAN,ciqual,6240,review
nfx_423WBQP3F1FVYH1SXHG3WAXBAN,ciqual,6270,review
nfx_423WBQP3F1FVYH1SXHG3WAXBAN,insa,195,review
nfx_423WBQP3F1FVYH1SXHG3WAXBAN,insa,195,review
nfx_423WBQP3F1FVYH1SXHG3WAXBAN,insa,195,review
nfx_423WBQP3F1FVYH1SXHG3WAXBAN,insa,195,review
nfx_423WBQP3F1FVYH1SXHG3WAXBAN,insa,195,review
nfx_423WBQP3F1FVYH1SXHG3WAXBAN,insa,195,review
nfx_423WBQP3F1FVYH1SXHG3WAXBAN,insa,195,review
nfx_423WBQP3F1FVYH1SXHG3WAXBAN,insa,195,review
nfx_423WBQP3F1FVYH1SXHG3WAXBAN,insa,195,review
nfx_423WBQP3F1FVYH1SXHG3WAXBAN,insa,195,review
nfx_423WBQP3F1FVYH1SXHG3WAXBAN,insa,195,review
nfx_423WBQP3F1FVYH1SXHG3WAXBAN,insa,195,review
nfx_423WBQP3F1FVYH1SXHG3WAXBAN,insa,195,review
nfx_423WBQP3F1FVYH1SXHG3WAXBAN,insa,195,review
nfx_423WBQP3F1FVYH1SXHG3WAXBAN,insa,195,review
nfx_423WBQP3F1FVYH1SXHG3WAXBAN,insa,195,review
nfx_423WBQP3F1FVYH1SXHG3WAXBAN,insa,195,review
nfx_423WBQP3F1FVYH1SXHG3WAXBAN,insa,195,review
nfx_42FH1RQNHQK0YSZ1CRWBG8MDSZ,ciqual,11017,review
nfx_42FH1RQNHQK0YSZ1CRWBG8MDSZ,ciqual,11044,review
nfx_42FH1RQNHQK0YSZ1CRWBG8MDSZ,ciqual,11082,review
nfx_42FH1RQNHQK0YSZ1CRWBG8MDSZ,ciqual,11083,review
nfx_42FH1RQNHQK0YSZ1CRWBG8MDSZ,insa,972,review
nfx_42FH1RQNHQK0YSZ1CRWBG8MDSZ,insa,972,review
nfx_42FH1RQNHQK0YSZ1CRWBG8MDSZ,insa,972,review
nfx_42FH1RQNHQK0YSZ1CRWBG8MDSZ,insa,972,review
nfx_42PNZ4G88S68A5RXZXVNN6SERN,ciqual,12038,review
nfx_42PNZ4G88S68A5RXZXVNN6SERN,ciqual,12052,review
nfx_42PNZ4G88S68A5RXZXVNN6SERN,ciqual,12059,review
nfx_42PNZ4G88S68A5RXZXVNN6SERN,ciqual,12111,review
nfx_42PNZ4G88S68A5RXZXVNN6SERN,ciqual,12121,review
nfx_42PNZ4G88S68A5RXZXVNN6SERN,ciqual,12300,review
nfx_42PNZ4G88S68A5RXZXVNN6SERN,ciqual,12524,review
nfx_42PNZ4G88S68A5RXZXVNN6SERN,ciqual,12716,review
nfx_42PNZ4G88S68A5RXZXVNN6SERN,ciqual,12999,review
nfx_42PNZ4G88S68A5RXZXVNN6SERN,ciqual,19584,review
nfx_42PNZ4G88S68A5RXZXVNN6SERN,ciqual,19585,review
nfx_42PNZ4G88S68A5RXZXVNN6SERN,ciqual,25444,review
nfx_42PNZ4G88S68A5RXZXVNN6SERN,ciqual,38501,review
nfx_42PNZ4G88S68A5RXZXVNN6SERN,insa,220019,review
nfx_42PNZ4G88S68A5RXZXVNN6SERN,insa,220019,review
nfx_42PNZ4G88S68A5RXZXVNN6SERN,insa,220019,review
nfx_42PNZ4G88S68A5RXZXVNN6SERN,insa,220019,review
nfx_42PNZ4G88S68A5RXZXVNN6SERN,insa,220019,review
nfx_42PNZ4G88S68A5RXZXVNN6SERN,insa,220019,review
nfx_42PNZ4G88S68A5RXZXVNN6SERN,insa,220019,review
nfx_42PNZ4G88S68A5RXZXVNN6SERN,insa,220019,review
nfx_42PNZ4G88S68A5RXZXVNN6SERN,insa,220019,review
nfx_42PNZ4G88S68A5RXZXVNN6SERN,insa,220019,review
nfx_42PNZ4G88S68A5RXZXVNN6SERN,insa,220019,review
nfx_42PNZ4G88S68A5RXZXVNN6SERN,insa,220019,review
nfx_42PNZ4G88S68A5RXZXVNN6SERN,insa,220019,review
nfx_42R54QCBHAVZ30A561YWQD805E,ciqual,6001,review
nfx_42R54QCBHAVZ30A561YWQD805E,ciqual,6003,review
nfx_42R54QCBHAVZ30A561YWQD805E,ciqual,6106,review
nfx_42R54QCBHAVZ30A561YWQD805E,ciqual,6111,review
nfx_42R54QCBHAVZ30A561YWQD805E,ciqual,6122,review
nfx_42R54QCBHAVZ30A561YWQD805E,ciqual,6140,review
nfx_42R54QCBHAVZ30A561YWQD805E,ciqual,6160,review
nfx_42R54QCBHAVZ30A561YWQD805E,ciqual,6201,review
nfx_42R54QCBHAVZ30A561YWQD805E,ciqual,6202,review
nfx_42R54QCBHAVZ30A561YWQD805E,ciqual,6204,review
nfx_42R54QCBHAVZ30A561YWQD805E,ciqual,6212,review
nfx_42R54QCBHAVZ30A561YWQD805E,ciqual,6270,review
nfx_42R54QCBHAVZ30A561YWQD805E,insa,217,review
nfx_42R54QCBHAVZ30A561YWQD805E,insa,217,review
nfx_42R54QCBHAVZ30A561YWQD805E,insa,217,review
nfx_42R54QCBHAVZ30A561YWQD805E,insa,217,review
nfx_42R54QCBHAVZ30A561YWQD805E,insa,217,review
nfx_42R54QCBHAVZ30A561YWQD805E,insa,217,review
nfx_42R54QCBHAVZ30A561YWQD805E,insa,217,review
nfx_42R54QCBHAVZ30A561YWQD805E,insa,217,review
nfx_42R54QCBHAVZ30A561YWQD805E,insa,217,review
nfx_42R54QCBHAVZ30A561YWQD805E,insa,217,review
nfx_42R54QCBHAVZ30A561YWQD805E,insa,217,review
nfx_42R54QCBHAVZ30A561YWQD805E,insa,217,review
nfx_42SJDSZ5YM7SYDCEW8S5VQYPGT,ciqual,76027,review
nfx_42SJDSZ5YM7SYDCEW8S5VQYPGT,ciqual,76027,review
nfx_42SJDSZ5YM7SYDCEW8S5VQYPGT,ciqual,76027,review
nfx_42SJDSZ5YM7SYDCEW8S5VQYPGT,insa,2,review
nfx_42SJDSZ5YM7SYDCEW8S5VQYPGT,insa,3,review
nfx_42SJDSZ5YM7SYDCEW8S5VQYPGT,insa,5,review
nfx_42ZAP774C060VX2VTDWD9ZX1DW,ciqual,23200,review
nfx_42ZAP774C060VX2VTDWD9ZX1DW,ciqual,23200,review
nfx_42ZAP774C060VX2VTDWD9ZX1DW,ciqual,23200,review
nfx_42ZAP774C060VX2VTDWD9ZX1DW,insa,18,review
nfx_42ZAP774C060VX2VTDWD9ZX1DW,insa,426,review
nfx_42ZAP774C060VX2VTDWD9ZX1DW,insa,427,review
nfx_42ZEMVF6YV68V1CEDR8AG9GBF2,ciqual,20132,review
nfx_42ZEMVF6YV68V1CEDR8AG9GBF2,insa,579,review
nfx_432BEAB6B0N6T0VK2KBAS4J3QX,ciqual,9313,review
nfx_432BEAB6B0N6T0VK2KBAS4J3QX,insa,444,review
nfx_43CC2VM6SV4JF6ARNE70H793T6,ciqual,18015,review
nfx_43CC2VM6SV4JF6ARNE70H793T6,ciqual,18023,review
nfx_43CC2VM6SV4JF6ARNE70H793T6,ciqual,18024,review
nfx_43CC2VM6SV4JF6ARNE70H793T6,ciqual,18026,review
nfx_43CC2VM6SV4JF6ARNE70H793T6,ciqual,18049,review
nfx_43CC2VM6SV4JF6ARNE70H793T6,ciqual,18064,review
nfx_43CC2VM6SV4JF6ARNE70H793T6,ciqual,18295,review
nfx_43CC2VM6SV4JF6ARNE70H793T6,ciqual,18304,review
nfx_43CC2VM6SV4JF6ARNE70H793T6,ciqual,18306,review
nfx_43CC2VM6SV4JF6ARNE70H793T6,ciqual,18309,review
nfx_43CC2VM6SV4JF6ARNE70H793T6,ciqual,18329,review
nfx_43CC2VM6SV4JF6ARNE70H793T6,ciqual,18348,review
nfx_43CC2VM6SV4JF6ARNE70H793T6,ciqual,18352,review
nfx_43CC2VM6SV4JF6ARNE70H793T6,ciqual,18356,review
nfx_43CC2VM6SV4JF6ARNE70H793T6,insa,764,review
nfx_43CC2VM6SV4JF6ARNE70H793T6,insa,764,review
nfx_43CC2VM6SV4JF6ARNE70H793T6,insa,764,review
nfx_43CC2VM6SV4JF6ARNE70H793T6,insa,764,review
nfx_43CC2VM6SV4JF6ARNE70H793T6,insa,764,review
nfx_43CC2VM6SV4JF6ARNE70H793T6,insa,764,review
nfx_43CC2VM6SV4JF6ARNE70H793T6,insa,764,review
nfx_43CC2VM6SV4JF6ARNE70H793T6,insa,764,review
nfx_43CC2VM6SV4JF6ARNE70H793T6,insa,764,review
nfx_43CC2VM6SV4JF6ARNE70H793T6,insa,764,review
nfx_43CC2VM6SV4JF6ARNE70H793T6,insa,764,review
nfx_43CC2VM6SV4JF6ARNE70H793T6,insa,764,review
nfx_43CC2VM6SV4JF6ARNE70H793T6,insa,764,review
nfx_43CC2VM6SV4JF6ARNE70H793T6,insa,764,review
nfx_43EVM0W7W62VE3FC49ZPVSF2XE,ciqual,11109,review
nfx_43EVM0W7W62VE3FC49ZPVSF2XE,insa,1229,review
nfx_43GKZ1T2D4YZMYY85E9P4M7ZA1,ciqual,20072,review
nfx_43GKZ1T2D4YZMYY85E9P4M7ZA1,ciqual,20084,review
nfx_43GKZ1T2D4YZMYY85E9P4M7ZA1,ciqual,20124,review
nfx_43GKZ1T2D4YZMYY85E9P4M7ZA1,ciqual,20173,review
nfx_43GKZ1T2D4YZMYY85E9P4M7ZA1,ciqual,20284,review
nfx_43GKZ1T2D4YZMYY85E9P4M7ZA1,insa,571,review
nfx_43GKZ1T2D4YZMYY85E9P4M7ZA1,insa,571,review
nfx_43GKZ1T2D4YZMYY85E9P4M7ZA1,insa,571,review
nfx_43GKZ1T2D4YZMYY85E9P4M7ZA1,insa,571,review
nfx_43GKZ1T2D4YZMYY85E9P4M7ZA1,insa,571,review
nfx_43JE7QDQSJBTMRPKPJ5MJKH6ZS,ciqual,21003,review
nfx_43JE7QDQSJBTMRPKPJ5MJKH6ZS,ciqual,28001,review
nfx_43JE7QDQSJBTMRPKPJ5MJKH6ZS,ciqual,28204,review
nfx_43JE7QDQSJBTMRPKPJ5MJKH6ZS,ciqual,6002,review
nfx_43JE7QDQSJBTMRPKPJ5MJKH6ZS,ciqual,6560,review
nfx_43JE7QDQSJBTMRPKPJ5MJKH6ZS,ciqual,6901,review
nfx_43JE7QDQSJBTMRPKPJ5MJKH6ZS,ciqual,6903,review
nfx_43JE7QDQSJBTMRPKPJ5MJKH6ZS,insa,142,review
nfx_43JE7QDQSJBTMRPKPJ5MJKH6ZS,insa,142,review
nfx_43JE7QDQSJBTMRPKPJ5MJKH6ZS,insa,142,review
nfx_43JE7QDQSJBTMRPKPJ5MJKH6ZS,insa,142,review
nfx_43JE7QDQSJBTMRPKPJ5MJKH6ZS,insa,142,review
nfx_43JE7QDQSJBTMRPKPJ5MJKH6ZS,insa,142,review
nfx_43JE7QDQSJBTMRPKPJ5MJKH6ZS,insa,142,review
nfx_43NVSFY3TX4EXV04WQ8DAFYB6D,ciqual,20305,review
nfx_43NVSFY3TX4EXV04WQ8DAFYB6D,insa,601,review
nfx_43R1FA8RT8G7B517TFWV6J2YK0,ciqual,24036,review
nfx_43R1FA8RT8G7B517TFWV6J2YK0,insa,465,review
nfx_43SRZCKWF39ED9WR0QQH20A13Y,ciqual,9322,review
nfx_43SRZCKWF39ED9WR0QQH20A13Y,ciqual,9341,review
nfx_43SRZCKWF39ED9WR0QQH20A13Y,insa,461,review
nfx_43SRZCKWF39ED9WR0QQH20A13Y,insa,461,review
nfx_4461MNHZRHX3QDGV64ZT0A9CZS,ciqual,20351,automatic
nfx_4461MNHZRHX3QDGV64ZT0A9CZS,ciqual,20351,review
nfx_4461MNHZRHX3QDGV64ZT0A9CZS,insa,550,review
nfx_4461MNHZRHX3QDGV64ZT0A9CZS,insa,551,automatic
nfx_4479VYG2H3FE6CBZF5CQBBMN5V,ciqual,20183,review
nfx_4479VYG2H3FE6CBZF5CQBBMN5V,insa,1900000022,review
nfx_447YMQGPXGP4RCQ0MT2FSP356H,ciqual,19671,review
nfx_447YMQGPXGP4RCQ0MT2FSP356H,insa,80,review
nfx_44EY6NA48RQER0CB3T13QAKJBW,ciqual,25903,review
nfx_44EY6NA48RQER0CB3T13QAKJBW,ciqual,25953,review
nfx_44EY6NA48RQER0CB3T13QAKJBW,ciqual,25967,review
nfx_44EY6NA48RQER0CB3T13QAKJBW,ciqual,25974,review
nfx_44EY6NA48RQER0CB3T13QAKJBW,insa,1109,review
nfx_44EY6NA48RQER0CB3T13QAKJBW,insa,1109,review
nfx_44EY6NA48RQER0CB3T13QAKJBW,insa,1109,review
nfx_44EY6NA48RQER0CB3T13QAKJBW,insa,1109,review
nfx_450F9QWN7AKMHNNE3PEY0YZ7ZG,ciqual,12059,review
nfx_450F9QWN7AKMHNNE3PEY0YZ7ZG,ciqual,12807,review
nfx_450F9QWN7AKMHNNE3PEY0YZ7ZG,ciqual,12810,review
nfx_450F9QWN7AKMHNNE3PEY0YZ7ZG,ciqual,12815,review
nfx_450F9QWN7AKMHNNE3PEY0YZ7ZG,ciqual,12831,review
nfx_450F9QWN7AKMHNNE3PEY0YZ7ZG,ciqual,12836,review
nfx_450F9QWN7AKMHNNE3PEY0YZ7ZG,ciqual,12846,review
nfx_450F9QWN7AKMHNNE3PEY0YZ7ZG,ciqual,12847,review
nfx_450F9QWN7AKMHNNE3PEY0YZ7ZG,ciqual,12848,review
nfx_450F9QWN7AKMHNNE3PEY0YZ7ZG,ciqual,12999,review
nfx_450F9QWN7AKMHNNE3PEY0YZ7ZG,insa,220022,review
nfx_450F9QWN7AKMHNNE3PEY0YZ7ZG,insa,220022,review
nfx_450F9QWN7AKMHNNE3PEY0YZ7ZG,insa,220022,review
nfx_450F9QWN7AKMHNNE3PEY0YZ7ZG,insa,220022,review
nfx_450F9QWN7AKMHNNE3PEY0YZ7ZG,insa,220022,review
nfx_450F9QWN7AKMHNNE3PEY0YZ7ZG,insa,220022,review
nfx_450F9QWN7AKMHNNE3PEY0YZ7ZG,insa,220022,review
nfx_450F9QWN7AKMHNNE3PEY0YZ7ZG,insa,220022,review
nfx_450F9QWN7AKMHNNE3PEY0YZ7ZG,insa,220022,review
nfx_450F9QWN7AKMHNNE3PEY0YZ7ZG,insa,220022,review
nfx_45284X11MNEJB12Q2N33N5WQJP,ciqual,30152,review
nfx_45284X11MNEJB12Q2N33N5WQJP,ciqual,40502,review
nfx_45284X11MNEJB12Q2N33N5WQJP,ciqual,6001,review
nfx_45284X11MNEJB12Q2N33N5WQJP,ciqual,6002,review
nfx_45284X11MNEJB12Q2N33N5WQJP,ciqual,6003,review
nfx_45284X11MNEJB12Q2N33N5WQJP,ciqual,6106,review
nfx_45284X11MNEJB12Q2N33N5WQJP,ciqual,6111,review
nfx_45284X11MNEJB12Q2N33N5WQJP,ciqual,6122,review
nfx_45284X11MNEJB12Q2N33N5WQJP,ciqual,6140,review
nfx_45284X11MNEJB12Q2N33N5WQJP,ciqual,6160,review
nfx_45284X11MNEJB12Q2N33N5WQJP,ciqual,6201,review
nfx_45284X11MNEJB12Q2N33N5WQJP,ciqual,6202,review
nfx_45284X11MNEJB12Q2N33N5WQJP,ciqual,6204,review
nfx_45284X11MNEJB12Q2N33N5WQJP,ciqual,6212,review
nfx_45284X11MNEJB12Q2N33N5WQJP,ciqual,6231,review
nfx_45284X11MNEJB12Q2N33N5WQJP,ciqual,6240,review
nfx_45284X11MNEJB12Q2N33N5WQJP,ciqual,6270,review
nfx_45284X11MNEJB12Q2N33N5WQJP,insa,198,review
nfx_45284X11MNEJB12Q2N33N5WQJP,insa,198,review
nfx_45284X11MNEJB12Q2N33N5WQJP,insa,198,review
nfx_45284X11MNEJB12Q2N33N5WQJP,insa,198,review
nfx_45284X11MNEJB12Q2N33N5WQJP,insa,198,review
nfx_45284X11MNEJB12Q2N33N5WQJP,insa,198,review
nfx_45284X11MNEJB12Q2N33N5WQJP,insa,198,review
nfx_45284X11MNEJB12Q2N33N5WQJP,insa,198,review
nfx_45284X11MNEJB12Q2N33N5WQJP,insa,198,review
nfx_45284X11MNEJB12Q2N33N5WQJP,insa,198,review
nfx_45284X11MNEJB12Q2N33N5WQJP,insa,198,review
nfx_45284X11MNEJB12Q2N33N5WQJP,insa,198,review
nfx_45284X11MNEJB12Q2N33N5WQJP,insa,198,review
nfx_45284X11MNEJB12Q2N33N5WQJP,insa,198,review
nfx_45284X11MNEJB12Q2N33N5WQJP,insa,198,review
nfx_45284X11MNEJB12Q2N33N5WQJP,insa,198,review
nfx_45284X11MNEJB12Q2N33N5WQJP,insa,198,review
nfx_455J0B3VC0N2Z0AS2ATNVTE3NB,ciqual,11182,review
nfx_455J0B3VC0N2Z0AS2ATNVTE3NB,insa,961,review
nfx_45EDPJTBJ07E0MQHWXTK3R0QYZ,ciqual,20094,review
nfx_45EDPJTBJ07E0MQHWXTK3R0QYZ,ciqual,20116,review
nfx_45EDPJTBJ07E0MQHWXTK3R0QYZ,ciqual,20308,review
nfx_45EDPJTBJ07E0MQHWXTK3R0QYZ,ciqual,20803,review
nfx_45EDPJTBJ07E0MQHWXTK3R0QYZ,insa,553,review
nfx_45EDPJTBJ07E0MQHWXTK3R0QYZ,insa,553,review
nfx_45EDPJTBJ07E0MQHWXTK3R0QYZ,insa,553,review
nfx_45EDPJTBJ07E0MQHWXTK3R0QYZ,insa,553,review
nfx_45K2EDGBS9QSZASCD1GRGPB6MV,ciqual,19676,review
nfx_45K2EDGBS9QSZASCD1GRGPB6MV,ciqual,19682,review
nfx_45K2EDGBS9QSZASCD1GRGPB6MV,insa,1920000008,review
nfx_45K2EDGBS9QSZASCD1GRGPB6MV,insa,1920000008,review
nfx_45KRABH9Z35EAK14M5Q5ZDX9JJ,ciqual,21500,review
nfx_45KRABH9Z35EAK14M5Q5ZDX9JJ,ciqual,21500,review
nfx_45KRABH9Z35EAK14M5Q5ZDX9JJ,ciqual,21500,review
nfx_45KRABH9Z35EAK14M5Q5ZDX9JJ,ciqual,21500,review
nfx_45KRABH9Z35EAK14M5Q5ZDX9JJ,ciqual,21500,review
nfx_45KRABH9Z35EAK14M5Q5ZDX9JJ,insa,102,review
nfx_45KRABH9Z35EAK14M5Q5ZDX9JJ,insa,113,review
nfx_45KRABH9Z35EAK14M5Q5ZDX9JJ,insa,152,review
nfx_45KRABH9Z35EAK14M5Q5ZDX9JJ,insa,223,review
nfx_45KRABH9Z35EAK14M5Q5ZDX9JJ,insa,96,review
nfx_45N5HQXKX17RQPNEN0KJDC855T,ciqual,27031,review
nfx_45N5HQXKX17RQPNEN0KJDC855T,insa,829,review
nfx_460H24RG44BR04HDFP7GZ5FASP,ciqual,19676,review
nfx_460H24RG44BR04HDFP7GZ5FASP,insa,1920000004,review
nfx_4619C034GAAPDQDG0TGCZCKD5A,ciqual,11210,review
nfx_4619C034GAAPDQDG0TGCZCKD5A,ciqual,11210,review
nfx_4619C034GAAPDQDG0TGCZCKD5A,ciqual,11210,review
nfx_4619C034GAAPDQDG0TGCZCKD5A,insa,1229,review
nfx_4619C034GAAPDQDG0TGCZCKD5A,insa,2120000007,review
nfx_4619C034GAAPDQDG0TGCZCKD5A,insa,933,review
nfx_4650HX1D05R6Z871WDDX7PG3TH,ciqual,7302,review
nfx_4650HX1D05R6Z871WDDX7PG3TH,ciqual,7302,review
nfx_4650HX1D05R6Z871WDDX7PG3TH,insa,440,review
nfx_4650HX1D05R6Z871WDDX7PG3TH,insa,441,review
nfx_46812JM2NE6X6NJ80BST86AK82,ciqual,19024,review
nfx_46812JM2NE6X6NJ80BST86AK82,insa,30,review
nfx_46B2FM37AG63VP435PE5VZMEZA,ciqual,20099,review
nfx_46B2FM37AG63VP435PE5VZMEZA,insa,1900000024,review
nfx_46FF4FQ3BX14262CEEDSSYSK41,ciqual,20072,review
nfx_46FF4FQ3BX14262CEEDSSYSK41,insa,550,review
nfx_46RQ4KKVM8C39JXMTHCFVP222N,ciqual,19225,review
nfx_46RQ4KKVM8C39JXMTHCFVP222N,ciqual,19225,review
nfx_46RQ4KKVM8C39JXMTHCFVP222N,insa,20,review
nfx_46RQ4KKVM8C39JXMTHCFVP222N,insa,37,review
nfx_47603KD7XY4WN5SW8C1J20GC66,ciqual,25081,review
nfx_47603KD7XY4WN5SW8C1J20GC66,ciqual,25081,review
nfx_47603KD7XY4WN5SW8C1J20GC66,insa,1027,review
nfx_47603KD7XY4WN5SW8C1J20GC66,insa,1153,review
nfx_476EWPQ3BB9GNK0A4BTCX5SMN3,ciqual,23103,review
nfx_476EWPQ3BB9GNK0A4BTCX5SMN3,insa,478,review
nfx_477D8R2SMWNW9R39YBEQ7QJ39C,ciqual,15025,review
nfx_477D8R2SMWNW9R39YBEQ7QJ39C,insa,709,review
nfx_479Q1A4A1ZA3PM2583N5BBNRF8,ciqual,40305,review
nfx_479Q1A4A1ZA3PM2583N5BBNRF8,ciqual,40305,review
nfx_479Q1A4A1ZA3PM2583N5BBNRF8,ciqual,40305,review
nfx_479Q1A4A1ZA3PM2583N5BBNRF8,insa,234,review
nfx_479Q1A4A1ZA3PM2583N5BBNRF8,insa,235,review
nfx_479Q1A4A1ZA3PM2583N5BBNRF8,insa,327,review
nfx_47RZC58B0AK05NTD87W5Y02PZE,ciqual,11214,review
nfx_47RZC58B0AK05NTD87W5Y02PZE,ciqual,20929,review
nfx_47RZC58B0AK05NTD87W5Y02PZE,ciqual,42200,review
nfx_47RZC58B0AK05NTD87W5Y02PZE,insa,2122000003,review
nfx_47RZC58B0AK05NTD87W5Y02PZE,insa,2122000003,review
nfx_47RZC58B0AK05NTD87W5Y02PZE,insa,2122000003,review
nfx_47VY6FGNXXHQ306DC3R1M4B1HD,ciqual,8010,review
nfx_47VY6FGNXXHQ306DC3R1M4B1HD,ciqual,8010,review
nfx_47VY6FGNXXHQ306DC3R1M4B1HD,ciqual,8010,review
nfx_47VY6FGNXXHQ306DC3R1M4B1HD,ciqual,8010,review
nfx_47VY6FGNXXHQ306DC3R1M4B1HD,ciqual,8010,review
nfx_47VY6FGNXXHQ306DC3R1M4B1HD,insa,1035,review
nfx_47VY6FGNXXHQ306DC3R1M4B1HD,insa,1216,review
nfx_47VY6FGNXXHQ306DC3R1M4B1HD,insa,1222,review
nfx_47VY6FGNXXHQ306DC3R1M4B1HD,insa,1231,review
nfx_47VY6FGNXXHQ306DC3R1M4B1HD,insa,2120000011,review
nfx_47WCB14K0697KEFDSQT2596EMN,ciqual,8328,review
nfx_47WCB14K0697KEFDSQT2596EMN,ciqual,8328,review
nfx_47WCB14K0697KEFDSQT2596EMN,insa,321,review
nfx_47WCB14K0697KEFDSQT2596EMN,insa,324,review
nfx_483ZV67MPQVAX2KC2KJYYFCTX5,ciqual,11140,review
nfx_483ZV67MPQVAX2KC2KJYYFCTX5,insa,931,review
nfx_48C8Y2KVD6X3AEHW5DZWG9YVN4,ciqual,17100,review
nfx_48C8Y2KVD6X3AEHW5DZWG9YVN4,ciqual,17100,review
nfx_48C8Y2KVD6X3AEHW5DZWG9YVN4,ciqual,17100,review
nfx_48C8Y2KVD6X3AEHW5DZWG9YVN4,ciqual,17100,review
nfx_48C8Y2KVD6X3AEHW5DZWG9YVN4,ciqual,17100,review
nfx_48C8Y2KVD6X3AEHW5DZWG9YVN4,ciqual,17100,review
nfx_48C8Y2KVD6X3AEHW5DZWG9YVN4,insa,1900000092,review
nfx_48C8Y2KVD6X3AEHW5DZWG9YVN4,insa,2120000009,review
nfx_48C8Y2KVD6X3AEHW5DZWG9YVN4,insa,389,review
nfx_48C8Y2KVD6X3AEHW5DZWG9YVN4,insa,392,review
nfx_48C8Y2KVD6X3AEHW5DZWG9YVN4,insa,393,review
nfx_48C8Y2KVD6X3AEHW5DZWG9YVN4,insa,394,review
nfx_48DKDY9QK3AHJQVVH5YSZ5CVSA,ciqual,32140,automatic
nfx_48DKDY9QK3AHJQVVH5YSZ5CVSA,insa,444,automatic
nfx_48EW5NAC7WQEYBC9JD19K1DJJ7,ciqual,25088,review
nfx_48EW5NAC7WQEYBC9JD19K1DJJ7,ciqual,25204,review
nfx_48EW5NAC7WQEYBC9JD19K1DJJ7,insa,1097,review
nfx_48EW5NAC7WQEYBC9JD19K1DJJ7,insa,1097,review
nfx_48N4R1PF1ZRTEEJ5164G0DT386,ciqual,21502,review
nfx_48N4R1PF1ZRTEEJ5164G0DT386,insa,1147,review
nfx_48QEWPA7ZTTWV9WMNPRX29G72C,ciqual,12999,review
nfx_48QEWPA7ZTTWV9WMNPRX29G72C,ciqual,19501,review
nfx_48QEWPA7ZTTWV9WMNPRX29G72C,ciqual,19644,review
nfx_48QEWPA7ZTTWV9WMNPRX29G72C,ciqual,19711,review
nfx_48QEWPA7ZTTWV9WMNPRX29G72C,insa,220007,review
nfx_48QEWPA7ZTTWV9WMNPRX29G72C,insa,220007,review
nfx_48QEWPA7ZTTWV9WMNPRX29G72C,insa,220007,review
nfx_48QEWPA7ZTTWV9WMNPRX29G72C,insa,220007,review
nfx_48QQRG5MC8QVHV669HV2AAAK5Z,ciqual,19555,review
nfx_48QQRG5MC8QVHV669HV2AAAK5Z,insa,2122000009,review
nfx_48RFC55GBGDCVKD9ZV7XVED9PT,ciqual,17270,review
nfx_48RFC55GBGDCVKD9ZV7XVED9PT,insa,395,review
nfx_48SXG2D6MYA01FA1C5NHHXBK89,ciqual,12052,review
nfx_48SXG2D6MYA01FA1C5NHHXBK89,ciqual,12052,review
nfx_48SXG2D6MYA01FA1C5NHHXBK89,ciqual,12052,review
nfx_48SXG2D6MYA01FA1C5NHHXBK89,ciqual,12052,review
nfx_48SXG2D6MYA01FA1C5NHHXBK89,ciqual,12052,review
nfx_48SXG2D6MYA01FA1C5NHHXBK89,ciqual,12052,review
nfx_48SXG2D6MYA01FA1C5NHHXBK89,insa,220009,review
nfx_48SXG2D6MYA01FA1C5NHHXBK89,insa,37,review
nfx_48SXG2D6MYA01FA1C5NHHXBK89,insa,47,review
nfx_48SXG2D6MYA01FA1C5NHHXBK89,insa,50800024,review
nfx_48SXG2D6MYA01FA1C5NHHXBK89,insa,50800032,review
nfx_48SXG2D6MYA01FA1C5NHHXBK89,insa,54,review
nfx_48T5GQA04CPY7BWVV5NR8ESYHC,ciqual,12006,review
nfx_48T5GQA04CPY7BWVV5NR8ESYHC,ciqual,12006,review
nfx_48T5GQA04CPY7BWVV5NR8ESYHC,insa,20,review
nfx_48T5GQA04CPY7BWVV5NR8ESYHC,insa,48,review
nfx_48YZBKA7XD1SPEDAC2Z9APTM6N,ciqual,36003,review
nfx_48YZBKA7XD1SPEDAC2Z9APTM6N,ciqual,36003,review
nfx_48YZBKA7XD1SPEDAC2Z9APTM6N,insa,1900000007,review
nfx_48YZBKA7XD1SPEDAC2Z9APTM6N,insa,70500004,review
nfx_4932G57VDVVPSS9KZMCSNR9FCV,ciqual,20114,review
nfx_4932G57VDVVPSS9KZMCSNR9FCV,insa,250029,review
nfx_4958NNCATV0JEKTA3SMJKRJ767,ciqual,76058,review
nfx_4958NNCATV0JEKTA3SMJKRJ767,ciqual,76058,review
nfx_4958NNCATV0JEKTA3SMJKRJ767,ciqual,76058,review
nfx_4958NNCATV0JEKTA3SMJKRJ767,insa,2,review
nfx_4958NNCATV0JEKTA3SMJKRJ767,insa,3,review
nfx_4958NNCATV0JEKTA3SMJKRJ767,insa,5,review
nfx_496BAZVAG1ANSHZ5VKWPH60V1A,ciqual,12519,review
nfx_496BAZVAG1ANSHZ5VKWPH60V1A,insa,220009,review
nfx_49E6SM4QSW9X6J4N12CGJTNBEB,ciqual,40203,review
nfx_49E6SM4QSW9X6J4N12CGJTNBEB,ciqual,40203,review
nfx_49E6SM4QSW9X6J4N12CGJTNBEB,ciqual,40203,review
nfx_49E6SM4QSW9X6J4N12CGJTNBEB,insa,199,review
nfx_49E6SM4QSW9X6J4N12CGJTNBEB,insa,318,review
nfx_49E6SM4QSW9X6J4N12CGJTNBEB,insa,330,review
nfx_49PCV2MWQKQNE7RGWJMGGD1QEE,ciqual,15021,review
nfx_49PCV2MWQKQNE7RGWJMGGD1QEE,insa,1900000093,review
nfx_49PGCJRMG47EYFMM52KQ1JDRE7,ciqual,17640,review
nfx_49PGCJRMG47EYFMM52KQ1JDRE7,ciqual,17640,review
nfx_49PGCJRMG47EYFMM52KQ1JDRE7,ciqual,17640,review
nfx_49PGCJRMG47EYFMM52KQ1JDRE7,ciqual,17640,review
nfx_49PGCJRMG47EYFMM52KQ1JDRE7,ciqual,17640,review
nfx_49PGCJRMG47EYFMM52KQ1JDRE7,insa,2120000009,review
nfx_49PGCJRMG47EYFMM52KQ1JDRE7,insa,389,review
nfx_49PGCJRMG47EYFMM52KQ1JDRE7,insa,392,review
nfx_49PGCJRMG47EYFMM52KQ1JDRE7,insa,393,review
nfx_49PGCJRMG47EYFMM52KQ1JDRE7,insa,394,review
nfx_49QZ8B8AWXMD70RTYR9KPK9QCT,ciqual,26237,review
nfx_49QZ8B8AWXMD70RTYR9KPK9QCT,insa,826,review
nfx_49RJ9814P3VE4W004690Q14N20,ciqual,21508,review
nfx_49RJ9814P3VE4W004690Q14N20,ciqual,21516,review
nfx_49RJ9814P3VE4W004690Q14N20,ciqual,21521,review
nfx_49RJ9814P3VE4W004690Q14N20,ciqual,21522,review
nfx_49RJ9814P3VE4W004690Q14N20,ciqual,21523,review
nfx_49RJ9814P3VE4W004690Q14N20,ciqual,40059,review
nfx_49RJ9814P3VE4W004690Q14N20,ciqual,40103,review
nfx_49RJ9814P3VE4W004690Q14N20,insa,102,review
nfx_49RJ9814P3VE4W004690Q14N20,insa,102,review
nfx_49RJ9814P3VE4W004690Q14N20,insa,102,review
nfx_49RJ9814P3VE4W004690Q14N20,insa,102,review
nfx_49RJ9814P3VE4W004690Q14N20,insa,102,review
nfx_49RJ9814P3VE4W004690Q14N20,insa,102,review
nfx_49RJ9814P3VE4W004690Q14N20,insa,102,review
nfx_49Y2TJQR6JNQXFE4MC9G5108NW,ciqual,2054,review
nfx_49Y2TJQR6JNQXFE4MC9G5108NW,ciqual,2054,review
nfx_49Y2TJQR6JNQXFE4MC9G5108NW,insa,750,review
nfx_49Y2TJQR6JNQXFE4MC9G5108NW,insa,754,review
nfx_4A0CZD96Q8J81WARDGP0F946CC,ciqual,10079,review
nfx_4A0CZD96Q8J81WARDGP0F946CC,insa,917,review
nfx_4A13DH52FQE7JM5QTJT6VPGHWW,ciqual,15046,review
nfx_4A13DH52FQE7JM5QTJT6VPGHWW,insa,1900000049,review
nfx_4A5HH6A7MREZ9RTHY6RHKHFXHK,ciqual,21515,review
nfx_4A5HH6A7MREZ9RTHY6RHKHFXHK,insa,96,review
nfx_4A8BG1QCBQV7PE8N47XBTH43QG,ciqual,28001,review
nfx_4A8BG1QCBQV7PE8N47XBTH43QG,ciqual,28002,review
nfx_4A8BG1QCBQV7PE8N47XBTH43QG,ciqual,28100,review
nfx_4A8BG1QCBQV7PE8N47XBTH43QG,ciqual,28104,review
nfx_4A8BG1QCBQV7PE8N47XBTH43QG,ciqual,28204,review
nfx_4A8BG1QCBQV7PE8N47XBTH43QG,ciqual,28300,review
nfx_4A8BG1QCBQV7PE8N47XBTH43QG,ciqual,28400,review
nfx_4A8BG1QCBQV7PE8N47XBTH43QG,ciqual,28460,review
nfx_4A8BG1QCBQV7PE8N47XBTH43QG,ciqual,28470,review
nfx_4A8BG1QCBQV7PE8N47XBTH43QG,ciqual,28474,review
nfx_4A8BG1QCBQV7PE8N47XBTH43QG,ciqual,28477,review
nfx_4A8BG1QCBQV7PE8N47XBTH43QG,ciqual,40005,review
nfx_4A8BG1QCBQV7PE8N47XBTH43QG,ciqual,40060,review
nfx_4A8BG1QCBQV7PE8N47XBTH43QG,ciqual,40104,review
nfx_4A8BG1QCBQV7PE8N47XBTH43QG,ciqual,40106,review
nfx_4A8BG1QCBQV7PE8N47XBTH43QG,ciqual,40108,review
nfx_4A8BG1QCBQV7PE8N47XBTH43QG,ciqual,40205,review
nfx_4A8BG1QCBQV7PE8N47XBTH43QG,ciqual,40404,review
nfx_4A8BG1QCBQV7PE8N47XBTH43QG,ciqual,8120,review
nfx_4A8BG1QCBQV7PE8N47XBTH43QG,ciqual,8300,review
nfx_4A8BG1QCBQV7PE8N47XBTH43QG,ciqual,8313,review
nfx_4A8BG1QCBQV7PE8N47XBTH43QG,insa,321,review
nfx_4A8BG1QCBQV7PE8N47XBTH43QG,insa,321,review
nfx_4A8BG1QCBQV7PE8N47XBTH43QG,insa,321,review
nfx_4A8BG1QCBQV7PE8N47XBTH43QG,insa,321,review
nfx_4A8BG1QCBQV7PE8N47XBTH43QG,insa,321,review
nfx_4A8BG1QCBQV7PE8N47XBTH43QG,insa,321,review
nfx_4A8BG1QCBQV7PE8N47XBTH43QG,insa,321,review
nfx_4A8BG1QCBQV7PE8N47XBTH43QG,insa,321,review
nfx_4A8BG1QCBQV7PE8N47XBTH43QG,insa,321,review
nfx_4A8BG1QCBQV7PE8N47XBTH43QG,insa,321,review
nfx_4A8BG1QCBQV7PE8N47XBTH43QG,insa,321,review
nfx_4A8BG1QCBQV7PE8N47XBTH43QG,insa,321,review
nfx_4A8BG1QCBQV7PE8N47XBTH43QG,insa,321,review
nfx_4A8BG1QCBQV7PE8N47XBTH43QG,insa,321,review
nfx_4A8BG1QCBQV7PE8N47XBTH43QG,insa,321,review
nfx_4A8BG1QCBQV7PE8N47XBTH43QG,insa,321,review
nfx_4A8BG1QCBQV7PE8N47XBTH43QG,insa,321,review
nfx_4A8BG1QCBQV7PE8N47XBTH43QG,insa,321,review
nfx_4A8BG1QCBQV7PE8N47XBTH43QG,insa,321,review
nfx_4A8BG1QCBQV7PE8N47XBTH43QG,insa,321,review
nfx_4A8BG1QCBQV7PE8N47XBTH43QG,insa,321,review
nfx_4AAHKEFZ47TMS5P5VV3WFXGE20,ciqual,7351,review
nfx_4AAHKEFZ47TMS5P5VV3WFXGE20,ciqual,7351,review
nfx_4AAHKEFZ47TMS5P5VV3WFXGE20,ciqual,7351,review
nfx_4AAHKEFZ47TMS5P5VV3WFXGE20,ciqual,7351,review
nfx_4AAHKEFZ47TMS5P5VV3WFXGE20,ciqual,7351,review
nfx_4AAHKEFZ47TMS5P5VV3WFXGE20,insa,1900000075,review
nfx_4AAHKEFZ47TMS5P5VV3WFXGE20,insa,230003,review
nfx_4AAHKEFZ47TMS5P5VV3WFXGE20,insa,414,review
nfx_4AAHKEFZ47TMS5P5VV3WFXGE20,insa,415,review
nfx_4AAHKEFZ47TMS5P5VV3WFXGE20,insa,440,review
nfx_4AEFSQ0XF3CW3W12CHTF1QY486,ciqual,9410,review
nfx_4AEFSQ0XF3CW3W12CHTF1QY486,ciqual,9410,review
nfx_4AEFSQ0XF3CW3W12CHTF1QY486,ciqual,9410,review
nfx_4AEFSQ0XF3CW3W12CHTF1QY486,ciqual,9410,review
nfx_4AEFSQ0XF3CW3W12CHTF1QY486,insa,230003,review
nfx_4AEFSQ0XF3CW3W12CHTF1QY486,insa,413,review
nfx_4AEFSQ0XF3CW3W12CHTF1QY486,insa,414,review
nfx_4AEFSQ0XF3CW3W12CHTF1QY486,insa,415,review
nfx_4AFB6NSFBT92223W6VBFRNMQM4,ciqual,12716,review
nfx_4AFB6NSFBT92223W6VBFRNMQM4,ciqual,12716,review
nfx_4AFB6NSFBT92223W6VBFRNMQM4,ciqual,12716,review
nfx_4AFB6NSFBT92223W6VBFRNMQM4,ciqual,12716,review
nfx_4AFB6NSFBT92223W6VBFRNMQM4,ciqual,12716,review
nfx_4AFB6NSFBT92223W6VBFRNMQM4,ciqual,12716,review
nfx_4AFB6NSFBT92223W6VBFRNMQM4,insa,220009,review
nfx_4AFB6NSFBT92223W6VBFRNMQM4,insa,37,review
nfx_4AFB6NSFBT92223W6VBFRNMQM4,insa,47,review
nfx_4AFB6NSFBT92223W6VBFRNMQM4,insa,50800024,review
nfx_4AFB6NSFBT92223W6VBFRNMQM4,insa,50800032,review
nfx_4AFB6NSFBT92223W6VBFRNMQM4,insa,54,review
nfx_4AMJYH7GWMWAQ6DEYR9XJ3SKCK,ciqual,20288,review
nfx_4AMJYH7GWMWAQ6DEYR9XJ3SKCK,ciqual,20288,review
nfx_4AMJYH7GWMWAQ6DEYR9XJ3SKCK,insa,1900000024,review
nfx_4AMJYH7GWMWAQ6DEYR9XJ3SKCK,insa,584,review
nfx_4AR7GS2K4DHF73KZKC43V358A9,ciqual,23050,review
nfx_4AR7GS2K4DHF73KZKC43V358A9,ciqual,23050,review
nfx_4AR7GS2K4DHF73KZKC43V358A9,ciqual,23050,review
nfx_4AR7GS2K4DHF73KZKC43V358A9,ciqual,23050,review
nfx_4AR7GS2K4DHF73KZKC43V358A9,ciqual,23050,review
nfx_4AR7GS2K4DHF73KZKC43V358A9,ciqual,23050,review
nfx_4AR7GS2K4DHF73KZKC43V358A9,ciqual,23050,review
nfx_4AR7GS2K4DHF73KZKC43V358A9,insa,455,review
nfx_4AR7GS2K4DHF73KZKC43V358A9,insa,459,review
nfx_4AR7GS2K4DHF73KZKC43V358A9,insa,460,review
nfx_4AR7GS2K4DHF73KZKC43V358A9,insa,469,review
nfx_4AR7GS2K4DHF73KZKC43V358A9,insa,473,review
nfx_4AR7GS2K4DHF73KZKC43V358A9,insa,474,review
nfx_4AR7GS2K4DHF73KZKC43V358A9,insa,478,review
nfx_4AW59PSMV6C9V0C4YY3BYA31VY,ciqual,2010,review
nfx_4AW59PSMV6C9V0C4YY3BYA31VY,ciqual,2043,review
nfx_4AW59PSMV6C9V0C4YY3BYA31VY,ciqual,2045,review
nfx_4AW59PSMV6C9V0C4YY3BYA31VY,ciqual,2060,review
nfx_4AW59PSMV6C9V0C4YY3BYA31VY,ciqual,2365,review
nfx_4AW59PSMV6C9V0C4YY3BYA31VY,ciqual,2370,review
nfx_4AW59PSMV6C9V0C4YY3BYA31VY,ciqual,2371,review
nfx_4AW59PSMV6C9V0C4YY3BYA31VY,insa,754,review
nfx_4AW59PSMV6C9V0C4YY3BYA31VY,insa,754,review
nfx_4AW59PSMV6C9V0C4YY3BYA31VY,insa,754,review
nfx_4AW59PSMV6C9V0C4YY3BYA31VY,insa,754,review
nfx_4AW59PSMV6C9V0C4YY3BYA31VY,insa,754,review
nfx_4AW59PSMV6C9V0C4YY3BYA31VY,insa,754,review
nfx_4AW59PSMV6C9V0C4YY3BYA31VY,insa,754,review
nfx_4B80NGKWR9KZWFMZVCZ8WRMVAW,ciqual,12848,review
nfx_4B80NGKWR9KZWFMZVCZ8WRMVAW,ciqual,12848,review
nfx_4B80NGKWR9KZWFMZVCZ8WRMVAW,insa,19,review
nfx_4B80NGKWR9KZWFMZVCZ8WRMVAW,insa,220004,review
nfx_4B9FPC9B5CT5A4WJN5PWD9NN5B,ciqual,6002,review
nfx_4B9FPC9B5CT5A4WJN5PWD9NN5B,ciqual,6002,review
nfx_4B9FPC9B5CT5A4WJN5PWD9NN5B,ciqual,6002,review
nfx_4B9FPC9B5CT5A4WJN5PWD9NN5B,ciqual,6002,review
nfx_4B9FPC9B5CT5A4WJN5PWD9NN5B,ciqual,6002,review
nfx_4B9FPC9B5CT5A4WJN5PWD9NN5B,ciqual,6002,review
nfx_4B9FPC9B5CT5A4WJN5PWD9NN5B,ciqual,6002,review
nfx_4B9FPC9B5CT5A4WJN5PWD9NN5B,ciqual,6002,review
nfx_4B9FPC9B5CT5A4WJN5PWD9NN5B,insa,196,review
nfx_4B9FPC9B5CT5A4WJN5PWD9NN5B,insa,2120000002,review
nfx_4B9FPC9B5CT5A4WJN5PWD9NN5B,insa,2120000003,review
nfx_4B9FPC9B5CT5A4WJN5PWD9NN5B,insa,293,review
nfx_4B9FPC9B5CT5A4WJN5PWD9NN5B,insa,317,review
nfx_4B9FPC9B5CT5A4WJN5PWD9NN5B,insa,324,review
nfx_4B9FPC9B5CT5A4WJN5PWD9NN5B,insa,330,review
nfx_4B9FPC9B5CT5A4WJN5PWD9NN5B,insa,98,review
nfx_4BB5Y70XWJGWQ846A5R0TG4JB0,ciqual,19593,review
nfx_4BB5Y70XWJGWQ846A5R0TG4JB0,ciqual,19593,review
nfx_4BB5Y70XWJGWQ846A5R0TG4JB0,ciqual,19593,review
nfx_4BB5Y70XWJGWQ846A5R0TG4JB0,insa,1900000067,review
nfx_4BB5Y70XWJGWQ846A5R0TG4JB0,insa,1920000010,review
nfx_4BB5Y70XWJGWQ846A5R0TG4JB0,insa,1920000011,review
nfx_4BHA0WZ4SFGKSP851H23A25Z19,ciqual,20030,review
nfx_4BHA0WZ4SFGKSP851H23A25Z19,insa,578,review
nfx_4BJ6BDZ3XEWYVYWNMDQ6GKFW02,ciqual,26210,review
nfx_4BJ6BDZ3XEWYVYWNMDQ6GKFW02,insa,902,review
nfx_4BPKQPDEFV8XMPC1G4ZTP55A8G,ciqual,40056,review
nfx_4BPKQPDEFV8XMPC1G4ZTP55A8G,ciqual,40056,review
nfx_4BPKQPDEFV8XMPC1G4ZTP55A8G,insa,1900000007,review
nfx_4BPKQPDEFV8XMPC1G4ZTP55A8G,insa,318,review
nfx_4CC4JCW12SF3F8FQRE3B9HSTVM,ciqual,76000,review
nfx_4CC4JCW12SF3F8FQRE3B9HSTVM,ciqual,76000,review
nfx_4CC4JCW12SF3F8FQRE3B9HSTVM,ciqual,76000,review
nfx_4CC4JCW12SF3F8FQRE3B9HSTVM,insa,2,review
nfx_4CC4JCW12SF3F8FQRE3B9HSTVM,insa,3,review
nfx_4CC4JCW12SF3F8FQRE3B9HSTVM,insa,5,review
nfx_4CJ025M3P436T8SXF8P1TR6FNZ,ciqual,19676,review
nfx_4CJ025M3P436T8SXF8P1TR6FNZ,ciqual,19682,review
nfx_4CJ025M3P436T8SXF8P1TR6FNZ,insa,1920000009,review
nfx_4CJ025M3P436T8SXF8P1TR6FNZ,insa,1920000009,review
nfx_4CM5X0FQY6JYAPM158F073BTYN,ciqual,25958,review
nfx_4CM5X0FQY6JYAPM158F073BTYN,insa,781,review
nfx_4CV4YDRHWZV6S6V1GJJ0WVQVSF,ciqual,2365,review
nfx_4CV4YDRHWZV6S6V1GJJ0WVQVSF,insa,750,review
nfx_4CYJFJRDKXYNQVZJCEPA7TNZ89,ciqual,9435,review
nfx_4CYJFJRDKXYNQVZJCEPA7TNZ89,ciqual,9440,review
nfx_4CYJFJRDKXYNQVZJCEPA7TNZ89,ciqual,9445,review
nfx_4CYJFJRDKXYNQVZJCEPA7TNZ89,ciqual,9520,review
nfx_4CYJFJRDKXYNQVZJCEPA7TNZ89,ciqual,9532,review
nfx_4CYJFJRDKXYNQVZJCEPA7TNZ89,ciqual,9540,review
nfx_4CYJFJRDKXYNQVZJCEPA7TNZ89,insa,414,review
nfx_4CYJFJRDKXYNQVZJCEPA7TNZ89,insa,414,review
nfx_4CYJFJRDKXYNQVZJCEPA7TNZ89,insa,414,review
nfx_4CYJFJRDKXYNQVZJCEPA7TNZ89,insa,414,review
nfx_4CYJFJRDKXYNQVZJCEPA7TNZ89,insa,414,review
nfx_4CYJFJRDKXYNQVZJCEPA7TNZ89,insa,414,review
nfx_4CYM7W97JEEYGM10PQ4CYKSMHZ,ciqual,23023,review
nfx_4CYM7W97JEEYGM10PQ4CYKSMHZ,ciqual,23023,review
nfx_4CYM7W97JEEYGM10PQ4CYKSMHZ,ciqual,23023,review
nfx_4CYM7W97JEEYGM10PQ4CYKSMHZ,insa,473,review
nfx_4CYM7W97JEEYGM10PQ4CYKSMHZ,insa,474,review
nfx_4CYM7W97JEEYGM10PQ4CYKSMHZ,insa,478,review
nfx_4CYXCG1E4N44Z08J2A4B8C3E5D,ciqual,21006,review
nfx_4CYXCG1E4N44Z08J2A4B8C3E5D,ciqual,21006,review
nfx_4CYXCG1E4N44Z08J2A4B8C3E5D,ciqual,21006,review
nfx_4CYXCG1E4N44Z08J2A4B8C3E5D,insa,332,review
nfx_4CYXCG1E4N44Z08J2A4B8C3E5D,insa,96,review
nfx_4CYXCG1E4N44Z08J2A4B8C3E5D,insa,98,review
nfx_4D2KCW087DH1E4MPVCC369E9ZH,ciqual,20136,review
nfx_4D2KCW087DH1E4MPVCC369E9ZH,insa,579,review
nfx_4DFK6BX3R6Z566VPZP701P4D49,ciqual,16128,review
nfx_4DFK6BX3R6Z566VPZP701P4D49,ciqual,16150,review
nfx_4DFK6BX3R6Z566VPZP701P4D49,ciqual,17170,review
nfx_4DFK6BX3R6Z566VPZP701P4D49,ciqual,17180,automatic
nfx_4DFK6BX3R6Z566VPZP701P4D49,ciqual,17190,review
nfx_4DFK6BX3R6Z566VPZP701P4D49,ciqual,17220,review
nfx_4DFK6BX3R6Z566VPZP701P4D49,ciqual,17400,review
nfx_4DFK6BX3R6Z566VPZP701P4D49,ciqual,17645,review
nfx_4DFK6BX3R6Z566VPZP701P4D49,ciqual,17650,review
nfx_4DFK6BX3R6Z566VPZP701P4D49,ciqual,17800,review
nfx_4DFK6BX3R6Z566VPZP701P4D49,insa,2120000009,automatic
nfx_4DFK6BX3R6Z566VPZP701P4D49,insa,2120000009,review
nfx_4DFK6BX3R6Z566VPZP701P4D49,insa,2120000009,review
nfx_4DFK6BX3R6Z566VPZP701P4D49,insa,2120000009,review
nfx_4DFK6BX3R6Z566VPZP701P4D49,insa,2120000009,review
nfx_4DFK6BX3R6Z566VPZP701P4D49,insa,2120000009,review
nfx_4DFK6BX3R6Z566VPZP701P4D49,insa,2120000009,review
nfx_4DFK6BX3R6Z566VPZP701P4D49,insa,2120000009,review
nfx_4DFK6BX3R6Z566VPZP701P4D49,insa,2120000009,review
nfx_4DFK6BX3R6Z566VPZP701P4D49,insa,2120000009,review
nfx_4DSDNXD37T34KXN8XBN1Y03FZ4,ciqual,25908,review
nfx_4DSDNXD37T34KXN8XBN1Y03FZ4,insa,783,review
nfx_4E37CS1NFNZ82GSSMVH6SZF4XR,ciqual,32140,review
nfx_4E37CS1NFNZ82GSSMVH6SZF4XR,ciqual,9480,review
nfx_4E37CS1NFNZ82GSSMVH6SZF4XR,ciqual,9520,review
nfx_4E37CS1NFNZ82GSSMVH6SZF4XR,ciqual,9532,review
nfx_4E37CS1NFNZ82GSSMVH6SZF4XR,ciqual,9540,review
nfx_4E37CS1NFNZ82GSSMVH6SZF4XR,insa,1900000071,review
nfx_4E37CS1NFNZ82GSSMVH6SZF4XR,insa,1900000071,review
nfx_4E37CS1NFNZ82GSSMVH6SZF4XR,insa,1900000071,review
nfx_4E37CS1NFNZ82GSSMVH6SZF4XR,insa,1900000071,review
nfx_4E37CS1NFNZ82GSSMVH6SZF4XR,insa,1900000071,review
nfx_4E40J415MY605B0TAAM37HA4H5,ciqual,25088,review
nfx_4E40J415MY605B0TAAM37HA4H5,ciqual,25088,review
nfx_4E40J415MY605B0TAAM37HA4H5,ciqual,25088,review
nfx_4E40J415MY605B0TAAM37HA4H5,ciqual,25088,review
nfx_4E40J415MY605B0TAAM37HA4H5,ciqual,25088,review
nfx_4E40J415MY605B0TAAM37HA4H5,ciqual,25088,review
nfx_4E40J415MY605B0TAAM37HA4H5,ciqual,25088,review
nfx_4E40J415MY605B0TAAM37HA4H5,ciqual,25088,review
nfx_4E40J415MY605B0TAAM37HA4H5,ciqual,25088,review
nfx_4E40J415MY605B0TAAM37HA4H5,ciqual,25088,review
nfx_4E40J415MY605B0TAAM37HA4H5,ciqual,25088,review
nfx_4E40J415MY605B0TAAM37HA4H5,ciqual,25088,review
nfx_4E40J415MY605B0TAAM37HA4H5,insa,1058,review
nfx_4E40J415MY605B0TAAM37HA4H5,insa,1060,review
nfx_4E40J415MY605B0TAAM37HA4H5,insa,1064,review
nfx_4E40J415MY605B0TAAM37HA4H5,insa,1065,review
nfx_4E40J415MY605B0TAAM37HA4H5,insa,1087,review
nfx_4E40J415MY605B0TAAM37HA4H5,insa,1090,review
nfx_4E40J415MY605B0TAAM37HA4H5,insa,1091,review
nfx_4E40J415MY605B0TAAM37HA4H5,insa,1093,review
nfx_4E40J415MY605B0TAAM37HA4H5,insa,1096,review
nfx_4E40J415MY605B0TAAM37HA4H5,insa,1099,review
nfx_4E40J415MY605B0TAAM37HA4H5,insa,404,review
nfx_4E40J415MY605B0TAAM37HA4H5,insa,958,review
nfx_4E77PDXWJ1PBWX1T2FQM154NDR,ciqual,28472,review
nfx_4E77PDXWJ1PBWX1T2FQM154NDR,ciqual,28472,review
nfx_4E77PDXWJ1PBWX1T2FQM154NDR,ciqual,28472,review
nfx_4E77PDXWJ1PBWX1T2FQM154NDR,ciqual,28472,review
nfx_4E77PDXWJ1PBWX1T2FQM154NDR,ciqual,28472,review
nfx_4E77PDXWJ1PBWX1T2FQM154NDR,insa,1219,review
nfx_4E77PDXWJ1PBWX1T2FQM154NDR,insa,1222,review
nfx_4E77PDXWJ1PBWX1T2FQM154NDR,insa,152,review
nfx_4E77PDXWJ1PBWX1T2FQM154NDR,insa,156,review
nfx_4E77PDXWJ1PBWX1T2FQM154NDR,insa,342,review
nfx_4E9QPFHCCRXZHXTAFXAAGGDX28,ciqual,28540,review
nfx_4E9QPFHCCRXZHXTAFXAAGGDX28,insa,1221,review
nfx_4EF9YFGKM5SH5S8BAK579BY1RG,ciqual,6560,review
nfx_4EF9YFGKM5SH5S8BAK579BY1RG,ciqual,6560,review
nfx_4EF9YFGKM5SH5S8BAK579BY1RG,ciqual,6560,review
nfx_4EF9YFGKM5SH5S8BAK579BY1RG,ciqual,6560,review
nfx_4EF9YFGKM5SH5S8BAK579BY1RG,ciqual,6560,review
nfx_4EF9YFGKM5SH5S8BAK579BY1RG,insa,2120000005,review
nfx_4EF9YFGKM5SH5S8BAK579BY1RG,insa,222,review
nfx_4EF9YFGKM5SH5S8BAK579BY1RG,insa,223,review
nfx_4EF9YFGKM5SH5S8BAK579BY1RG,insa,320,review
nfx_4EF9YFGKM5SH5S8BAK579BY1RG,insa,98,review
nfx_4EGS2SMX1ZGJTAYGHHHJ38VP0W,ciqual,40108,review
nfx_4EGS2SMX1ZGJTAYGHHHJ38VP0W,insa,324,review
nfx_4ER9QBA1WJWM33FSFXM3BF4QZK,ciqual,16128,review
nfx_4ER9QBA1WJWM33FSFXM3BF4QZK,ciqual,17170,review
nfx_4ER9QBA1WJWM33FSFXM3BF4QZK,ciqual,17180,review
nfx_4ER9QBA1WJWM33FSFXM3BF4QZK,ciqual,17190,review
nfx_4ER9QBA1WJWM33FSFXM3BF4QZK,ciqual,17220,review
nfx_4ER9QBA1WJWM33FSFXM3BF4QZK,ciqual,17645,review
nfx_4ER9QBA1WJWM33FSFXM3BF4QZK,ciqual,17650,review
nfx_4ER9QBA1WJWM33FSFXM3BF4QZK,ciqual,17800,review
nfx_4ER9QBA1WJWM33FSFXM3BF4QZK,insa,1900000092,review
nfx_4ER9QBA1WJWM33FSFXM3BF4QZK,insa,1900000092,review
nfx_4ER9QBA1WJWM33FSFXM3BF4QZK,insa,1900000092,review
nfx_4ER9QBA1WJWM33FSFXM3BF4QZK,insa,1900000092,review
nfx_4ER9QBA1WJWM33FSFXM3BF4QZK,insa,1900000092,review
nfx_4ER9QBA1WJWM33FSFXM3BF4QZK,insa,1900000092,review
nfx_4ER9QBA1WJWM33FSFXM3BF4QZK,insa,1900000092,review
nfx_4ER9QBA1WJWM33FSFXM3BF4QZK,insa,1900000092,review
nfx_4FC7ZMDC9RED40VMMD9HSM3SHB,ciqual,20072,review
nfx_4FC7ZMDC9RED40VMMD9HSM3SHB,ciqual,20072,review
nfx_4FC7ZMDC9RED40VMMD9HSM3SHB,ciqual,20072,review
nfx_4FC7ZMDC9RED40VMMD9HSM3SHB,insa,1900000026,review
nfx_4FC7ZMDC9RED40VMMD9HSM3SHB,insa,608,review
nfx_4FC7ZMDC9RED40VMMD9HSM3SHB,insa,7,review
nfx_4FWEP3M7Q2KRKS12W9CBGD6RVX,ciqual,23030,review
nfx_4FWEP3M7Q2KRKS12W9CBGD6RVX,ciqual,23030,review
nfx_4FWEP3M7Q2KRKS12W9CBGD6RVX,ciqual,23030,review
nfx_4FWEP3M7Q2KRKS12W9CBGD6RVX,insa,473,review
nfx_4FWEP3M7Q2KRKS12W9CBGD6RVX,insa,474,review
nfx_4FWEP3M7Q2KRKS12W9CBGD6RVX,insa,478,review
nfx_4G25AE1GSBVEDW6FG8EPNRQZA8,ciqual,20159,review
nfx_4G25AE1GSBVEDW6FG8EPNRQZA8,insa,250028,review
nfx_4G4247BKA41C4TYW973RC77Q6Y,ciqual,19200,review
nfx_4G4247BKA41C4TYW973RC77Q6Y,ciqual,19200,review
nfx_4G4247BKA41C4TYW973RC77Q6Y,ciqual,19200,review
nfx_4G4247BKA41C4TYW973RC77Q6Y,ciqual,19200,review
nfx_4G4247BKA41C4TYW973RC77Q6Y,insa,1233,review
nfx_4G4247BKA41C4TYW973RC77Q6Y,insa,19,review
nfx_4G4247BKA41C4TYW973RC77Q6Y,insa,1900000062,review
nfx_4G4247BKA41C4TYW973RC77Q6Y,insa,27,review
nfx_4G55P3TRHES5H5CRB0P7GTP2Q6,ciqual,10001,automatic
nfx_4G55P3TRHES5H5CRB0P7GTP2Q6,insa,914,automatic
nfx_4G9NGJ702Y8478NBRJ08KRV122,ciqual,11002,review
nfx_4G9NGJ702Y8478NBRJ08KRV122,insa,1195,review
nfx_4GAX84X9056W4ZBT0NQ1SVC1DG,ciqual,13623,review
nfx_4GAX84X9056W4ZBT0NQ1SVC1DG,insa,648,review
nfx_4GD7FYGG29BYGF43P9ER07QEBT,ciqual,19201,review
nfx_4GD7FYGG29BYGF43P9ER07QEBT,ciqual,19201,review
nfx_4GD7FYGG29BYGF43P9ER07QEBT,ciqual,19201,review
nfx_4GD7FYGG29BYGF43P9ER07QEBT,insa,19,review
nfx_4GD7FYGG29BYGF43P9ER07QEBT,insa,1900000063,review
nfx_4GD7FYGG29BYGF43P9ER07QEBT,insa,27,review
nfx_4GMBV3H1JMCZABHGWZA0BNGM6W,ciqual,15001,review
nfx_4GMBV3H1JMCZABHGWZA0BNGM6W,insa,699,review
nfx_4GP8RN6NA3BW5D6PDF81XPB5MZ,ciqual,17190,review
nfx_4GP8RN6NA3BW5D6PDF81XPB5MZ,ciqual,17190,review
nfx_4GP8RN6NA3BW5D6PDF81XPB5MZ,ciqual,17190,review
nfx_4GP8RN6NA3BW5D6PDF81XPB5MZ,ciqual,17190,review
nfx_4GP8RN6NA3BW5D6PDF81XPB5MZ,insa,389,review
nfx_4GP8RN6NA3BW5D6PDF81XPB5MZ,insa,392,review
nfx_4GP8RN6NA3BW5D6PDF81XPB5MZ,insa,393,review
nfx_4GP8RN6NA3BW5D6PDF81XPB5MZ,insa,394,review
nfx_4GV6370Q2549JBG2667D1TY27H,ciqual,20257,review
nfx_4GV6370Q2549JBG2667D1TY27H,insa,250027,review
nfx_4H1N0XC20VQK1VQZGP9CSYGVFP,ciqual,12833,review
nfx_4H1N0XC20VQK1VQZGP9CSYGVFP,insa,19,review
nfx_4H6YZND7M67PTHBJ4082FD9WBD,ciqual,28461,review
nfx_4H6YZND7M67PTHBJ4082FD9WBD,ciqual,28461,review
nfx_4H6YZND7M67PTHBJ4082FD9WBD,insa,157,review
nfx_4H6YZND7M67PTHBJ4082FD9WBD,insa,2120000011,review
nfx_4HCS5290PBT0FHZ0Z2CCWJSQDX,ciqual,25901,review
nfx_4HCS5290PBT0FHZ0Z2CCWJSQDX,ciqual,25950,review
nfx_4HCS5290PBT0FHZ0Z2CCWJSQDX,insa,783,review
nfx_4HCS5290PBT0FHZ0Z2CCWJSQDX,insa,783,review
nfx_4HHYAYWQCPQT97SXM8TYC77PWY,ciqual,20915,review
nfx_4HHYAYWQCPQT97SXM8TYC77PWY,ciqual,7349,review
nfx_4HHYAYWQCPQT97SXM8TYC77PWY,ciqual,7402,review
nfx_4HHYAYWQCPQT97SXM8TYC77PWY,ciqual,7419,review
nfx_4HHYAYWQCPQT97SXM8TYC77PWY,insa,435,review
nfx_4HHYAYWQCPQT97SXM8TYC77PWY,insa,435,review
nfx_4HHYAYWQCPQT97SXM8TYC77PWY,insa,435,review
nfx_4HHYAYWQCPQT97SXM8TYC77PWY,insa,435,review
nfx_4HN95XQ4GA43TSCKDQDQ9CQPS5,ciqual,23497,review
nfx_4HN95XQ4GA43TSCKDQDQ9CQPS5,ciqual,23585,review
nfx_4HN95XQ4GA43TSCKDQDQ9CQPS5,ciqual,23852,review
nfx_4HN95XQ4GA43TSCKDQDQ9CQPS5,ciqual,24038,review
nfx_4HN95XQ4GA43TSCKDQDQ9CQPS5,ciqual,24371,review
nfx_4HN95XQ4GA43TSCKDQDQ9CQPS5,ciqual,24657,review
nfx_4HN95XQ4GA43TSCKDQDQ9CQPS5,ciqual,31093,review
nfx_4HN95XQ4GA43TSCKDQDQ9CQPS5,ciqual,31115,review
nfx_4HN95XQ4GA43TSCKDQDQ9CQPS5,ciqual,32131,review
nfx_4HN95XQ4GA43TSCKDQDQ9CQPS5,ciqual,7730,review
nfx_4HN95XQ4GA43TSCKDQDQ9CQPS5,ciqual,7735,review
nfx_4HN95XQ4GA43TSCKDQDQ9CQPS5,insa,498,review
nfx_4HN95XQ4GA43TSCKDQDQ9CQPS5,insa,498,review
nfx_4HN95XQ4GA43TSCKDQDQ9CQPS5,insa,498,review
nfx_4HN95XQ4GA43TSCKDQDQ9CQPS5,insa,498,review
nfx_4HN95XQ4GA43TSCKDQDQ9CQPS5,insa,498,review
nfx_4HN95XQ4GA43TSCKDQDQ9CQPS5,insa,498,review
nfx_4HN95XQ4GA43TSCKDQDQ9CQPS5,insa,498,review
nfx_4HN95XQ4GA43TSCKDQDQ9CQPS5,insa,498,review
nfx_4HN95XQ4GA43TSCKDQDQ9CQPS5,insa,498,review
nfx_4HN95XQ4GA43TSCKDQDQ9CQPS5,insa,498,review
nfx_4HN95XQ4GA43TSCKDQDQ9CQPS5,insa,498,review
nfx_4HT5ZWB818Y0BNSK1DYYFR892G,ciqual,24687,review
nfx_4HT5ZWB818Y0BNSK1DYYFR892G,insa,465,review
nfx_4HXHZ4TJ95ZVBPTRTZZK91R397,ciqual,4003,review
nfx_4HXHZ4TJ95ZVBPTRTZZK91R397,ciqual,4007,review
nfx_4HXHZ4TJ95ZVBPTRTZZK91R397,ciqual,4014,review
nfx_4HXHZ4TJ95ZVBPTRTZZK91R397,ciqual,4021,review
nfx_4HXHZ4TJ95ZVBPTRTZZK91R397,ciqual,4025,review
nfx_4HXHZ4TJ95ZVBPTRTZZK91R397,ciqual,4026,review
nfx_4HXHZ4TJ95ZVBPTRTZZK91R397,ciqual,4029,review
nfx_4HXHZ4TJ95ZVBPTRTZZK91R397,ciqual,4035,review
nfx_4HXHZ4TJ95ZVBPTRTZZK91R397,ciqual,4047,review
nfx_4HXHZ4TJ95ZVBPTRTZZK91R397,insa,586,review
nfx_4HXHZ4TJ95ZVBPTRTZZK91R397,insa,586,review
nfx_4HXHZ4TJ95ZVBPTRTZZK91R397,insa,586,review
nfx_4HXHZ4TJ95ZVBPTRTZZK91R397,insa,586,review
nfx_4HXHZ4TJ95ZVBPTRTZZK91R397,insa,586,review
nfx_4HXHZ4TJ95ZVBPTRTZZK91R397,insa,586,review
nfx_4HXHZ4TJ95ZVBPTRTZZK91R397,insa,586,review
nfx_4HXHZ4TJ95ZVBPTRTZZK91R397,insa,586,review
nfx_4HXHZ4TJ95ZVBPTRTZZK91R397,insa,586,review
nfx_4JJ8CFCV4JYGXDH3PXB20B7VH5,ciqual,25609,review
nfx_4JJ8CFCV4JYGXDH3PXB20B7VH5,insa,589,review
nfx_4JQBEKYQKM2A763Z0T97BYDCRF,ciqual,23033,review
nfx_4JQBEKYQKM2A763Z0T97BYDCRF,insa,478,review
nfx_4JQHW8KZSS30DMN2TRDT69Q70Y,ciqual,11070,review
nfx_4JQHW8KZSS30DMN2TRDT69Q70Y,insa,1227,review
nfx_4JTBGQD3Z2BTFQKJNAA32B13FS,ciqual,19590,review
nfx_4JTBGQD3Z2BTFQKJNAA32B13FS,insa,1224,review
nfx_4JZ1Y7B8KTVJZC28MBVMKCEYMF,ciqual,2073,automatic
nfx_4JZ1Y7B8KTVJZC28MBVMKCEYMF,ciqual,2073,review
nfx_4JZ1Y7B8KTVJZC28MBVMKCEYMF,insa,736,automatic
nfx_4JZ1Y7B8KTVJZC28MBVMKCEYMF,insa,739,review
nfx_4JZJWQ8VK1ZQBMFGNTJVNH5MWC,ciqual,1005,review
nfx_4JZJWQ8VK1ZQBMFGNTJVNH5MWC,insa,731,review
nfx_4KAZ5S1NJ66MFM1Q1JWMKKEBKW,ciqual,8083,review
nfx_4KAZ5S1NJ66MFM1Q1JWMKKEBKW,insa,881,review
nfx_4KE8K8591SYRGFSDQVPJ0ZVZEW,ciqual,24000,review
nfx_4KE8K8591SYRGFSDQVPJ0ZVZEW,ciqual,24002,review
nfx_4KE8K8591SYRGFSDQVPJ0ZVZEW,ciqual,24009,review
nfx_4KE8K8591SYRGFSDQVPJ0ZVZEW,ciqual,24015,review
nfx_4KE8K8591SYRGFSDQVPJ0ZVZEW,ciqual,24018,review
nfx_4KE8K8591SYRGFSDQVPJ0ZVZEW,ciqual,24038,review
nfx_4KE8K8591SYRGFSDQVPJ0ZVZEW,ciqual,24049,review
nfx_4KE8K8591SYRGFSDQVPJ0ZVZEW,ciqual,24371,review
nfx_4KE8K8591SYRGFSDQVPJ0ZVZEW,ciqual,24657,review
nfx_4KE8K8591SYRGFSDQVPJ0ZVZEW,ciqual,24660,review
nfx_4KE8K8591SYRGFSDQVPJ0ZVZEW,ciqual,38106,review
nfx_4KE8K8591SYRGFSDQVPJ0ZVZEW,ciqual,38107,review
nfx_4KE8K8591SYRGFSDQVPJ0ZVZEW,ciqual,38399,review
nfx_4KE8K8591SYRGFSDQVPJ0ZVZEW,ciqual,38404,review
nfx_4KE8K8591SYRGFSDQVPJ0ZVZEW,ciqual,38405,review
nfx_4KE8K8591SYRGFSDQVPJ0ZVZEW,ciqual,38411,review
nfx_4KE8K8591SYRGFSDQVPJ0ZVZEW,ciqual,38420,review
nfx_4KE8K8591SYRGFSDQVPJ0ZVZEW,insa,459,review
nfx_4KE8K8591SYRGFSDQVPJ0ZVZEW,insa,459,review
nfx_4KE8K8591SYRGFSDQVPJ0ZVZEW,insa,459,review
nfx_4KE8K8591SYRGFSDQVPJ0ZVZEW,insa,459,review
nfx_4KE8K8591SYRGFSDQVPJ0ZVZEW,insa,459,review
nfx_4KE8K8591SYRGFSDQVPJ0ZVZEW,insa,459,review
nfx_4KE8K8591SYRGFSDQVPJ0ZVZEW,insa,459,review
nfx_4KE8K8591SYRGFSDQVPJ0ZVZEW,insa,459,review
nfx_4KE8K8591SYRGFSDQVPJ0ZVZEW,insa,459,review
nfx_4KE8K8591SYRGFSDQVPJ0ZVZEW,insa,459,review
nfx_4KE8K8591SYRGFSDQVPJ0ZVZEW,insa,459,review
nfx_4KE8K8591SYRGFSDQVPJ0ZVZEW,insa,459,review
nfx_4KE8K8591SYRGFSDQVPJ0ZVZEW,insa,459,review
nfx_4KE8K8591SYRGFSDQVPJ0ZVZEW,insa,459,review
nfx_4KE8K8591SYRGFSDQVPJ0ZVZEW,insa,459,review
nfx_4KE8K8591SYRGFSDQVPJ0ZVZEW,insa,459,review
nfx_4KE8K8591SYRGFSDQVPJ0ZVZEW,insa,459,review
nfx_4KG4X3CZ7QYX4HTMSBGGV4PRPG,ciqual,7349,review
nfx_4KG4X3CZ7QYX4HTMSBGGV4PRPG,ciqual,7402,review
nfx_4KG4X3CZ7QYX4HTMSBGGV4PRPG,ciqual,7419,review
nfx_4KG4X3CZ7QYX4HTMSBGGV4PRPG,insa,436,review
nfx_4KG4X3CZ7QYX4HTMSBGGV4PRPG,insa,436,review
nfx_4KG4X3CZ7QYX4HTMSBGGV4PRPG,insa,436,review
nfx_4KRFTTGATFY4E3T6J8BBKH7NHJ,ciqual,38107,review
nfx_4KRFTTGATFY4E3T6J8BBKH7NHJ,ciqual,38107,review
nfx_4KRFTTGATFY4E3T6J8BBKH7NHJ,ciqual,38107,review
nfx_4KRFTTGATFY4E3T6J8BBKH7NHJ,ciqual,38107,review
nfx_4KRFTTGATFY4E3T6J8BBKH7NHJ,ciqual,38107,review
nfx_4KRFTTGATFY4E3T6J8BBKH7NHJ,ciqual,38107,review
nfx_4KRFTTGATFY4E3T6J8BBKH7NHJ,insa,455,review
nfx_4KRFTTGATFY4E3T6J8BBKH7NHJ,insa,456,review
nfx_4KRFTTGATFY4E3T6J8BBKH7NHJ,insa,460,review
nfx_4KRFTTGATFY4E3T6J8BBKH7NHJ,insa,465,review
nfx_4KRFTTGATFY4E3T6J8BBKH7NHJ,insa,469,review
nfx_4KRFTTGATFY4E3T6J8BBKH7NHJ,insa,474,review
nfx_4KV3X28P27V9DRPSB7P5J45A0Z,ciqual,32000,review
nfx_4KV3X28P27V9DRPSB7P5J45A0Z,insa,431,review
nfx_4KYRVE7FYBV86WPCP9Y5Q5EG93,ciqual,20320,review
nfx_4KYRVE7FYBV86WPCP9Y5Q5EG93,insa,578,review
nfx_4M0Q4ZP7SMWSJWKJ3V84TZYQ87,ciqual,9621,review
nfx_4M0Q4ZP7SMWSJWKJ3V84TZYQ87,insa,1900000075,review
nfx_4M3W3FRGE4FSSFQC78B2B2J3D0,ciqual,76070,review
nfx_4M3W3FRGE4FSSFQC78B2B2J3D0,ciqual,76070,review
nfx_4M3W3FRGE4FSSFQC78B2B2J3D0,ciqual,76070,review
nfx_4M3W3FRGE4FSSFQC78B2B2J3D0,insa,2,review
nfx_4M3W3FRGE4FSSFQC78B2B2J3D0,insa,3,review
nfx_4M3W3FRGE4FSSFQC78B2B2J3D0,insa,5,review
nfx_4M8KC178G0GNQSGJGXRQCHQQ5N,ciqual,4023,review
nfx_4M8KC178G0GNQSGJGXRQCHQQ5N,insa,585,review
nfx_4MF2X7RAJ60HWY7SYGF2JTSF73,ciqual,20516,review
nfx_4MF2X7RAJ60HWY7SYGF2JTSF73,ciqual,20516,review
nfx_4MF2X7RAJ60HWY7SYGF2JTSF73,ciqual,20516,review
nfx_4MF2X7RAJ60HWY7SYGF2JTSF73,ciqual,20516,review
nfx_4MF2X7RAJ60HWY7SYGF2JTSF73,ciqual,20516,review
nfx_4MF2X7RAJ60HWY7SYGF2JTSF73,insa,525,review
nfx_4MF2X7RAJ60HWY7SYGF2JTSF73,insa,569,review
nfx_4MF2X7RAJ60HWY7SYGF2JTSF73,insa,570,review
nfx_4MF2X7RAJ60HWY7SYGF2JTSF73,insa,573,review
nfx_4MF2X7RAJ60HWY7SYGF2JTSF73,insa,574,review
nfx_4MH8M6CN7R8SR1VEF1VMTP5374,ciqual,76054,review
nfx_4MH8M6CN7R8SR1VEF1VMTP5374,ciqual,76054,review
nfx_4MH8M6CN7R8SR1VEF1VMTP5374,ciqual,76054,review
nfx_4MH8M6CN7R8SR1VEF1VMTP5374,insa,2,review
nfx_4MH8M6CN7R8SR1VEF1VMTP5374,insa,3,review
nfx_4MH8M6CN7R8SR1VEF1VMTP5374,insa,5,review
nfx_4MJ80FBZ13GPQC2J7BVPC39EZN,ciqual,12305,review
nfx_4MJ80FBZ13GPQC2J7BVPC39EZN,ciqual,12999,review
nfx_4MJ80FBZ13GPQC2J7BVPC39EZN,insa,220005,review
nfx_4MJ80FBZ13GPQC2J7BVPC39EZN,insa,220005,review
nfx_4MJP5VCSWPFS02DDD5D479ZAW2,ciqual,20308,review
nfx_4MJP5VCSWPFS02DDD5D479ZAW2,ciqual,20308,review
nfx_4MJP5VCSWPFS02DDD5D479ZAW2,ciqual,20308,review
nfx_4MJP5VCSWPFS02DDD5D479ZAW2,insa,552,review
nfx_4MJP5VCSWPFS02DDD5D479ZAW2,insa,561,review
nfx_4MJP5VCSWPFS02DDD5D479ZAW2,insa,563,review
nfx_4MKJD1J1V4M3YPTFHT8XVA3Z4K,ciqual,19041,review
nfx_4MKJD1J1V4M3YPTFHT8XVA3Z4K,insa,1900000062,review
nfx_4MNE2DWEG9TJ7QN3DC7SZTJAEW,ciqual,40205,review
nfx_4MNE2DWEG9TJ7QN3DC7SZTJAEW,ciqual,40205,review
nfx_4MNE2DWEG9TJ7QN3DC7SZTJAEW,ciqual,40205,review
nfx_4MNE2DWEG9TJ7QN3DC7SZTJAEW,ciqual,40205,review
nfx_4MNE2DWEG9TJ7QN3DC7SZTJAEW,ciqual,40205,review
nfx_4MNE2DWEG9TJ7QN3DC7SZTJAEW,ciqual,40205,review
nfx_4MNE2DWEG9TJ7QN3DC7SZTJAEW,ciqual,40205,review
nfx_4MNE2DWEG9TJ7QN3DC7SZTJAEW,ciqual,40205,review
nfx_4MNE2DWEG9TJ7QN3DC7SZTJAEW,ciqual,40205,review
nfx_4MNE2DWEG9TJ7QN3DC7SZTJAEW,insa,1219,review
nfx_4MNE2DWEG9TJ7QN3DC7SZTJAEW,insa,1221,review
nfx_4MNE2DWEG9TJ7QN3DC7SZTJAEW,insa,1222,review
nfx_4MNE2DWEG9TJ7QN3DC7SZTJAEW,insa,152,review
nfx_4MNE2DWEG9TJ7QN3DC7SZTJAEW,insa,156,review
nfx_4MNE2DWEG9TJ7QN3DC7SZTJAEW,insa,2120000011,review
nfx_4MNE2DWEG9TJ7QN3DC7SZTJAEW,insa,330,review
nfx_4MNE2DWEG9TJ7QN3DC7SZTJAEW,insa,334,review
nfx_4MNE2DWEG9TJ7QN3DC7SZTJAEW,insa,70500004,review
nfx_4MQRRSXFZVFEHX180T8VR40YT8,ciqual,12059,review
nfx_4MQRRSXFZVFEHX180T8VR40YT8,ciqual,12059,review
nfx_4MQRRSXFZVFEHX180T8VR40YT8,ciqual,12059,review
nfx_4MQRRSXFZVFEHX180T8VR40YT8,ciqual,12059,review
nfx_4MQRRSXFZVFEHX180T8VR40YT8,ciqual,12059,review
nfx_4MQRRSXFZVFEHX180T8VR40YT8,ciqual,12059,review
nfx_4MQRRSXFZVFEHX180T8VR40YT8,insa,220004,review
nfx_4MQRRSXFZVFEHX180T8VR40YT8,insa,220009,review
nfx_4MQRRSXFZVFEHX180T8VR40YT8,insa,47,review
nfx_4MQRRSXFZVFEHX180T8VR40YT8,insa,50800024,review
nfx_4MQRRSXFZVFEHX180T8VR40YT8,insa,50800032,review
nfx_4MQRRSXFZVFEHX180T8VR40YT8,insa,54,review
nfx_4MW1DZ6ZFJD89WCQRPF7TK0N6A,ciqual,4043,review
nfx_4MW1DZ6ZFJD89WCQRPF7TK0N6A,insa,585,review
nfx_4N5EDE6G0YNYWPC1GZVN9QN1G3,ciqual,4047,review
nfx_4N5EDE6G0YNYWPC1GZVN9QN1G3,ciqual,4047,review
nfx_4N5EDE6G0YNYWPC1GZVN9QN1G3,insa,585,review
nfx_4N5EDE6G0YNYWPC1GZVN9QN1G3,insa,589,review
nfx_4N5KP3D9FBYSQNN0PG1RJPARN5,ciqual,21505,review
nfx_4N5KP3D9FBYSQNN0PG1RJPARN5,insa,98,review
nfx_4N5RGYM0DN42BKW2TR0KDQJW2M,ciqual,19676,review
nfx_4N5RGYM0DN42BKW2TR0KDQJW2M,ciqual,19676,review
nfx_4N5RGYM0DN42BKW2TR0KDQJW2M,ciqual,19676,review
nfx_4N5RGYM0DN42BKW2TR0KDQJW2M,insa,1900000102,review
nfx_4N5RGYM0DN42BKW2TR0KDQJW2M,insa,1920000007,review
nfx_4N5RGYM0DN42BKW2TR0KDQJW2M,insa,78,review
nfx_4N7GETT3GR9XD5SWKMJKAAV73H,ciqual,76074,review
nfx_4N7GETT3GR9XD5SWKMJKAAV73H,ciqual,76074,review
nfx_4N7GETT3GR9XD5SWKMJKAAV73H,ciqual,76074,review
nfx_4N7GETT3GR9XD5SWKMJKAAV73H,insa,2,review
nfx_4N7GETT3GR9XD5SWKMJKAAV73H,insa,3,review
nfx_4N7GETT3GR9XD5SWKMJKAAV73H,insa,5,review
nfx_4NA5RG7YNDGFMT2HMFXK7A3C3C,ciqual,25405,review
nfx_4NA5RG7YNDGFMT2HMFXK7A3C3C,ciqual,25573,review
nfx_4NA5RG7YNDGFMT2HMFXK7A3C3C,insa,1071,review
nfx_4NA5RG7YNDGFMT2HMFXK7A3C3C,insa,1071,review
nfx_4NF93CC18Y0RP54JZJ5G3FEXV9,ciqual,20035,automatic
nfx_4NF93CC18Y0RP54JZJ5G3FEXV9,insa,598,automatic
nfx_4NRCQ9K005A8RM7P657MT69FME,ciqual,31066,review
nfx_4NRCQ9K005A8RM7P657MT69FME,insa,507,review
nfx_4NRX8PSJ6Z9R86GSM6XHD24R4J,ciqual,6003,review
nfx_4NRX8PSJ6Z9R86GSM6XHD24R4J,ciqual,6111,review
nfx_4NRX8PSJ6Z9R86GSM6XHD24R4J,ciqual,6201,review
nfx_4NRX8PSJ6Z9R86GSM6XHD24R4J,ciqual,6204,review
nfx_4NRX8PSJ6Z9R86GSM6XHD24R4J,ciqual,6212,review
nfx_4NRX8PSJ6Z9R86GSM6XHD24R4J,ciqual,6901,review
nfx_4NRX8PSJ6Z9R86GSM6XHD24R4J,ciqual,6903,review
nfx_4NRX8PSJ6Z9R86GSM6XHD24R4J,ciqual,6908,review
nfx_4NRX8PSJ6Z9R86GSM6XHD24R4J,insa,141,review
nfx_4NRX8PSJ6Z9R86GSM6XHD24R4J,insa,141,review
nfx_4NRX8PSJ6Z9R86GSM6XHD24R4J,insa,141,review
nfx_4NRX8PSJ6Z9R86GSM6XHD24R4J,insa,141,review
nfx_4NRX8PSJ6Z9R86GSM6XHD24R4J,insa,141,review
nfx_4NRX8PSJ6Z9R86GSM6XHD24R4J,insa,141,review
nfx_4NRX8PSJ6Z9R86GSM6XHD24R4J,insa,141,review
nfx_4NRX8PSJ6Z9R86GSM6XHD24R4J,insa,141,review
nfx_4NTF0E45JKPP11VTF3GSWKG44S,ciqual,25456,review
nfx_4NTF0E45JKPP11VTF3GSWKG44S,insa,1014,review
nfx_4NZVHMJA51XVKY6ZPW34W23SY8,ciqual,76007,review
nfx_4NZVHMJA51XVKY6ZPW34W23SY8,ciqual,76007,review
nfx_4NZVHMJA51XVKY6ZPW34W23SY8,ciqual,76007,review
nfx_4NZVHMJA51XVKY6ZPW34W23SY8,insa,2,review
nfx_4NZVHMJA51XVKY6ZPW34W23SY8,insa,3,review
nfx_4NZVHMJA51XVKY6ZPW34W23SY8,insa,5,review
nfx_4P6Y11PJSY0MAM0H0NKMNDR6RN,ciqual,23477,review
nfx_4P6Y11PJSY0MAM0H0NKMNDR6RN,ciqual,23497,review
nfx_4P6Y11PJSY0MAM0H0NKMNDR6RN,ciqual,23585,review
nfx_4P6Y11PJSY0MAM0H0NKMNDR6RN,ciqual,23852,review
nfx_4P6Y11PJSY0MAM0H0NKMNDR6RN,ciqual,24371,review
nfx_4P6Y11PJSY0MAM0H0NKMNDR6RN,insa,483,review
nfx_4P6Y11PJSY0MAM0H0NKMNDR6RN,insa,483,review
nfx_4P6Y11PJSY0MAM0H0NKMNDR6RN,insa,483,review
nfx_4P6Y11PJSY0MAM0H0NKMNDR6RN,insa,483,review
nfx_4P6Y11PJSY0MAM0H0NKMNDR6RN,insa,483,review
nfx_4P7KREXRJ8ZC7PGESZ4D0DR17F,ciqual,15004,review
nfx_4P7KREXRJ8ZC7PGESZ4D0DR17F,insa,702,review
nfx_4P7Q6DB3EKZXXZ48553S43YAKZ,ciqual,24311,review
nfx_4P7Q6DB3EKZXXZ48553S43YAKZ,insa,465,review
nfx_4P8RJVR86NK2MS3NAFC2J0E5E3,ciqual,2010,review
nfx_4P8RJVR86NK2MS3NAFC2J0E5E3,ciqual,2043,review
nfx_4P8RJVR86NK2MS3NAFC2J0E5E3,ciqual,2045,review
nfx_4P8RJVR86NK2MS3NAFC2J0E5E3,ciqual,2370,review
nfx_4P8RJVR86NK2MS3NAFC2J0E5E3,ciqual,2371,review
nfx_4P8RJVR86NK2MS3NAFC2J0E5E3,insa,757,review
nfx_4P8RJVR86NK2MS3NAFC2J0E5E3,insa,757,review
nfx_4P8RJVR86NK2MS3NAFC2J0E5E3,insa,757,review
nfx_4P8RJVR86NK2MS3NAFC2J0E5E3,insa,757,review
nfx_4P8RJVR86NK2MS3NAFC2J0E5E3,insa,757,review
nfx_4PADS69D6SVNTBCPB99DFAGSBE,ciqual,14005,review
nfx_4PADS69D6SVNTBCPB99DFAGSBE,insa,1900000003,review
nfx_4PCPSYJTG303DMQW1XSP1WKXSH,ciqual,20296,review
nfx_4PCPSYJTG303DMQW1XSP1WKXSH,insa,561,review
nfx_4PTQ3A96ASQR840ZNMY251XT9G,ciqual,76031,review
nfx_4PTQ3A96ASQR840ZNMY251XT9G,ciqual,76031,review
nfx_4PTQ3A96ASQR840ZNMY251XT9G,ciqual,76031,review
nfx_4PTQ3A96ASQR840ZNMY251XT9G,insa,2,review
nfx_4PTQ3A96ASQR840ZNMY251XT9G,insa,3,review
nfx_4PTQ3A96ASQR840ZNMY251XT9G,insa,5,review
nfx_4PXJ16943JPE1HPB96EF9VJ265,ciqual,28470,review
nfx_4PXJ16943JPE1HPB96EF9VJ265,ciqual,28470,review
nfx_4PXJ16943JPE1HPB96EF9VJ265,ciqual,28470,review
nfx_4PXJ16943JPE1HPB96EF9VJ265,ciqual,28470,review
nfx_4PXJ16943JPE1HPB96EF9VJ265,ciqual,28470,review
nfx_4PXJ16943JPE1HPB96EF9VJ265,ciqual,28470,review
nfx_4PXJ16943JPE1HPB96EF9VJ265,ciqual,28470,review
nfx_4PXJ16943JPE1HPB96EF9VJ265,ciqual,28470,review
nfx_4PXJ16943JPE1HPB96EF9VJ265,ciqual,28470,review
nfx_4PXJ16943JPE1HPB96EF9VJ265,ciqual,28470,review
nfx_4PXJ16943JPE1HPB96EF9VJ265,insa,1219,review
nfx_4PXJ16943JPE1HPB96EF9VJ265,insa,1221,review
nfx_4PXJ16943JPE1HPB96EF9VJ265,insa,1222,review
nfx_4PXJ16943JPE1HPB96EF9VJ265,insa,152,review
nfx_4PXJ16943JPE1HPB96EF9VJ265,insa,156,review
nfx_4PXJ16943JPE1HPB96EF9VJ265,insa,2120000011,review
nfx_4PXJ16943JPE1HPB96EF9VJ265,insa,308,review
nfx_4PXJ16943JPE1HPB96EF9VJ265,insa,334,review
nfx_4PXJ16943JPE1HPB96EF9VJ265,insa,342,review
nfx_4PXJ16943JPE1HPB96EF9VJ265,insa,70500004,review
nfx_4PY2W5229E1HMHNWJ36FW54PV8,ciqual,24000,review
nfx_4PY2W5229E1HMHNWJ36FW54PV8,ciqual,24000,review
nfx_4PY2W5229E1HMHNWJ36FW54PV8,ciqual,24000,review
nfx_4PY2W5229E1HMHNWJ36FW54PV8,ciqual,24000,review
nfx_4PY2W5229E1HMHNWJ36FW54PV8,insa,455,review
nfx_4PY2W5229E1HMHNWJ36FW54PV8,insa,456,review
nfx_4PY2W5229E1HMHNWJ36FW54PV8,insa,460,review
nfx_4PY2W5229E1HMHNWJ36FW54PV8,insa,469,review
nfx_4Q3XS954TP65WQ6C61PK8WV8V8,ciqual,19644,review
nfx_4Q3XS954TP65WQ6C61PK8WV8V8,insa,59,review
nfx_4Q7D8YSJ9GMDSB563H24QMZDZC,ciqual,10008,review
nfx_4Q7D8YSJ9GMDSB563H24QMZDZC,insa,1900000115,review
nfx_4QBXNBPMXKTPCGF8YCGTPYDR0F,ciqual,10013,review
nfx_4QBXNBPMXKTPCGF8YCGTPYDR0F,insa,910,review
nfx_4QG53SV17SFXDM3N11XDBW4ZTS,ciqual,13044,review
nfx_4QG53SV17SFXDM3N11XDBW4ZTS,insa,693,review
nfx_4QJC0TK9Z8E25T3A90J7K2JMZJ,ciqual,9435,automatic
nfx_4QJC0TK9Z8E25T3A90J7K2JMZJ,ciqual,9440,review
nfx_4QJC0TK9Z8E25T3A90J7K2JMZJ,ciqual,9445,review
nfx_4QJC0TK9Z8E25T3A90J7K2JMZJ,ciqual,9520,review
nfx_4QJC0TK9Z8E25T3A90J7K2JMZJ,ciqual,9532,review
nfx_4QJC0TK9Z8E25T3A90J7K2JMZJ,ciqual,9540,review
nfx_4QJC0TK9Z8E25T3A90J7K2JMZJ,insa,230003,automatic
nfx_4QJC0TK9Z8E25T3A90J7K2JMZJ,insa,230003,review
nfx_4QJC0TK9Z8E25T3A90J7K2JMZJ,insa,230003,review
nfx_4QJC0TK9Z8E25T3A90J7K2JMZJ,insa,230003,review
nfx_4QJC0TK9Z8E25T3A90J7K2JMZJ,insa,230003,review
nfx_4QJC0TK9Z8E25T3A90J7K2JMZJ,insa,230003,review
nfx_4QJHAVFB452CR9MRN2AX08XXF4,ciqual,24009,review
nfx_4QJHAVFB452CR9MRN2AX08XXF4,ciqual,24616,review
nfx_4QJHAVFB452CR9MRN2AX08XXF4,ciqual,38399,review
nfx_4QJHAVFB452CR9MRN2AX08XXF4,insa,456,review
nfx_4QJHAVFB452CR9MRN2AX08XXF4,insa,456,review
nfx_4QJHAVFB452CR9MRN2AX08XXF4,insa,456,review
nfx_4RAH7A5W0Z0EDQ2N5D4WM02A62,ciqual,76049,review
nfx_4RAH7A5W0Z0EDQ2N5D4WM02A62,ciqual,76049,review
nfx_4RAH7A5W0Z0EDQ2N5D4WM02A62,ciqual,76049,review
nfx_4RAH7A5W0Z0EDQ2N5D4WM02A62,insa,2,review
nfx_4RAH7A5W0Z0EDQ2N5D4WM02A62,insa,3,review
nfx_4RAH7A5W0Z0EDQ2N5D4WM02A62,insa,5,review
nfx_4RD2SATMEFHEN1AGKCA8NW30C4,ciqual,1032,review
nfx_4RD2SATMEFHEN1AGKCA8NW30C4,ciqual,30152,review
nfx_4RD2SATMEFHEN1AGKCA8NW30C4,ciqual,30156,review
nfx_4RD2SATMEFHEN1AGKCA8NW30C4,ciqual,40502,review
nfx_4RD2SATMEFHEN1AGKCA8NW30C4,ciqual,6001,review
nfx_4RD2SATMEFHEN1AGKCA8NW30C4,ciqual,6003,review
nfx_4RD2SATMEFHEN1AGKCA8NW30C4,ciqual,6106,review
nfx_4RD2SATMEFHEN1AGKCA8NW30C4,ciqual,6111,review
nfx_4RD2SATMEFHEN1AGKCA8NW30C4,ciqual,6122,review
nfx_4RD2SATMEFHEN1AGKCA8NW30C4,ciqual,6140,review
nfx_4RD2SATMEFHEN1AGKCA8NW30C4,ciqual,6160,review
nfx_4RD2SATMEFHEN1AGKCA8NW30C4,ciqual,6201,review
nfx_4RD2SATMEFHEN1AGKCA8NW30C4,ciqual,6202,review
nfx_4RD2SATMEFHEN1AGKCA8NW30C4,ciqual,6204,review
nfx_4RD2SATMEFHEN1AGKCA8NW30C4,ciqual,6212,review
nfx_4RD2SATMEFHEN1AGKCA8NW30C4,ciqual,6231,review
nfx_4RD2SATMEFHEN1AGKCA8NW30C4,ciqual,6240,review
nfx_4RD2SATMEFHEN1AGKCA8NW30C4,ciqual,6259,review
nfx_4RD2SATMEFHEN1AGKCA8NW30C4,ciqual,6270,review
nfx_4RD2SATMEFHEN1AGKCA8NW30C4,ciqual,6536,review
nfx_4RD2SATMEFHEN1AGKCA8NW30C4,insa,293,review
nfx_4RD2SATMEFHEN1AGKCA8NW30C4,insa,293,review
nfx_4RD2SATMEFHEN1AGKCA8NW30C4,insa,293,review
nfx_4RD2SATMEFHEN1AGKCA8NW30C4,insa,293,review
nfx_4RD2SATMEFHEN1AGKCA8NW30C4,insa,293,review
nfx_4RD2SATMEFHEN1AGKCA8NW30C4,insa,293,review
nfx_4RD2SATMEFHEN1AGKCA8NW30C4,insa,293,review
nfx_4RD2SATMEFHEN1AGKCA8NW30C4,insa,293,review
nfx_4RD2SATMEFHEN1AGKCA8NW30C4,insa,293,review
nfx_4RD2SATMEFHEN1AGKCA8NW30C4,insa,293,review
nfx_4RD2SATMEFHEN1AGKCA8NW30C4,insa,293,review
nfx_4RD2SATMEFHEN1AGKCA8NW30C4,insa,293,review
nfx_4RD2SATMEFHEN1AGKCA8NW30C4,insa,293,review
nfx_4RD2SATMEFHEN1AGKCA8NW30C4,insa,293,review
nfx_4RD2SATMEFHEN1AGKCA8NW30C4,insa,293,review
nfx_4RD2SATMEFHEN1AGKCA8NW30C4,insa,293,review
nfx_4RD2SATMEFHEN1AGKCA8NW30C4,insa,293,review
nfx_4RD2SATMEFHEN1AGKCA8NW30C4,insa,293,review
nfx_4RD2SATMEFHEN1AGKCA8NW30C4,insa,293,review
nfx_4RD2SATMEFHEN1AGKCA8NW30C4,insa,293,review
nfx_4RFY0726185MEPF3APMYF2NHND,ciqual,25992,review
nfx_4RFY0726185MEPF3APMYF2NHND,ciqual,25996,automatic
nfx_4RFY0726185MEPF3APMYF2NHND,ciqual,26217,review
nfx_4RFY0726185MEPF3APMYF2NHND,ciqual,26695,review
nfx_4RFY0726185MEPF3APMYF2NHND,ciqual,8081,review
nfx_4RFY0726185MEPF3APMYF2NHND,ciqual,8290,review
nfx_4RFY0726185MEPF3APMYF2NHND,insa,877,automatic
nfx_4RFY0726185MEPF3APMYF2NHND,insa,877,review
nfx_4RFY0726185MEPF3APMYF2NHND,insa,877,review
nfx_4RFY0726185MEPF3APMYF2NHND,insa,877,review
nfx_4RFY0726185MEPF3APMYF2NHND,insa,877,review
nfx_4RFY0726185MEPF3APMYF2NHND,insa,877,review
nfx_4RX4P3A5RR8661MMKE5WY3F081,ciqual,24002,review
nfx_4RX4P3A5RR8661MMKE5WY3F081,ciqual,24009,review
nfx_4RX4P3A5RR8661MMKE5WY3F081,ciqual,24371,review
nfx_4RX4P3A5RR8661MMKE5WY3F081,ciqual,38106,review
nfx_4RX4P3A5RR8661MMKE5WY3F081,ciqual,38399,review
nfx_4RX4P3A5RR8661MMKE5WY3F081,ciqual,38404,review
nfx_4RX4P3A5RR8661MMKE5WY3F081,ciqual,38405,review
nfx_4RX4P3A5RR8661MMKE5WY3F081,ciqual,38411,review
nfx_4RX4P3A5RR8661MMKE5WY3F081,ciqual,38420,review
nfx_4RX4P3A5RR8661MMKE5WY3F081,insa,469,review
nfx_4RX4P3A5RR8661MMKE5WY3F081,insa,469,review
nfx_4RX4P3A5RR8661MMKE5WY3F081,insa,469,review
nfx_4RX4P3A5RR8661MMKE5WY3F081,insa,469,review
nfx_4RX4P3A5RR8661MMKE5WY3F081,insa,469,review
nfx_4RX4P3A5RR8661MMKE5WY3F081,insa,469,review
nfx_4RX4P3A5RR8661MMKE5WY3F081,insa,469,review
nfx_4RX4P3A5RR8661MMKE5WY3F081,insa,469,review
nfx_4RX4P3A5RR8661MMKE5WY3F081,insa,469,review
nfx_4S0WN4BDBWS0QFMC9263MHP3PM,ciqual,25913,review
nfx_4S0WN4BDBWS0QFMC9263MHP3PM,insa,792,review
nfx_4S4ABNDX2HGRPET8QXRES9K72H,ciqual,19598,review
nfx_4S4ABNDX2HGRPET8QXRES9K72H,ciqual,19598,review
nfx_4S4ABNDX2HGRPET8QXRES9K72H,ciqual,19598,review
nfx_4S4ABNDX2HGRPET8QXRES9K72H,ciqual,19598,review
nfx_4S4ABNDX2HGRPET8QXRES9K72H,insa,1900000067,review
nfx_4S4ABNDX2HGRPET8QXRES9K72H,insa,1920000010,review
nfx_4S4ABNDX2HGRPET8QXRES9K72H,insa,1920000011,review
nfx_4S4ABNDX2HGRPET8QXRES9K72H,insa,500,review
nfx_4SBQ9GG2V6ZY5EQ06RVZTQJ7B8,ciqual,24050,review
nfx_4SBQ9GG2V6ZY5EQ06RVZTQJ7B8,insa,465,review
nfx_4SC13ARYNKGK9R1XSQM9GQ4CE5,ciqual,24663,review
nfx_4SC13ARYNKGK9R1XSQM9GQ4CE5,insa,680,review
nfx_4SDTB5G4W36CBKPEN4MFBRD3AY,ciqual,9435,review
nfx_4SDTB5G4W36CBKPEN4MFBRD3AY,ciqual,9440,review
nfx_4SDTB5G4W36CBKPEN4MFBRD3AY,ciqual,9445,review
nfx_4SDTB5G4W36CBKPEN4MFBRD3AY,ciqual,9520,review
nfx_4SDTB5G4W36CBKPEN4MFBRD3AY,ciqual,9532,review
nfx_4SDTB5G4W36CBKPEN4MFBRD3AY,ciqual,9540,review
nfx_4SDTB5G4W36CBKPEN4MFBRD3AY,insa,415,review
nfx_4SDTB5G4W36CBKPEN4MFBRD3AY,insa,415,review
nfx_4SDTB5G4W36CBKPEN4MFBRD3AY,insa,415,review
nfx_4SDTB5G4W36CBKPEN4MFBRD3AY,insa,415,review
nfx_4SDTB5G4W36CBKPEN4MFBRD3AY,insa,415,review
nfx_4SDTB5G4W36CBKPEN4MFBRD3AY,insa,415,review
nfx_4SSBBAFKRH4Z0PGGTWVPD304KC,ciqual,28103,review
nfx_4SSBBAFKRH4Z0PGGTWVPD304KC,ciqual,6211,review
nfx_4SSBBAFKRH4Z0PGGTWVPD304KC,ciqual,6908,review
nfx_4SSBBAFKRH4Z0PGGTWVPD304KC,insa,1145,review
nfx_4SSBBAFKRH4Z0PGGTWVPD304KC,insa,1145,review
nfx_4SSBBAFKRH4Z0PGGTWVPD304KC,insa,1145,review
nfx_4SYNASQ6N1KXFDW0YGPNXJ6026,ciqual,17700,review
nfx_4SYNASQ6N1KXFDW0YGPNXJ6026,ciqual,17700,review
nfx_4SYNASQ6N1KXFDW0YGPNXJ6026,insa,389,review
nfx_4SYNASQ6N1KXFDW0YGPNXJ6026,insa,392,review
nfx_4TCCHCCCQWCFFTTQHES6E4J6AM,ciqual,7347,review
nfx_4TCCHCCCQWCFFTTQHES6E4J6AM,ciqual,7349,review
nfx_4TCCHCCCQWCFFTTQHES6E4J6AM,ciqual,7402,review
nfx_4TCCHCCCQWCFFTTQHES6E4J6AM,ciqual,7419,review
nfx_4TCCHCCCQWCFFTTQHES6E4J6AM,insa,434,review
nfx_4TCCHCCCQWCFFTTQHES6E4J6AM,insa,434,review
nfx_4TCCHCCCQWCFFTTQHES6E4J6AM,insa,434,review
nfx_4TCCHCCCQWCFFTTQHES6E4J6AM,insa,434,review
nfx_4TEV2RM41SGFM8403ZJSXM3WM6,ciqual,19672,review
nfx_4TEV2RM41SGFM8403ZJSXM3WM6,insa,1920000012,review
nfx_4TH9DSNXB2G7XTGFP3K4VTNCRB,ciqual,7419,review
nfx_4TH9DSNXB2G7XTGFP3K4VTNCRB,ciqual,7419,review
nfx_4TH9DSNXB2G7XTGFP3K4VTNCRB,insa,433,review
nfx_4TH9DSNXB2G7XTGFP3K4VTNCRB,insa,440,review
nfx_4TWRMFYVWJVR3BA5RTEX7Z0GN8,ciqual,25967,review
nfx_4TWRMFYVWJVR3BA5RTEX7Z0GN8,ciqual,25967,review
nfx_4TWRMFYVWJVR3BA5RTEX7Z0GN8,ciqual,25967,review
nfx_4TWRMFYVWJVR3BA5RTEX7Z0GN8,ciqual,25967,review
nfx_4TWRMFYVWJVR3BA5RTEX7Z0GN8,ciqual,25967,review
nfx_4TWRMFYVWJVR3BA5RTEX7Z0GN8,ciqual,25967,review
nfx_4TWRMFYVWJVR3BA5RTEX7Z0GN8,ciqual,25967,review
nfx_4TWRMFYVWJVR3BA5RTEX7Z0GN8,ciqual,25967,review
nfx_4TWRMFYVWJVR3BA5RTEX7Z0GN8,insa,1101,review
nfx_4TWRMFYVWJVR3BA5RTEX7Z0GN8,insa,1114,review
nfx_4TWRMFYVWJVR3BA5RTEX7Z0GN8,insa,1120,review
nfx_4TWRMFYVWJVR3BA5RTEX7Z0GN8,insa,781,review
nfx_4TWRMFYVWJVR3BA5RTEX7Z0GN8,insa,784,review
nfx_4TWRMFYVWJVR3BA5RTEX7Z0GN8,insa,786,review
nfx_4TWRMFYVWJVR3BA5RTEX7Z0GN8,insa,787,review
nfx_4TWRMFYVWJVR3BA5RTEX7Z0GN8,insa,791,review
nfx_4TYEYYEZ5JE28C5JQHW2R6AA6S,ciqual,19712,review
nfx_4TYEYYEZ5JE28C5JQHW2R6AA6S,insa,1900000067,review
nfx_4TZ4F7CHWJV5KWMZPV7BS695RB,ciqual,18430,review
nfx_4TZ4F7CHWJV5KWMZPV7BS695RB,ciqual,76011,review
nfx_4TZ4F7CHWJV5KWMZPV7BS695RB,ciqual,76013,review
nfx_4TZ4F7CHWJV5KWMZPV7BS695RB,ciqual,76016,review
nfx_4TZ4F7CHWJV5KWMZPV7BS695RB,ciqual,76019,review
nfx_4TZ4F7CHWJV5KWMZPV7BS695RB,ciqual,76025,review
nfx_4TZ4F7CHWJV5KWMZPV7BS695RB,ciqual,76029,review
nfx_4TZ4F7CHWJV5KWMZPV7BS695RB,ciqual,76032,review
nfx_4TZ4F7CHWJV5KWMZPV7BS695RB,ciqual,76034,review
nfx_4TZ4F7CHWJV5KWMZPV7BS695RB,ciqual,76037,review
nfx_4TZ4F7CHWJV5KWMZPV7BS695RB,ciqual,76038,review
nfx_4TZ4F7CHWJV5KWMZPV7BS695RB,ciqual,76043,review
nfx_4TZ4F7CHWJV5KWMZPV7BS695RB,ciqual,76047,review
nfx_4TZ4F7CHWJV5KWMZPV7BS695RB,ciqual,76052,review
nfx_4TZ4F7CHWJV5KWMZPV7BS695RB,ciqual,76055,review
nfx_4TZ4F7CHWJV5KWMZPV7BS695RB,ciqual,76059,review
nfx_4TZ4F7CHWJV5KWMZPV7BS695RB,ciqual,76061,review
nfx_4TZ4F7CHWJV5KWMZPV7BS695RB,ciqual,76066,review
nfx_4TZ4F7CHWJV5KWMZPV7BS695RB,ciqual,76078,review
nfx_4TZ4F7CHWJV5KWMZPV7BS695RB,ciqual,76081,review
nfx_4TZ4F7CHWJV5KWMZPV7BS695RB,ciqual,76083,review
nfx_4TZ4F7CHWJV5KWMZPV7BS695RB,ciqual,76087,review
nfx_4TZ4F7CHWJV5KWMZPV7BS695RB,ciqual,76088,review
nfx_4TZ4F7CHWJV5KWMZPV7BS695RB,ciqual,76089,review
nfx_4TZ4F7CHWJV5KWMZPV7BS695RB,ciqual,76090,review
nfx_4TZ4F7CHWJV5KWMZPV7BS695RB,ciqual,76093,review
nfx_4TZ4F7CHWJV5KWMZPV7BS695RB,ciqual,76094,review
nfx_4TZ4F7CHWJV5KWMZPV7BS695RB,ciqual,76095,review
nfx_4TZ4F7CHWJV5KWMZPV7BS695RB,ciqual,76096,review
nfx_4TZ4F7CHWJV5KWMZPV7BS695RB,ciqual,76102,review
nfx_4TZ4F7CHWJV5KWMZPV7BS695RB,insa,5,review
nfx_4TZ4F7CHWJV5KWMZPV7BS695RB,insa,5,review
nfx_4TZ4F7CHWJV5KWMZPV7BS695RB,insa,5,review
nfx_4TZ4F7CHWJV5KWMZPV7BS695RB,insa,5,review
nfx_4TZ4F7CHWJV5KWMZPV7BS695RB,insa,5,review
nfx_4TZ4F7CHWJV5KWMZPV7BS695RB,insa,5,review
nfx_4TZ4F7CHWJV5KWMZPV7BS695RB,insa,5,review
nfx_4TZ4F7CHWJV5KWMZPV7BS695RB,insa,5,review
nfx_4TZ4F7CHWJV5KWMZPV7BS695RB,insa,5,review
nfx_4TZ4F7CHWJV5KWMZPV7BS695RB,insa,5,review
nfx_4TZ4F7CHWJV5KWMZPV7BS695RB,insa,5,review
nfx_4TZ4F7CHWJV5KWMZPV7BS695RB,insa,5,review
nfx_4TZ4F7CHWJV5KWMZPV7BS695RB,insa,5,review
nfx_4TZ4F7CHWJV5KWMZPV7BS695RB,insa,5,review
nfx_4TZ4F7CHWJV5KWMZPV7BS695RB,insa,5,review
nfx_4TZ4F7CHWJV5KWMZPV7BS695RB,insa,5,review
nfx_4TZ4F7CHWJV5KWMZPV7BS695RB,insa,5,review
nfx_4TZ4F7CHWJV5KWMZPV7BS695RB,insa,5,review
nfx_4TZ4F7CHWJV5KWMZPV7BS695RB,insa,5,review
nfx_4TZ4F7CHWJV5KWMZPV7BS695RB,insa,5,review
nfx_4TZ4F7CHWJV5KWMZPV7BS695RB,insa,5,review
nfx_4TZ4F7CHWJV5KWMZPV7BS695RB,insa,5,review
nfx_4TZ4F7CHWJV5KWMZPV7BS695RB,insa,5,review
nfx_4TZ4F7CHWJV5KWMZPV7BS695RB,insa,5,review
nfx_4TZ4F7CHWJV5KWMZPV7BS695RB,insa,5,review
nfx_4TZ4F7CHWJV5KWMZPV7BS695RB,insa,5,review
nfx_4TZ4F7CHWJV5KWMZPV7BS695RB,insa,5,review
nfx_4TZ4F7CHWJV5KWMZPV7BS695RB,insa,5,review
nfx_4TZ4F7CHWJV5KWMZPV7BS695RB,insa,5,review
nfx_4TZ4F7CHWJV5KWMZPV7BS695RB,insa,5,review
nfx_4V0D67S7H1GDFANEXX3T3XSY0S,ciqual,6901,review
nfx_4V0D67S7H1GDFANEXX3T3XSY0S,ciqual,6901,review
nfx_4V0D67S7H1GDFANEXX3T3XSY0S,ciqual,6901,review
nfx_4V0D67S7H1GDFANEXX3T3XSY0S,insa,144,review
nfx_4V0D67S7H1GDFANEXX3T3XSY0S,insa,145,review
nfx_4V0D67S7H1GDFANEXX3T3XSY0S,insa,2120000005,review
nfx_4V20C1AXRXV9YTNMRY3YZ1Y21B,ciqual,24664,review
nfx_4V20C1AXRXV9YTNMRY3YZ1Y21B,insa,478,review
nfx_4V4ZH2XNAS5KA9SMXKHC36X1ZQ,ciqual,32140,review
nfx_4V4ZH2XNAS5KA9SMXKHC36X1ZQ,ciqual,32140,review
nfx_4V4ZH2XNAS5KA9SMXKHC36X1ZQ,insa,1900000073,review
nfx_4V4ZH2XNAS5KA9SMXKHC36X1ZQ,insa,445,review
nfx_4V9VXK5A0QCRN6MK9CV2DY6XHZ,ciqual,13046,review
nfx_4V9VXK5A0QCRN6MK9CV2DY6XHZ,insa,695,review
nfx_4VCPT8VMNACY5FGA0CFA26XMEA,ciqual,12836,review
nfx_4VCPT8VMNACY5FGA0CFA26XMEA,ciqual,12836,review
nfx_4VCPT8VMNACY5FGA0CFA26XMEA,insa,19,review
nfx_4VCPT8VMNACY5FGA0CFA26XMEA,insa,220004,review
nfx_4VMKVJ2SRZDRM8CXFFFHG136KP,ciqual,20071,review
nfx_4VMKVJ2SRZDRM8CXFFFHG136KP,insa,578,review
nfx_4VNYNN5DZS3W2KXDK7PQP5R3ZA,ciqual,40409,review
nfx_4VNYNN5DZS3W2KXDK7PQP5R3ZA,ciqual,40409,review
nfx_4VNYNN5DZS3W2KXDK7PQP5R3ZA,ciqual,40409,review
nfx_4VNYNN5DZS3W2KXDK7PQP5R3ZA,ciqual,40409,review
nfx_4VNYNN5DZS3W2KXDK7PQP5R3ZA,ciqual,40409,review
nfx_4VNYNN5DZS3W2KXDK7PQP5R3ZA,ciqual,40409,review
nfx_4VNYNN5DZS3W2KXDK7PQP5R3ZA,insa,2120000005,review
nfx_4VNYNN5DZS3W2KXDK7PQP5R3ZA,insa,222,review
nfx_4VNYNN5DZS3W2KXDK7PQP5R3ZA,insa,223,review
nfx_4VNYNN5DZS3W2KXDK7PQP5R3ZA,insa,320,review
nfx_4VNYNN5DZS3W2KXDK7PQP5R3ZA,insa,332,review
nfx_4VNYNN5DZS3W2KXDK7PQP5R3ZA,insa,334,review
nfx_4VQ47VZFSH61P6H4CHQEATCW0H,ciqual,40700,review
nfx_4VQ47VZFSH61P6H4CHQEATCW0H,insa,1900000007,review
nfx_4VRJG9YXTQS28SEEFEHF6RYJ41,ciqual,21521,review
nfx_4VRJG9YXTQS28SEEFEHF6RYJ41,ciqual,28001,review
nfx_4VRJG9YXTQS28SEEFEHF6RYJ41,ciqual,28002,review
nfx_4VRJG9YXTQS28SEEFEHF6RYJ41,ciqual,28100,review
nfx_4VRJG9YXTQS28SEEFEHF6RYJ41,ciqual,28104,review
nfx_4VRJG9YXTQS28SEEFEHF6RYJ41,ciqual,28204,review
nfx_4VRJG9YXTQS28SEEFEHF6RYJ41,ciqual,28300,review
nfx_4VRJG9YXTQS28SEEFEHF6RYJ41,ciqual,28400,review
nfx_4VRJG9YXTQS28SEEFEHF6RYJ41,ciqual,28460,review
nfx_4VRJG9YXTQS28SEEFEHF6RYJ41,ciqual,28473,review
nfx_4VRJG9YXTQS28SEEFEHF6RYJ41,ciqual,28474,review
nfx_4VRJG9YXTQS28SEEFEHF6RYJ41,ciqual,28477,review
nfx_4VRJG9YXTQS28SEEFEHF6RYJ41,ciqual,40005,review
nfx_4VRJG9YXTQS28SEEFEHF6RYJ41,ciqual,40060,review
nfx_4VRJG9YXTQS28SEEFEHF6RYJ41,ciqual,40404,review
nfx_4VRJG9YXTQS28SEEFEHF6RYJ41,ciqual,6510,review
nfx_4VRJG9YXTQS28SEEFEHF6RYJ41,insa,152,review
nfx_4VRJG9YXTQS28SEEFEHF6RYJ41,insa,152,review
nfx_4VRJG9YXTQS28SEEFEHF6RYJ41,insa,152,review
nfx_4VRJG9YXTQS28SEEFEHF6RYJ41,insa,152,review
nfx_4VRJG9YXTQS28SEEFEHF6RYJ41,insa,152,review
nfx_4VRJG9YXTQS28SEEFEHF6RYJ41,insa,152,review
nfx_4VRJG9YXTQS28SEEFEHF6RYJ41,insa,152,review
nfx_4VRJG9YXTQS28SEEFEHF6RYJ41,insa,152,review
nfx_4VRJG9YXTQS28SEEFEHF6RYJ41,insa,152,review
nfx_4VRJG9YXTQS28SEEFEHF6RYJ41,insa,152,review
nfx_4VRJG9YXTQS28SEEFEHF6RYJ41,insa,152,review
nfx_4VRJG9YXTQS28SEEFEHF6RYJ41,insa,152,review
nfx_4VRJG9YXTQS28SEEFEHF6RYJ41,insa,152,review
nfx_4VRJG9YXTQS28SEEFEHF6RYJ41,insa,152,review
nfx_4VRJG9YXTQS28SEEFEHF6RYJ41,insa,152,review
nfx_4VRJG9YXTQS28SEEFEHF6RYJ41,insa,152,review
nfx_4VTH4AFZZYHZJBDJAJY9NWREF0,ciqual,2043,review
nfx_4VTH4AFZZYHZJBDJAJY9NWREF0,insa,750,review
nfx_4W3AAGTM2J2SWFMX8XQVEH7VQT,ciqual,28203,review
nfx_4W3AAGTM2J2SWFMX8XQVEH7VQT,ciqual,28204,review
nfx_4W3AAGTM2J2SWFMX8XQVEH7VQT,insa,193,review
nfx_4W3AAGTM2J2SWFMX8XQVEH7VQT,insa,193,review
nfx_4W5CYC787PAVQ1W9778P381Q8Y,ciqual,6001,review
nfx_4W5CYC787PAVQ1W9778P381Q8Y,ciqual,6001,review
nfx_4W5CYC787PAVQ1W9778P381Q8Y,ciqual,6001,review
nfx_4W5CYC787PAVQ1W9778P381Q8Y,ciqual,6001,review
nfx_4W5CYC787PAVQ1W9778P381Q8Y,ciqual,6001,review
nfx_4W5CYC787PAVQ1W9778P381Q8Y,ciqual,6001,review
nfx_4W5CYC787PAVQ1W9778P381Q8Y,insa,196,review
nfx_4W5CYC787PAVQ1W9778P381Q8Y,insa,2120000002,review
nfx_4W5CYC787PAVQ1W9778P381Q8Y,insa,2120000003,review
nfx_4W5CYC787PAVQ1W9778P381Q8Y,insa,317,review
nfx_4W5CYC787PAVQ1W9778P381Q8Y,insa,324,review
nfx_4W5CYC787PAVQ1W9778P381Q8Y,insa,330,review
nfx_4W7BDGDS6YXQGQJQAD8MZ2BTYS,ciqual,26120,review
nfx_4W7BDGDS6YXQGQJQAD8MZ2BTYS,insa,967,review
nfx_4W8KKM4RQAQ0TN6EEVHQER5ED8,ciqual,76055,review
nfx_4W8KKM4RQAQ0TN6EEVHQER5ED8,ciqual,76055,review
nfx_4W8KKM4RQAQ0TN6EEVHQER5ED8,insa,2,review
nfx_4W8KKM4RQAQ0TN6EEVHQER5ED8,insa,3,review
nfx_4WBPMDXA4HAZW55Q56FD3MTHA1,ciqual,6907,review
nfx_4WBPMDXA4HAZW55Q56FD3MTHA1,ciqual,6908,review
nfx_4WBPMDXA4HAZW55Q56FD3MTHA1,insa,144,review
nfx_4WBPMDXA4HAZW55Q56FD3MTHA1,insa,144,review
nfx_4WGEHRSMB7CRPWVYZTYYJZQRJ4,ciqual,30351,review
nfx_4WGEHRSMB7CRPWVYZTYYJZQRJ4,ciqual,30351,review
nfx_4WGEHRSMB7CRPWVYZTYYJZQRJ4,ciqual,30351,review
nfx_4WGEHRSMB7CRPWVYZTYYJZQRJ4,insa,1231,review
nfx_4WGEHRSMB7CRPWVYZTYYJZQRJ4,insa,2120000011,review
nfx_4WGEHRSMB7CRPWVYZTYYJZQRJ4,insa,359,review
nfx_4WKJQ7FVWBM671C5SR3J0YJGAF,ciqual,5201,review
nfx_4WKJQ7FVWBM671C5SR3J0YJGAF,insa,250018,review
nfx_4WMNE6J3VSEE5NC5T3JJKAPN6J,ciqual,76016,review
nfx_4WMNE6J3VSEE5NC5T3JJKAPN6J,ciqual,76016,review
nfx_4WMNE6J3VSEE5NC5T3JJKAPN6J,insa,2,review
nfx_4WMNE6J3VSEE5NC5T3JJKAPN6J,insa,3,review
nfx_4WQ5J5PACYKF126RQZPMFR7M7X,ciqual,11042,review
nfx_4WQ5J5PACYKF126RQZPMFR7M7X,insa,1900000045,review
nfx_4WQBM714YPH047KA6AB3VPZFC4,ciqual,11006,review
nfx_4WQBM714YPH047KA6AB3VPZFC4,ciqual,11074,review
nfx_4WQBM714YPH047KA6AB3VPZFC4,insa,1204,review
nfx_4WQBM714YPH047KA6AB3VPZFC4,insa,1204,review
nfx_4WRWQK7M0DW741FAF1M5TM4MW8,ciqual,32022,review
nfx_4WRWQK7M0DW741FAF1M5TM4MW8,insa,447,review
nfx_4WWCM6R9GZW1TQXE9DEVZ5151Z,ciqual,20234,review
nfx_4WWCM6R9GZW1TQXE9DEVZ5151Z,insa,609,review
nfx_4WX49DP199Z9DYG5ZMY8BSVF5E,ciqual,76033,review
nfx_4WX49DP199Z9DYG5ZMY8BSVF5E,insa,3,review
nfx_4X11ENXP9BPT95RJDDV4D0FYT4,ciqual,26153,review
nfx_4X11ENXP9BPT95RJDDV4D0FYT4,insa,856,review
nfx_4X2PGK15F4590D4K6MYV3J7RXB,ciqual,26120,review
nfx_4X2PGK15F4590D4K6MYV3J7RXB,ciqual,26120,review
nfx_4X2PGK15F4590D4K6MYV3J7RXB,insa,863,review
nfx_4X2PGK15F4590D4K6MYV3J7RXB,insa,866,review
nfx_4XQT32740PXJEND5GBAN5ABAP3,ciqual,36037,review
nfx_4XQT32740PXJEND5GBAN5ABAP3,insa,15,review
nfx_4XXA77Q2SM3S7JA07DRK7CEQHE,ciqual,13205,automatic
nfx_4XXA77Q2SM3S7JA07DRK7CEQHE,ciqual,13205,review
nfx_4XXA77Q2SM3S7JA07DRK7CEQHE,ciqual,13205,review
nfx_4XXA77Q2SM3S7JA07DRK7CEQHE,insa,629,review
nfx_4XXA77Q2SM3S7JA07DRK7CEQHE,insa,639,review
nfx_4XXA77Q2SM3S7JA07DRK7CEQHE,insa,646,automatic
nfx_4XXC2HB2J5D6G9K9848V6KRP2X,ciqual,7130,review
nfx_4XXC2HB2J5D6G9K9848V6KRP2X,ciqual,7170,review
nfx_4XXC2HB2J5D6G9K9848V6KRP2X,insa,426,review
nfx_4XXC2HB2J5D6G9K9848V6KRP2X,insa,426,review
nfx_4XZFP36AYMFJ5ZAWJC05QHXSNH,ciqual,28002,review
nfx_4XZFP36AYMFJ5ZAWJC05QHXSNH,ciqual,28002,review
nfx_4XZFP36AYMFJ5ZAWJC05QHXSNH,ciqual,28002,review
nfx_4XZFP36AYMFJ5ZAWJC05QHXSNH,ciqual,28002,review
nfx_4XZFP36AYMFJ5ZAWJC05QHXSNH,ciqual,28002,review
nfx_4XZFP36AYMFJ5ZAWJC05QHXSNH,ciqual,28002,review
nfx_4XZFP36AYMFJ5ZAWJC05QHXSNH,ciqual,28002,review
nfx_4XZFP36AYMFJ5ZAWJC05QHXSNH,ciqual,28002,review
nfx_4XZFP36AYMFJ5ZAWJC05QHXSNH,insa,1219,review
nfx_4XZFP36AYMFJ5ZAWJC05QHXSNH,insa,1221,review
nfx_4XZFP36AYMFJ5ZAWJC05QHXSNH,insa,1222,review
nfx_4XZFP36AYMFJ5ZAWJC05QHXSNH,insa,156,review
nfx_4XZFP36AYMFJ5ZAWJC05QHXSNH,insa,2120000011,review
nfx_4XZFP36AYMFJ5ZAWJC05QHXSNH,insa,308,review
nfx_4XZFP36AYMFJ5ZAWJC05QHXSNH,insa,334,review
nfx_4XZFP36AYMFJ5ZAWJC05QHXSNH,insa,70500004,review
nfx_4Y5ZY27TDHMWVFS2SEFZKJJAW6,ciqual,12767,review
nfx_4Y5ZY27TDHMWVFS2SEFZKJJAW6,insa,50800020,review
nfx_4Y6RQTY663CM1SE5JMHGMWGDZW,ciqual,1006,review
nfx_4Y6RQTY663CM1SE5JMHGMWGDZW,ciqual,1015,review
nfx_4Y6RQTY663CM1SE5JMHGMWGDZW,ciqual,5210,review
nfx_4Y6RQTY663CM1SE5JMHGMWGDZW,ciqual,5216,review
nfx_4Y6RQTY663CM1SE5JMHGMWGDZW,insa,250020,review
nfx_4Y6RQTY663CM1SE5JMHGMWGDZW,insa,250020,review
nfx_4Y6RQTY663CM1SE5JMHGMWGDZW,insa,250020,review
nfx_4Y6RQTY663CM1SE5JMHGMWGDZW,insa,250020,review
nfx_4YHK909GNVJRTW25HKK6HMCQF4,ciqual,16150,automatic
nfx_4YHK909GNVJRTW25HKK6HMCQF4,ciqual,16150,review
nfx_4YHK909GNVJRTW25HKK6HMCQF4,ciqual,16150,review
nfx_4YHK909GNVJRTW25HKK6HMCQF4,insa,389,review
nfx_4YHK909GNVJRTW25HKK6HMCQF4,insa,392,review
nfx_4YHK909GNVJRTW25HKK6HMCQF4,insa,394,automatic
nfx_4YHKDCF0K7WTFSA0ZGKSW7W2P4,ciqual,28001,review
nfx_4YHKDCF0K7WTFSA0ZGKSW7W2P4,ciqual,28100,review
nfx_4YHKDCF0K7WTFSA0ZGKSW7W2P4,ciqual,28104,review
nfx_4YHKDCF0K7WTFSA0ZGKSW7W2P4,ciqual,28204,review
nfx_4YHKDCF0K7WTFSA0ZGKSW7W2P4,ciqual,28300,review
nfx_4YHKDCF0K7WTFSA0ZGKSW7W2P4,ciqual,28400,review
nfx_4YHKDCF0K7WTFSA0ZGKSW7W2P4,ciqual,28460,review
nfx_4YHKDCF0K7WTFSA0ZGKSW7W2P4,ciqual,28474,review
nfx_4YHKDCF0K7WTFSA0ZGKSW7W2P4,ciqual,28477,review
nfx_4YHKDCF0K7WTFSA0ZGKSW7W2P4,ciqual,40005,review
nfx_4YHKDCF0K7WTFSA0ZGKSW7W2P4,ciqual,40060,review
nfx_4YHKDCF0K7WTFSA0ZGKSW7W2P4,ciqual,40404,review
nfx_4YHKDCF0K7WTFSA0ZGKSW7W2P4,ciqual,6580,review
nfx_4YHKDCF0K7WTFSA0ZGKSW7W2P4,insa,1221,review
nfx_4YHKDCF0K7WTFSA0ZGKSW7W2P4,insa,1221,review
nfx_4YHKDCF0K7WTFSA0ZGKSW7W2P4,insa,1221,review
nfx_4YHKDCF0K7WTFSA0ZGKSW7W2P4,insa,1221,review
nfx_4YHKDCF0K7WTFSA0ZGKSW7W2P4,insa,1221,review
nfx_4YHKDCF0K7WTFSA0ZGKSW7W2P4,insa,1221,review
nfx_4YHKDCF0K7WTFSA0ZGKSW7W2P4,insa,1221,review
nfx_4YHKDCF0K7WTFSA0ZGKSW7W2P4,insa,1221,review
nfx_4YHKDCF0K7WTFSA0ZGKSW7W2P4,insa,1221,review
nfx_4YHKDCF0K7WTFSA0ZGKSW7W2P4,insa,1221,review
nfx_4YHKDCF0K7WTFSA0ZGKSW7W2P4,insa,1221,review
nfx_4YHKDCF0K7WTFSA0ZGKSW7W2P4,insa,1221,review
nfx_4YHKDCF0K7WTFSA0ZGKSW7W2P4,insa,1221,review
nfx_4YQY36EPN5WCD16SABG35KD0MF,ciqual,20083,review
nfx_4YQY36EPN5WCD16SABG35KD0MF,insa,608,review
nfx_4YRMTK1CHBPBZY0EWF9EHQ17WE,ciqual,12120,review
nfx_4YRMTK1CHBPBZY0EWF9EHQ17WE,ciqual,12999,review
nfx_4YRMTK1CHBPBZY0EWF9EHQ17WE,insa,51,review
nfx_4YRMTK1CHBPBZY0EWF9EHQ17WE,insa,51,review
nfx_4Z6PK13M1R3F8APFBXB5MZNJ7H,ciqual,19054,review
nfx_4Z6PK13M1R3F8APFBXB5MZNJ7H,insa,33,review
nfx_4Z71DKCSKH4E3S3960QWYVC115,ciqual,12846,review
nfx_4Z71DKCSKH4E3S3960QWYVC115,ciqual,12846,review
nfx_4Z71DKCSKH4E3S3960QWYVC115,insa,19,review
nfx_4Z71DKCSKH4E3S3960QWYVC115,insa,220004,review
nfx_4ZH1D4KFX1TWY0RNZJJQS09CA1,ciqual,36014,review
nfx_4ZH1D4KFX1TWY0RNZJJQS09CA1,insa,96,review
nfx_4ZWHBNPFZDQT7SHR3875JSAF20,ciqual,30152,review
nfx_4ZWHBNPFZDQT7SHR3875JSAF20,ciqual,40502,review
nfx_4ZWHBNPFZDQT7SHR3875JSAF20,ciqual,6003,review
nfx_4ZWHBNPFZDQT7SHR3875JSAF20,ciqual,6106,review
nfx_4ZWHBNPFZDQT7SHR3875JSAF20,ciqual,6122,review
nfx_4ZWHBNPFZDQT7SHR3875JSAF20,ciqual,6140,review
nfx_4ZWHBNPFZDQT7SHR3875JSAF20,ciqual,6160,review
nfx_4ZWHBNPFZDQT7SHR3875JSAF20,ciqual,6201,review
nfx_4ZWHBNPFZDQT7SHR3875JSAF20,ciqual,6202,review
nfx_4ZWHBNPFZDQT7SHR3875JSAF20,ciqual,6204,review
nfx_4ZWHBNPFZDQT7SHR3875JSAF20,ciqual,6212,review
nfx_4ZWHBNPFZDQT7SHR3875JSAF20,ciqual,6231,review
nfx_4ZWHBNPFZDQT7SHR3875JSAF20,ciqual,6240,review
nfx_4ZWHBNPFZDQT7SHR3875JSAF20,ciqual,6270,review
nfx_4ZWHBNPFZDQT7SHR3875JSAF20,insa,196,review
nfx_4ZWHBNPFZDQT7SHR3875JSAF20,insa,196,review
nfx_4ZWHBNPFZDQT7SHR3875JSAF20,insa,196,review
nfx_4ZWHBNPFZDQT7SHR3875JSAF20,insa,196,review
nfx_4ZWHBNPFZDQT7SHR3875JSAF20,insa,196,review
nfx_4ZWHBNPFZDQT7SHR3875JSAF20,insa,196,review
nfx_4ZWHBNPFZDQT7SHR3875JSAF20,insa,196,review
nfx_4ZWHBNPFZDQT7SHR3875JSAF20,insa,196,review
nfx_4ZWHBNPFZDQT7SHR3875JSAF20,insa,196,review
nfx_4ZWHBNPFZDQT7SHR3875JSAF20,insa,196,review
nfx_4ZWHBNPFZDQT7SHR3875JSAF20,insa,196,review
nfx_4ZWHBNPFZDQT7SHR3875JSAF20,insa,196,review
nfx_4ZWHBNPFZDQT7SHR3875JSAF20,insa,196,review
nfx_4ZWHBNPFZDQT7SHR3875JSAF20,insa,196,review
nfx_4ZWXBZCGHCQTY392V0Q7YXGYKJ,ciqual,1006,review
nfx_4ZWXBZCGHCQTY392V0Q7YXGYKJ,ciqual,5210,review
nfx_4ZWXBZCGHCQTY392V0Q7YXGYKJ,ciqual,5216,review
nfx_4ZWXBZCGHCQTY392V0Q7YXGYKJ,insa,250024,review
nfx_4ZWXBZCGHCQTY392V0Q7YXGYKJ,insa,250024,review
nfx_4ZWXBZCGHCQTY392V0Q7YXGYKJ,insa,250024,review
nfx_4ZX5WA0A5M57N8DY3ZH275NJP5,ciqual,18430,review
nfx_4ZX5WA0A5M57N8DY3ZH275NJP5,ciqual,18430,review
nfx_4ZX5WA0A5M57N8DY3ZH275NJP5,insa,2,review
nfx_4ZX5WA0A5M57N8DY3ZH275NJP5,insa,3,review
nfx_4ZYWP2CMDZ4FXRZFFVC4CXVEY1,ciqual,19550,review
nfx_4ZYWP2CMDZ4FXRZFFVC4CXVEY1,ciqual,19550,review
nfx_4ZYWP2CMDZ4FXRZFFVC4CXVEY1,ciqual,19550,review
nfx_4ZYWP2CMDZ4FXRZFFVC4CXVEY1,insa,1920000006,review
nfx_4ZYWP2CMDZ4FXRZFFVC4CXVEY1,insa,1920000010,review
nfx_4ZYWP2CMDZ4FXRZFFVC4CXVEY1,insa,1920000011,review
nfx_50AZ5Z8YQ2NWNQNA67W1GW1GC4,ciqual,25629,review
nfx_50AZ5Z8YQ2NWNQNA67W1GW1GC4,insa,2122000006,review
nfx_50JPHSWX70FMQ8602QCNY87J73,ciqual,19501,review
nfx_50JPHSWX70FMQ8602QCNY87J73,ciqual,19711,review
nfx_50JPHSWX70FMQ8602QCNY87J73,insa,59,review
nfx_50JPHSWX70FMQ8602QCNY87J73,insa,59,review
nfx_50MG8N7A7W08ARHCJ1E08EQSCK,ciqual,24002,review
nfx_50MG8N7A7W08ARHCJ1E08EQSCK,ciqual,24002,review
nfx_50MG8N7A7W08ARHCJ1E08EQSCK,insa,455,review
nfx_50MG8N7A7W08ARHCJ1E08EQSCK,insa,460,review
nfx_50XQAEN97QD1P22Q4CXG2DZA3V,ciqual,76025,review
nfx_50XQAEN97QD1P22Q4CXG2DZA3V,ciqual,76025,review
nfx_50XQAEN97QD1P22Q4CXG2DZA3V,insa,2,review
nfx_50XQAEN97QD1P22Q4CXG2DZA3V,insa,3,review
nfx_5125HHJP6Y42582PKHCXXHTCRC,ciqual,18041,review
nfx_5125HHJP6Y42582PKHCXXHTCRC,insa,1205,review
nfx_51475WZMJY0KVS5DF3D7AXKYPF,ciqual,25511,review
nfx_51475WZMJY0KVS5DF3D7AXKYPF,ciqual,25903,review
nfx_51475WZMJY0KVS5DF3D7AXKYPF,ciqual,25914,automatic
nfx_51475WZMJY0KVS5DF3D7AXKYPF,ciqual,25933,review
nfx_51475WZMJY0KVS5DF3D7AXKYPF,ciqual,25935,review
nfx_51475WZMJY0KVS5DF3D7AXKYPF,ciqual,25953,review
nfx_51475WZMJY0KVS5DF3D7AXKYPF,ciqual,25974,review
nfx_51475WZMJY0KVS5DF3D7AXKYPF,insa,1101,automatic
nfx_51475WZMJY0KVS5DF3D7AXKYPF,insa,1101,review
nfx_51475WZMJY0KVS5DF3D7AXKYPF,insa,1101,review
nfx_51475WZMJY0KVS5DF3D7AXKYPF,insa,1101,review
nfx_51475WZMJY0KVS5DF3D7AXKYPF,insa,1101,review
nfx_51475WZMJY0KVS5DF3D7AXKYPF,insa,1101,review
nfx_51475WZMJY0KVS5DF3D7AXKYPF,insa,1101,review
nfx_51A3YG2DZ4FEZ78VA0WJ3MBEAX,ciqual,4014,review
nfx_51A3YG2DZ4FEZ78VA0WJ3MBEAX,ciqual,4014,review
nfx_51A3YG2DZ4FEZ78VA0WJ3MBEAX,insa,585,review
nfx_51A3YG2DZ4FEZ78VA0WJ3MBEAX,insa,589,review
nfx_51BR1JHBAXM3C93FNQDCWZW6MJ,ciqual,28001,review
nfx_51BR1JHBAXM3C93FNQDCWZW6MJ,ciqual,28001,review
nfx_51BR1JHBAXM3C93FNQDCWZW6MJ,ciqual,28001,review
nfx_51BR1JHBAXM3C93FNQDCWZW6MJ,ciqual,28001,review
nfx_51BR1JHBAXM3C93FNQDCWZW6MJ,ciqual,28001,review
nfx_51BR1JHBAXM3C93FNQDCWZW6MJ,ciqual,28001,review
nfx_51BR1JHBAXM3C93FNQDCWZW6MJ,ciqual,28001,review
nfx_51BR1JHBAXM3C93FNQDCWZW6MJ,ciqual,28001,review
nfx_51BR1JHBAXM3C93FNQDCWZW6MJ,insa,1219,review
nfx_51BR1JHBAXM3C93FNQDCWZW6MJ,insa,1222,review
nfx_51BR1JHBAXM3C93FNQDCWZW6MJ,insa,156,review
nfx_51BR1JHBAXM3C93FNQDCWZW6MJ,insa,2120000011,review
nfx_51BR1JHBAXM3C93FNQDCWZW6MJ,insa,308,review
nfx_51BR1JHBAXM3C93FNQDCWZW6MJ,insa,334,review
nfx_51BR1JHBAXM3C93FNQDCWZW6MJ,insa,70500004,review
nfx_51BR1JHBAXM3C93FNQDCWZW6MJ,insa,98,review
nfx_51CCA8SDD3463XS9NK5R39JWXF,ciqual,9691,review
nfx_51CCA8SDD3463XS9NK5R39JWXF,ciqual,9691,review
nfx_51CCA8SDD3463XS9NK5R39JWXF,insa,437,review
nfx_51CCA8SDD3463XS9NK5R39JWXF,insa,441,review
nfx_51WT5TRWSW5K8P18RHRV0ZGFVM,ciqual,19557,review
nfx_51WT5TRWSW5K8P18RHRV0ZGFVM,insa,80,review
nfx_51XCFFHDXN5Z1RENYTJSXH6YPF,ciqual,19555,review
nfx_51XCFFHDXN5Z1RENYTJSXH6YPF,insa,80,review
nfx_51ZHF6BPVDGAFJ40XFACG3JNWT,ciqual,20802,review
nfx_51ZHF6BPVDGAFJ40XFACG3JNWT,ciqual,20802,review
nfx_51ZHF6BPVDGAFJ40XFACG3JNWT,insa,579,review
nfx_51ZHF6BPVDGAFJ40XFACG3JNWT,insa,625,review
nfx_525FZQ4T5PWFPSJ37X8SPRYR3Z,ciqual,21003,automatic
nfx_525FZQ4T5PWFPSJ37X8SPRYR3Z,ciqual,21003,review
nfx_525FZQ4T5PWFPSJ37X8SPRYR3Z,insa,332,review
nfx_525FZQ4T5PWFPSJ37X8SPRYR3Z,insa,98,automatic
nfx_52A9DPR6ZQZP1WHWX5C37Q5FFP,ciqual,21514,review
nfx_52A9DPR6ZQZP1WHWX5C37Q5FFP,insa,96,review
nfx_52C5T2HT4WHXWJK3BW23XDYQ4X,ciqual,11102,review
nfx_52C5T2HT4WHXWJK3BW23XDYQ4X,ciqual,11102,review
nfx_52C5T2HT4WHXWJK3BW23XDYQ4X,ciqual,11102,review
nfx_52C5T2HT4WHXWJK3BW23XDYQ4X,insa,1229,review
nfx_52C5T2HT4WHXWJK3BW23XDYQ4X,insa,2120000007,review
nfx_52C5T2HT4WHXWJK3BW23XDYQ4X,insa,933,review
nfx_52E1KJ3467WPR0QBEY06387EYT,ciqual,36311,review
nfx_52E1KJ3467WPR0QBEY06387EYT,insa,283,review
nfx_52N1QKPYBTGP4ZFE06FZ45R6J6,ciqual,26034,review
nfx_52N1QKPYBTGP4ZFE06FZ45R6J6,insa,889,review
nfx_52RF4YVZBWYK4YCDJ7KPFNWKXW,ciqual,10041,review
nfx_52RF4YVZBWYK4YCDJ7KPFNWKXW,insa,1219,review
nfx_52RME4CH1J87V587HDHN9MR0GM,ciqual,19596,review
nfx_52RME4CH1J87V587HDHN9MR0GM,insa,1900000067,review
nfx_53278D8Z331NJ9HE75XPABHXCJ,ciqual,26694,review
nfx_53278D8Z331NJ9HE75XPABHXCJ,insa,889,review
nfx_5337PVNKCFJGY2Y2A0GYZ8V1ZE,ciqual,20116,automatic
nfx_5337PVNKCFJGY2Y2A0GYZ8V1ZE,ciqual,20116,review
nfx_5337PVNKCFJGY2Y2A0GYZ8V1ZE,insa,552,automatic
nfx_5337PVNKCFJGY2Y2A0GYZ8V1ZE,insa,565,review
nfx_534G6KFPY3PJXX69RH4Q00KKNT,ciqual,11302,review
nfx_534G6KFPY3PJXX69RH4Q00KKNT,ciqual,11302,review
nfx_534G6KFPY3PJXX69RH4Q00KKNT,ciqual,11302,review
nfx_534G6KFPY3PJXX69RH4Q00KKNT,insa,1229,review
nfx_534G6KFPY3PJXX69RH4Q00KKNT,insa,2120000007,review
nfx_534G6KFPY3PJXX69RH4Q00KKNT,insa,933,review
nfx_53566F46AMAE01A8VBM68D4DH8,ciqual,76019,review
nfx_53566F46AMAE01A8VBM68D4DH8,insa,3,review
nfx_53G5FPPKJAPS9CHZ1ETHZTQTFV,ciqual,19801,review
nfx_53G5FPPKJAPS9CHZ1ETHZTQTFV,insa,1900000067,review
nfx_53J5XP75EJJ6TMV5Z1ZQQT4B1W,ciqual,9435,review
nfx_53J5XP75EJJ6TMV5Z1ZQQT4B1W,ciqual,9445,review
nfx_53J5XP75EJJ6TMV5Z1ZQQT4B1W,ciqual,9520,review
nfx_53J5XP75EJJ6TMV5Z1ZQQT4B1W,ciqual,9532,automatic
nfx_53J5XP75EJJ6TMV5Z1ZQQT4B1W,ciqual,9540,review
nfx_53J5XP75EJJ6TMV5Z1ZQQT4B1W,insa,411,automatic
nfx_53J5XP75EJJ6TMV5Z1ZQQT4B1W,insa,411,review
nfx_53J5XP75EJJ6TMV5Z1ZQQT4B1W,insa,411,review
nfx_53J5XP75EJJ6TMV5Z1ZQQT4B1W,insa,411,review
nfx_53J5XP75EJJ6TMV5Z1ZQQT4B1W,insa,411,review
nfx_53KR04K71ZSQF6QTXZT7ZH076F,ciqual,51502,review
nfx_53KR04K71ZSQF6QTXZT7ZH076F,insa,933,review
nfx_53NA65V2T35PY3YZB9AX1T28ZQ,ciqual,27016,automatic
nfx_53NA65V2T35PY3YZB9AX1T28ZQ,insa,831,automatic
nfx_53NB11DMS496VFEXV0PB4A8FKE,ciqual,20094,review
nfx_53NB11DMS496VFEXV0PB4A8FKE,ciqual,20290,review
nfx_53NB11DMS496VFEXV0PB4A8FKE,ciqual,20803,review
nfx_53NB11DMS496VFEXV0PB4A8FKE,insa,561,review
nfx_53NB11DMS496VFEXV0PB4A8FKE,insa,561,review
nfx_53NB11DMS496VFEXV0PB4A8FKE,insa,561,review
nfx_53NQKKCQ8E32ZXBJA3KCBQPYAM,ciqual,17180,review
nfx_53NQKKCQ8E32ZXBJA3KCBQPYAM,ciqual,17180,review
nfx_53NQKKCQ8E32ZXBJA3KCBQPYAM,ciqual,17180,review
nfx_53NQKKCQ8E32ZXBJA3KCBQPYAM,ciqual,17180,review
nfx_53NQKKCQ8E32ZXBJA3KCBQPYAM,insa,389,review
nfx_53NQKKCQ8E32ZXBJA3KCBQPYAM,insa,392,review
nfx_53NQKKCQ8E32ZXBJA3KCBQPYAM,insa,393,review
nfx_53NQKKCQ8E32ZXBJA3KCBQPYAM,insa,394,review
nfx_53YEV4RBNME51H64GG1TC3KZZJ,ciqual,7600,review
nfx_53YEV4RBNME51H64GG1TC3KZZJ,ciqual,7600,review
nfx_53YEV4RBNME51H64GG1TC3KZZJ,insa,370,review
nfx_53YEV4RBNME51H64GG1TC3KZZJ,insa,488,review
nfx_53ZTHW2W5JGXJFRSQKXSHH52DV,ciqual,13054,review
nfx_53ZTHW2W5JGXJFRSQKXSHH52DV,insa,623,review
nfx_541W643S6CZY8JD0D7E9CXHZEV,ciqual,25444,review
nfx_541W643S6CZY8JD0D7E9CXHZEV,ciqual,25444,review
nfx_541W643S6CZY8JD0D7E9CXHZEV,ciqual,25444,review
nfx_541W643S6CZY8JD0D7E9CXHZEV,ciqual,25444,review
nfx_541W643S6CZY8JD0D7E9CXHZEV,ciqual,25444,review
nfx_541W643S6CZY8JD0D7E9CXHZEV,insa,220009,review
nfx_541W643S6CZY8JD0D7E9CXHZEV,insa,47,review
nfx_541W643S6CZY8JD0D7E9CXHZEV,insa,50800024,review
nfx_541W643S6CZY8JD0D7E9CXHZEV,insa,50800032,review
nfx_541W643S6CZY8JD0D7E9CXHZEV,insa,54,review
nfx_547QHR6KGA8DXEYWBYN32D9MA7,ciqual,19805,review
nfx_547QHR6KGA8DXEYWBYN32D9MA7,insa,1900000067,review
nfx_54C1S1ER3BP48TN0QW679CMJPJ,ciqual,19060,review
nfx_54C1S1ER3BP48TN0QW679CMJPJ,insa,1900000063,review
nfx_54EWZWXM5DP6JPWGN53C0HNYXC,ciqual,23008,review
nfx_54EWZWXM5DP6JPWGN53C0HNYXC,ciqual,23008,review
nfx_54EWZWXM5DP6JPWGN53C0HNYXC,ciqual,23008,review
nfx_54EWZWXM5DP6JPWGN53C0HNYXC,insa,473,review
nfx_54EWZWXM5DP6JPWGN53C0HNYXC,insa,474,review
nfx_54EWZWXM5DP6JPWGN53C0HNYXC,insa,478,review
nfx_54MNG33T4NKJY4F5T62NHVVMJZ,ciqual,15010,review
nfx_54MNG33T4NKJY4F5T62NHVVMJZ,insa,1900000037,review
nfx_54QGY6MF7GDTGRJ1V2BNX3JFXV,ciqual,6161,review
nfx_54QGY6MF7GDTGRJ1V2BNX3JFXV,ciqual,6208,review
nfx_54QGY6MF7GDTGRJ1V2BNX3JFXV,ciqual,6211,review
nfx_54QGY6MF7GDTGRJ1V2BNX3JFXV,insa,1134,review
nfx_54QGY6MF7GDTGRJ1V2BNX3JFXV,insa,1134,review
nfx_54QGY6MF7GDTGRJ1V2BNX3JFXV,insa,1134,review
nfx_54T1WY5XE2WV84HRGR6626J089,ciqual,11097,review
nfx_54T1WY5XE2WV84HRGR6626J089,ciqual,11097,review
nfx_54T1WY5XE2WV84HRGR6626J089,ciqual,11097,review
nfx_54T1WY5XE2WV84HRGR6626J089,insa,1229,review
nfx_54T1WY5XE2WV84HRGR6626J089,insa,2120000007,review
nfx_54T1WY5XE2WV84HRGR6626J089,insa,933,review
nfx_54X4W169KQERSGB86WWCHNAS0A,ciqual,25412,review
nfx_54X4W169KQERSGB86WWCHNAS0A,ciqual,25412,review
nfx_54X4W169KQERSGB86WWCHNAS0A,insa,1027,review
nfx_54X4W169KQERSGB86WWCHNAS0A,insa,1028,review
nfx_54YXE9WH5SZJ27EGTECRNQH7RB,ciqual,20066,review
nfx_54YXE9WH5SZJ27EGTECRNQH7RB,insa,1900000083,review
nfx_553NKSQMRW651ZM4HH7CKHSADP,ciqual,23585,review
nfx_553NKSQMRW651ZM4HH7CKHSADP,ciqual,23585,review
nfx_553NKSQMRW651ZM4HH7CKHSADP,insa,465,review
nfx_553NKSQMRW651ZM4HH7CKHSADP,insa,478,review
nfx_558NZVDQAEZ504AY0KFSN7824V,ciqual,11046,review
nfx_558NZVDQAEZ504AY0KFSN7824V,insa,779,review
nfx_55SNPJC1HT60P5JB1CQ3Q68D4J,ciqual,25033,review
nfx_55SNPJC1HT60P5JB1CQ3Q68D4J,ciqual,25033,review
nfx_55SNPJC1HT60P5JB1CQ3Q68D4J,insa,1036,review
nfx_55SNPJC1HT60P5JB1CQ3Q68D4J,insa,373,review
nfx_567MV4R5MH9HKXXAE8VTHQCJ4N,ciqual,24040,review
nfx_567MV4R5MH9HKXXAE8VTHQCJ4N,insa,465,review
nfx_56N16Q9BJBXQJVAE7TGBD6149A,ciqual,25963,review
nfx_56N16Q9BJBXQJVAE7TGBD6149A,insa,782,review
nfx_56P0NMH9F770DJEC1BG0Q2TPRQ,ciqual,20270,review
nfx_56P0NMH9F770DJEC1BG0Q2TPRQ,insa,608,review
nfx_56S5N32TPEK057G333D5DRYKET,ciqual,40054,automatic
nfx_56S5N32TPEK057G333D5DRYKET,ciqual,40060,review
nfx_56S5N32TPEK057G333D5DRYKET,ciqual,40062,review
nfx_56S5N32TPEK057G333D5DRYKET,insa,1900000007,automatic
nfx_56S5N32TPEK057G333D5DRYKET,insa,1900000007,review
nfx_56S5N32TPEK057G333D5DRYKET,insa,1900000007,review
nfx_56T8GDBTJM85072H643MKBRH5W,ciqual,34001,review
nfx_56T8GDBTJM85072H643MKBRH5W,ciqual,34003,review
nfx_56T8GDBTJM85072H643MKBRH5W,insa,274,review
nfx_56T8GDBTJM85072H643MKBRH5W,insa,274,review
nfx_56W7692XR5HDGNP0VD5CQXZ4VX,ciqual,21516,review
nfx_56W7692XR5HDGNP0VD5CQXZ4VX,ciqual,21516,review
nfx_56W7692XR5HDGNP0VD5CQXZ4VX,ciqual,21516,review
nfx_56W7692XR5HDGNP0VD5CQXZ4VX,ciqual,21516,review
nfx_56W7692XR5HDGNP0VD5CQXZ4VX,insa,113,review
nfx_56W7692XR5HDGNP0VD5CQXZ4VX,insa,222,review
nfx_56W7692XR5HDGNP0VD5CQXZ4VX,insa,223,review
nfx_56W7692XR5HDGNP0VD5CQXZ4VX,insa,96,review
nfx_56YCAB9H5AZBEZM4MFEANEJSG5,ciqual,20816,review
nfx_56YCAB9H5AZBEZM4MFEANEJSG5,insa,579,review
nfx_56Z0E6DFBJMXWCPGKPMDKY9GEC,ciqual,19725,review
nfx_56Z0E6DFBJMXWCPGKPMDKY9GEC,insa,61,review
nfx_571W8CXAS3M97P62EH2QASP25D,ciqual,25610,review
nfx_571W8CXAS3M97P62EH2QASP25D,insa,1036,review
nfx_574PT602YASWX32MBPC8AQMBW0,ciqual,11010,review
nfx_574PT602YASWX32MBPC8AQMBW0,insa,777,review
nfx_57F2713CE9Z1VHY2MYS6B842ED,ciqual,7310,review
nfx_57F2713CE9Z1VHY2MYS6B842ED,insa,441,review
nfx_57KQADDAJ7FHWYX5RQCP7B55NW,ciqual,15203,review
nfx_57KQADDAJ7FHWYX5RQCP7B55NW,insa,1900000037,review
nfx_582W27VPA79FG2F5EF7P8AABES,ciqual,7402,review
nfx_582W27VPA79FG2F5EF7P8AABES,ciqual,7402,review
nfx_582W27VPA79FG2F5EF7P8AABES,ciqual,7402,review
nfx_582W27VPA79FG2F5EF7P8AABES,insa,427,review
nfx_582W27VPA79FG2F5EF7P8AABES,insa,430,review
nfx_582W27VPA79FG2F5EF7P8AABES,insa,433,review
nfx_583Z45MK1EXBVGW9HN21MK32QM,ciqual,26040,review
nfx_583Z45MK1EXBVGW9HN21MK32QM,insa,888,review
nfx_5866V4A42G2AJZS56GB9SQ1H11,ciqual,2071,review
nfx_5866V4A42G2AJZS56GB9SQ1H11,insa,739,review
nfx_58B4TRXNE181BPWQZKP55F5YGB,ciqual,19021,review
nfx_58B4TRXNE181BPWQZKP55F5YGB,insa,33,review
nfx_58BQFSNWYGD2VG0BHSWB2YZ17D,ciqual,23300,review
nfx_58BQFSNWYGD2VG0BHSWB2YZ17D,ciqual,23900,review
nfx_58BQFSNWYGD2VG0BHSWB2YZ17D,ciqual,25437,review
nfx_58BQFSNWYGD2VG0BHSWB2YZ17D,insa,370,review
nfx_58BQFSNWYGD2VG0BHSWB2YZ17D,insa,370,review
nfx_58BQFSNWYGD2VG0BHSWB2YZ17D,insa,370,review
nfx_58K5NPWBG2W1K3X7JTASNMECMM,ciqual,7130,review
nfx_58K5NPWBG2W1K3X7JTASNMECMM,ciqual,7170,review
nfx_58K5NPWBG2W1K3X7JTASNMECMM,insa,18,review
nfx_58K5NPWBG2W1K3X7JTASNMECMM,insa,18,review
nfx_58MRJD85W1PVP22EX6XRZ0TQKS,ciqual,20166,review
nfx_58MRJD85W1PVP22EX6XRZ0TQKS,insa,579,review
nfx_58S4CV2T5BNECT4Z4YQSJ1H138,ciqual,36311,review
nfx_58S4CV2T5BNECT4Z4YQSJ1H138,insa,96,review
nfx_592JCTFNWYH4XN4KNFX5KKEDWF,ciqual,20053,automatic
nfx_592JCTFNWYH4XN4KNFX5KKEDWF,insa,619,automatic
nfx_599E45W1YJMH3A8ED1429PHR0K,ciqual,19041,review
nfx_599E45W1YJMH3A8ED1429PHR0K,insa,493,review
nfx_59EFF0QENPZAN03XKWYSPCTVDN,ciqual,6510,automatic
nfx_59EFF0QENPZAN03XKWYSPCTVDN,ciqual,6510,review
nfx_59EFF0QENPZAN03XKWYSPCTVDN,ciqual,6510,review
nfx_59EFF0QENPZAN03XKWYSPCTVDN,ciqual,6510,review
nfx_59EFF0QENPZAN03XKWYSPCTVDN,ciqual,6510,review
nfx_59EFF0QENPZAN03XKWYSPCTVDN,ciqual,6510,review
nfx_59EFF0QENPZAN03XKWYSPCTVDN,ciqual,6510,review
nfx_59EFF0QENPZAN03XKWYSPCTVDN,insa,2120000005,review
nfx_59EFF0QENPZAN03XKWYSPCTVDN,insa,222,review
nfx_59EFF0QENPZAN03XKWYSPCTVDN,insa,223,automatic
nfx_59EFF0QENPZAN03XKWYSPCTVDN,insa,235,review
nfx_59EFF0QENPZAN03XKWYSPCTVDN,insa,238,review
nfx_59EFF0QENPZAN03XKWYSPCTVDN,insa,320,review
nfx_59EFF0QENPZAN03XKWYSPCTVDN,insa,96,review
nfx_59JWDMF2V4M0CZQJFDNVQE3YP4,ciqual,26130,review
nfx_59JWDMF2V4M0CZQJFDNVQE3YP4,insa,848,review
nfx_59P49Z90W7ZWA9M946CKV6P2E7,ciqual,20218,review
nfx_59P49Z90W7ZWA9M946CKV6P2E7,insa,565,review
nfx_59X9M9RPCTNKJ5TNCGX0CFASET,ciqual,40006,review
nfx_59X9M9RPCTNKJ5TNCGX0CFASET,ciqual,40006,review
nfx_59X9M9RPCTNKJ5TNCGX0CFASET,ciqual,40006,review
nfx_59X9M9RPCTNKJ5TNCGX0CFASET,ciqual,40006,review
nfx_59X9M9RPCTNKJ5TNCGX0CFASET,insa,2120000005,review
nfx_59X9M9RPCTNKJ5TNCGX0CFASET,insa,222,review
nfx_59X9M9RPCTNKJ5TNCGX0CFASET,insa,223,review
nfx_59X9M9RPCTNKJ5TNCGX0CFASET,insa,320,review
nfx_5A1KMN2TAT19YBCMSXTPM7F3V5,ciqual,13184,review
nfx_5A1KMN2TAT19YBCMSXTPM7F3V5,insa,703,review
nfx_5AHT2F8N4ECXDFQ4QQW1EK4QF4,ciqual,76059,review
nfx_5AHT2F8N4ECXDFQ4QQW1EK4QF4,ciqual,76059,review
nfx_5AHT2F8N4ECXDFQ4QQW1EK4QF4,insa,2,review
nfx_5AHT2F8N4ECXDFQ4QQW1EK4QF4,insa,3,review
nfx_5AMMACGSZZWM9E88GR1Y24VFDP,ciqual,26109,review
nfx_5AMMACGSZZWM9E88GR1Y24VFDP,ciqual,26109,review
nfx_5AMMACGSZZWM9E88GR1Y24VFDP,insa,837,review
nfx_5AMMACGSZZWM9E88GR1Y24VFDP,insa,850,review
nfx_5B15DSKXJC28FRMHZ88QC66HTH,ciqual,10061,review
nfx_5B15DSKXJC28FRMHZ88QC66HTH,ciqual,10064,review
nfx_5B15DSKXJC28FRMHZ88QC66HTH,ciqual,10086,review
nfx_5B15DSKXJC28FRMHZ88QC66HTH,ciqual,10100,review
nfx_5B15DSKXJC28FRMHZ88QC66HTH,insa,970,review
nfx_5B15DSKXJC28FRMHZ88QC66HTH,insa,970,review
nfx_5B15DSKXJC28FRMHZ88QC66HTH,insa,970,review
nfx_5B15DSKXJC28FRMHZ88QC66HTH,insa,970,review
nfx_5B504V470C7ZC3VTA8MRXF4RSR,ciqual,76087,review
nfx_5B504V470C7ZC3VTA8MRXF4RSR,ciqual,76087,review
nfx_5B504V470C7ZC3VTA8MRXF4RSR,insa,2,review
nfx_5B504V470C7ZC3VTA8MRXF4RSR,insa,3,review
nfx_5B7KB1HR7V8EM1NDXDZD9ER2D8,ciqual,2045,review
nfx_5B7KB1HR7V8EM1NDXDZD9ER2D8,insa,750,review
nfx_5BB8STCQHF562G772T3N2ZAYCG,ciqual,25405,review
nfx_5BB8STCQHF562G772T3N2ZAYCG,insa,957,review
nfx_5BBV2Z8YHYE00S5EMQWY59ASP7,ciqual,26178,review
nfx_5BBV2Z8YHYE00S5EMQWY59ASP7,insa,900,review
nfx_5BJ4ZWBWHHSQCEE0KP77EXVFXW,ciqual,11032,review
nfx_5BJ4ZWBWHHSQCEE0KP77EXVFXW,insa,1206,review
nfx_5BM1CNPAYARY2DYCDM7F6H2MKJ,ciqual,76011,review
nfx_5BM1CNPAYARY2DYCDM7F6H2MKJ,ciqual,76013,review
nfx_5BM1CNPAYARY2DYCDM7F6H2MKJ,ciqual,76029,review
nfx_5BM1CNPAYARY2DYCDM7F6H2MKJ,ciqual,76032,review
nfx_5BM1CNPAYARY2DYCDM7F6H2MKJ,ciqual,76034,review
nfx_5BM1CNPAYARY2DYCDM7F6H2MKJ,ciqual,76037,review
nfx_5BM1CNPAYARY2DYCDM7F6H2MKJ,ciqual,76038,review
nfx_5BM1CNPAYARY2DYCDM7F6H2MKJ,ciqual,76043,review
nfx_5BM1CNPAYARY2DYCDM7F6H2MKJ,ciqual,76047,review
nfx_5BM1CNPAYARY2DYCDM7F6H2MKJ,ciqual,76052,review
nfx_5BM1CNPAYARY2DYCDM7F6H2MKJ,ciqual,76061,review
nfx_5BM1CNPAYARY2DYCDM7F6H2MKJ,ciqual,76066,review
nfx_5BM1CNPAYARY2DYCDM7F6H2MKJ,ciqual,76078,review
nfx_5BM1CNPAYARY2DYCDM7F6H2MKJ,ciqual,76081,review
nfx_5BM1CNPAYARY2DYCDM7F6H2MKJ,ciqual,76083,review
nfx_5BM1CNPAYARY2DYCDM7F6H2MKJ,ciqual,76088,review
nfx_5BM1CNPAYARY2DYCDM7F6H2MKJ,ciqual,76089,review
nfx_5BM1CNPAYARY2DYCDM7F6H2MKJ,ciqual,76090,review
nfx_5BM1CNPAYARY2DYCDM7F6H2MKJ,ciqual,76093,review
nfx_5BM1CNPAYARY2DYCDM7F6H2MKJ,ciqual,76094,review
nfx_5BM1CNPAYARY2DYCDM7F6H2MKJ,ciqual,76095,review
nfx_5BM1CNPAYARY2DYCDM7F6H2MKJ,ciqual,76096,review
nfx_5BM1CNPAYARY2DYCDM7F6H2MKJ,ciqual,76102,review
nfx_5BM1CNPAYARY2DYCDM7F6H2MKJ,insa,2,review
nfx_5BM1CNPAYARY2DYCDM7F6H2MKJ,insa,2,review
nfx_5BM1CNPAYARY2DYCDM7F6H2MKJ,insa,2,review
nfx_5BM1CNPAYARY2DYCDM7F6H2MKJ,insa,2,review
nfx_5BM1CNPAYARY2DYCDM7F6H2MKJ,insa,2,review
nfx_5BM1CNPAYARY2DYCDM7F6H2MKJ,insa,2,review
nfx_5BM1CNPAYARY2DYCDM7F6H2MKJ,insa,2,review
nfx_5BM1CNPAYARY2DYCDM7F6H2MKJ,insa,2,review
nfx_5BM1CNPAYARY2DYCDM7F6H2MKJ,insa,2,review
nfx_5BM1CNPAYARY2DYCDM7F6H2MKJ,insa,2,review
nfx_5BM1CNPAYARY2DYCDM7F6H2MKJ,insa,2,review
nfx_5BM1CNPAYARY2DYCDM7F6H2MKJ,insa,2,review
nfx_5BM1CNPAYARY2DYCDM7F6H2MKJ,insa,2,review
nfx_5BM1CNPAYARY2DYCDM7F6H2MKJ,insa,2,review
nfx_5BM1CNPAYARY2DYCDM7F6H2MKJ,insa,2,review
nfx_5BM1CNPAYARY2DYCDM7F6H2MKJ,insa,2,review
nfx_5BM1CNPAYARY2DYCDM7F6H2MKJ,insa,2,review
nfx_5BM1CNPAYARY2DYCDM7F6H2MKJ,insa,2,review
nfx_5BM1CNPAYARY2DYCDM7F6H2MKJ,insa,2,review
nfx_5BM1CNPAYARY2DYCDM7F6H2MKJ,insa,2,review
nfx_5BM1CNPAYARY2DYCDM7F6H2MKJ,insa,2,review
nfx_5BM1CNPAYARY2DYCDM7F6H2MKJ,insa,2,review
nfx_5BM1CNPAYARY2DYCDM7F6H2MKJ,insa,2,review
nfx_5BM5V558GVJ077Q7WDNAF7B07K,ciqual,24038,review
nfx_5BM5V558GVJ077Q7WDNAF7B07K,insa,465,review
nfx_5BW9FQR0VKV5FQ0FBKBN1RMQRZ,ciqual,26695,review
nfx_5BW9FQR0VKV5FQ0FBKBN1RMQRZ,insa,876,review
nfx_5C1AM4FAMK0GTVW613TS8E8QM3,ciqual,8290,review
nfx_5C1AM4FAMK0GTVW613TS8E8QM3,insa,876,review
nfx_5C6PGK0GC8KK8JQCNH5HJCH16G,ciqual,11163,review
nfx_5C6PGK0GC8KK8JQCNH5HJCH16G,ciqual,11163,review
nfx_5C6PGK0GC8KK8JQCNH5HJCH16G,ciqual,11163,review
nfx_5C6PGK0GC8KK8JQCNH5HJCH16G,insa,1229,review
nfx_5C6PGK0GC8KK8JQCNH5HJCH16G,insa,2120000007,review
nfx_5C6PGK0GC8KK8JQCNH5HJCH16G,insa,933,review
nfx_5C735NX2S69WJ674HYAFTH7YWZ,ciqual,20101,review
nfx_5C735NX2S69WJ674HYAFTH7YWZ,insa,1900000026,review
nfx_5CANYW0Z81FZ47TSAK1069AB5E,ciqual,6204,review
nfx_5CANYW0Z81FZ47TSAK1069AB5E,ciqual,6204,review
nfx_5CANYW0Z81FZ47TSAK1069AB5E,ciqual,6204,review
nfx_5CANYW0Z81FZ47TSAK1069AB5E,ciqual,6204,review
nfx_5CANYW0Z81FZ47TSAK1069AB5E,ciqual,6204,review
nfx_5CANYW0Z81FZ47TSAK1069AB5E,ciqual,6204,review
nfx_5CANYW0Z81FZ47TSAK1069AB5E,insa,2120000002,review
nfx_5CANYW0Z81FZ47TSAK1069AB5E,insa,2120000003,review
nfx_5CANYW0Z81FZ47TSAK1069AB5E,insa,2120000005,review
nfx_5CANYW0Z81FZ47TSAK1069AB5E,insa,317,review
nfx_5CANYW0Z81FZ47TSAK1069AB5E,insa,324,review
nfx_5CANYW0Z81FZ47TSAK1069AB5E,insa,330,review
nfx_5CWBBNBPQ0HWQSMWBXC5VGTMN3,ciqual,20293,review
nfx_5CWBBNBPQ0HWQSMWBXC5VGTMN3,insa,240003,review
nfx_5CXB17DQV5RT0FWPB5B0VNAXJM,ciqual,25964,review
nfx_5CXB17DQV5RT0FWPB5B0VNAXJM,insa,782,review
nfx_5D108HE0CEPQ71Q9QDQT73QDQK,ciqual,9690,review
nfx_5D108HE0CEPQ71Q9QDQT73QDQK,insa,2122000006,review
nfx_5D3QMVF6NEJXET2FTT5ZNAV04T,ciqual,19544,review
nfx_5D3QMVF6NEJXET2FTT5ZNAV04T,ciqual,19546,review
nfx_5D3QMVF6NEJXET2FTT5ZNAV04T,ciqual,19554,review
nfx_5D3QMVF6NEJXET2FTT5ZNAV04T,ciqual,19594,review
nfx_5D3QMVF6NEJXET2FTT5ZNAV04T,ciqual,19882,review
nfx_5D3QMVF6NEJXET2FTT5ZNAV04T,insa,1900000067,review
nfx_5D3QMVF6NEJXET2FTT5ZNAV04T,insa,1900000067,review
nfx_5D3QMVF6NEJXET2FTT5ZNAV04T,insa,1900000067,review
nfx_5D3QMVF6NEJXET2FTT5ZNAV04T,insa,1900000067,review
nfx_5D3QMVF6NEJXET2FTT5ZNAV04T,insa,1900000067,review
nfx_5D5DFFZFA759C5YEVTMMBVP62S,ciqual,40053,review
nfx_5D5DFFZFA759C5YEVTMMBVP62S,ciqual,40059,review
nfx_5D5DFFZFA759C5YEVTMMBVP62S,ciqual,6230,review
nfx_5D5DFFZFA759C5YEVTMMBVP62S,ciqual,6259,review
nfx_5D5DFFZFA759C5YEVTMMBVP62S,insa,318,review
nfx_5D5DFFZFA759C5YEVTMMBVP62S,insa,318,review
nfx_5D5DFFZFA759C5YEVTMMBVP62S,insa,318,review
nfx_5D5DFFZFA759C5YEVTMMBVP62S,insa,318,review
nfx_5DQ4H7XGBYCJ06BBCRPJNKQGAS,ciqual,76011,review
nfx_5DQ4H7XGBYCJ06BBCRPJNKQGAS,insa,3,review
nfx_5DSMRNYRA6ZNE95CFQFT9GRH52,ciqual,20515,review
nfx_5DSMRNYRA6ZNE95CFQFT9GRH52,insa,525,review
nfx_5EAVM8R6GGFQ43E91993SXQBY8,ciqual,1006,review
nfx_5EAVM8R6GGFQ43E91993SXQBY8,ciqual,5210,review
nfx_5EAVM8R6GGFQ43E91993SXQBY8,ciqual,5216,review
nfx_5EAVM8R6GGFQ43E91993SXQBY8,insa,722,review
nfx_5EAVM8R6GGFQ43E91993SXQBY8,insa,722,review
nfx_5EAVM8R6GGFQ43E91993SXQBY8,insa,722,review
nfx_5ECDYE3JKMCJ2F1Y2ZZ49W0Q46,ciqual,21005,review
nfx_5ECDYE3JKMCJ2F1Y2ZZ49W0Q46,ciqual,40404,review
nfx_5ECDYE3JKMCJ2F1Y2ZZ49W0Q46,insa,332,review
nfx_5ECDYE3JKMCJ2F1Y2ZZ49W0Q46,insa,332,review
nfx_5F2JBYAH2JXF1S4XPYPS3RRTR4,ciqual,19508,review
nfx_5F2JBYAH2JXF1S4XPYPS3RRTR4,ciqual,19539,review
nfx_5F2JBYAH2JXF1S4XPYPS3RRTR4,ciqual,19553,review
nfx_5F2JBYAH2JXF1S4XPYPS3RRTR4,insa,1900000102,review
nfx_5F2JBYAH2JXF1S4XPYPS3RRTR4,insa,1900000102,review
nfx_5F2JBYAH2JXF1S4XPYPS3RRTR4,insa,1900000102,review
nfx_5F64NMC68A9QH2QH6D92B2JYYS,ciqual,21005,review
nfx_5F64NMC68A9QH2QH6D92B2JYYS,insa,98,review
nfx_5FBWJ6JARG6ENSNDA7VKY9MJ0Q,ciqual,32025,review
nfx_5FBWJ6JARG6ENSNDA7VKY9MJ0Q,insa,447,review
nfx_5G0YGSXWJM0N2QRWD1W129TTFP,ciqual,20518,review
nfx_5G0YGSXWJM0N2QRWD1W129TTFP,insa,575,review
nfx_5G25XKC2RW9ZC9XMCXWP76Y0C1,ciqual,28103,review
nfx_5G25XKC2RW9ZC9XMCXWP76Y0C1,insa,157,review
nfx_5GFW5C2PH4RVBW2GC57GMFSRHP,ciqual,20803,review
nfx_5GFW5C2PH4RVBW2GC57GMFSRHP,ciqual,20803,review
nfx_5GFW5C2PH4RVBW2GC57GMFSRHP,insa,563,review
nfx_5GFW5C2PH4RVBW2GC57GMFSRHP,insa,566,review
nfx_5GK71CZFCFDXSJFNWP1RW3S1WB,ciqual,38501,review
nfx_5GK71CZFCFDXSJFNWP1RW3S1WB,ciqual,38501,review
nfx_5GK71CZFCFDXSJFNWP1RW3S1WB,ciqual,38501,review
nfx_5GK71CZFCFDXSJFNWP1RW3S1WB,ciqual,38501,review
nfx_5GK71CZFCFDXSJFNWP1RW3S1WB,ciqual,38501,review
nfx_5GK71CZFCFDXSJFNWP1RW3S1WB,ciqual,38501,review
nfx_5GK71CZFCFDXSJFNWP1RW3S1WB,insa,220009,review
nfx_5GK71CZFCFDXSJFNWP1RW3S1WB,insa,47,review
nfx_5GK71CZFCFDXSJFNWP1RW3S1WB,insa,50800024,review
nfx_5GK71CZFCFDXSJFNWP1RW3S1WB,insa,50800032,review
nfx_5GK71CZFCFDXSJFNWP1RW3S1WB,insa,522,review
nfx_5GK71CZFCFDXSJFNWP1RW3S1WB,insa,54,review
nfx_5GR0H63VGN8ADB4EJTK4J2B31E,ciqual,17170,review
nfx_5GR0H63VGN8ADB4EJTK4J2B31E,ciqual,17170,review
nfx_5GR0H63VGN8ADB4EJTK4J2B31E,ciqual,17170,review
nfx_5GR0H63VGN8ADB4EJTK4J2B31E,ciqual,17170,review
nfx_5GR0H63VGN8ADB4EJTK4J2B31E,insa,389,review
nfx_5GR0H63VGN8ADB4EJTK4J2B31E,insa,392,review
nfx_5GR0H63VGN8ADB4EJTK4J2B31E,insa,393,review
nfx_5GR0H63VGN8ADB4EJTK4J2B31E,insa,394,review
nfx_5GT7EEZQVJC6XY3HTCHHVX097G,ciqual,14005,review
nfx_5GT7EEZQVJC6XY3HTCHHVX097G,insa,70500004,review
nfx_5H5D4MWNAF9G7JQR5RDZENCA3C,ciqual,20535,review
nfx_5H5D4MWNAF9G7JQR5RDZENCA3C,ciqual,20585,review
nfx_5H5D4MWNAF9G7JQR5RDZENCA3C,insa,538,review
nfx_5H5D4MWNAF9G7JQR5RDZENCA3C,insa,538,review
nfx_5H9W8V0YADY0B0AJ0K1Z8ZKJD0,ciqual,39214,review
nfx_5H9W8V0YADY0B0AJ0K1Z8ZKJD0,ciqual,39214,review
nfx_5H9W8V0YADY0B0AJ0K1Z8ZKJD0,insa,62,review
nfx_5H9W8V0YADY0B0AJ0K1Z8ZKJD0,insa,65,review
nfx_5HA0Z61RRD6EMKNTYZBPQCQ0FX,ciqual,25923,review
nfx_5HA0Z61RRD6EMKNTYZBPQCQ0FX,insa,799,review
nfx_5HECTWP1ZAYZSFT6R5RQGCAKD2,ciqual,25903,review
nfx_5HECTWP1ZAYZSFT6R5RQGCAKD2,ciqual,25953,review
nfx_5HECTWP1ZAYZSFT6R5RQGCAKD2,ciqual,25974,review
nfx_5HECTWP1ZAYZSFT6R5RQGCAKD2,insa,781,review
nfx_5HECTWP1ZAYZSFT6R5RQGCAKD2,insa,781,review
nfx_5HECTWP1ZAYZSFT6R5RQGCAKD2,insa,781,review
nfx_5HEECHCPN3VCTA0N6KTQSCRHV9,ciqual,9480,automatic
nfx_5HEECHCPN3VCTA0N6KTQSCRHV9,ciqual,9520,review
nfx_5HEECHCPN3VCTA0N6KTQSCRHV9,ciqual,9532,review
nfx_5HEECHCPN3VCTA0N6KTQSCRHV9,ciqual,9540,review
nfx_5HEECHCPN3VCTA0N6KTQSCRHV9,insa,1900000077,automatic
nfx_5HEECHCPN3VCTA0N6KTQSCRHV9,insa,1900000077,review
nfx_5HEECHCPN3VCTA0N6KTQSCRHV9,insa,1900000077,review
nfx_5HEECHCPN3VCTA0N6KTQSCRHV9,insa,1900000077,review
nfx_5HHSS1A6880GCZJAEJ08ZFM431,ciqual,2018,review
nfx_5HHSS1A6880GCZJAEJ08ZFM431,ciqual,2018,review
nfx_5HHSS1A6880GCZJAEJ08ZFM431,insa,736,review
nfx_5HHSS1A6880GCZJAEJ08ZFM431,insa,747,review
nfx_5HHTREBSSFW0J5WKN78B8BG0FA,ciqual,20270,review
nfx_5HHTREBSSFW0J5WKN78B8BG0FA,insa,1900000022,review
nfx_5HVRJCD5JVRH7MWH0SKBJSPXFW,ciqual,40104,review
nfx_5HVRJCD5JVRH7MWH0SKBJSPXFW,insa,324,review
nfx_5J9JZ0SDHKVFHD1YFT8T4SKFAN,ciqual,76013,review
nfx_5J9JZ0SDHKVFHD1YFT8T4SKFAN,ciqual,76029,review
nfx_5J9JZ0SDHKVFHD1YFT8T4SKFAN,ciqual,76032,review
nfx_5J9JZ0SDHKVFHD1YFT8T4SKFAN,ciqual,76034,review
nfx_5J9JZ0SDHKVFHD1YFT8T4SKFAN,ciqual,76037,review
nfx_5J9JZ0SDHKVFHD1YFT8T4SKFAN,ciqual,76038,review
nfx_5J9JZ0SDHKVFHD1YFT8T4SKFAN,ciqual,76043,review
nfx_5J9JZ0SDHKVFHD1YFT8T4SKFAN,ciqual,76047,review
nfx_5J9JZ0SDHKVFHD1YFT8T4SKFAN,ciqual,76052,review
nfx_5J9JZ0SDHKVFHD1YFT8T4SKFAN,ciqual,76061,review
nfx_5J9JZ0SDHKVFHD1YFT8T4SKFAN,ciqual,76078,review
nfx_5J9JZ0SDHKVFHD1YFT8T4SKFAN,ciqual,76083,review
nfx_5J9JZ0SDHKVFHD1YFT8T4SKFAN,ciqual,76088,review
nfx_5J9JZ0SDHKVFHD1YFT8T4SKFAN,ciqual,76089,review
nfx_5J9JZ0SDHKVFHD1YFT8T4SKFAN,ciqual,76090,review
nfx_5J9JZ0SDHKVFHD1YFT8T4SKFAN,ciqual,76093,review
nfx_5J9JZ0SDHKVFHD1YFT8T4SKFAN,ciqual,76094,review
nfx_5J9JZ0SDHKVFHD1YFT8T4SKFAN,ciqual,76095,review
nfx_5J9JZ0SDHKVFHD1YFT8T4SKFAN,ciqual,76096,review
nfx_5J9JZ0SDHKVFHD1YFT8T4SKFAN,ciqual,76102,review
nfx_5J9JZ0SDHKVFHD1YFT8T4SKFAN,insa,3,review
nfx_5J9JZ0SDHKVFHD1YFT8T4SKFAN,insa,3,review
nfx_5J9JZ0SDHKVFHD1YFT8T4SKFAN,insa,3,review
nfx_5J9JZ0SDHKVFHD1YFT8T4SKFAN,insa,3,review
nfx_5J9JZ0SDHKVFHD1YFT8T4SKFAN,insa,3,review
nfx_5J9JZ0SDHKVFHD1YFT8T4SKFAN,insa,3,review
nfx_5J9JZ0SDHKVFHD1YFT8T4SKFAN,insa,3,review
nfx_5J9JZ0SDHKVFHD1YFT8T4SKFAN,insa,3,review
nfx_5J9JZ0SDHKVFHD1YFT8T4SKFAN,insa,3,review
nfx_5J9JZ0SDHKVFHD1YFT8T4SKFAN,insa,3,review
nfx_5J9JZ0SDHKVFHD1YFT8T4SKFAN,insa,3,review
nfx_5J9JZ0SDHKVFHD1YFT8T4SKFAN,insa,3,review
nfx_5J9JZ0SDHKVFHD1YFT8T4SKFAN,insa,3,review
nfx_5J9JZ0SDHKVFHD1YFT8T4SKFAN,insa,3,review
nfx_5J9JZ0SDHKVFHD1YFT8T4SKFAN,insa,3,review
nfx_5J9JZ0SDHKVFHD1YFT8T4SKFAN,insa,3,review
nfx_5J9JZ0SDHKVFHD1YFT8T4SKFAN,insa,3,review
nfx_5J9JZ0SDHKVFHD1YFT8T4SKFAN,insa,3,review
nfx_5J9JZ0SDHKVFHD1YFT8T4SKFAN,insa,3,review
nfx_5J9JZ0SDHKVFHD1YFT8T4SKFAN,insa,3,review
nfx_5JA6719NEV9AKK58SSQ8TB1NB3,ciqual,25573,review
nfx_5JA6719NEV9AKK58SSQ8TB1NB3,insa,957,review
nfx_5JAVPJ5NX7P1BP343F11JBFVG1,ciqual,25903,review
nfx_5JAVPJ5NX7P1BP343F11JBFVG1,ciqual,25953,review
nfx_5JAVPJ5NX7P1BP343F11JBFVG1,ciqual,25974,review
nfx_5JAVPJ5NX7P1BP343F11JBFVG1,insa,786,review
nfx_5JAVPJ5NX7P1BP343F11JBFVG1,insa,786,review
nfx_5JAVPJ5NX7P1BP343F11JBFVG1,insa,786,review
nfx_5JKP0NWTFK6KR84EK1DW5TYK37,ciqual,20171,review
nfx_5JKP0NWTFK6KR84EK1DW5TYK37,ciqual,20171,review
nfx_5JKP0NWTFK6KR84EK1DW5TYK37,insa,1900000024,review
nfx_5JKP0NWTFK6KR84EK1DW5TYK37,insa,584,review
nfx_5JN9B5BCWJF2PMC1RZ30YY8SVA,ciqual,8313,review
nfx_5JN9B5BCWJF2PMC1RZ30YY8SVA,insa,337,review
nfx_5JRFVMNCY0E49TGKP173CTERMY,ciqual,17800,review
nfx_5JRFVMNCY0E49TGKP173CTERMY,ciqual,17800,review
nfx_5JRFVMNCY0E49TGKP173CTERMY,ciqual,17800,review
nfx_5JRFVMNCY0E49TGKP173CTERMY,ciqual,17800,review
nfx_5JRFVMNCY0E49TGKP173CTERMY,insa,389,review
nfx_5JRFVMNCY0E49TGKP173CTERMY,insa,392,review
nfx_5JRFVMNCY0E49TGKP173CTERMY,insa,393,review
nfx_5JRFVMNCY0E49TGKP173CTERMY,insa,394,review
nfx_5JSB33FY9R41CJZ3F60GDGTR8E,ciqual,18020,review
nfx_5JSB33FY9R41CJZ3F60GDGTR8E,insa,962,review
nfx_5K93PE2KYP5NFV24M2AGX1PPRY,ciqual,19587,review
nfx_5K93PE2KYP5NFV24M2AGX1PPRY,insa,80,review
nfx_5KC8EEK4MKWNSAMDF2KRDYDPC2,ciqual,18100,review
nfx_5KC8EEK4MKWNSAMDF2KRDYDPC2,insa,505,review
nfx_5KH3BAJCSQCXF0K9W64NHVXFC2,ciqual,6208,review
nfx_5KH3BAJCSQCXF0K9W64NHVXFC2,insa,1141,review
nfx_5KJTDDQ8PZPQFGRQPF4VBGTRVV,ciqual,25919,review
nfx_5KJTDDQ8PZPQFGRQPF4VBGTRVV,ciqual,25919,review
nfx_5KJTDDQ8PZPQFGRQPF4VBGTRVV,insa,1120,review
nfx_5KJTDDQ8PZPQFGRQPF4VBGTRVV,insa,799,review
nfx_5KKNPDJJS233TCRKKYZM1DHDAJ,ciqual,40062,automatic
nfx_5KKNPDJJS233TCRKKYZM1DHDAJ,ciqual,40062,review
nfx_5KKNPDJJS233TCRKKYZM1DHDAJ,ciqual,40062,review
nfx_5KKNPDJJS233TCRKKYZM1DHDAJ,ciqual,40062,review
nfx_5KKNPDJJS233TCRKKYZM1DHDAJ,ciqual,40062,review
nfx_5KKNPDJJS233TCRKKYZM1DHDAJ,insa,2120000005,review
nfx_5KKNPDJJS233TCRKKYZM1DHDAJ,insa,222,review
nfx_5KKNPDJJS233TCRKKYZM1DHDAJ,insa,223,review
nfx_5KKNPDJJS233TCRKKYZM1DHDAJ,insa,317,review
nfx_5KKNPDJJS233TCRKKYZM1DHDAJ,insa,320,automatic
nfx_5KS62FRFA913DVJF2HNSFN1W17,ciqual,24014,review
nfx_5KS62FRFA913DVJF2HNSFN1W17,insa,465,review
nfx_5M20V6Q8RJ4ANXFM1MZT73MV38,ciqual,30790,review
nfx_5M20V6Q8RJ4ANXFM1MZT73MV38,ciqual,30791,review
nfx_5M20V6Q8RJ4ANXFM1MZT73MV38,insa,352,review
nfx_5M20V6Q8RJ4ANXFM1MZT73MV38,insa,352,review
nfx_5M5K0A97PKE73960AYT1JB9MHK,ciqual,9390,review
nfx_5M5K0A97PKE73960AYT1JB9MHK,insa,427,review
nfx_5MWRZ1VVM2B8NQD2Y2QDR9QWKF,ciqual,15034,review
nfx_5MWRZ1VVM2B8NQD2Y2QDR9QWKF,insa,1900000034,review
nfx_5MZWBH49WTNCS95SHSP8ZFAY1H,ciqual,12524,review
nfx_5MZWBH49WTNCS95SHSP8ZFAY1H,ciqual,12524,review
nfx_5MZWBH49WTNCS95SHSP8ZFAY1H,ciqual,12524,review
nfx_5MZWBH49WTNCS95SHSP8ZFAY1H,ciqual,12524,review
nfx_5MZWBH49WTNCS95SHSP8ZFAY1H,ciqual,12524,review
nfx_5MZWBH49WTNCS95SHSP8ZFAY1H,ciqual,12524,review
nfx_5MZWBH49WTNCS95SHSP8ZFAY1H,insa,220009,review
nfx_5MZWBH49WTNCS95SHSP8ZFAY1H,insa,37,review
nfx_5MZWBH49WTNCS95SHSP8ZFAY1H,insa,47,review
nfx_5MZWBH49WTNCS95SHSP8ZFAY1H,insa,50800024,review
nfx_5MZWBH49WTNCS95SHSP8ZFAY1H,insa,50800032,review
nfx_5MZWBH49WTNCS95SHSP8ZFAY1H,insa,54,review
nfx_5N0S6C05JAKPCEHXS1Y0ZV3QPA,ciqual,6908,review
nfx_5N0S6C05JAKPCEHXS1Y0ZV3QPA,insa,145,review
nfx_5N2VV41DM3YWF7HSFJNCBM3RV6,ciqual,18154,review
nfx_5N2VV41DM3YWF7HSFJNCBM3RV6,insa,962,review
nfx_5NBWFTSWWHQ9HM33FCJQV47NGS,ciqual,25903,review
nfx_5NBWFTSWWHQ9HM33FCJQV47NGS,ciqual,25903,review
nfx_5NBWFTSWWHQ9HM33FCJQV47NGS,ciqual,25903,review
nfx_5NBWFTSWWHQ9HM33FCJQV47NGS,ciqual,25903,review
nfx_5NBWFTSWWHQ9HM33FCJQV47NGS,ciqual,25903,review
nfx_5NBWFTSWWHQ9HM33FCJQV47NGS,insa,1114,review
nfx_5NBWFTSWWHQ9HM33FCJQV47NGS,insa,1120,review
nfx_5NBWFTSWWHQ9HM33FCJQV47NGS,insa,784,review
nfx_5NBWFTSWWHQ9HM33FCJQV47NGS,insa,787,review
nfx_5NBWFTSWWHQ9HM33FCJQV47NGS,insa,791,review
nfx_5NCPYFGXVAW7E2HKD0X2XWTM4E,ciqual,2000,automatic
nfx_5NCPYFGXVAW7E2HKD0X2XWTM4E,ciqual,2000,review
nfx_5NCPYFGXVAW7E2HKD0X2XWTM4E,insa,736,review
nfx_5NCPYFGXVAW7E2HKD0X2XWTM4E,insa,739,automatic
nfx_5NCQ5KEZRBQ6MNFB4MY3HQ78F0,ciqual,15020,review
nfx_5NCQ5KEZRBQ6MNFB4MY3HQ78F0,insa,1900000054,review
nfx_5NDRXFH2HKFMGPCJ8C8785SGBJ,ciqual,40054,review
nfx_5NDRXFH2HKFMGPCJ8C8785SGBJ,ciqual,40060,review
nfx_5NDRXFH2HKFMGPCJ8C8785SGBJ,ciqual,40106,review
nfx_5NDRXFH2HKFMGPCJ8C8785SGBJ,ciqual,40304,review
nfx_5NDRXFH2HKFMGPCJ8C8785SGBJ,ciqual,6522,review
nfx_5NDRXFH2HKFMGPCJ8C8785SGBJ,ciqual,6536,review
nfx_5NDRXFH2HKFMGPCJ8C8785SGBJ,ciqual,6540,review
nfx_5NDRXFH2HKFMGPCJ8C8785SGBJ,ciqual,6580,review
nfx_5NDRXFH2HKFMGPCJ8C8785SGBJ,insa,320,review
nfx_5NDRXFH2HKFMGPCJ8C8785SGBJ,insa,320,review
nfx_5NDRXFH2HKFMGPCJ8C8785SGBJ,insa,320,review
nfx_5NDRXFH2HKFMGPCJ8C8785SGBJ,insa,320,review
nfx_5NDRXFH2HKFMGPCJ8C8785SGBJ,insa,320,review
nfx_5NDRXFH2HKFMGPCJ8C8785SGBJ,insa,320,review
nfx_5NDRXFH2HKFMGPCJ8C8785SGBJ,insa,320,review
nfx_5NDRXFH2HKFMGPCJ8C8785SGBJ,insa,320,review
nfx_5NE8V3XFZACHPBHWZGNWV21CA3,ciqual,24042,review
nfx_5NE8V3XFZACHPBHWZGNWV21CA3,insa,465,review
nfx_5NG6DEN5R5RZZEGGV6K4FG3WDD,ciqual,19682,review
nfx_5NG6DEN5R5RZZEGGV6K4FG3WDD,insa,1920000012,review
nfx_5NX1AEH9ADAV8TG7VT5JERFC8Z,ciqual,20218,review
nfx_5NX1AEH9ADAV8TG7VT5JERFC8Z,insa,552,review
nfx_5P4CZQTD5HD0HQYK4P1CD5EY65,ciqual,42000,review
nfx_5P4CZQTD5HD0HQYK4P1CD5EY65,ciqual,42000,review
nfx_5P4CZQTD5HD0HQYK4P1CD5EY65,insa,62,review
nfx_5P4CZQTD5HD0HQYK4P1CD5EY65,insa,65,review
nfx_5P67JVHK7SPRZXF9D778GMQ353,ciqual,25992,review
nfx_5P67JVHK7SPRZXF9D778GMQ353,insa,876,review
nfx_5PZ16BXDP8070DV6NGBRPZF4VF,ciqual,26113,review
nfx_5PZ16BXDP8070DV6NGBRPZF4VF,insa,825,review
nfx_5Q0JGFJ5WYT35C8WAN0XKXJYQA,ciqual,28010,review
nfx_5Q0JGFJ5WYT35C8WAN0XKXJYQA,ciqual,28100,review
nfx_5Q0JGFJ5WYT35C8WAN0XKXJYQA,ciqual,28104,review
nfx_5Q0JGFJ5WYT35C8WAN0XKXJYQA,ciqual,28205,review
nfx_5Q0JGFJ5WYT35C8WAN0XKXJYQA,ciqual,28300,review
nfx_5Q0JGFJ5WYT35C8WAN0XKXJYQA,ciqual,28301,review
nfx_5Q0JGFJ5WYT35C8WAN0XKXJYQA,ciqual,28400,review
nfx_5Q0JGFJ5WYT35C8WAN0XKXJYQA,ciqual,28401,review
nfx_5Q0JGFJ5WYT35C8WAN0XKXJYQA,ciqual,28460,review
nfx_5Q0JGFJ5WYT35C8WAN0XKXJYQA,ciqual,30790,review
nfx_5Q0JGFJ5WYT35C8WAN0XKXJYQA,ciqual,40004,review
nfx_5Q0JGFJ5WYT35C8WAN0XKXJYQA,ciqual,40005,review
nfx_5Q0JGFJ5WYT35C8WAN0XKXJYQA,ciqual,8001,review
nfx_5Q0JGFJ5WYT35C8WAN0XKXJYQA,insa,2120000011,review
nfx_5Q0JGFJ5WYT35C8WAN0XKXJYQA,insa,2120000011,review
nfx_5Q0JGFJ5WYT35C8WAN0XKXJYQA,insa,2120000011,review
nfx_5Q0JGFJ5WYT35C8WAN0XKXJYQA,insa,2120000011,review
nfx_5Q0JGFJ5WYT35C8WAN0XKXJYQA,insa,2120000011,review
nfx_5Q0JGFJ5WYT35C8WAN0XKXJYQA,insa,2120000011,review
nfx_5Q0JGFJ5WYT35C8WAN0XKXJYQA,insa,2120000011,review
nfx_5Q0JGFJ5WYT35C8WAN0XKXJYQA,insa,2120000011,review
nfx_5Q0JGFJ5WYT35C8WAN0XKXJYQA,insa,2120000011,review
nfx_5Q0JGFJ5WYT35C8WAN0XKXJYQA,insa,2120000011,review
nfx_5Q0JGFJ5WYT35C8WAN0XKXJYQA,insa,2120000011,review
nfx_5Q0JGFJ5WYT35C8WAN0XKXJYQA,insa,2120000011,review
nfx_5Q0JGFJ5WYT35C8WAN0XKXJYQA,insa,2120000011,review
nfx_5QBJEJ0K8EVDGJMMR8M2YE7BWZ,ciqual,7301,review
nfx_5QBJEJ0K8EVDGJMMR8M2YE7BWZ,insa,440,review
nfx_5QGFM2Q1X8EDNZ6J9QC68W58MH,ciqual,19051,review
nfx_5QGFM2Q1X8EDNZ6J9QC68W58MH,insa,30,review
nfx_5QPHJY537K2A0XTEGYT9B810HD,ciqual,9102,review
nfx_5QPHJY537K2A0XTEGYT9B810HD,ciqual,9900,review
nfx_5QPHJY537K2A0XTEGYT9B810HD,insa,400,review
nfx_5QPHJY537K2A0XTEGYT9B810HD,insa,400,review
nfx_5R6AR9CF46HER9S19JN4JEFAXA,ciqual,12810,review
nfx_5R6AR9CF46HER9S19JN4JEFAXA,insa,220004,review
nfx_5R7YQ04J87XQ89ZWDZMDJC7VY4,ciqual,26136,review
nfx_5R7YQ04J87XQ89ZWDZMDJC7VY4,insa,882,review
nfx_5RJGRQNDDDC2K8SHVF18BZNJMG,ciqual,18029,review
nfx_5RJGRQNDDDC2K8SHVF18BZNJMG,insa,763,review
nfx_5RJXJGRC2WWB3TQCEAWPTG1XTV,ciqual,25953,review
nfx_5RJXJGRC2WWB3TQCEAWPTG1XTV,ciqual,25953,review
nfx_5RJXJGRC2WWB3TQCEAWPTG1XTV,ciqual,25953,review
nfx_5RJXJGRC2WWB3TQCEAWPTG1XTV,ciqual,25953,review
nfx_5RJXJGRC2WWB3TQCEAWPTG1XTV,ciqual,25953,review
nfx_5RJXJGRC2WWB3TQCEAWPTG1XTV,insa,1114,review
nfx_5RJXJGRC2WWB3TQCEAWPTG1XTV,insa,1120,review
nfx_5RJXJGRC2WWB3TQCEAWPTG1XTV,insa,784,review
nfx_5RJXJGRC2WWB3TQCEAWPTG1XTV,insa,787,review
nfx_5RJXJGRC2WWB3TQCEAWPTG1XTV,insa,791,review
nfx_5RNFNTMZ5JM4NVCR53Z3V24NSZ,ciqual,2370,review
nfx_5RNFNTMZ5JM4NVCR53Z3V24NSZ,insa,750,review
nfx_5RQFGNS0T80DTF1MGM6CAXBH5Z,ciqual,26179,review
nfx_5RQFGNS0T80DTF1MGM6CAXBH5Z,insa,889,review
nfx_5RQST4VQG549KNZ01WE4M3Z6MR,ciqual,28204,review
nfx_5RQST4VQG549KNZ01WE4M3Z6MR,ciqual,40106,review
nfx_5RQST4VQG549KNZ01WE4M3Z6MR,ciqual,40304,review
nfx_5RQST4VQG549KNZ01WE4M3Z6MR,ciqual,6111,review
nfx_5RQST4VQG549KNZ01WE4M3Z6MR,ciqual,6522,review
nfx_5RQST4VQG549KNZ01WE4M3Z6MR,ciqual,6536,review
nfx_5RQST4VQG549KNZ01WE4M3Z6MR,ciqual,6540,review
nfx_5RQST4VQG549KNZ01WE4M3Z6MR,ciqual,6580,review
nfx_5RQST4VQG549KNZ01WE4M3Z6MR,insa,222,review
nfx_5RQST4VQG549KNZ01WE4M3Z6MR,insa,222,review
nfx_5RQST4VQG549KNZ01WE4M3Z6MR,insa,222,review
nfx_5RQST4VQG549KNZ01WE4M3Z6MR,insa,222,review
nfx_5RQST4VQG549KNZ01WE4M3Z6MR,insa,222,review
nfx_5RQST4VQG549KNZ01WE4M3Z6MR,insa,222,review
nfx_5RQST4VQG549KNZ01WE4M3Z6MR,insa,222,review
nfx_5RQST4VQG549KNZ01WE4M3Z6MR,insa,222,review
nfx_5SBBJCQEJNJB4AX3J8CA4NCPZF,ciqual,18347,review
nfx_5SBBJCQEJNJB4AX3J8CA4NCPZF,insa,763,review
nfx_5T0BZWD61XPP357RZHM30E7JET,ciqual,12807,review
nfx_5T0BZWD61XPP357RZHM30E7JET,ciqual,12831,review
nfx_5T0BZWD61XPP357RZHM30E7JET,ciqual,19556,review
nfx_5T0BZWD61XPP357RZHM30E7JET,insa,19,review
nfx_5T0BZWD61XPP357RZHM30E7JET,insa,19,review
nfx_5T0BZWD61XPP357RZHM30E7JET,insa,19,review
nfx_5T1XNSJQ7DSWWG6S1948SMYWMK,ciqual,4053,review
nfx_5T1XNSJQ7DSWWG6S1948SMYWMK,insa,585,review
nfx_5T3MREF98N49PHCSE1V43CP053,ciqual,5216,review
nfx_5T3MREF98N49PHCSE1V43CP053,ciqual,5216,review
nfx_5T3MREF98N49PHCSE1V43CP053,ciqual,5216,review
nfx_5T3MREF98N49PHCSE1V43CP053,ciqual,5216,review
nfx_5T3MREF98N49PHCSE1V43CP053,ciqual,5216,review
nfx_5T3MREF98N49PHCSE1V43CP053,ciqual,5216,review
nfx_5T3MREF98N49PHCSE1V43CP053,ciqual,5216,review
nfx_5T3MREF98N49PHCSE1V43CP053,insa,250016,review
nfx_5T3MREF98N49PHCSE1V43CP053,insa,250017,review
nfx_5T3MREF98N49PHCSE1V43CP053,insa,250019,review
nfx_5T3MREF98N49PHCSE1V43CP053,insa,713,review
nfx_5T3MREF98N49PHCSE1V43CP053,insa,714,review
nfx_5T3MREF98N49PHCSE1V43CP053,insa,715,review
nfx_5T3MREF98N49PHCSE1V43CP053,insa,718,review
nfx_5T46111X1P95HHBT4AGVKDK752,ciqual,39246,review
nfx_5T46111X1P95HHBT4AGVKDK752,insa,64,review
nfx_5TEKNN6S5YWM02D0X8ENHC10N0,ciqual,6240,review
nfx_5TEKNN6S5YWM02D0X8ENHC10N0,ciqual,6240,review
nfx_5TEKNN6S5YWM02D0X8ENHC10N0,ciqual,6240,review
nfx_5TEKNN6S5YWM02D0X8ENHC10N0,ciqual,6240,review
nfx_5TEKNN6S5YWM02D0X8ENHC10N0,ciqual,6240,review
nfx_5TEKNN6S5YWM02D0X8ENHC10N0,insa,2120000002,review
nfx_5TEKNN6S5YWM02D0X8ENHC10N0,insa,2120000003,review
nfx_5TEKNN6S5YWM02D0X8ENHC10N0,insa,317,review
nfx_5TEKNN6S5YWM02D0X8ENHC10N0,insa,324,review
nfx_5TEKNN6S5YWM02D0X8ENHC10N0,insa,330,review
nfx_5TEMTV7VV42Y3Z532EX9NXHVPR,ciqual,25974,review
nfx_5TEMTV7VV42Y3Z532EX9NXHVPR,insa,1120,review
nfx_5TEY0KEXD90GK06AFH9966QZ9Z,ciqual,26141,review
nfx_5TEY0KEXD90GK06AFH9966QZ9Z,insa,802,review
nfx_5V23PX6D55C9KSH4VD1SXJG37H,ciqual,9232,review
nfx_5V23PX6D55C9KSH4VD1SXJG37H,ciqual,9435,review
nfx_5V23PX6D55C9KSH4VD1SXJG37H,ciqual,9445,review
nfx_5V23PX6D55C9KSH4VD1SXJG37H,ciqual,9520,review
nfx_5V23PX6D55C9KSH4VD1SXJG37H,ciqual,9532,review
nfx_5V23PX6D55C9KSH4VD1SXJG37H,ciqual,9540,review
nfx_5V23PX6D55C9KSH4VD1SXJG37H,insa,413,review
nfx_5V23PX6D55C9KSH4VD1SXJG37H,insa,413,review
nfx_5V23PX6D55C9KSH4VD1SXJG37H,insa,413,review
nfx_5V23PX6D55C9KSH4VD1SXJG37H,insa,413,review
nfx_5V23PX6D55C9KSH4VD1SXJG37H,insa,413,review
nfx_5V23PX6D55C9KSH4VD1SXJG37H,insa,413,review
nfx_5V7B1575C3SWJFQYA16SBKPAAM,ciqual,21522,review
nfx_5V7B1575C3SWJFQYA16SBKPAAM,ciqual,21522,review
nfx_5V7B1575C3SWJFQYA16SBKPAAM,insa,113,review
nfx_5V7B1575C3SWJFQYA16SBKPAAM,insa,96,review
nfx_5VDFE6RKJYSX2TSGNW0HDKRQBH,ciqual,6202,review
nfx_5VDFE6RKJYSX2TSGNW0HDKRQBH,ciqual,6202,review
nfx_5VDFE6RKJYSX2TSGNW0HDKRQBH,ciqual,6202,review
nfx_5VDFE6RKJYSX2TSGNW0HDKRQBH,ciqual,6202,review
nfx_5VDFE6RKJYSX2TSGNW0HDKRQBH,ciqual,6202,review
nfx_5VDFE6RKJYSX2TSGNW0HDKRQBH,insa,2120000002,review
nfx_5VDFE6RKJYSX2TSGNW0HDKRQBH,insa,2120000003,review
nfx_5VDFE6RKJYSX2TSGNW0HDKRQBH,insa,317,review
nfx_5VDFE6RKJYSX2TSGNW0HDKRQBH,insa,324,review
nfx_5VDFE6RKJYSX2TSGNW0HDKRQBH,insa,330,review
nfx_5VHBVSSBCWNJ2C27ZK43K7Q5N5,ciqual,19556,review
nfx_5VHBVSSBCWNJ2C27ZK43K7Q5N5,ciqual,19594,review
nfx_5VHBVSSBCWNJ2C27ZK43K7Q5N5,insa,1920000010,review
nfx_5VHBVSSBCWNJ2C27ZK43K7Q5N5,insa,1920000010,review
nfx_5VJ5HX9SF1DTXND23V7W481WSG,ciqual,12807,review
nfx_5VJ5HX9SF1DTXND23V7W481WSG,ciqual,12807,review
nfx_5VJ5HX9SF1DTXND23V7W481WSG,insa,20,review
nfx_5VJ5HX9SF1DTXND23V7W481WSG,insa,220004,review
nfx_5VNFKX9RPG6STY3SC0YM8KNF28,ciqual,30152,review
nfx_5VNFKX9RPG6STY3SC0YM8KNF28,ciqual,30156,review
nfx_5VNFKX9RPG6STY3SC0YM8KNF28,ciqual,40106,review
nfx_5VNFKX9RPG6STY3SC0YM8KNF28,ciqual,40502,review
nfx_5VNFKX9RPG6STY3SC0YM8KNF28,ciqual,6003,review
nfx_5VNFKX9RPG6STY3SC0YM8KNF28,ciqual,6106,review
nfx_5VNFKX9RPG6STY3SC0YM8KNF28,ciqual,6111,review
nfx_5VNFKX9RPG6STY3SC0YM8KNF28,ciqual,6122,review
nfx_5VNFKX9RPG6STY3SC0YM8KNF28,ciqual,6140,review
nfx_5VNFKX9RPG6STY3SC0YM8KNF28,ciqual,6160,review
nfx_5VNFKX9RPG6STY3SC0YM8KNF28,ciqual,6201,review
nfx_5VNFKX9RPG6STY3SC0YM8KNF28,ciqual,6212,review
nfx_5VNFKX9RPG6STY3SC0YM8KNF28,ciqual,6231,review
nfx_5VNFKX9RPG6STY3SC0YM8KNF28,ciqual,6270,review
nfx_5VNFKX9RPG6STY3SC0YM8KNF28,insa,324,review
nfx_5VNFKX9RPG6STY3SC0YM8KNF28,insa,324,review
nfx_5VNFKX9RPG6STY3SC0YM8KNF28,insa,324,review
nfx_5VNFKX9RPG6STY3SC0YM8KNF28,insa,324,review
nfx_5VNFKX9RPG6STY3SC0YM8KNF28,insa,324,review
nfx_5VNFKX9RPG6STY3SC0YM8KNF28,insa,324,review
nfx_5VNFKX9RPG6STY3SC0YM8KNF28,insa,324,review
nfx_5VNFKX9RPG6STY3SC0YM8KNF28,insa,324,review
nfx_5VNFKX9RPG6STY3SC0YM8KNF28,insa,324,review
nfx_5VNFKX9RPG6STY3SC0YM8KNF28,insa,324,review
nfx_5VNFKX9RPG6STY3SC0YM8KNF28,insa,324,review
nfx_5VNFKX9RPG6STY3SC0YM8KNF28,insa,324,review
nfx_5VNFKX9RPG6STY3SC0YM8KNF28,insa,324,review
nfx_5VNFKX9RPG6STY3SC0YM8KNF28,insa,324,review
nfx_5VSD964M0DAXW8E27YKSN2CW8M,ciqual,30156,review
nfx_5VSD964M0DAXW8E27YKSN2CW8M,insa,2120000003,review
nfx_5VVY9BYFJD06ZM9VY7MRWFYAYV,ciqual,20094,review
nfx_5VVY9BYFJD06ZM9VY7MRWFYAYV,insa,563,review
nfx_5W18Y3YGPAJ0ESD5HE540F0J2Z,ciqual,25222,review
nfx_5W18Y3YGPAJ0ESD5HE540F0J2Z,ciqual,25222,review
nfx_5W18Y3YGPAJ0ESD5HE540F0J2Z,insa,1025,review
nfx_5W18Y3YGPAJ0ESD5HE540F0J2Z,insa,373,review
nfx_5W1J5DYGVZ74ME9KDC6CJMSEV9,ciqual,38106,review
nfx_5W1J5DYGVZ74ME9KDC6CJMSEV9,ciqual,38106,review
nfx_5W1J5DYGVZ74ME9KDC6CJMSEV9,insa,455,review
nfx_5W1J5DYGVZ74ME9KDC6CJMSEV9,insa,460,review
nfx_5WPDZTR2YC5ZQC7VCPEP1FWPJ7,ciqual,12819,review
nfx_5WPDZTR2YC5ZQC7VCPEP1FWPJ7,insa,220004,review
nfx_5WZ187D53CN7RPBCHT6X7DFA0R,ciqual,20010,review
nfx_5WZ187D53CN7RPBCHT6X7DFA0R,ciqual,20105,review
nfx_5WZ187D53CN7RPBCHT6X7DFA0R,ciqual,20160,review
nfx_5WZ187D53CN7RPBCHT6X7DFA0R,ciqual,20161,review
nfx_5WZ187D53CN7RPBCHT6X7DFA0R,ciqual,20212,review
nfx_5WZ187D53CN7RPBCHT6X7DFA0R,insa,250028,review
nfx_5WZ187D53CN7RPBCHT6X7DFA0R,insa,250028,review
nfx_5WZ187D53CN7RPBCHT6X7DFA0R,insa,250028,review
nfx_5WZ187D53CN7RPBCHT6X7DFA0R,insa,250028,review
nfx_5WZ187D53CN7RPBCHT6X7DFA0R,insa,250028,review
nfx_5X48ND4T7A9B4X8EWBQ5V6HY5Q,ciqual,28401,review
nfx_5X48ND4T7A9B4X8EWBQ5V6HY5Q,ciqual,40004,review
nfx_5X48ND4T7A9B4X8EWBQ5V6HY5Q,ciqual,8001,review
nfx_5X48ND4T7A9B4X8EWBQ5V6HY5Q,insa,1216,review
nfx_5X48ND4T7A9B4X8EWBQ5V6HY5Q,insa,1216,review
nfx_5X48ND4T7A9B4X8EWBQ5V6HY5Q,insa,1216,review
nfx_5X6H5NC0P6QTCP9CHZ5AHV6Z5D,ciqual,28530,review
nfx_5X6H5NC0P6QTCP9CHZ5AHV6Z5D,insa,1219,review
nfx_5XS8674G6TXW422X0545B5KFZ7,ciqual,11170,review
nfx_5XS8674G6TXW422X0545B5KFZ7,insa,960,review
nfx_5Y5JH3VHNGTE18YQ1FSQZ8S8F2,ciqual,25548,review
nfx_5Y5JH3VHNGTE18YQ1FSQZ8S8F2,ciqual,26273,review
nfx_5Y5JH3VHNGTE18YQ1FSQZ8S8F2,insa,955,review
nfx_5Y5JH3VHNGTE18YQ1FSQZ8S8F2,insa,955,review
nfx_5YJWEQEETFZ1JANNACVRK2KRDF,ciqual,20031,review
nfx_5YJWEQEETFZ1JANNACVRK2KRDF,ciqual,20031,review
nfx_5YJWEQEETFZ1JANNACVRK2KRDF,insa,1900000024,review
nfx_5YJWEQEETFZ1JANNACVRK2KRDF,insa,584,review
nfx_5YMSA1P0B2QDDNND1EMYTD7YBH,ciqual,20206,review
nfx_5YMSA1P0B2QDDNND1EMYTD7YBH,insa,554,review
nfx_5YWVTF384M5FE17XTE5W18YVN8,ciqual,12999,review
nfx_5YWVTF384M5FE17XTE5W18YVN8,ciqual,12999,review
nfx_5YWVTF384M5FE17XTE5W18YVN8,ciqual,12999,review
nfx_5YWVTF384M5FE17XTE5W18YVN8,ciqual,12999,review
nfx_5YWVTF384M5FE17XTE5W18YVN8,ciqual,12999,review
nfx_5YWVTF384M5FE17XTE5W18YVN8,ciqual,12999,review
nfx_5YWVTF384M5FE17XTE5W18YVN8,ciqual,12999,review
nfx_5YWVTF384M5FE17XTE5W18YVN8,ciqual,12999,review
nfx_5YWVTF384M5FE17XTE5W18YVN8,ciqual,12999,review
nfx_5YWVTF384M5FE17XTE5W18YVN8,ciqual,12999,review
nfx_5YWVTF384M5FE17XTE5W18YVN8,ciqual,12999,review
nfx_5YWVTF384M5FE17XTE5W18YVN8,insa,1900000087,review
nfx_5YWVTF384M5FE17XTE5W18YVN8,insa,1900000088,review
nfx_5YWVTF384M5FE17XTE5W18YVN8,insa,220009,review
nfx_5YWVTF384M5FE17XTE5W18YVN8,insa,220020,review
nfx_5YWVTF384M5FE17XTE5W18YVN8,insa,47,review
nfx_5YWVTF384M5FE17XTE5W18YVN8,insa,48,review
nfx_5YWVTF384M5FE17XTE5W18YVN8,insa,50800020,review
nfx_5YWVTF384M5FE17XTE5W18YVN8,insa,50800024,review
nfx_5YWVTF384M5FE17XTE5W18YVN8,insa,50800032,review
nfx_5YWVTF384M5FE17XTE5W18YVN8,insa,52,review
nfx_5YWVTF384M5FE17XTE5W18YVN8,insa,54,review
nfx_5YYXGX32DK48GCK29T50VSYJDS,ciqual,5004,review
nfx_5YYXGX32DK48GCK29T50VSYJDS,insa,726,review
nfx_5Z077GW5584V3PAW9BGHN9E59Q,ciqual,13111,review
nfx_5Z077GW5584V3PAW9BGHN9E59Q,insa,665,review
nfx_5Z28NA9KPEXEVBKKZRNHB4JY95,ciqual,25942,review
nfx_5Z28NA9KPEXEVBKKZRNHB4JY95,insa,784,review
nfx_5ZAN6W1710BWGWG1H79SBDRACJ,ciqual,2060,review
nfx_5ZAN6W1710BWGWG1H79SBDRACJ,ciqual,2371,review
nfx_5ZAN6W1710BWGWG1H79SBDRACJ,insa,750,review
nfx_5ZAN6W1710BWGWG1H79SBDRACJ,insa,750,review
nfx_5ZCF6VE11E6VG0VFJNZ95X83YR,ciqual,20290,review
nfx_5ZCF6VE11E6VG0VFJNZ95X83YR,ciqual,20302,review
nfx_5ZCF6VE11E6VG0VFJNZ95X83YR,insa,551,review
nfx_5ZCF6VE11E6VG0VFJNZ95X83YR,insa,551,review
nfx_5ZEP7RFJ3ZY44XQDD7WB3APS5Q,ciqual,12001,review
nfx_5ZEP7RFJ3ZY44XQDD7WB3APS5Q,ciqual,19250,review
nfx_5ZEP7RFJ3ZY44XQDD7WB3APS5Q,ciqual,19865,review
nfx_5ZEP7RFJ3ZY44XQDD7WB3APS5Q,insa,20,review
nfx_5ZEP7RFJ3ZY44XQDD7WB3APS5Q,insa,20,review
nfx_5ZEP7RFJ3ZY44XQDD7WB3APS5Q,insa,20,review
nfx_5ZGJNJ1QJZMXHRFZWTWN9XXP6P,ciqual,30152,review
nfx_5ZGJNJ1QJZMXHRFZWTWN9XXP6P,ciqual,40502,automatic
nfx_5ZGJNJ1QJZMXHRFZWTWN9XXP6P,ciqual,6003,review
nfx_5ZGJNJ1QJZMXHRFZWTWN9XXP6P,ciqual,6106,review
nfx_5ZGJNJ1QJZMXHRFZWTWN9XXP6P,ciqual,6122,review
nfx_5ZGJNJ1QJZMXHRFZWTWN9XXP6P,ciqual,6140,review
nfx_5ZGJNJ1QJZMXHRFZWTWN9XXP6P,ciqual,6160,review
nfx_5ZGJNJ1QJZMXHRFZWTWN9XXP6P,ciqual,6201,review
nfx_5ZGJNJ1QJZMXHRFZWTWN9XXP6P,ciqual,6212,review
nfx_5ZGJNJ1QJZMXHRFZWTWN9XXP6P,ciqual,6231,review
nfx_5ZGJNJ1QJZMXHRFZWTWN9XXP6P,ciqual,6270,review
nfx_5ZGJNJ1QJZMXHRFZWTWN9XXP6P,insa,2120000002,automatic
nfx_5ZGJNJ1QJZMXHRFZWTWN9XXP6P,insa,2120000002,review
nfx_5ZGJNJ1QJZMXHRFZWTWN9XXP6P,insa,2120000002,review
nfx_5ZGJNJ1QJZMXHRFZWTWN9XXP6P,insa,2120000002,review
nfx_5ZGJNJ1QJZMXHRFZWTWN9XXP6P,insa,2120000002,review
nfx_5ZGJNJ1QJZMXHRFZWTWN9XXP6P,insa,2120000002,review
nfx_5ZGJNJ1QJZMXHRFZWTWN9XXP6P,insa,2120000002,review
nfx_5ZGJNJ1QJZMXHRFZWTWN9XXP6P,insa,2120000002,review
nfx_5ZGJNJ1QJZMXHRFZWTWN9XXP6P,insa,2120000002,review
nfx_5ZGJNJ1QJZMXHRFZWTWN9XXP6P,insa,2120000002,review
nfx_5ZGJNJ1QJZMXHRFZWTWN9XXP6P,insa,2120000002,review
nfx_5ZMV9CS5NDZNP2P4VWQZMTTXMQ,ciqual,8001,review
nfx_5ZMV9CS5NDZNP2P4VWQZMTTXMQ,ciqual,8001,review
nfx_5ZMV9CS5NDZNP2P4VWQZMTTXMQ,ciqual,8001,review
nfx_5ZMV9CS5NDZNP2P4VWQZMTTXMQ,insa,1035,review
nfx_5ZMV9CS5NDZNP2P4VWQZMTTXMQ,insa,1222,review
nfx_5ZMV9CS5NDZNP2P4VWQZMTTXMQ,insa,1231,review
nfx_5ZT70QYVMKRQCSMT3EK7564ZPT,ciqual,1006,review
nfx_5ZT70QYVMKRQCSMT3EK7564ZPT,ciqual,1015,review
nfx_5ZT70QYVMKRQCSMT3EK7564ZPT,ciqual,5210,review
nfx_5ZT70QYVMKRQCSMT3EK7564ZPT,insa,250016,review
nfx_5ZT70QYVMKRQCSMT3EK7564ZPT,insa,250016,review
nfx_5ZT70QYVMKRQCSMT3EK7564ZPT,insa,250016,review
nfx_5ZV4MB8XSRVMWHVFNFG0RJ6X2S,ciqual,6140,review
nfx_5ZV4MB8XSRVMWHVFNFG0RJ6X2S,ciqual,6140,review
nfx_5ZV4MB8XSRVMWHVFNFG0RJ6X2S,ciqual,6140,review
nfx_5ZV4MB8XSRVMWHVFNFG0RJ6X2S,insa,2120000003,review
nfx_5ZV4MB8XSRVMWHVFNFG0RJ6X2S,insa,317,review
nfx_5ZV4MB8XSRVMWHVFNFG0RJ6X2S,insa,330,review
nfx_5ZWPGKQ95APWPXTCSVA3TNGAEC,ciqual,16110,review
nfx_5ZWPGKQ95APWPXTCSVA3TNGAEC,ciqual,16110,review
nfx_5ZWPGKQ95APWPXTCSVA3TNGAEC,insa,389,review
nfx_5ZWPGKQ95APWPXTCSVA3TNGAEC,insa,392,review
nfx_5ZY5QZ0QMMNW315038B8GESEWM,ciqual,19041,review
nfx_5ZY5QZ0QMMNW315038B8GESEWM,insa,1233,review
nfx_605VEXKSCKFQPE80KK4QZCFAFZ,ciqual,40004,review
nfx_605VEXKSCKFQPE80KK4QZCFAFZ,insa,1035,review
nfx_606W7T2R34X3DCCT8RKX1WAG1R,ciqual,5210,review
nfx_606W7T2R34X3DCCT8RKX1WAG1R,ciqual,5210,review
nfx_606W7T2R34X3DCCT8RKX1WAG1R,ciqual,5210,review
nfx_606W7T2R34X3DCCT8RKX1WAG1R,ciqual,5210,review
nfx_606W7T2R34X3DCCT8RKX1WAG1R,ciqual,5210,review
nfx_606W7T2R34X3DCCT8RKX1WAG1R,ciqual,5210,review
nfx_606W7T2R34X3DCCT8RKX1WAG1R,insa,250017,review
nfx_606W7T2R34X3DCCT8RKX1WAG1R,insa,250019,review
nfx_606W7T2R34X3DCCT8RKX1WAG1R,insa,713,review
nfx_606W7T2R34X3DCCT8RKX1WAG1R,insa,714,review
nfx_606W7T2R34X3DCCT8RKX1WAG1R,insa,715,review
nfx_606W7T2R34X3DCCT8RKX1WAG1R,insa,718,review
nfx_606WFJP9EK21K2QNS9SWT8X3FC,ciqual,5201,review
nfx_606WFJP9EK21K2QNS9SWT8X3FC,ciqual,5201,review
nfx_606WFJP9EK21K2QNS9SWT8X3FC,insa,250017,review
nfx_606WFJP9EK21K2QNS9SWT8X3FC,insa,718,review
nfx_609JNVG8GF70WMCJ4HB2YYVNM9,ciqual,26040,review
nfx_609JNVG8GF70WMCJ4HB2YYVNM9,insa,889,review
nfx_60TV4YRW1SXHF3WHKH0GQNBVSF,ciqual,2002,review
nfx_60TV4YRW1SXHF3WHKH0GQNBVSF,ciqual,2002,review
nfx_60TV4YRW1SXHF3WHKH0GQNBVSF,insa,736,review
nfx_60TV4YRW1SXHF3WHKH0GQNBVSF,insa,747,review
nfx_60WHGETDA3X30W1PDWHX9N22EZ,ciqual,8081,review
nfx_60WHGETDA3X30W1PDWHX9N22EZ,insa,876,review
nfx_6167MTCFS5SCFPAXE6BZ9CWQ2B,ciqual,13211,review
nfx_6167MTCFS5SCFPAXE6BZ9CWQ2B,ciqual,13211,review
nfx_6167MTCFS5SCFPAXE6BZ9CWQ2B,insa,639,review
nfx_6167MTCFS5SCFPAXE6BZ9CWQ2B,insa,646,review
nfx_61EX0DE3WP382PP455N9K60FK4,ciqual,11051,review
nfx_61EX0DE3WP382PP455N9K60FK4,ciqual,11105,review
nfx_61EX0DE3WP382PP455N9K60FK4,ciqual,11120,review
nfx_61EX0DE3WP382PP455N9K60FK4,ciqual,11184,review
nfx_61EX0DE3WP382PP455N9K60FK4,ciqual,11187,review
nfx_61EX0DE3WP382PP455N9K60FK4,ciqual,11203,review
nfx_61EX0DE3WP382PP455N9K60FK4,ciqual,11218,review
nfx_61EX0DE3WP382PP455N9K60FK4,ciqual,11243,review
nfx_61EX0DE3WP382PP455N9K60FK4,insa,1229,review
nfx_61EX0DE3WP382PP455N9K60FK4,insa,1229,review
nfx_61EX0DE3WP382PP455N9K60FK4,insa,1229,review
nfx_61EX0DE3WP382PP455N9K60FK4,insa,1229,review
nfx_61EX0DE3WP382PP455N9K60FK4,insa,1229,review
nfx_61EX0DE3WP382PP455N9K60FK4,insa,1229,review
nfx_61EX0DE3WP382PP455N9K60FK4,insa,1229,review
nfx_61EX0DE3WP382PP455N9K60FK4,insa,1229,review
nfx_61FYWVSWK4TWRDNK16GKF9NY8N,ciqual,8450,review
nfx_61FYWVSWK4TWRDNK16GKF9NY8N,ciqual,8450,review
nfx_61FYWVSWK4TWRDNK16GKF9NY8N,ciqual,8450,review
nfx_61FYWVSWK4TWRDNK16GKF9NY8N,insa,1036,review
nfx_61FYWVSWK4TWRDNK16GKF9NY8N,insa,1141,review
nfx_61FYWVSWK4TWRDNK16GKF9NY8N,insa,2120000003,review
nfx_61G969NMV5R24EVHHMZQ7Z7R89,ciqual,17220,review
nfx_61G969NMV5R24EVHHMZQ7Z7R89,ciqual,17220,review
nfx_61G969NMV5R24EVHHMZQ7Z7R89,ciqual,17220,review
nfx_61G969NMV5R24EVHHMZQ7Z7R89,insa,389,review
nfx_61G969NMV5R24EVHHMZQ7Z7R89,insa,392,review
nfx_61G969NMV5R24EVHHMZQ7Z7R89,insa,393,review
nfx_61KRXYQ3F3G91EQ5D88TA6VKG3,ciqual,19728,review
nfx_61KRXYQ3F3G91EQ5D88TA6VKG3,insa,80,review
nfx_61PFDVGHXKMFSD07ENY3EWDWMV,ciqual,26210,review
nfx_61PFDVGHXKMFSD07ENY3EWDWMV,ciqual,26210,review
nfx_61PFDVGHXKMFSD07ENY3EWDWMV,insa,1161,review
nfx_61PFDVGHXKMFSD07ENY3EWDWMV,insa,828,review
nfx_61XH3DDJET4NGE2XDJ8B0X1FS4,ciqual,24520,automatic
nfx_61XH3DDJET4NGE2XDJ8B0X1FS4,insa,485,automatic
nfx_61ZEA6XRPT27DR3K7QQMHEBJV6,ciqual,12038,review
nfx_61ZEA6XRPT27DR3K7QQMHEBJV6,ciqual,12111,review
nfx_61ZEA6XRPT27DR3K7QQMHEBJV6,ciqual,12121,review
nfx_61ZEA6XRPT27DR3K7QQMHEBJV6,ciqual,12300,review
nfx_61ZEA6XRPT27DR3K7QQMHEBJV6,ciqual,12500,review
nfx_61ZEA6XRPT27DR3K7QQMHEBJV6,ciqual,19584,review
nfx_61ZEA6XRPT27DR3K7QQMHEBJV6,ciqual,19585,review
nfx_61ZEA6XRPT27DR3K7QQMHEBJV6,insa,220009,review
nfx_61ZEA6XRPT27DR3K7QQMHEBJV6,insa,220009,review
nfx_61ZEA6XRPT27DR3K7QQMHEBJV6,insa,220009,review
nfx_61ZEA6XRPT27DR3K7QQMHEBJV6,insa,220009,review
nfx_61ZEA6XRPT27DR3K7QQMHEBJV6,insa,220009,review
nfx_61ZEA6XRPT27DR3K7QQMHEBJV6,insa,220009,review
nfx_61ZEA6XRPT27DR3K7QQMHEBJV6,insa,220009,review
nfx_622V2RXFS2TG57S83V7TTQY87R,ciqual,25065,review
nfx_622V2RXFS2TG57S83V7TTQY87R,ciqual,25459,review
nfx_622V2RXFS2TG57S83V7TTQY87R,insa,373,review
nfx_622V2RXFS2TG57S83V7TTQY87R,insa,373,review
nfx_6232C2ZN2PQK0BPGSV7ZS6RWTB,ciqual,40107,review
nfx_6232C2ZN2PQK0BPGSV7ZS6RWTB,insa,327,review
nfx_629Z0CN031G26QY8FJPNEJW2X1,ciqual,24371,review
nfx_629Z0CN031G26QY8FJPNEJW2X1,ciqual,24371,review
nfx_629Z0CN031G26QY8FJPNEJW2X1,insa,455,review
nfx_629Z0CN031G26QY8FJPNEJW2X1,insa,460,review
nfx_62B89DGX2NYHQ1SXV3GBSSNC19,ciqual,23497,review
nfx_62B89DGX2NYHQ1SXV3GBSSNC19,ciqual,23852,review
nfx_62B89DGX2NYHQ1SXV3GBSSNC19,ciqual,24009,review
nfx_62B89DGX2NYHQ1SXV3GBSSNC19,ciqual,24034,review
nfx_62B89DGX2NYHQ1SXV3GBSSNC19,ciqual,24056,review
nfx_62B89DGX2NYHQ1SXV3GBSSNC19,ciqual,24657,review
nfx_62B89DGX2NYHQ1SXV3GBSSNC19,ciqual,24658,review
nfx_62B89DGX2NYHQ1SXV3GBSSNC19,ciqual,24676,review
nfx_62B89DGX2NYHQ1SXV3GBSSNC19,ciqual,31000,review
nfx_62B89DGX2NYHQ1SXV3GBSSNC19,ciqual,38399,review
nfx_62B89DGX2NYHQ1SXV3GBSSNC19,insa,465,review
nfx_62B89DGX2NYHQ1SXV3GBSSNC19,insa,465,review
nfx_62B89DGX2NYHQ1SXV3GBSSNC19,insa,465,review
nfx_62B89DGX2NYHQ1SXV3GBSSNC19,insa,465,review
nfx_62B89DGX2NYHQ1SXV3GBSSNC19,insa,465,review
nfx_62B89DGX2NYHQ1SXV3GBSSNC19,insa,465,review
nfx_62B89DGX2NYHQ1SXV3GBSSNC19,insa,465,review
nfx_62B89DGX2NYHQ1SXV3GBSSNC19,insa,465,review
nfx_62B89DGX2NYHQ1SXV3GBSSNC19,insa,465,review
nfx_62B89DGX2NYHQ1SXV3GBSSNC19,insa,465,review
nfx_62QW60Y87DHSG7X8THM9ZC4HKR,ciqual,8083,review
nfx_62QW60Y87DHSG7X8THM9ZC4HKR,insa,880,review
nfx_62WHKB8CB13S8EJHVCJ4VF19KW,ciqual,25204,review
nfx_62WHKB8CB13S8EJHVCJ4VF19KW,insa,958,review
nfx_632MVREEVWV266SYGQ53AQCEG5,ciqual,7349,review
nfx_632MVREEVWV266SYGQ53AQCEG5,ciqual,7349,review
nfx_632MVREEVWV266SYGQ53AQCEG5,insa,433,review
nfx_632MVREEVWV266SYGQ53AQCEG5,insa,449,review
nfx_63F4NMQ7YNA1S8H8EZXVQE8GHA,ciqual,12736,review
nfx_63F4NMQ7YNA1S8H8EZXVQE8GHA,insa,50800020,review
nfx_63GP9YG77D0CSFPYMPAM5E5P0Y,ciqual,28203,review
nfx_63GP9YG77D0CSFPYMPAM5E5P0Y,ciqual,28204,review
nfx_63GP9YG77D0CSFPYMPAM5E5P0Y,insa,70204054,review
nfx_63GP9YG77D0CSFPYMPAM5E5P0Y,insa,70204054,review
nfx_63J3J6D6PW0MQ685SADJYJW779,ciqual,25457,review
nfx_63J3J6D6PW0MQ685SADJYJW779,insa,1027,review
nfx_63P30TQ61S96B7K4QQEATMDS0J,ciqual,20106,review
nfx_63P30TQ61S96B7K4QQEATMDS0J,insa,618,review
nfx_63QFWAXBW0D2SF9QE0X7GN9CDT,ciqual,11048,review
nfx_63QFWAXBW0D2SF9QE0X7GN9CDT,insa,1212,review
nfx_63YT981C6HG5J9TM4MJDT8QFS0,ciqual,20235,review
nfx_63YT981C6HG5J9TM4MJDT8QFS0,insa,220002,review
nfx_640F7CAQR2GVQPJT9XB995GWV8,ciqual,18160,review
nfx_640F7CAQR2GVQPJT9XB995GWV8,insa,776,review
nfx_646MB6PAQ5HRXGD95PQ8JWKPQH,ciqual,38414,review
nfx_646MB6PAQ5HRXGD95PQ8JWKPQH,insa,439,review
nfx_647HDPZE39N73AW26TY60AWZEZ,ciqual,11218,review
nfx_647HDPZE39N73AW26TY60AWZEZ,ciqual,11218,review
nfx_647HDPZE39N73AW26TY60AWZEZ,insa,2120000007,review
nfx_647HDPZE39N73AW26TY60AWZEZ,insa,933,review
nfx_64JTADFZ0N728YZCS3TR25WC86,ciqual,6212,review
nfx_64JTADFZ0N728YZCS3TR25WC86,ciqual,6212,review
nfx_64JTADFZ0N728YZCS3TR25WC86,ciqual,6212,review
nfx_64JTADFZ0N728YZCS3TR25WC86,ciqual,6212,review
nfx_64JTADFZ0N728YZCS3TR25WC86,insa,2120000003,review
nfx_64JTADFZ0N728YZCS3TR25WC86,insa,2120000005,review
nfx_64JTADFZ0N728YZCS3TR25WC86,insa,317,review
nfx_64JTADFZ0N728YZCS3TR25WC86,insa,330,review
nfx_64K16TP5P23W6ZJ59Y30CHT1FE,ciqual,30152,review
nfx_64K16TP5P23W6ZJ59Y30CHT1FE,ciqual,40053,review
nfx_64K16TP5P23W6ZJ59Y30CHT1FE,ciqual,40054,review
nfx_64K16TP5P23W6ZJ59Y30CHT1FE,ciqual,40060,review
nfx_64K16TP5P23W6ZJ59Y30CHT1FE,ciqual,40502,review
nfx_64K16TP5P23W6ZJ59Y30CHT1FE,ciqual,6003,review
nfx_64K16TP5P23W6ZJ59Y30CHT1FE,ciqual,6106,review
nfx_64K16TP5P23W6ZJ59Y30CHT1FE,ciqual,6111,review
nfx_64K16TP5P23W6ZJ59Y30CHT1FE,ciqual,6122,review
nfx_64K16TP5P23W6ZJ59Y30CHT1FE,ciqual,6160,review
nfx_64K16TP5P23W6ZJ59Y30CHT1FE,ciqual,6201,review
nfx_64K16TP5P23W6ZJ59Y30CHT1FE,ciqual,6231,review
nfx_64K16TP5P23W6ZJ59Y30CHT1FE,ciqual,6270,review
nfx_64K16TP5P23W6ZJ59Y30CHT1FE,insa,317,review
nfx_64K16TP5P23W6ZJ59Y30CHT1FE,insa,317,review
nfx_64K16TP5P23W6ZJ59Y30CHT1FE,insa,317,review
nfx_64K16TP5P23W6ZJ59Y30CHT1FE,insa,317,review
nfx_64K16TP5P23W6ZJ59Y30CHT1FE,insa,317,review
nfx_64K16TP5P23W6ZJ59Y30CHT1FE,insa,317,review
nfx_64K16TP5P23W6ZJ59Y30CHT1FE,insa,317,review
nfx_64K16TP5P23W6ZJ59Y30CHT1FE,insa,317,review
nfx_64K16TP5P23W6ZJ59Y30CHT1FE,insa,317,review
nfx_64K16TP5P23W6ZJ59Y30CHT1FE,insa,317,review
nfx_64K16TP5P23W6ZJ59Y30CHT1FE,insa,317,review
nfx_64K16TP5P23W6ZJ59Y30CHT1FE,insa,317,review
nfx_64K16TP5P23W6ZJ59Y30CHT1FE,insa,317,review
nfx_64KBK8QN4NTW4XJ8GMEQMXQQ4Z,ciqual,23493,review
nfx_64KBK8QN4NTW4XJ8GMEQMXQQ4Z,ciqual,23493,review
nfx_64KBK8QN4NTW4XJ8GMEQMXQQ4Z,insa,497,review
nfx_64KBK8QN4NTW4XJ8GMEQMXQQ4Z,insa,663,review
nfx_64MDX8BGET1KS52TVV49F9J835,ciqual,28100,review
nfx_64MDX8BGET1KS52TVV49F9J835,ciqual,28104,review
nfx_64MDX8BGET1KS52TVV49F9J835,ciqual,28204,review
nfx_64MDX8BGET1KS52TVV49F9J835,ciqual,28300,review
nfx_64MDX8BGET1KS52TVV49F9J835,ciqual,28400,review
nfx_64MDX8BGET1KS52TVV49F9J835,ciqual,28460,review
nfx_64MDX8BGET1KS52TVV49F9J835,ciqual,28474,review
nfx_64MDX8BGET1KS52TVV49F9J835,ciqual,28477,review
nfx_64MDX8BGET1KS52TVV49F9J835,ciqual,40005,review
nfx_64MDX8BGET1KS52TVV49F9J835,ciqual,40060,review
nfx_64MDX8BGET1KS52TVV49F9J835,ciqual,40404,automatic
nfx_64MDX8BGET1KS52TVV49F9J835,insa,334,automatic
nfx_64MDX8BGET1KS52TVV49F9J835,insa,334,review
nfx_64MDX8BGET1KS52TVV49F9J835,insa,334,review
nfx_64MDX8BGET1KS52TVV49F9J835,insa,334,review
nfx_64MDX8BGET1KS52TVV49F9J835,insa,334,review
nfx_64MDX8BGET1KS52TVV49F9J835,insa,334,review
nfx_64MDX8BGET1KS52TVV49F9J835,insa,334,review
nfx_64MDX8BGET1KS52TVV49F9J835,insa,334,review
nfx_64MDX8BGET1KS52TVV49F9J835,insa,334,review
nfx_64MDX8BGET1KS52TVV49F9J835,insa,334,review
nfx_64MDX8BGET1KS52TVV49F9J835,insa,334,review
nfx_64X4VKM3ZANVMVHB15K2Z85K4K,ciqual,13204,review
nfx_64X4VKM3ZANVMVHB15K2Z85K4K,insa,639,review
nfx_652CEC7WJ66QX2FR8YP2A7MMF5,ciqual,20026,review
nfx_652CEC7WJ66QX2FR8YP2A7MMF5,insa,602,review
nfx_654X2Q22YN19ZP9QY0YK347XX4,ciqual,10016,automatic
nfx_654X2Q22YN19ZP9QY0YK347XX4,insa,912,automatic
nfx_65R83HFTF2DF11MMB67H58AVC5,ciqual,1010,review
nfx_65R83HFTF2DF11MMB67H58AVC5,insa,730,review
nfx_65YHHH98JCNCS2098NTE02AE60,ciqual,28460,review
nfx_65YHHH98JCNCS2098NTE02AE60,ciqual,28473,review
nfx_65YHHH98JCNCS2098NTE02AE60,ciqual,28474,review
nfx_65YHHH98JCNCS2098NTE02AE60,ciqual,28477,review
nfx_65YHHH98JCNCS2098NTE02AE60,ciqual,34003,review
nfx_65YHHH98JCNCS2098NTE02AE60,ciqual,40005,review
nfx_65YHHH98JCNCS2098NTE02AE60,ciqual,40060,review
nfx_65YHHH98JCNCS2098NTE02AE60,ciqual,40404,review
nfx_65YHHH98JCNCS2098NTE02AE60,insa,342,review
nfx_65YHHH98JCNCS2098NTE02AE60,insa,342,review
nfx_65YHHH98JCNCS2098NTE02AE60,insa,342,review
nfx_65YHHH98JCNCS2098NTE02AE60,insa,342,review
nfx_65YHHH98JCNCS2098NTE02AE60,insa,342,review
nfx_65YHHH98JCNCS2098NTE02AE60,insa,342,review
nfx_65YHHH98JCNCS2098NTE02AE60,insa,342,review
nfx_65YHHH98JCNCS2098NTE02AE60,insa,342,review
nfx_6639F5D9A619R5HR436STJF3S3,ciqual,13406,review
nfx_6639F5D9A619R5HR436STJF3S3,ciqual,13406,review
nfx_6639F5D9A619R5HR436STJF3S3,insa,646,review
nfx_6639F5D9A619R5HR436STJF3S3,insa,648,review
nfx_6644VD4337CSAR0G6GFAQ46QWG,ciqual,26136,review
nfx_6644VD4337CSAR0G6GFAQ46QWG,insa,886,review
nfx_665JCT67PMRRP5D0J95F3CR45R,ciqual,6907,review
nfx_665JCT67PMRRP5D0J95F3CR45R,insa,145,review
nfx_665RXAQJYMR6CF2FM2G5122P1V,ciqual,25512,review
nfx_665RXAQJYMR6CF2FM2G5122P1V,insa,367,review
nfx_66681JSDESWRRNWAD737MG7P87,ciqual,12847,review
nfx_66681JSDESWRRNWAD737MG7P87,insa,220004,review
nfx_66ERFG7H4CFJDBKDAPAQ9B98JW,ciqual,22011,review
nfx_66ERFG7H4CFJDBKDAPAQ9B98JW,insa,87,review
nfx_66JR28TJSGANY3DEYE5YX70DZS,ciqual,38411,review
nfx_66JR28TJSGANY3DEYE5YX70DZS,ciqual,38411,review
nfx_66JR28TJSGANY3DEYE5YX70DZS,insa,455,review
nfx_66JR28TJSGANY3DEYE5YX70DZS,insa,460,review
nfx_66KX0HP8P720W5QQCMA4YYKAP1,ciqual,21521,review
nfx_66KX0HP8P720W5QQCMA4YYKAP1,ciqual,28100,review
nfx_66KX0HP8P720W5QQCMA4YYKAP1,ciqual,40106,review
nfx_66KX0HP8P720W5QQCMA4YYKAP1,ciqual,40304,review
nfx_66KX0HP8P720W5QQCMA4YYKAP1,ciqual,6522,review
nfx_66KX0HP8P720W5QQCMA4YYKAP1,ciqual,6536,review
nfx_66KX0HP8P720W5QQCMA4YYKAP1,ciqual,6540,review
nfx_66KX0HP8P720W5QQCMA4YYKAP1,ciqual,6580,review
nfx_66KX0HP8P720W5QQCMA4YYKAP1,insa,223,review
nfx_66KX0HP8P720W5QQCMA4YYKAP1,insa,223,review
nfx_66KX0HP8P720W5QQCMA4YYKAP1,insa,223,review
nfx_66KX0HP8P720W5QQCMA4YYKAP1,insa,223,review
nfx_66KX0HP8P720W5QQCMA4YYKAP1,insa,223,review
nfx_66KX0HP8P720W5QQCMA4YYKAP1,insa,223,review
nfx_66KX0HP8P720W5QQCMA4YYKAP1,insa,223,review
nfx_66KX0HP8P720W5QQCMA4YYKAP1,insa,223,review
nfx_66XNTTAYJDPXM12P5BFAHDJXRB,ciqual,23300,review
nfx_66XNTTAYJDPXM12P5BFAHDJXRB,insa,488,review
nfx_66XTPKXV42A6A9M27WGNYC1A56,ciqual,38405,review
nfx_66XTPKXV42A6A9M27WGNYC1A56,ciqual,38405,review
nfx_66XTPKXV42A6A9M27WGNYC1A56,insa,455,review
nfx_66XTPKXV42A6A9M27WGNYC1A56,insa,460,review
nfx_671R15AJE1MK2QD7F4QC8GAT0M,ciqual,24632,review
nfx_671R15AJE1MK2QD7F4QC8GAT0M,insa,478,review
nfx_67KFE4QX02S6YGZZCSQ4BFQ673,ciqual,12831,review
nfx_67KFE4QX02S6YGZZCSQ4BFQ673,insa,220004,review
nfx_683S5JH1H9H03Q1TE251345C9J,ciqual,12071,review
nfx_683S5JH1H9H03Q1TE251345C9J,insa,1224,review
nfx_68GGFYBVHRTP40B7G88P458VXQ,ciqual,30152,review
nfx_68GGFYBVHRTP40B7G88P458VXQ,ciqual,40502,review
nfx_68GGFYBVHRTP40B7G88P458VXQ,ciqual,6003,review
nfx_68GGFYBVHRTP40B7G88P458VXQ,ciqual,6106,review
nfx_68GGFYBVHRTP40B7G88P458VXQ,ciqual,6111,review
nfx_68GGFYBVHRTP40B7G88P458VXQ,ciqual,6122,review
nfx_68GGFYBVHRTP40B7G88P458VXQ,ciqual,6160,review
nfx_68GGFYBVHRTP40B7G88P458VXQ,ciqual,6201,review
nfx_68GGFYBVHRTP40B7G88P458VXQ,ciqual,6231,review
nfx_68GGFYBVHRTP40B7G88P458VXQ,ciqual,6270,review
nfx_68GGFYBVHRTP40B7G88P458VXQ,insa,2120000003,review
nfx_68GGFYBVHRTP40B7G88P458VXQ,insa,2120000003,review
nfx_68GGFYBVHRTP40B7G88P458VXQ,insa,2120000003,review
nfx_68GGFYBVHRTP40B7G88P458VXQ,insa,2120000003,review
nfx_68GGFYBVHRTP40B7G88P458VXQ,insa,2120000003,review
nfx_68GGFYBVHRTP40B7G88P458VXQ,insa,2120000003,review
nfx_68GGFYBVHRTP40B7G88P458VXQ,insa,2120000003,review
nfx_68GGFYBVHRTP40B7G88P458VXQ,insa,2120000003,review
nfx_68GGFYBVHRTP40B7G88P458VXQ,insa,2120000003,review
nfx_68GGFYBVHRTP40B7G88P458VXQ,insa,2120000003,review
nfx_68JGJTSPSQQNQ5X6FSEER58WGN,ciqual,23490,review
nfx_68JGJTSPSQQNQ5X6FSEER58WGN,ciqual,23490,review
nfx_68JGJTSPSQQNQ5X6FSEER58WGN,insa,497,review
nfx_68JGJTSPSQQNQ5X6FSEER58WGN,insa,663,review
nfx_693MGPEBDS84XXAZ4P71M3R87E,ciqual,19544,review
nfx_693MGPEBDS84XXAZ4P71M3R87E,ciqual,19546,review
nfx_693MGPEBDS84XXAZ4P71M3R87E,insa,1920000018,review
nfx_693MGPEBDS84XXAZ4P71M3R87E,insa,1920000018,review
nfx_69632V5EPBD395ETWGPCNX3BF7,ciqual,25195,review
nfx_69632V5EPBD395ETWGPCNX3BF7,insa,1162,review
nfx_69654G1QEPM493VK649ZA82GJ6,ciqual,20585,review
nfx_69654G1QEPM493VK649ZA82GJ6,insa,537,review
nfx_697ST0KD6NWNF0BFMHKETK6EMB,ciqual,19585,review
nfx_697ST0KD6NWNF0BFMHKETK6EMB,ciqual,19585,review
nfx_697ST0KD6NWNF0BFMHKETK6EMB,ciqual,19585,review
nfx_697ST0KD6NWNF0BFMHKETK6EMB,ciqual,19585,review
nfx_697ST0KD6NWNF0BFMHKETK6EMB,ciqual,19585,review
nfx_697ST0KD6NWNF0BFMHKETK6EMB,insa,37,review
nfx_697ST0KD6NWNF0BFMHKETK6EMB,insa,47,review
nfx_697ST0KD6NWNF0BFMHKETK6EMB,insa,50800024,review
nfx_697ST0KD6NWNF0BFMHKETK6EMB,insa,50800032,review
nfx_697ST0KD6NWNF0BFMHKETK6EMB,insa,54,review
nfx_69BWWZDTFD89N0RH6W0GT0BV84,ciqual,12020,review
nfx_69BWWZDTFD89N0RH6W0GT0BV84,ciqual,12022,review
nfx_69BWWZDTFD89N0RH6W0GT0BV84,insa,1900000087,review
nfx_69BWWZDTFD89N0RH6W0GT0BV84,insa,1900000087,review
nfx_69EC20621XEB7EGRKWD9ZTE7QB,ciqual,21509,review
nfx_69EC20621XEB7EGRKWD9ZTE7QB,ciqual,21521,review
nfx_69EC20621XEB7EGRKWD9ZTE7QB,ciqual,21524,review
nfx_69EC20621XEB7EGRKWD9ZTE7QB,insa,113,review
nfx_69EC20621XEB7EGRKWD9ZTE7QB,insa,113,review
nfx_69EC20621XEB7EGRKWD9ZTE7QB,insa,113,review
nfx_69M9TBGX46VJCPE5VZD3PJ4FXC,ciqual,13204,review
nfx_69M9TBGX46VJCPE5VZD3PJ4FXC,ciqual,13204,review
nfx_69M9TBGX46VJCPE5VZD3PJ4FXC,insa,629,review
nfx_69M9TBGX46VJCPE5VZD3PJ4FXC,insa,646,review
nfx_69SB3AVSDRPB7D4KC7A8RXVEG4,ciqual,11184,review
nfx_69SB3AVSDRPB7D4KC7A8RXVEG4,ciqual,11184,review
nfx_69SB3AVSDRPB7D4KC7A8RXVEG4,insa,2120000007,review
nfx_69SB3AVSDRPB7D4KC7A8RXVEG4,insa,933,review
nfx_6A04NCPPRYHWGF82Z8M41FJK7X,ciqual,6205,review
nfx_6A04NCPPRYHWGF82Z8M41FJK7X,insa,1141,review
nfx_6A0XQEN35FZYMRE2Z6DG31AVD2,ciqual,6160,review
nfx_6A0XQEN35FZYMRE2Z6DG31AVD2,insa,330,review
nfx_6A56A5D7FQ61CCDZJKAHEN52TS,ciqual,1006,review
nfx_6A56A5D7FQ61CCDZJKAHEN52TS,insa,718,review
nfx_6A776Z5ZXKWSZ37T972R0DZR3M,ciqual,19420,review
nfx_6A776Z5ZXKWSZ37T972R0DZR3M,ciqual,39213,review
nfx_6A776Z5ZXKWSZ37T972R0DZR3M,ciqual,39229,review
nfx_6A776Z5ZXKWSZ37T972R0DZR3M,ciqual,39247,review
nfx_6A776Z5ZXKWSZ37T972R0DZR3M,insa,65,review
nfx_6A776Z5ZXKWSZ37T972R0DZR3M,insa,65,review
nfx_6A776Z5ZXKWSZ37T972R0DZR3M,insa,65,review
nfx_6A776Z5ZXKWSZ37T972R0DZR3M,insa,65,review
nfx_6ACR4TTS3V0V3JRN24B8P2ZKNK,ciqual,28104,review
nfx_6ACR4TTS3V0V3JRN24B8P2ZKNK,ciqual,28104,review
nfx_6ACR4TTS3V0V3JRN24B8P2ZKNK,ciqual,28104,review
nfx_6ACR4TTS3V0V3JRN24B8P2ZKNK,ciqual,28104,review
nfx_6ACR4TTS3V0V3JRN24B8P2ZKNK,ciqual,28104,review
nfx_6ACR4TTS3V0V3JRN24B8P2ZKNK,insa,1219,review
nfx_6ACR4TTS3V0V3JRN24B8P2ZKNK,insa,1222,review
nfx_6ACR4TTS3V0V3JRN24B8P2ZKNK,insa,156,review
nfx_6ACR4TTS3V0V3JRN24B8P2ZKNK,insa,308,review
nfx_6ACR4TTS3V0V3JRN24B8P2ZKNK,insa,70500004,review
nfx_6ADK28HZPQFHR3XRTBSNH5JW1X,ciqual,26125,review
nfx_6ADK28HZPQFHR3XRTBSNH5JW1X,insa,802,review
nfx_6AE0HSRPXEMHTRFXM5BHCHVDV3,ciqual,6231,review
nfx_6AE0HSRPXEMHTRFXM5BHCHVDV3,ciqual,6231,review
nfx_6AE0HSRPXEMHTRFXM5BHCHVDV3,insa,330,review
nfx_6AE0HSRPXEMHTRFXM5BHCHVDV3,insa,70500004,review
nfx_6AGQSCA64VD75AP8RJKFQVFFNP,ciqual,19554,review
nfx_6AGQSCA64VD75AP8RJKFQVFFNP,insa,1920000011,review
nfx_6AK405Z7N0ATTXP573HC0EPZ44,ciqual,31093,review
nfx_6AK405Z7N0ATTXP573HC0EPZ44,insa,507,review
nfx_6AQYFT1ZSNM51EBNV2BDDBHM24,ciqual,6122,review
nfx_6AQYFT1ZSNM51EBNV2BDDBHM24,insa,330,review
nfx_6AWHHJC3PHQ0727KSJA4FQGHD9,ciqual,9510,review
nfx_6AWHHJC3PHQ0727KSJA4FQGHD9,insa,452,review
nfx_6AYYSMD88NM3TFF4MS58S6B97F,ciqual,28400,review
nfx_6AYYSMD88NM3TFF4MS58S6B97F,ciqual,28401,review
nfx_6AYYSMD88NM3TFF4MS58S6B97F,insa,173,review
nfx_6AYYSMD88NM3TFF4MS58S6B97F,insa,173,review
nfx_6B25T01B66ZXN4BSWRATWSQEGK,ciqual,1006,review
nfx_6B25T01B66ZXN4BSWRATWSQEGK,ciqual,1015,review
nfx_6B25T01B66ZXN4BSWRATWSQEGK,insa,713,review
nfx_6B25T01B66ZXN4BSWRATWSQEGK,insa,713,review
nfx_6B329SSYMFFKQQVA0GEPKGE8N5,ciqual,2014,review
nfx_6B329SSYMFFKQQVA0GEPKGE8N5,ciqual,2019,review
nfx_6B329SSYMFFKQQVA0GEPKGE8N5,insa,739,review
nfx_6B329SSYMFFKQQVA0GEPKGE8N5,insa,739,review
nfx_6B5557YWGVHZEVQS9AHHW5SSVF,ciqual,25548,review
nfx_6B5557YWGVHZEVQS9AHHW5SSVF,insa,954,review
nfx_6BTTGHZRWB0Y3JJTXAYGAJJYJQ,ciqual,28100,review
nfx_6BTTGHZRWB0Y3JJTXAYGAJJYJQ,ciqual,28204,review
nfx_6BTTGHZRWB0Y3JJTXAYGAJJYJQ,ciqual,28205,review
nfx_6BTTGHZRWB0Y3JJTXAYGAJJYJQ,ciqual,28300,review
nfx_6BTTGHZRWB0Y3JJTXAYGAJJYJQ,ciqual,28400,review
nfx_6BTTGHZRWB0Y3JJTXAYGAJJYJQ,ciqual,28460,review
nfx_6BTTGHZRWB0Y3JJTXAYGAJJYJQ,ciqual,30050,review
nfx_6BTTGHZRWB0Y3JJTXAYGAJJYJQ,ciqual,34001,review
nfx_6BTTGHZRWB0Y3JJTXAYGAJJYJQ,ciqual,34003,review
nfx_6BTTGHZRWB0Y3JJTXAYGAJJYJQ,ciqual,40005,review
nfx_6BTTGHZRWB0Y3JJTXAYGAJJYJQ,ciqual,40060,review
nfx_6BTTGHZRWB0Y3JJTXAYGAJJYJQ,ciqual,40404,review
nfx_6BTTGHZRWB0Y3JJTXAYGAJJYJQ,insa,70500004,review
nfx_6BTTGHZRWB0Y3JJTXAYGAJJYJQ,insa,70500004,review
nfx_6BTTGHZRWB0Y3JJTXAYGAJJYJQ,insa,70500004,review
nfx_6BTTGHZRWB0Y3JJTXAYGAJJYJQ,insa,70500004,review
nfx_6BTTGHZRWB0Y3JJTXAYGAJJYJQ,insa,70500004,review
nfx_6BTTGHZRWB0Y3JJTXAYGAJJYJQ,insa,70500004,review
nfx_6BTTGHZRWB0Y3JJTXAYGAJJYJQ,insa,70500004,review
nfx_6BTTGHZRWB0Y3JJTXAYGAJJYJQ,insa,70500004,review
nfx_6BTTGHZRWB0Y3JJTXAYGAJJYJQ,insa,70500004,review
nfx_6BTTGHZRWB0Y3JJTXAYGAJJYJQ,insa,70500004,review
nfx_6BTTGHZRWB0Y3JJTXAYGAJJYJQ,insa,70500004,review
nfx_6BTTGHZRWB0Y3JJTXAYGAJJYJQ,insa,70500004,review
nfx_6C0GGHBCHT40FAZF7M6FN2NSQP,ciqual,13027,review
nfx_6C0GGHBCHT40FAZF7M6FN2NSQP,ciqual,13027,review
nfx_6C0GGHBCHT40FAZF7M6FN2NSQP,insa,627,review
nfx_6C0GGHBCHT40FAZF7M6FN2NSQP,insa,630,review
nfx_6C80JPXP9MWFT13VYKR1DZEPRD,ciqual,8742,review
nfx_6C80JPXP9MWFT13VYKR1DZEPRD,insa,350,review
nfx_6C891GDT20TQ5HQRH56F9GAXZV,ciqual,39247,review
nfx_6C891GDT20TQ5HQRH56F9GAXZV,insa,62,review
nfx_6CQG50DV2VDVRNPJB3HC4Z4RFK,ciqual,1006,review
nfx_6CQG50DV2VDVRNPJB3HC4Z4RFK,ciqual,1015,review
nfx_6CQG50DV2VDVRNPJB3HC4Z4RFK,insa,715,review
nfx_6CQG50DV2VDVRNPJB3HC4Z4RFK,insa,715,review
nfx_6D0M6MG2CG833MP2556Z1XDQW6,ciqual,38399,review
nfx_6D0M6MG2CG833MP2556Z1XDQW6,ciqual,38399,review
nfx_6D0M6MG2CG833MP2556Z1XDQW6,ciqual,38399,review
nfx_6D0M6MG2CG833MP2556Z1XDQW6,insa,455,review
nfx_6D0M6MG2CG833MP2556Z1XDQW6,insa,460,review
nfx_6D0M6MG2CG833MP2556Z1XDQW6,insa,474,review
nfx_6D4V185VFQS21TY26G3EYGPV2R,ciqual,25974,review
nfx_6D4V185VFQS21TY26G3EYGPV2R,insa,1114,review
nfx_6D8Q4HHYJB4GCHYY7EC7C1FMA2,ciqual,24009,review
nfx_6D8Q4HHYJB4GCHYY7EC7C1FMA2,ciqual,38404,review
nfx_6D8Q4HHYJB4GCHYY7EC7C1FMA2,ciqual,38420,review
nfx_6D8Q4HHYJB4GCHYY7EC7C1FMA2,insa,455,review
nfx_6D8Q4HHYJB4GCHYY7EC7C1FMA2,insa,455,review
nfx_6D8Q4HHYJB4GCHYY7EC7C1FMA2,insa,455,review
nfx_6DGZ2NN72SZG909144GTK2N3VG,ciqual,16128,review
nfx_6DGZ2NN72SZG909144GTK2N3VG,ciqual,16128,review
nfx_6DGZ2NN72SZG909144GTK2N3VG,ciqual,16128,review
nfx_6DGZ2NN72SZG909144GTK2N3VG,ciqual,16128,review
nfx_6DGZ2NN72SZG909144GTK2N3VG,insa,389,review
nfx_6DGZ2NN72SZG909144GTK2N3VG,insa,392,review
nfx_6DGZ2NN72SZG909144GTK2N3VG,insa,393,review
nfx_6DGZ2NN72SZG909144GTK2N3VG,insa,394,review
nfx_6DH7VXWJTAEVM76W4DG60T79N9,ciqual,26136,review
nfx_6DH7VXWJTAEVM76W4DG60T79N9,ciqual,26136,review
nfx_6DH7VXWJTAEVM76W4DG60T79N9,insa,883,review
nfx_6DH7VXWJTAEVM76W4DG60T79N9,insa,885,review
nfx_6DP20NV740S8MSJ76J6GHQ30D0,ciqual,17040,review
nfx_6DP20NV740S8MSJ76J6GHQ30D0,ciqual,17040,review
nfx_6DP20NV740S8MSJ76J6GHQ30D0,insa,389,review
nfx_6DP20NV740S8MSJ76J6GHQ30D0,insa,392,review
nfx_6DVB5B5G2TT865C5ER87WZYG0K,ciqual,40060,review
nfx_6DVB5B5G2TT865C5ER87WZYG0K,ciqual,40060,review
nfx_6DVB5B5G2TT865C5ER87WZYG0K,ciqual,40060,review
nfx_6DVB5B5G2TT865C5ER87WZYG0K,insa,1219,review
nfx_6DVB5B5G2TT865C5ER87WZYG0K,insa,1222,review
nfx_6DVB5B5G2TT865C5ER87WZYG0K,insa,156,review
nfx_6DVNR8W9E9Q7ZYCRTG2JTCBX5S,ciqual,25065,review
nfx_6DVNR8W9E9Q7ZYCRTG2JTCBX5S,insa,1036,review
nfx_6DZ9NYZXPAV5GQX2N0TG90QCJQ,ciqual,11024,review
nfx_6DZ9NYZXPAV5GQX2N0TG90QCJQ,insa,1226,review
nfx_6E0AX3ZHM0F3TSYS9MTD3NW6HR,ciqual,1006,review
nfx_6E0AX3ZHM0F3TSYS9MTD3NW6HR,insa,714,review
nfx_6EBD6WD7HMP7W0VD9K0V83D4T6,ciqual,11051,review
nfx_6EBD6WD7HMP7W0VD9K0V83D4T6,ciqual,11105,review
nfx_6EBD6WD7HMP7W0VD9K0V83D4T6,ciqual,11120,review
nfx_6EBD6WD7HMP7W0VD9K0V83D4T6,ciqual,11187,review
nfx_6EBD6WD7HMP7W0VD9K0V83D4T6,ciqual,11203,review
nfx_6EBD6WD7HMP7W0VD9K0V83D4T6,ciqual,11243,review
nfx_6EBD6WD7HMP7W0VD9K0V83D4T6,insa,933,review
nfx_6EBD6WD7HMP7W0VD9K0V83D4T6,insa,933,review
nfx_6EBD6WD7HMP7W0VD9K0V83D4T6,insa,933,review
nfx_6EBD6WD7HMP7W0VD9K0V83D4T6,insa,933,review
nfx_6EBD6WD7HMP7W0VD9K0V83D4T6,insa,933,review
nfx_6EBD6WD7HMP7W0VD9K0V83D4T6,insa,933,review
nfx_6EQPMHD9QNR21557M5NNZSQ7PM,ciqual,28451,review
nfx_6EQPMHD9QNR21557M5NNZSQ7PM,ciqual,28451,review
nfx_6EQPMHD9QNR21557M5NNZSQ7PM,insa,180,review
nfx_6EQPMHD9QNR21557M5NNZSQ7PM,insa,70204048,review
nfx_6EQTD72AAX0JEWAR12E6Z6X73G,ciqual,22011,review
nfx_6EQTD72AAX0JEWAR12E6Z6X73G,insa,90000015,review
nfx_6EXF5NTAY6D4QJ61R31H0DCYMN,ciqual,6201,review
nfx_6EXF5NTAY6D4QJ61R31H0DCYMN,ciqual,6201,review
nfx_6EXF5NTAY6D4QJ61R31H0DCYMN,insa,2120000005,review
nfx_6EXF5NTAY6D4QJ61R31H0DCYMN,insa,330,review
nfx_6F63086VA1XGXZSR8E0CH80Z9E,ciqual,28100,review
nfx_6F63086VA1XGXZSR8E0CH80Z9E,ciqual,28204,review
nfx_6F63086VA1XGXZSR8E0CH80Z9E,ciqual,28300,review
nfx_6F63086VA1XGXZSR8E0CH80Z9E,ciqual,28400,review
nfx_6F63086VA1XGXZSR8E0CH80Z9E,ciqual,28460,review
nfx_6F63086VA1XGXZSR8E0CH80Z9E,ciqual,28474,review
nfx_6F63086VA1XGXZSR8E0CH80Z9E,ciqual,28477,review
nfx_6F63086VA1XGXZSR8E0CH80Z9E,ciqual,40005,review
nfx_6F63086VA1XGXZSR8E0CH80Z9E,ciqual,40404,review
nfx_6F63086VA1XGXZSR8E0CH80Z9E,insa,1219,review
nfx_6F63086VA1XGXZSR8E0CH80Z9E,insa,1219,review
nfx_6F63086VA1XGXZSR8E0CH80Z9E,insa,1219,review
nfx_6F63086VA1XGXZSR8E0CH80Z9E,insa,1219,review
nfx_6F63086VA1XGXZSR8E0CH80Z9E,insa,1219,review
nfx_6F63086VA1XGXZSR8E0CH80Z9E,insa,1219,review
nfx_6F63086VA1XGXZSR8E0CH80Z9E,insa,1219,review
nfx_6F63086VA1XGXZSR8E0CH80Z9E,insa,1219,review
nfx_6F63086VA1XGXZSR8E0CH80Z9E,insa,1219,review
nfx_6F6R0V4YKXD8C6PAMX8B7PMGTY,ciqual,28203,review
nfx_6F6R0V4YKXD8C6PAMX8B7PMGTY,ciqual,28204,review
nfx_6F6R0V4YKXD8C6PAMX8B7PMGTY,ciqual,28300,review
nfx_6F6R0V4YKXD8C6PAMX8B7PMGTY,ciqual,28700,review
nfx_6F6R0V4YKXD8C6PAMX8B7PMGTY,insa,180,review
nfx_6F6R0V4YKXD8C6PAMX8B7PMGTY,insa,180,review
nfx_6F6R0V4YKXD8C6PAMX8B7PMGTY,insa,180,review
nfx_6F6R0V4YKXD8C6PAMX8B7PMGTY,insa,180,review
nfx_6FGZ51FB3DABFG24W0W1RKW77X,ciqual,11243,review
nfx_6FGZ51FB3DABFG24W0W1RKW77X,insa,2120000007,review
nfx_6FZ2RE2YGFS3752ZYJVF4ZFVVB,ciqual,11051,review
nfx_6FZ2RE2YGFS3752ZYJVF4ZFVVB,insa,2120000007,review
nfx_6G31TQ63A5GGCBZZGFZSB1J282,ciqual,6161,review
nfx_6G31TQ63A5GGCBZZGFZSB1J282,insa,1141,review
nfx_6G91ESDWG57D47983A6XMTJSX1,ciqual,19553,review
nfx_6G91ESDWG57D47983A6XMTJSX1,insa,1920000007,review
nfx_6GFRXC12R1QMPNPDWKHM2E038E,ciqual,23900,review
nfx_6GFRXC12R1QMPNPDWKHM2E038E,insa,488,review
nfx_6GR35G4VY6DVHJ35T42XZXS2MA,ciqual,12038,review
nfx_6GR35G4VY6DVHJ35T42XZXS2MA,ciqual,12111,review
nfx_6GR35G4VY6DVHJ35T42XZXS2MA,ciqual,12121,review
nfx_6GR35G4VY6DVHJ35T42XZXS2MA,ciqual,12300,review
nfx_6GR35G4VY6DVHJ35T42XZXS2MA,ciqual,19584,review
nfx_6GR35G4VY6DVHJ35T42XZXS2MA,insa,54,review
nfx_6GR35G4VY6DVHJ35T42XZXS2MA,insa,54,review
nfx_6GR35G4VY6DVHJ35T42XZXS2MA,insa,54,review
nfx_6GR35G4VY6DVHJ35T42XZXS2MA,insa,54,review
nfx_6GR35G4VY6DVHJ35T42XZXS2MA,insa,54,review
nfx_6GZX6KX09TTF0QJ51RZ4S62WFA,ciqual,40004,review
nfx_6GZX6KX09TTF0QJ51RZ4S62WFA,ciqual,40005,review
nfx_6GZX6KX09TTF0QJ51RZ4S62WFA,insa,1231,review
nfx_6GZX6KX09TTF0QJ51RZ4S62WFA,insa,1231,review
nfx_6H9617EC3K7ZVRGPXMVV91BD0Z,ciqual,19553,review
nfx_6H9617EC3K7ZVRGPXMVV91BD0Z,insa,78,review
nfx_6J99ARZ8N9HSDDP3AH9E42FYS5,ciqual,13160,review
nfx_6J99ARZ8N9HSDDP3AH9E42FYS5,ciqual,19014,review
nfx_6J99ARZ8N9HSDDP3AH9E42FYS5,insa,240007,review
nfx_6J99ARZ8N9HSDDP3AH9E42FYS5,insa,240007,review
nfx_6JD3Z8G1WWREFQ0B6NRPQDB9QS,ciqual,11034,review
nfx_6JD3Z8G1WWREFQ0B6NRPQDB9QS,insa,1208,review
nfx_6JGRMRGQ0R379TTGZ1HEFSGPTP,ciqual,28100,review
nfx_6JGRMRGQ0R379TTGZ1HEFSGPTP,ciqual,28204,review
nfx_6JGRMRGQ0R379TTGZ1HEFSGPTP,ciqual,28300,review
nfx_6JGRMRGQ0R379TTGZ1HEFSGPTP,ciqual,28400,review
nfx_6JGRMRGQ0R379TTGZ1HEFSGPTP,ciqual,28460,review
nfx_6JGRMRGQ0R379TTGZ1HEFSGPTP,ciqual,40005,review
nfx_6JGRMRGQ0R379TTGZ1HEFSGPTP,insa,308,review
nfx_6JGRMRGQ0R379TTGZ1HEFSGPTP,insa,308,review
nfx_6JGRMRGQ0R379TTGZ1HEFSGPTP,insa,308,review
nfx_6JGRMRGQ0R379TTGZ1HEFSGPTP,insa,308,review
nfx_6JGRMRGQ0R379TTGZ1HEFSGPTP,insa,308,review
nfx_6JGRMRGQ0R379TTGZ1HEFSGPTP,insa,308,review
nfx_6JNCMR30DJZM4ARH6PWSR578MQ,ciqual,20094,review
nfx_6JNCMR30DJZM4ARH6PWSR578MQ,insa,566,review
nfx_6JS3JYJ1WWFK4Z4JWKGJYK43ZV,ciqual,13001,review
nfx_6JS3JYJ1WWFK4Z4JWKGJYK43ZV,insa,648,review
nfx_6K1CJBSEWZMGQ8ZAE3TMYPE1CE,ciqual,9900,review
nfx_6K1CJBSEWZMGQ8ZAE3TMYPE1CE,insa,402,review
nfx_6K1YSBDQ7WWJSH1ZCPMKST1FC8,ciqual,31000,review
nfx_6K1YSBDQ7WWJSH1ZCPMKST1FC8,insa,507,review
nfx_6K38QVTBXPMVFWDY1DK60Q2E2W,ciqual,6106,review
nfx_6K38QVTBXPMVFWDY1DK60Q2E2W,insa,330,review
nfx_6K9B91BW9X7ZQ7BK5CF27VBB45,ciqual,17400,review
nfx_6K9B91BW9X7ZQ7BK5CF27VBB45,ciqual,17645,review
nfx_6K9B91BW9X7ZQ7BK5CF27VBB45,ciqual,17650,review
nfx_6K9B91BW9X7ZQ7BK5CF27VBB45,insa,393,review
nfx_6K9B91BW9X7ZQ7BK5CF27VBB45,insa,393,review
nfx_6K9B91BW9X7ZQ7BK5CF27VBB45,insa,393,review
nfx_6KFF70PTJK216RNNSWFB8YQRMB,ciqual,12765,review
nfx_6KFF70PTJK216RNNSWFB8YQRMB,insa,1900000088,review
nfx_6KGAPJDVY0DS55017J025ZWJW6,ciqual,40004,review
nfx_6KGAPJDVY0DS55017J025ZWJW6,insa,1222,review
nfx_6KK7BJCREMW5ZMNDSTDXJBY9BD,ciqual,12500,review
nfx_6KK7BJCREMW5ZMNDSTDXJBY9BD,insa,52,review
nfx_6KRWNRM3Y9VP19QP6NEB4ZYMP8,ciqual,40106,review
nfx_6KRWNRM3Y9VP19QP6NEB4ZYMP8,ciqual,40304,review
nfx_6KRWNRM3Y9VP19QP6NEB4ZYMP8,ciqual,6003,review
nfx_6KRWNRM3Y9VP19QP6NEB4ZYMP8,ciqual,6111,review
nfx_6KRWNRM3Y9VP19QP6NEB4ZYMP8,ciqual,6522,review
nfx_6KRWNRM3Y9VP19QP6NEB4ZYMP8,ciqual,6536,review
nfx_6KRWNRM3Y9VP19QP6NEB4ZYMP8,ciqual,6540,review
nfx_6KRWNRM3Y9VP19QP6NEB4ZYMP8,ciqual,6580,review
nfx_6KRWNRM3Y9VP19QP6NEB4ZYMP8,insa,2120000005,review
nfx_6KRWNRM3Y9VP19QP6NEB4ZYMP8,insa,2120000005,review
nfx_6KRWNRM3Y9VP19QP6NEB4ZYMP8,insa,2120000005,review
nfx_6KRWNRM3Y9VP19QP6NEB4ZYMP8,insa,2120000005,review
nfx_6KRWNRM3Y9VP19QP6NEB4ZYMP8,insa,2120000005,review
nfx_6KRWNRM3Y9VP19QP6NEB4ZYMP8,insa,2120000005,review
nfx_6KRWNRM3Y9VP19QP6NEB4ZYMP8,insa,2120000005,review
nfx_6KRWNRM3Y9VP19QP6NEB4ZYMP8,insa,2120000005,review
nfx_6M30RJ04PHPQ98A1E5FTTCT6H2,ciqual,19865,review
nfx_6M30RJ04PHPQ98A1E5FTTCT6H2,insa,37,review
nfx_6M61P52S06GY8TDNN3CZ0F3A8D,ciqual,25665,review
nfx_6M61P52S06GY8TDNN3CZ0F3A8D,insa,589,review
nfx_6MAE94TSSBE92S8V1PDNZ2KHMZ,ciqual,28400,automatic
nfx_6MAE94TSSBE92S8V1PDNZ2KHMZ,ciqual,28400,review
nfx_6MAE94TSSBE92S8V1PDNZ2KHMZ,ciqual,28400,review
nfx_6MAE94TSSBE92S8V1PDNZ2KHMZ,insa,1222,review
nfx_6MAE94TSSBE92S8V1PDNZ2KHMZ,insa,156,automatic
nfx_6MAE94TSSBE92S8V1PDNZ2KHMZ,insa,157,review
nfx_6ME2EY6RCNFT52BABG3XFP2F2H,ciqual,28010,review
nfx_6ME2EY6RCNFT52BABG3XFP2F2H,ciqual,28010,review
nfx_6ME2EY6RCNFT52BABG3XFP2F2H,insa,1222,review
nfx_6ME2EY6RCNFT52BABG3XFP2F2H,insa,157,review
nfx_6MHPJ7RSVFNYAM1RPZPC1JZ1YZ,ciqual,25974,review
nfx_6MHPJ7RSVFNYAM1RPZPC1JZ1YZ,ciqual,25974,review
nfx_6MHPJ7RSVFNYAM1RPZPC1JZ1YZ,ciqual,25974,review
nfx_6MHPJ7RSVFNYAM1RPZPC1JZ1YZ,insa,784,review
nfx_6MHPJ7RSVFNYAM1RPZPC1JZ1YZ,insa,787,review
nfx_6MHPJ7RSVFNYAM1RPZPC1JZ1YZ,insa,791,review
nfx_6MNPKR1TXVXNQREYP1CAGHR6NF,ciqual,28100,review
nfx_6MNPKR1TXVXNQREYP1CAGHR6NF,ciqual,28204,review
nfx_6MNPKR1TXVXNQREYP1CAGHR6NF,ciqual,28300,review
nfx_6MNPKR1TXVXNQREYP1CAGHR6NF,ciqual,28401,review
nfx_6MNPKR1TXVXNQREYP1CAGHR6NF,ciqual,28460,review
nfx_6MNPKR1TXVXNQREYP1CAGHR6NF,ciqual,28474,review
nfx_6MNPKR1TXVXNQREYP1CAGHR6NF,ciqual,28477,review
nfx_6MNPKR1TXVXNQREYP1CAGHR6NF,ciqual,40005,review
nfx_6MNPKR1TXVXNQREYP1CAGHR6NF,ciqual,40404,review
nfx_6MNPKR1TXVXNQREYP1CAGHR6NF,insa,156,review
nfx_6MNPKR1TXVXNQREYP1CAGHR6NF,insa,156,review
nfx_6MNPKR1TXVXNQREYP1CAGHR6NF,insa,156,review
nfx_6MNPKR1TXVXNQREYP1CAGHR6NF,insa,156,review
nfx_6MNPKR1TXVXNQREYP1CAGHR6NF,insa,156,review
nfx_6MNPKR1TXVXNQREYP1CAGHR6NF,insa,156,review
nfx_6MNPKR1TXVXNQREYP1CAGHR6NF,insa,156,review
nfx_6MNPKR1TXVXNQREYP1CAGHR6NF,insa,156,review
nfx_6MNPKR1TXVXNQREYP1CAGHR6NF,insa,156,review
nfx_6NC197WSP4VWN1W74JQHW0WGDD,ciqual,10014,automatic
nfx_6NC197WSP4VWN1W74JQHW0WGDD,insa,909,automatic
nfx_6NDNY7CP3B392P9S2Y759DABQC,ciqual,11105,review
nfx_6NDNY7CP3B392P9S2Y759DABQC,ciqual,11120,review
nfx_6NDNY7CP3B392P9S2Y759DABQC,ciqual,11187,review
nfx_6NDNY7CP3B392P9S2Y759DABQC,ciqual,11203,review
nfx_6NDNY7CP3B392P9S2Y759DABQC,ciqual,42200,review
nfx_6NDNY7CP3B392P9S2Y759DABQC,insa,2120000007,review
nfx_6NDNY7CP3B392P9S2Y759DABQC,insa,2120000007,review
nfx_6NDNY7CP3B392P9S2Y759DABQC,insa,2120000007,review
nfx_6NDNY7CP3B392P9S2Y759DABQC,insa,2120000007,review
nfx_6NDNY7CP3B392P9S2Y759DABQC,insa,2120000007,review
nfx_6NK6HFBR8Q2C3BEWB45S44ZNDB,ciqual,1006,review
nfx_6NK6HFBR8Q2C3BEWB45S44ZNDB,ciqual,1006,review
nfx_6NK6HFBR8Q2C3BEWB45S44ZNDB,insa,250017,review
nfx_6NK6HFBR8Q2C3BEWB45S44ZNDB,insa,250019,review
nfx_6NZQRBK2NVF7AZDFJAW25CGSE5,ciqual,32028,review
nfx_6NZQRBK2NVF7AZDFJAW25CGSE5,insa,447,review
nfx_6P3GKWJGCZ433BXD4B8NV76MFY,ciqual,19041,review
nfx_6P3GKWJGCZ433BXD4B8NV76MFY,insa,1900000063,review
nfx_6P3GYNY5K8R9XW9WKT8HNS3H4E,ciqual,24015,review
nfx_6P3GYNY5K8R9XW9WKT8HNS3H4E,insa,460,review
nfx_6P7SAWDVD86X0FHW73JVRG3C7A,ciqual,28401,review
nfx_6P7SAWDVD86X0FHW73JVRG3C7A,ciqual,28401,review
nfx_6P7SAWDVD86X0FHW73JVRG3C7A,insa,1222,review
nfx_6P7SAWDVD86X0FHW73JVRG3C7A,insa,157,review
nfx_6PT6SZ7Q216EZ2RQPPZFRFKJY7,ciqual,19556,review
nfx_6PT6SZ7Q216EZ2RQPPZFRFKJY7,ciqual,19594,review
nfx_6PT6SZ7Q216EZ2RQPPZFRFKJY7,ciqual,19882,review
nfx_6PT6SZ7Q216EZ2RQPPZFRFKJY7,insa,1920000011,review
nfx_6PT6SZ7Q216EZ2RQPPZFRFKJY7,insa,1920000011,review
nfx_6PT6SZ7Q216EZ2RQPPZFRFKJY7,insa,1920000011,review
nfx_6PWP0W158N0S43136GZWXPY5XR,ciqual,42501,review
nfx_6PWP0W158N0S43136GZWXPY5XR,insa,505,review
nfx_6Q1K4Z7JYXARAXJGX0XXJV5VS7,ciqual,24009,review
nfx_6Q1K4Z7JYXARAXJGX0XXJV5VS7,insa,474,review
nfx_6QWSF87J5NPB40VW3YJ1Y5Z05X,ciqual,20535,review
nfx_6QWSF87J5NPB40VW3YJ1Y5Z05X,insa,537,review
nfx_6R0MCZ0HPK2J4SZHRPM7YM49RP,ciqual,25459,review
nfx_6R0MCZ0HPK2J4SZHRPM7YM49RP,insa,1036,review
nfx_6R7T1WXC93M4NP6XP5S4TWDBAS,ciqual,20020,review
nfx_6R7T1WXC93M4NP6XP5S4TWDBAS,ciqual,20264,review
nfx_6R7T1WXC93M4NP6XP5S4TWDBAS,insa,621,review
nfx_6R7T1WXC93M4NP6XP5S4TWDBAS,insa,621,review
nfx_6RQAA222C7XQTGG1XNN8ZBCRG2,ciqual,30152,review
nfx_6RQAA222C7XQTGG1XNN8ZBCRG2,ciqual,40502,review
nfx_6RQAA222C7XQTGG1XNN8ZBCRG2,ciqual,6003,review
nfx_6RQAA222C7XQTGG1XNN8ZBCRG2,ciqual,6111,review
nfx_6RQAA222C7XQTGG1XNN8ZBCRG2,ciqual,6270,review
nfx_6RQAA222C7XQTGG1XNN8ZBCRG2,insa,330,review
nfx_6RQAA222C7XQTGG1XNN8ZBCRG2,insa,330,review
nfx_6RQAA222C7XQTGG1XNN8ZBCRG2,insa,330,review
nfx_6RQAA222C7XQTGG1XNN8ZBCRG2,insa,330,review
nfx_6RQAA222C7XQTGG1XNN8ZBCRG2,insa,330,review
nfx_6RVQ3Z904DDDJ8EDA45VH6462T,ciqual,28700,review
nfx_6RVQ3Z904DDDJ8EDA45VH6462T,insa,70204048,review
nfx_6T05C0P2259FB174XH2XHZNJWD,ciqual,31035,review
nfx_6T05C0P2259FB174XH2XHZNJWD,ciqual,31098,review
nfx_6T05C0P2259FB174XH2XHZNJWD,insa,507,review
nfx_6T05C0P2259FB174XH2XHZNJWD,insa,507,review
nfx_6T0C8BGMP1AZ1ZBM1AB46FTFR3,ciqual,28727,review
nfx_6T0C8BGMP1AZ1ZBM1AB46FTFR3,insa,311,review
nfx_6T6D3J7EZX2EAFADME2B64EQYG,ciqual,28203,review
nfx_6T6D3J7EZX2EAFADME2B64EQYG,ciqual,28204,review
nfx_6T6D3J7EZX2EAFADME2B64EQYG,ciqual,28300,review
nfx_6T6D3J7EZX2EAFADME2B64EQYG,ciqual,28301,review
nfx_6T6D3J7EZX2EAFADME2B64EQYG,insa,70204048,review
nfx_6T6D3J7EZX2EAFADME2B64EQYG,insa,70204048,review
nfx_6T6D3J7EZX2EAFADME2B64EQYG,insa,70204048,review
nfx_6T6D3J7EZX2EAFADME2B64EQYG,insa,70204048,review
nfx_6T6N2XYC8W4W1VFTW38BS4FHFW,ciqual,24009,review
nfx_6T6N2XYC8W4W1VFTW38BS4FHFW,ciqual,38404,review
nfx_6T6N2XYC8W4W1VFTW38BS4FHFW,ciqual,38420,review
nfx_6T6N2XYC8W4W1VFTW38BS4FHFW,insa,460,review
nfx_6T6N2XYC8W4W1VFTW38BS4FHFW,insa,460,review
nfx_6T6N2XYC8W4W1VFTW38BS4FHFW,insa,460,review
nfx_6T7DTXSHKEJWMB57SXMCF0H4AW,ciqual,10079,review
nfx_6T7DTXSHKEJWMB57SXMCF0H4AW,insa,918,review
nfx_6TXKF58955WZAK3J739FYZ1DJ8,ciqual,40053,review
nfx_6TXKF58955WZAK3J739FYZ1DJ8,ciqual,6230,review
nfx_6TXKF58955WZAK3J739FYZ1DJ8,ciqual,6259,review
nfx_6TXKF58955WZAK3J739FYZ1DJ8,insa,199,review
nfx_6TXKF58955WZAK3J739FYZ1DJ8,insa,199,review
nfx_6TXKF58955WZAK3J739FYZ1DJ8,insa,199,review
nfx_6VYDZEAXJ15S80X6JFNZR8VZM8,ciqual,40404,review
nfx_6VYDZEAXJ15S80X6JFNZR8VZM8,insa,1222,review
nfx_6VYQTN3VKSRA9Z3QKMS96EZD52,ciqual,12001,review
nfx_6VYQTN3VKSRA9Z3QKMS96EZD52,ciqual,12311,review
nfx_6VYQTN3VKSRA9Z3QKMS96EZD52,insa,48,review
nfx_6VYQTN3VKSRA9Z3QKMS96EZD52,insa,48,review
nfx_6W0YF07N7AP9HCD39BJYZW15EV,ciqual,8300,review
nfx_6W0YF07N7AP9HCD39BJYZW15EV,insa,337,review
nfx_6WMEA67WMD4AVFB44VJ35X8TN4,ciqual,12749,review
nfx_6WMEA67WMD4AVFB44VJ35X8TN4,insa,1900000088,review
nfx_6WRQWWDHCF3Z9XNYP9VHS5D7TS,ciqual,1010,review
nfx_6WRQWWDHCF3Z9XNYP9VHS5D7TS,insa,729,review
nfx_6WT1ZARK46RVP0JQSNQE9TJEKG,ciqual,12071,review
nfx_6WT1ZARK46RVP0JQSNQE9TJEKG,insa,220004,review
nfx_6X2AD8BDX7PQYYQQA20013HF0J,ciqual,19038,review
nfx_6X2AD8BDX7PQYYQQA20013HF0J,ciqual,19041,review
nfx_6X2AD8BDX7PQYYQQA20013HF0J,insa,27,review
nfx_6X2AD8BDX7PQYYQQA20013HF0J,insa,27,review
nfx_6X5FHS4RR5Z10ACJXCSZBAW7V2,ciqual,26273,review
nfx_6X5FHS4RR5Z10ACJXCSZBAW7V2,insa,954,review
nfx_6XN1YHAXKFA7J39N8J54DHWNCT,ciqual,28204,review
nfx_6XN1YHAXKFA7J39N8J54DHWNCT,insa,1222,review
nfx_6XTYDGJBZCHHBZD07DDPD19QJZ,ciqual,24632,review
nfx_6XTYDGJBZCHHBZD07DDPD19QJZ,insa,487,review
nfx_6XZYVX81GXN7JVPHZPW7YT33M8,ciqual,28924,review
nfx_6XZYVX81GXN7JVPHZPW7YT33M8,insa,157,review
nfx_6Y0PJE8GXA9PAN749V7E23PTWV,ciqual,5000,review
nfx_6Y0PJE8GXA9PAN749V7E23PTWV,insa,726,review
nfx_6Y46QXQYRG7NA1REFW2SMFFRVY,ciqual,23496,review
nfx_6Y46QXQYRG7NA1REFW2SMFFRVY,ciqual,23496,review
nfx_6Y46QXQYRG7NA1REFW2SMFFRVY,insa,497,review
nfx_6Y46QXQYRG7NA1REFW2SMFFRVY,insa,663,review
nfx_6YCZGDAWD028MF26AD6VTQBX4W,ciqual,21502,review
nfx_6YCZGDAWD028MF26AD6VTQBX4W,ciqual,21521,review
nfx_6YCZGDAWD028MF26AD6VTQBX4W,ciqual,28100,review
nfx_6YCZGDAWD028MF26AD6VTQBX4W,insa,96,review
nfx_6YCZGDAWD028MF26AD6VTQBX4W,insa,96,review
nfx_6YCZGDAWD028MF26AD6VTQBX4W,insa,96,review
nfx_6YNKSP6BR9VQSDKZ3WZ32GJCDH,ciqual,12038,review
nfx_6YNKSP6BR9VQSDKZ3WZ32GJCDH,ciqual,12038,review
nfx_6YNKSP6BR9VQSDKZ3WZ32GJCDH,ciqual,12038,review
nfx_6YNKSP6BR9VQSDKZ3WZ32GJCDH,ciqual,12038,review
nfx_6YNKSP6BR9VQSDKZ3WZ32GJCDH,insa,37,review
nfx_6YNKSP6BR9VQSDKZ3WZ32GJCDH,insa,47,review
nfx_6YNKSP6BR9VQSDKZ3WZ32GJCDH,insa,50800024,review
nfx_6YNKSP6BR9VQSDKZ3WZ32GJCDH,insa,50800032,review
nfx_6Z8G8TEPP9SBBZM0T0JFEY5B9X,ciqual,20293,review
nfx_6Z8G8TEPP9SBBZM0T0JFEY5B9X,insa,530,review
nfx_6ZAJ7S45EX2PGAWGVS1B3RDTFJ,ciqual,31115,review
nfx_6ZAJ7S45EX2PGAWGVS1B3RDTFJ,ciqual,32029,review
nfx_6ZAJ7S45EX2PGAWGVS1B3RDTFJ,insa,447,review
nfx_6ZAJ7S45EX2PGAWGVS1B3RDTFJ,insa,447,review
nfx_6ZHK465DD43A84FD6TBXQ5VS95,ciqual,40106,review
nfx_6ZHK465DD43A84FD6TBXQ5VS95,ciqual,6562,review
nfx_6ZHK465DD43A84FD6TBXQ5VS95,insa,327,review
nfx_6ZHK465DD43A84FD6TBXQ5VS95,insa,327,review
nfx_6ZXECBS1AK243BBWH1F7BX6X7A,ciqual,17400,review
nfx_6ZXECBS1AK243BBWH1F7BX6X7A,ciqual,17400,review
nfx_6ZXECBS1AK243BBWH1F7BX6X7A,ciqual,17400,review
nfx_6ZXECBS1AK243BBWH1F7BX6X7A,insa,389,review
nfx_6ZXECBS1AK243BBWH1F7BX6X7A,insa,392,review
nfx_6ZXECBS1AK243BBWH1F7BX6X7A,insa,394,review
nfx_7025RQYHXW3TGXWVEZPX74D3ZH,ciqual,9520,review
nfx_7025RQYHXW3TGXWVEZPX74D3ZH,insa,445,review
nfx_705K06BHW2926WN5Q3JZ64KD7E,ciqual,28203,review
nfx_705K06BHW2926WN5Q3JZ64KD7E,insa,157,review
nfx_70EBE7E2B240PN6TYPJYPFNTJK,ciqual,21509,review
nfx_70EBE7E2B240PN6TYPJYPFNTJK,ciqual,21524,review
nfx_70EBE7E2B240PN6TYPJYPFNTJK,ciqual,6562,review
nfx_70EBE7E2B240PN6TYPJYPFNTJK,insa,235,review
nfx_70EBE7E2B240PN6TYPJYPFNTJK,insa,235,review
nfx_70EBE7E2B240PN6TYPJYPFNTJK,insa,235,review
nfx_70QRSX5ZC6KGHGJ3Q5V42JBJDV,ciqual,28100,review
nfx_70QRSX5ZC6KGHGJ3Q5V42JBJDV,ciqual,28100,review
nfx_70QRSX5ZC6KGHGJ3Q5V42JBJDV,insa,1222,review
nfx_70QRSX5ZC6KGHGJ3Q5V42JBJDV,insa,178,review
nfx_71KAFT8B04MCQCF1390D1R3NRW,ciqual,25996,review
nfx_71KAFT8B04MCQCF1390D1R3NRW,insa,876,review
nfx_71YJ48VN2BMBYF6MZB4WMD0JFM,ciqual,26697,review
nfx_71YJ48VN2BMBYF6MZB4WMD0JFM,insa,889,review
nfx_72EMJ6ZWWPHQ0EQ0WSXVGNN20X,ciqual,6211,review
nfx_72EMJ6ZWWPHQ0EQ0WSXVGNN20X,insa,1141,review
nfx_736SZS34W0SMXY66FH0YBGPE54,ciqual,28460,review
nfx_736SZS34W0SMXY66FH0YBGPE54,insa,1222,review
nfx_73ACHBMPDNEE9GGS7XGFA18P8Q,ciqual,9102,review
nfx_73ACHBMPDNEE9GGS7XGFA18P8Q,insa,402,review
nfx_73ATV41WZKZF3Q86RSEGV7K96F,ciqual,12111,review
nfx_73ATV41WZKZF3Q86RSEGV7K96F,ciqual,12111,review
nfx_73ATV41WZKZF3Q86RSEGV7K96F,ciqual,12111,review
nfx_73ATV41WZKZF3Q86RSEGV7K96F,ciqual,12111,review
nfx_73ATV41WZKZF3Q86RSEGV7K96F,insa,37,review
nfx_73ATV41WZKZF3Q86RSEGV7K96F,insa,47,review
nfx_73ATV41WZKZF3Q86RSEGV7K96F,insa,50800024,review
nfx_73ATV41WZKZF3Q86RSEGV7K96F,insa,50800032,review
nfx_73C50E5BQD94XCYZYYKAMFKSQR,ciqual,11114,review
nfx_73C50E5BQD94XCYZYYKAMFKSQR,insa,960,review
nfx_73P8XW78101TWWMCAFFXSWCF8Q,ciqual,19508,review
nfx_73P8XW78101TWWMCAFFXSWCF8Q,ciqual,19539,review
nfx_73P8XW78101TWWMCAFFXSWCF8Q,insa,78,review
nfx_73P8XW78101TWWMCAFFXSWCF8Q,insa,78,review
nfx_73TQ3J1BJJ9CRW9T5QMM9AYQPW,ciqual,17645,review
nfx_73TQ3J1BJJ9CRW9T5QMM9AYQPW,ciqual,17650,review
nfx_73TQ3J1BJJ9CRW9T5QMM9AYQPW,insa,394,review
nfx_73TQ3J1BJJ9CRW9T5QMM9AYQPW,insa,394,review
nfx_746J85A8R59WVGJQT8QWT00GFS,ciqual,12121,review
nfx_746J85A8R59WVGJQT8QWT00GFS,ciqual,12300,review
nfx_746J85A8R59WVGJQT8QWT00GFS,ciqual,19584,review
nfx_746J85A8R59WVGJQT8QWT00GFS,insa,47,review
nfx_746J85A8R59WVGJQT8QWT00GFS,insa,47,review
nfx_746J85A8R59WVGJQT8QWT00GFS,insa,47,review
nfx_74D9RFHSN5PNTT4YJM0BMPQBQ4,ciqual,28300,review
nfx_74D9RFHSN5PNTT4YJM0BMPQBQ4,ciqual,28473,review
nfx_74D9RFHSN5PNTT4YJM0BMPQBQ4,ciqual,28474,review
nfx_74D9RFHSN5PNTT4YJM0BMPQBQ4,ciqual,28477,review
nfx_74D9RFHSN5PNTT4YJM0BMPQBQ4,ciqual,40005,review
nfx_74D9RFHSN5PNTT4YJM0BMPQBQ4,insa,1222,review
nfx_74D9RFHSN5PNTT4YJM0BMPQBQ4,insa,1222,review
nfx_74D9RFHSN5PNTT4YJM0BMPQBQ4,insa,1222,review
nfx_74D9RFHSN5PNTT4YJM0BMPQBQ4,insa,1222,review
nfx_74D9RFHSN5PNTT4YJM0BMPQBQ4,insa,1222,review
nfx_74EYC96W1AP4EWHQYB99T42YM6,ciqual,20034,review
nfx_74EYC96W1AP4EWHQYB99T42YM6,insa,220002,review
nfx_74NFGNSKGGNG3PERGTMQX4NK55,ciqual,28911,review
nfx_74NFGNSKGGNG3PERGTMQX4NK55,insa,157,review
nfx_75V3NVKG4HM3EWCX3Z1BNW6053,ciqual,20539,review
nfx_75V3NVKG4HM3EWCX3Z1BNW6053,insa,529,review
nfx_76H6T4QBEGMWJYY2EKKKFBBK90,ciqual,20293,review
nfx_76H6T4QBEGMWJYY2EKKKFBBK90,insa,240002,review
nfx_77C42QN38Y5VS8R3PFQM9J9W6Q,ciqual,28205,review
nfx_77C42QN38Y5VS8R3PFQM9J9W6Q,insa,157,review
nfx_77WBXG94CNF0Y7VMW381813ERC,ciqual,39213,review
nfx_77WBXG94CNF0Y7VMW381813ERC,insa,62,review
nfx_7843KXRHH2Q4VZ66T0A0KJRHZB,ciqual,12766,review
nfx_7843KXRHH2Q4VZ66T0A0KJRHZB,insa,1900000088,review
nfx_785Z0NB2X018WS6E5F6ZF7Q113,ciqual,17650,review
nfx_785Z0NB2X018WS6E5F6ZF7Q113,ciqual,17650,review
nfx_785Z0NB2X018WS6E5F6ZF7Q113,insa,389,review
nfx_785Z0NB2X018WS6E5F6ZF7Q113,insa,392,review
nfx_78FHFPNM6R6BXYZAGTKRPAJQ0P,ciqual,11177,review
nfx_78FHFPNM6R6BXYZAGTKRPAJQ0P,insa,960,review
nfx_78HKPQ067KW48WH3ADVZKD3VNZ,ciqual,9902,review
nfx_78HKPQ067KW48WH3ADVZKD3VNZ,insa,539,review
nfx_797EXPMYVMYGKZ75FC6T2B9BSB,ciqual,17645,review
nfx_797EXPMYVMYGKZ75FC6T2B9BSB,ciqual,17645,review
nfx_797EXPMYVMYGKZ75FC6T2B9BSB,insa,389,review
nfx_797EXPMYVMYGKZ75FC6T2B9BSB,insa,392,review
nfx_79PP6PR0FND8C2KQGHBCH2SKK4,ciqual,12121,review
nfx_79PP6PR0FND8C2KQGHBCH2SKK4,ciqual,12300,review
nfx_79PP6PR0FND8C2KQGHBCH2SKK4,ciqual,19584,review
nfx_79PP6PR0FND8C2KQGHBCH2SKK4,insa,50800024,review
nfx_79PP6PR0FND8C2KQGHBCH2SKK4,insa,50800024,review
nfx_79PP6PR0FND8C2KQGHBCH2SKK4,insa,50800024,review
nfx_7A72Y35S9GZW1DNVHX4KE5AVPN,ciqual,12311,review
nfx_7A72Y35S9GZW1DNVHX4KE5AVPN,ciqual,19250,review
nfx_7A72Y35S9GZW1DNVHX4KE5AVPN,insa,500,review
nfx_7A72Y35S9GZW1DNVHX4KE5AVPN,insa,500,review
nfx_7B57SJQAH48KW7414QQ896SWNB,ciqual,13111,review
nfx_7B57SJQAH48KW7414QQ896SWNB,insa,663,review
nfx_7BPANTT16K4Q1E4XXVHF3JT8QE,ciqual,12121,review
nfx_7BPANTT16K4Q1E4XXVHF3JT8QE,ciqual,12121,review
nfx_7BPANTT16K4Q1E4XXVHF3JT8QE,insa,37,review
nfx_7BPANTT16K4Q1E4XXVHF3JT8QE,insa,50800032,review
nfx_7C862XB1JQ2X9FY2ATNZM15HW6,ciqual,16200,review
nfx_7C862XB1JQ2X9FY2ATNZM15HW6,ciqual,16200,review
nfx_7C862XB1JQ2X9FY2ATNZM15HW6,insa,389,review
nfx_7C862XB1JQ2X9FY2ATNZM15HW6,insa,392,review
nfx_7CBTMV9YY3H94ZB7ZM83EQ0K14,ciqual,1029,review
nfx_7CBTMV9YY3H94ZB7ZM83EQ0K14,insa,2122000001,review
nfx_7CCP95WF1G6N47399HNPQYBN7W,ciqual,12300,review
nfx_7CCP95WF1G6N47399HNPQYBN7W,ciqual,19584,review
nfx_7CCP95WF1G6N47399HNPQYBN7W,insa,50800032,review
nfx_7CCP95WF1G6N47399HNPQYBN7W,insa,50800032,review
nfx_7D1403GC02EMAAPCA6PK2A9F5X,ciqual,28301,review
nfx_7D1403GC02EMAAPCA6PK2A9F5X,insa,157,review
nfx_7DAS05T8RW6PXQ4A5X3KMP068A,ciqual,6562,review
nfx_7DAS05T8RW6PXQ4A5X3KMP068A,insa,234,review
nfx_7E8253HHC5DQ2GGZYDQT9E6B4Q,ciqual,17020,review
nfx_7E8253HHC5DQ2GGZYDQT9E6B4Q,insa,392,review
nfx_7EBP4MR3JBQGK9X9W00JVXF3CH,ciqual,25529,review
nfx_7EBP4MR3JBQGK9X9W00JVXF3CH,insa,784,review
nfx_7F6HVF191AWN1JVSJZBNB2RX70,ciqual,12815,review
nfx_7F6HVF191AWN1JVSJZBNB2RX70,insa,220004,review
nfx_7HDRMW3S61RWAVT1QVRR6N0ANW,ciqual,1028,review
nfx_7HDRMW3S61RWAVT1QVRR6N0ANW,insa,2122000001,review
nfx_7KVQ9QC4MKSXWK85BAM9S8KB6C,ciqual,12300,review
nfx_7KVQ9QC4MKSXWK85BAM9S8KB6C,ciqual,19250,review
nfx_7KVQ9QC4MKSXWK85BAM9S8KB6C,ciqual,19584,review
nfx_7KVQ9QC4MKSXWK85BAM9S8KB6C,insa,37,review
nfx_7KVQ9QC4MKSXWK85BAM9S8KB6C,insa,37,review
nfx_7KVQ9QC4MKSXWK85BAM9S8KB6C,insa,37,review
nfx_7MJRR70BBVCJKZ1697XPKP6YYG,ciqual,20070,review
nfx_7MJRR70BBVCJKZ1697XPKP6YYG,insa,577,review
nfx_7MXHR7F0WTB5TDJ9YW6TCRWTDP,ciqual,4090,automatic
nfx_7MXHR7F0WTB5TDJ9YW6TCRWTDP,insa,453,automatic
nfx_7Q33J9FGK6WYHT63ZR54V0WDAA,ciqual,39229,review
nfx_7Q33J9FGK6WYHT63ZR54V0WDAA,insa,62,review
nfx_7TMNFMSYQTCCT5D65X12SEVF3G,ciqual,26088,review
nfx_7TMNFMSYQTCCT5D65X12SEVF3G,insa,828,review
nfx_7VZDBE6HS3E45FAF8RFP0FFFA4,ciqual,19420,review
nfx_7VZDBE6HS3E45FAF8RFP0FFFA4,insa,62,review
nfx_7YJVC3GWPC9DD5CTA6HXF728AH,ciqual,17020,review
nfx_7YJVC3GWPC9DD5CTA6HXF728AH,insa,389,review
